patient_id,adherence_status,persistence_cohort,refill_timeliness,refill_cadence_days,days_since_last_refill,engagement_channel,clinical_risk_band,tenure_months,program_entry
0001,on_track,long_term,on time,90,54,app,low,34.4,direct_rx
0002,lapsing,early,delayed,30,42,none,high,2.8,direct_rx
0003,lapsing,early,delayed,30,46,app,high,0.1,hcp
0004,on_track,stable,on time,60,13,phone,low,6.5,direct_rx
0631,lapsing,stable,delayed,30,42,phone,moderate,9.0,direct_rx
0006,on_track,early,on time,90,66,app,low,2.0,direct_rx
0007,lapsing,stable,delayed,30,47,none,moderate,10.8,direct_rx
0008,lapsing,long_term,delayed,90,94,none,high,27.1,transfer
0009,lapsing,early,delayed,30,32,phone,high,1.4,direct_rx
0010,on_track,stable,on time,60,41,none,low,10.9,direct_rx
0011,lapsed,early,missed,60,234,app,high,1.0,hcp
0012,on_track,stable,on time,60,7,app,moderate,10.8,direct_rx
0013,lapsing,long_term,delayed,30,38,app,moderate,29.1,hcp
0014,lapsed,stable,missed,30,78,none,high,7.2,transfer
0015,on_track,stable,on time,90,67,app,moderate,7.0,direct_rx
0016,on_track,stable,on time,90,14,phone,low,5.2,hcp
0017,on_track,stable,on time,90,46,app,low,11.7,hcp
0018,on_track,long_term,on time,30,10,app,low,19.6,direct_rx
0019,on_track,long_term,on time,30,20,none,low,22.7,direct_rx
0020,on_track,stable,on time,60,46,app,low,3.9,direct_rx
0021,on_track,stable,on time,30,11,app,low,11.8,direct_rx
0022,lapsing,early,delayed,30,48,app,high,0.6,hcp
0023,on_track,stable,on time,30,4,phone,low,7.8,direct_rx
0024,on_track,stable,on time,30,12,phone,low,9.0,direct_rx
0025,on_track,stable,on time,30,19,app,low,11.3,direct_rx
0026,on_track,stable,on time,30,21,none,low,9.8,direct_rx
0027,on_track,stable,on time,60,6,app,low,10.1,hcp
0028,lapsed,stable,missed,30,62,none,high,7.1,hcp
0029,lapsing,stable,delayed,30,35,app,moderate,8.2,hcp
0030,on_track,stable,on time,30,22,phone,low,8.4,hcp
0031,on_track,stable,on time,30,6,app,low,7.2,hcp
0032,on_track,stable,on time,90,11,app,moderate,11.0,direct_rx
0033,on_track,long_term,on time,60,9,phone,low,17.5,transfer
0034,on_track,stable,on time,30,17,phone,low,6.4,direct_rx
0035,lapsing,early,delayed,30,34,phone,moderate,1.7,direct_rx
0036,on_track,long_term,on time,90,32,phone,low,31.6,direct_rx
0037,on_track,stable,on time,30,12,app,moderate,4.9,transfer
0038,on_track,stable,on time,90,51,none,low,10.4,direct_rx
0039,on_track,stable,on time,30,21,phone,moderate,10.0,direct_rx
0040,on_track,early,on time,30,12,app,low,1.9,direct_rx
0041,on_track,long_term,on time,30,3,phone,low,14.6,direct_rx
0042,lapsing,stable,delayed,60,94,phone,moderate,10.0,direct_rx
0043,on_track,stable,on time,30,11,app,moderate,6.7,hcp
0044,on_track,stable,on time,30,1,phone,low,10.1,hcp
0045,on_track,stable,on time,30,20,app,moderate,8.3,direct_rx
0046,lapsed,early,missed,30,91,phone,moderate,0.4,transfer
0047,on_track,long_term,on time,60,30,app,low,31.9,hcp
0048,lapsed,early,missed,60,167,app,high,1.5,direct_rx
0049,on_track,stable,on time,60,17,phone,moderate,10.8,transfer
0050,lapsing,stable,delayed,90,124,phone,high,10.8,hcp
0051,lapsing,early,delayed,30,39,app,moderate,0.8,hcp
0052,on_track,long_term,on time,90,51,app,low,29.9,direct_rx
0053,lapsed,early,missed,30,91,app,high,1.3,direct_rx
0054,on_track,long_term,on time,60,26,none,low,16.3,transfer
0055,on_track,stable,on time,30,10,app,low,6.1,hcp
0056,on_track,long_term,on time,60,34,none,low,14.2,direct_rx
0057,on_track,stable,on time,90,13,phone,moderate,5.2,direct_rx
0058,on_track,stable,on time,60,13,app,moderate,11.0,hcp
0059,on_track,stable,on time,90,62,none,low,7.7,direct_rx
0060,on_track,stable,on time,60,32,none,moderate,7.3,transfer
0061,lapsed,early,missed,30,89,app,high,0.6,direct_rx
0062,on_track,long_term,on time,30,16,none,moderate,20.6,direct_rx
0063,on_track,long_term,on time,30,4,app,low,33.9,direct_rx
0064,on_track,stable,on time,30,10,phone,low,8.2,direct_rx
0065,on_track,stable,on time,30,20,app,moderate,5.6,direct_rx
0066,lapsing,early,delayed,90,119,app,moderate,2.9,direct_rx
0067,lapsing,stable,delayed,30,44,app,moderate,9.4,direct_rx
0068,on_track,stable,on time,30,15,app,moderate,10.1,direct_rx
0069,on_track,stable,on time,30,1,app,low,11.3,direct_rx
0070,lapsed,long_term,missed,90,354,app,high,27.5,hcp
0071,on_track,stable,on time,90,60,phone,moderate,11.6,direct_rx
0072,on_track,early,on time,30,7,phone,low,2.6,direct_rx
0073,lapsed,stable,missed,90,314,app,high,6.9,hcp
0074,lapsing,stable,delayed,90,103,none,high,6.1,direct_rx
0075,lapsed,stable,missed,60,175,phone,moderate,7.5,direct_rx
0076,lapsing,stable,delayed,90,144,app,moderate,11.8,direct_rx
0077,on_track,stable,on time,90,54,phone,low,4.7,hcp
0078,lapsing,stable,delayed,30,33,none,moderate,6.8,direct_rx
0079,on_track,stable,on time,30,10,none,low,6.4,direct_rx
0080,on_track,stable,on time,90,26,app,low,8.4,direct_rx
0081,on_track,long_term,on time,60,35,phone,low,22.7,direct_rx
0082,on_track,long_term,on time,30,18,phone,low,31.8,direct_rx
0083,lapsing,long_term,delayed,30,44,phone,moderate,29.6,direct_rx
0084,on_track,early,on time,30,16,app,low,2.8,direct_rx
0085,on_track,stable,on time,30,9,app,low,8.1,transfer
0086,on_track,stable,on time,60,16,app,low,9.8,hcp
0087,on_track,long_term,on time,60,15,app,moderate,14.4,transfer
0088,on_track,long_term,on time,60,47,app,low,24.6,transfer
0089,lapsing,early,delayed,30,42,app,moderate,0.5,hcp
0090,lapsed,early,missed,30,65,phone,moderate,2.1,direct_rx
0091,lapsing,early,delayed,90,110,app,high,2.3,transfer
0092,on_track,stable,on time,30,23,none,low,6.9,hcp
0093,lapsing,early,delayed,30,48,none,moderate,0.3,direct_rx
0094,on_track,long_term,on time,30,24,none,low,17.9,transfer
0095,lapsed,early,missed,30,69,app,high,2.0,transfer
0096,on_track,stable,on time,30,14,phone,low,11.4,hcp
0097,on_track,stable,on time,30,7,none,low,4.0,direct_rx
0098,lapsing,stable,delayed,30,42,app,high,4.9,hcp
0099,on_track,stable,on time,60,47,app,low,10.7,transfer
0100,on_track,long_term,on time,30,13,app,low,27.4,hcp
0101,on_track,long_term,on time,90,7,app,moderate,29.1,direct_rx
0102,on_track,stable,on time,30,18,app,low,4.3,direct_rx
0103,lapsing,early,delayed,90,140,none,moderate,2.9,direct_rx
0104,on_track,stable,on time,60,3,phone,moderate,10.6,direct_rx
0105,lapsing,early,delayed,60,75,app,moderate,2.2,direct_rx
0106,lapsing,early,delayed,60,89,phone,moderate,0.0,hcp
0107,on_track,stable,on time,60,33,app,low,11.5,direct_rx
0108,lapsing,stable,delayed,90,134,app,moderate,10.9,transfer
0109,lapsing,stable,delayed,30,47,none,moderate,6.1,hcp
0110,lapsing,early,delayed,90,93,app,moderate,0.9,transfer
0111,on_track,stable,on time,60,27,app,low,9.7,direct_rx
0112,lapsing,stable,delayed,60,83,phone,high,10.0,direct_rx
0113,lapsed,stable,missed,60,169,app,moderate,7.7,direct_rx
0114,on_track,stable,on time,30,4,phone,low,11.6,direct_rx
0115,on_track,stable,on time,60,1,app,low,11.5,direct_rx
0116,on_track,stable,on time,60,32,app,low,11.1,direct_rx
0117,lapsed,early,missed,60,128,app,high,1.8,direct_rx
0118,on_track,early,on time,30,7,app,low,2.3,direct_rx
0119,on_track,stable,on time,60,13,phone,low,10.8,direct_rx
0120,on_track,stable,on time,60,9,phone,low,10.5,direct_rx
0121,on_track,stable,on time,30,15,app,low,5.5,hcp
0122,on_track,early,on time,30,9,app,low,2.4,hcp
0123,lapsing,early,delayed,90,122,app,high,2.6,direct_rx
0124,lapsing,early,delayed,30,35,app,moderate,1.0,direct_rx
0125,lapsing,early,delayed,30,42,app,high,1.9,direct_rx
0126,on_track,early,on time,30,18,phone,low,1.7,direct_rx
0127,on_track,early,on time,60,6,none,low,2.9,direct_rx
0128,lapsed,early,missed,90,187,app,high,0.6,direct_rx
0129,lapsing,stable,delayed,90,139,app,moderate,6.1,hcp
0130,on_track,stable,on time,90,14,app,low,10.0,direct_rx
0131,on_track,early,on time,30,3,phone,moderate,0.5,direct_rx
0132,on_track,long_term,on time,90,41,phone,low,14.0,direct_rx
0133,on_track,stable,on time,30,20,app,low,4.2,direct_rx
0134,lapsing,long_term,delayed,90,108,app,moderate,12.1,direct_rx
0135,on_track,long_term,on time,30,2,app,low,25.2,direct_rx
0136,on_track,stable,on time,30,13,none,low,10.0,hcp
0137,lapsed,early,missed,30,56,app,moderate,2.9,transfer
0138,on_track,stable,on time,30,14,app,moderate,3.8,direct_rx
0139,on_track,stable,on time,90,14,phone,low,5.6,direct_rx
0140,on_track,stable,on time,60,7,app,low,4.9,hcp
0141,lapsing,early,delayed,90,94,phone,moderate,1.7,direct_rx
0142,lapsing,stable,delayed,30,39,none,high,11.8,hcp
0143,on_track,long_term,on time,30,21,app,low,17.3,direct_rx
0144,on_track,stable,on time,30,9,none,low,5.9,direct_rx
0145,lapsing,stable,delayed,90,120,none,moderate,7.6,transfer
0146,on_track,stable,on time,30,11,phone,low,4.5,direct_rx
0147,on_track,long_term,on time,30,22,none,moderate,17.0,direct_rx
0148,on_track,stable,on time,60,34,none,low,11.0,hcp
0149,on_track,stable,on time,30,3,app,low,8.4,transfer
0150,on_track,stable,on time,30,19,phone,low,8.2,direct_rx
0151,lapsing,early,delayed,30,48,phone,moderate,0.7,direct_rx
0152,on_track,long_term,on time,30,10,app,low,15.1,direct_rx
0153,on_track,long_term,on time,30,3,none,low,35.1,transfer
0154,lapsing,early,delayed,30,37,none,high,1.6,hcp
0155,on_track,early,on time,30,6,phone,low,0.7,hcp
0156,lapsing,early,delayed,30,48,app,moderate,2.0,hcp
0157,on_track,stable,on time,30,23,app,low,9.9,direct_rx
0158,on_track,early,on time,30,8,app,low,2.4,direct_rx
0159,on_track,stable,on time,30,22,none,low,11.5,hcp
0160,lapsing,early,delayed,30,32,app,moderate,0.7,hcp
0161,on_track,stable,on time,90,59,phone,moderate,3.6,direct_rx
0162,lapsing,stable,delayed,90,125,app,high,4.8,direct_rx
0163,on_track,long_term,on time,90,10,app,moderate,17.9,direct_rx
0164,lapsing,stable,delayed,90,141,app,moderate,4.3,direct_rx
0165,on_track,early,on time,30,9,app,low,2.4,hcp
0166,lapsing,early,delayed,60,86,phone,high,0.2,direct_rx
0167,lapsed,early,missed,30,98,none,high,2.5,hcp
0168,on_track,early,on time,90,11,app,low,1.0,direct_rx
0169,on_track,stable,on time,30,5,phone,low,4.4,direct_rx
0170,on_track,long_term,on time,30,23,phone,low,17.6,hcp
0171,on_track,long_term,on time,90,51,app,moderate,17.0,direct_rx
0172,lapsed,long_term,missed,60,144,phone,high,35.1,direct_rx
0173,on_track,long_term,on time,30,18,app,low,26.3,transfer
0174,lapsed,early,missed,60,152,app,high,0.5,hcp
0175,on_track,long_term,on time,30,7,app,moderate,28.2,hcp
0176,on_track,stable,on time,30,21,none,moderate,3.8,direct_rx
0177,on_track,stable,on time,30,23,none,moderate,7.8,direct_rx
0178,on_track,stable,on time,60,23,none,low,11.5,direct_rx
0179,on_track,stable,on time,30,24,app,moderate,10.2,direct_rx
0180,on_track,stable,on time,60,20,phone,low,5.0,direct_rx
0181,lapsing,long_term,delayed,90,102,app,moderate,14.6,hcp
0182,lapsed,early,missed,30,78,none,moderate,1.1,direct_rx
0183,lapsed,early,missed,30,72,app,high,0.0,direct_rx
0184,on_track,stable,on time,30,12,app,low,10.5,direct_rx
0185,on_track,stable,on time,30,18,phone,moderate,7.8,direct_rx
0186,on_track,long_term,on time,30,17,app,moderate,22.2,direct_rx
0187,on_track,long_term,on time,30,12,none,low,26.7,direct_rx
0188,on_track,long_term,on time,30,10,phone,low,32.4,hcp
0189,on_track,stable,on time,30,1,app,low,5.2,direct_rx
0190,lapsing,long_term,delayed,30,48,none,moderate,16.9,transfer
0191,on_track,long_term,on time,30,10,app,low,18.4,direct_rx
0192,on_track,stable,on time,30,19,phone,low,10.9,hcp
0193,on_track,long_term,on time,60,37,phone,low,12.5,direct_rx
0194,on_track,stable,on time,30,0,none,low,4.0,direct_rx
0195,lapsed,early,missed,90,276,phone,moderate,3.0,direct_rx
0196,on_track,long_term,on time,60,16,none,moderate,35.0,direct_rx
0197,on_track,stable,on time,30,3,none,moderate,6.7,direct_rx
0198,on_track,stable,on time,90,21,phone,low,9.8,hcp
0199,lapsing,early,delayed,60,74,none,high,1.8,hcp
0200,on_track,long_term,on time,60,12,none,low,19.7,direct_rx
0201,on_track,stable,on time,30,23,app,low,10.7,hcp
0202,on_track,stable,on time,30,11,phone,low,9.7,hcp
0203,on_track,stable,on time,30,14,app,low,8.8,transfer
0204,on_track,long_term,on time,30,9,app,low,12.9,direct_rx
0205,lapsed,early,missed,30,113,app,high,0.8,hcp
0206,lapsing,stable,delayed,90,142,app,moderate,8.7,direct_rx
0207,on_track,stable,on time,30,5,none,moderate,3.2,direct_rx
0208,on_track,early,on time,30,14,none,moderate,1.9,hcp
0209,on_track,stable,on time,60,33,phone,low,10.0,hcp
0210,lapsed,long_term,missed,30,98,phone,high,27.9,hcp
0211,on_track,long_term,on time,30,14,app,low,30.9,transfer
0212,lapsing,long_term,delayed,30,42,none,moderate,16.4,direct_rx
0213,on_track,long_term,on time,30,12,phone,moderate,20.6,hcp
0214,on_track,early,on time,30,5,app,moderate,1.6,hcp
0215,lapsed,early,missed,30,85,app,high,1.9,hcp
0216,on_track,long_term,on time,30,23,app,moderate,27.7,direct_rx
0217,lapsing,stable,delayed,60,90,app,high,10.4,direct_rx
0218,on_track,long_term,on time,30,22,none,low,16.7,hcp
0219,on_track,long_term,on time,30,17,app,moderate,26.2,direct_rx
0220,on_track,long_term,on time,60,14,app,moderate,18.4,hcp
0221,lapsed,early,missed,30,66,app,high,0.1,direct_rx
0222,on_track,stable,on time,30,15,app,low,8.6,transfer
0223,on_track,long_term,on time,30,20,none,low,22.5,hcp
0224,on_track,early,on time,30,17,phone,low,0.7,hcp
0225,on_track,stable,on time,60,43,phone,low,8.0,transfer
0226,lapsed,early,missed,30,69,app,high,1.1,transfer
0227,lapsing,early,delayed,90,125,app,high,2.8,direct_rx
0228,lapsing,early,delayed,60,86,phone,moderate,1.1,direct_rx
0229,on_track,long_term,on time,90,3,phone,low,14.1,transfer
0230,on_track,stable,on time,30,1,app,low,9.4,direct_rx
0231,lapsing,early,delayed,90,128,phone,moderate,1.0,hcp
0232,on_track,stable,on time,30,13,app,moderate,5.6,direct_rx
0233,lapsing,early,delayed,30,34,app,moderate,2.3,hcp
0234,on_track,stable,on time,90,62,none,moderate,11.0,hcp
0235,on_track,long_term,on time,30,14,none,low,23.1,direct_rx
0236,on_track,stable,on time,30,3,phone,low,10.0,hcp
0237,on_track,long_term,on time,30,7,app,low,27.1,transfer
0238,lapsing,early,delayed,30,39,app,high,0.5,direct_rx
0239,on_track,stable,on time,30,6,none,moderate,11.4,hcp
0240,lapsing,stable,delayed,30,42,phone,moderate,7.6,transfer
0241,lapsing,early,delayed,30,42,app,high,2.6,direct_rx
0242,on_track,stable,on time,60,11,app,low,6.8,transfer
0243,on_track,stable,on time,30,8,phone,moderate,9.4,hcp
0244,on_track,stable,on time,60,46,phone,moderate,5.9,direct_rx
0245,lapsing,early,delayed,60,63,phone,high,2.7,direct_rx
0246,lapsing,early,delayed,30,41,none,moderate,2.6,hcp
0247,on_track,stable,on time,30,20,none,moderate,10.2,hcp
0248,lapsing,early,delayed,30,36,phone,moderate,1.2,hcp
0249,lapsed,early,missed,30,59,phone,high,2.0,transfer
0250,on_track,stable,on time,30,1,phone,low,9.4,hcp
0251,on_track,stable,on time,30,8,app,low,9.6,hcp
0252,on_track,stable,on time,30,10,none,low,7.0,hcp
0253,on_track,stable,on time,30,1,phone,low,9.8,direct_rx
0254,on_track,stable,on time,60,7,none,low,8.6,direct_rx
0255,on_track,stable,on time,90,27,none,moderate,8.1,direct_rx
0256,lapsing,stable,delayed,90,131,app,moderate,7.6,hcp
0257,on_track,long_term,on time,90,55,app,moderate,16.1,hcp
0258,on_track,early,on time,60,32,app,low,1.7,hcp
0259,on_track,long_term,on time,90,24,none,low,21.1,direct_rx
0260,on_track,stable,on time,30,5,phone,moderate,8.0,direct_rx
0261,on_track,stable,on time,90,22,none,low,5.1,transfer
0262,on_track,long_term,on time,30,10,app,low,33.4,direct_rx
0263,lapsing,early,delayed,90,94,phone,high,2.4,direct_rx
0264,on_track,early,on time,90,58,none,low,1.3,direct_rx
0265,on_track,stable,on time,30,17,app,low,9.3,direct_rx
0266,on_track,stable,on time,60,14,app,low,5.0,hcp
0267,on_track,long_term,on time,30,8,none,low,14.8,transfer
0268,on_track,long_term,on time,30,9,none,low,12.2,transfer
0269,on_track,stable,on time,90,62,app,low,7.7,direct_rx
0270,on_track,stable,on time,30,16,app,low,10.9,direct_rx
0271,lapsing,early,delayed,30,34,app,high,2.5,transfer
0272,on_track,stable,on time,60,46,app,moderate,7.8,direct_rx
0273,on_track,early,on time,90,34,app,moderate,0.6,hcp
0274,on_track,early,on time,30,12,phone,low,2.4,direct_rx
0275,lapsed,early,missed,30,76,app,high,2.0,hcp
0276,lapsed,early,missed,30,56,phone,moderate,0.0,transfer
0277,on_track,stable,on time,60,8,phone,moderate,4.2,hcp
0278,on_track,stable,on time,30,8,app,moderate,5.5,hcp
0279,lapsed,long_term,missed,30,114,app,moderate,19.1,direct_rx
0280,on_track,long_term,on time,30,13,app,low,18.4,hcp
0281,on_track,stable,on time,30,16,phone,low,5.2,transfer
0282,lapsed,early,missed,90,181,none,moderate,0.1,direct_rx
0283,lapsed,early,missed,30,77,phone,moderate,1.4,hcp
0284,on_track,early,on time,60,20,phone,low,1.7,direct_rx
0285,lapsing,early,delayed,90,113,phone,high,2.8,direct_rx
0286,on_track,long_term,on time,90,54,app,low,26.7,hcp
0287,on_track,stable,on time,30,10,phone,low,8.4,hcp
0288,lapsing,stable,delayed,60,85,phone,high,3.3,direct_rx
0289,lapsing,early,delayed,30,30,phone,moderate,1.1,transfer
0290,lapsing,early,delayed,90,111,none,moderate,0.3,hcp
0291,on_track,early,on time,30,6,app,moderate,1.4,hcp
0292,on_track,early,on time,90,40,none,moderate,1.9,transfer
0293,on_track,stable,on time,30,5,phone,moderate,6.2,hcp
0294,on_track,stable,on time,30,23,app,low,6.2,direct_rx
0295,lapsed,early,missed,30,89,app,high,2.3,direct_rx
0296,on_track,stable,on time,30,8,phone,low,3.5,hcp
0297,on_track,stable,on time,90,0,none,low,5.5,direct_rx
0298,on_track,stable,on time,90,46,none,low,10.3,hcp
0299,lapsing,early,delayed,60,92,phone,moderate,2.4,hcp
0300,lapsing,early,delayed,30,33,app,moderate,1.5,hcp
0301,on_track,stable,on time,30,13,app,low,4.7,hcp
0302,on_track,stable,on time,60,0,phone,moderate,11.1,transfer
0303,lapsing,early,delayed,30,41,app,moderate,1.0,direct_rx
0304,on_track,stable,on time,30,8,app,low,6.5,hcp
0305,on_track,long_term,on time,30,9,app,moderate,24.9,direct_rx
0306,on_track,stable,on time,90,21,app,low,6.0,hcp
0307,lapsing,early,delayed,30,32,phone,moderate,0.2,hcp
0308,on_track,stable,on time,30,1,phone,moderate,9.0,direct_rx
0309,lapsed,stable,missed,90,179,app,high,5.4,direct_rx
0310,on_track,stable,on time,30,20,phone,low,10.1,direct_rx
0311,on_track,stable,on time,30,10,app,moderate,10.2,direct_rx
0312,on_track,stable,on time,30,9,phone,low,5.1,direct_rx
0313,on_track,stable,on time,90,20,app,low,7.3,hcp
0314,lapsed,early,missed,30,119,none,high,2.1,hcp
0315,on_track,long_term,on time,30,11,app,moderate,15.2,direct_rx
0316,on_track,early,on time,30,13,phone,moderate,0.1,hcp
0317,lapsed,early,missed,60,212,phone,high,1.4,direct_rx
0318,on_track,long_term,on time,60,25,app,low,15.2,direct_rx
0319,on_track,long_term,on time,60,39,none,moderate,32.0,direct_rx
0320,on_track,long_term,on time,90,24,none,low,28.3,direct_rx
0321,lapsing,early,delayed,60,70,none,moderate,0.3,direct_rx
0322,on_track,stable,on time,90,29,none,moderate,5.1,direct_rx
0323,on_track,early,on time,90,10,phone,moderate,2.6,hcp
0324,on_track,stable,on time,60,21,phone,low,11.2,transfer
0325,lapsing,early,delayed,30,45,app,moderate,1.4,direct_rx
0326,on_track,stable,on time,30,16,phone,low,10.5,hcp
0327,on_track,stable,on time,30,16,phone,low,8.2,direct_rx
0328,on_track,stable,on time,90,43,app,moderate,8.1,direct_rx
0329,on_track,long_term,on time,30,7,phone,low,26.0,direct_rx
0330,on_track,early,on time,30,13,app,low,0.6,hcp
0331,on_track,stable,on time,90,41,app,moderate,9.5,direct_rx
0332,on_track,long_term,on time,30,12,none,low,28.5,direct_rx
0333,on_track,stable,on time,30,11,phone,low,3.2,direct_rx
0334,on_track,stable,on time,60,0,app,low,3.4,hcp
0335,on_track,stable,on time,60,32,none,moderate,6.5,direct_rx
0336,lapsing,early,delayed,30,45,phone,moderate,2.7,hcp
0337,on_track,long_term,on time,30,15,app,moderate,29.0,direct_rx
0338,on_track,stable,on time,90,52,app,moderate,6.3,hcp
0339,on_track,long_term,on time,30,19,app,low,27.7,direct_rx
0340,on_track,stable,on time,30,23,app,moderate,9.8,direct_rx
0341,lapsed,early,missed,30,118,phone,high,0.8,direct_rx
0342,lapsing,early,delayed,30,33,phone,moderate,2.8,direct_rx
0343,lapsed,early,missed,30,87,none,high,1.7,hcp
0344,on_track,stable,on time,30,23,none,low,6.0,direct_rx
0345,on_track,stable,on time,60,2,phone,moderate,7.7,direct_rx
0346,on_track,stable,on time,30,22,phone,low,7.8,direct_rx
0347,lapsing,early,delayed,60,72,app,moderate,0.1,direct_rx
0348,lapsed,early,missed,30,61,none,high,0.8,direct_rx
0349,on_track,long_term,on time,30,19,none,low,16.8,hcp
0350,on_track,stable,on time,30,24,phone,low,8.6,direct_rx
0351,on_track,long_term,on time,30,24,app,low,23.8,direct_rx
0352,on_track,long_term,on time,60,1,app,low,35.3,transfer
0353,on_track,long_term,on time,60,17,app,moderate,22.2,direct_rx
0354,lapsed,early,missed,90,315,phone,high,2.5,direct_rx
0355,lapsing,early,delayed,30,39,phone,moderate,0.1,direct_rx
0356,on_track,early,on time,30,5,phone,low,2.7,direct_rx
0357,lapsing,stable,delayed,60,82,phone,moderate,5.7,direct_rx
0358,on_track,stable,on time,90,36,none,low,6.8,direct_rx
0359,lapsing,early,delayed,30,33,app,moderate,0.5,direct_rx
0360,on_track,stable,on time,30,19,app,low,11.2,direct_rx
0361,lapsing,early,delayed,90,90,phone,moderate,0.5,transfer
0362,lapsed,early,missed,30,55,app,moderate,0.3,direct_rx
0363,lapsed,early,missed,30,59,app,moderate,2.9,direct_rx
0364,on_track,long_term,on time,60,23,phone,moderate,35.9,hcp
0365,lapsing,stable,delayed,30,39,phone,high,10.2,direct_rx
0366,lapsing,early,delayed,60,96,none,high,0.5,hcp
0367,on_track,long_term,on time,90,49,none,low,18.8,direct_rx
0368,on_track,stable,on time,30,3,phone,low,11.4,direct_rx
0369,on_track,stable,on time,30,6,app,low,4.9,direct_rx
0370,lapsed,stable,missed,60,142,none,moderate,11.4,direct_rx
0371,on_track,long_term,on time,30,17,none,moderate,14.9,direct_rx
0372,lapsed,early,missed,30,52,phone,moderate,0.4,transfer
0373,on_track,long_term,on time,60,15,none,moderate,13.3,hcp
0374,on_track,stable,on time,30,19,phone,low,3.4,hcp
0375,on_track,stable,on time,30,17,phone,low,8.9,direct_rx
0376,on_track,stable,on time,90,4,app,low,11.1,direct_rx
0377,on_track,long_term,on time,30,17,none,low,23.4,direct_rx
0378,lapsing,stable,delayed,60,63,app,moderate,11.2,direct_rx
0379,on_track,long_term,on time,90,21,phone,low,20.9,direct_rx
0380,lapsed,early,missed,90,225,phone,moderate,2.7,hcp
0381,on_track,long_term,on time,60,18,app,low,30.2,direct_rx
0382,on_track,stable,on time,90,28,app,moderate,9.1,direct_rx
0383,lapsing,early,delayed,30,46,app,moderate,0.8,direct_rx
0384,lapsing,long_term,delayed,30,32,none,moderate,14.2,direct_rx
0385,on_track,early,on time,90,20,app,low,1.2,transfer
0386,lapsing,early,delayed,60,66,app,moderate,0.7,direct_rx
0387,lapsing,early,delayed,60,80,app,high,0.3,direct_rx
0388,on_track,long_term,on time,30,11,app,low,25.0,transfer
0389,lapsed,stable,missed,30,88,none,high,11.5,hcp
0390,on_track,long_term,on time,30,16,phone,low,26.4,direct_rx
0391,on_track,stable,on time,60,6,none,low,11.7,hcp
0392,lapsed,early,missed,30,111,app,moderate,1.6,transfer
0393,on_track,stable,on time,90,50,app,low,10.2,direct_rx
0394,on_track,early,on time,30,4,app,low,2.8,hcp
0395,lapsing,long_term,delayed,30,31,phone,moderate,30.7,hcp
0396,on_track,stable,on time,30,22,none,low,11.0,direct_rx
0397,lapsing,stable,delayed,30,36,app,high,7.0,direct_rx
0398,on_track,long_term,on time,90,62,phone,moderate,18.3,direct_rx
0399,lapsing,early,delayed,30,31,phone,high,0.5,hcp
0400,lapsing,stable,delayed,90,113,none,high,7.9,transfer
0401,on_track,early,on time,90,10,phone,low,3.0,direct_rx
0402,on_track,stable,on time,30,3,phone,low,9.7,direct_rx
0403,on_track,early,on time,90,54,phone,low,2.5,transfer
0404,lapsing,stable,delayed,30,45,none,high,11.1,direct_rx
0405,lapsed,stable,missed,60,123,phone,moderate,7.7,direct_rx
0406,on_track,stable,on time,30,17,app,low,9.5,direct_rx
0407,on_track,stable,on time,30,23,phone,low,6.9,transfer
0408,lapsing,early,delayed,60,64,none,moderate,1.5,hcp
0409,on_track,long_term,on time,30,21,phone,low,32.5,direct_rx
0410,on_track,long_term,on time,60,1,app,low,19.2,direct_rx
0411,on_track,stable,on time,30,21,app,low,5.7,direct_rx
0412,on_track,early,on time,30,1,phone,low,0.4,direct_rx
0413,lapsing,early,delayed,90,125,none,high,0.5,direct_rx
0414,lapsing,stable,delayed,30,40,phone,moderate,10.2,direct_rx
0415,on_track,stable,on time,30,18,app,low,8.4,direct_rx
0416,lapsed,long_term,missed,30,112,app,moderate,26.1,direct_rx
0417,on_track,stable,on time,30,6,app,moderate,6.3,hcp
0418,lapsed,early,missed,60,215,app,high,1.0,direct_rx
0419,lapsing,early,delayed,30,33,phone,moderate,0.3,direct_rx
0420,on_track,stable,on time,60,39,app,low,11.0,transfer
0421,on_track,stable,on time,30,1,none,moderate,4.3,transfer
0422,on_track,stable,on time,60,38,none,low,9.6,direct_rx
0423,on_track,long_term,on time,30,17,app,low,33.1,direct_rx
0424,lapsed,early,missed,30,77,phone,moderate,0.9,direct_rx
0425,lapsing,early,delayed,30,34,app,moderate,1.4,transfer
0426,on_track,stable,on time,30,11,phone,low,8.4,hcp
0427,lapsing,long_term,delayed,30,36,app,high,30.1,direct_rx
0428,on_track,stable,on time,90,43,app,low,11.9,hcp
0429,on_track,stable,on time,30,12,none,moderate,11.9,transfer
0430,lapsed,early,missed,30,84,phone,high,2.0,hcp
0431,on_track,stable,on time,30,19,phone,low,9.5,direct_rx
0432,lapsing,stable,delayed,90,142,app,moderate,9.8,direct_rx
0433,on_track,stable,on time,30,21,app,moderate,10.6,direct_rx
0434,lapsing,early,delayed,90,136,app,high,0.5,hcp
0435,lapsing,long_term,delayed,30,38,app,moderate,16.0,direct_rx
0436,on_track,stable,on time,30,7,app,low,9.6,direct_rx
0437,lapsed,early,missed,30,88,app,high,1.8,direct_rx
0438,on_track,stable,on time,90,23,app,low,10.0,direct_rx
0439,on_track,stable,on time,30,0,app,low,9.6,hcp
0440,lapsing,early,delayed,90,135,app,high,1.8,direct_rx
0441,on_track,long_term,on time,30,12,phone,low,25.0,direct_rx
0442,on_track,long_term,on time,30,12,phone,low,34.4,direct_rx
0443,lapsed,stable,missed,60,157,phone,moderate,11.6,direct_rx
0444,on_track,stable,on time,30,20,app,low,11.9,direct_rx
0445,on_track,stable,on time,30,2,app,moderate,10.5,direct_rx
0446,lapsed,stable,missed,60,126,app,high,9.3,direct_rx
0447,on_track,stable,on time,60,35,phone,low,5.7,direct_rx
0448,on_track,long_term,on time,30,2,app,low,35.3,direct_rx
0449,on_track,stable,on time,30,18,app,low,5.6,direct_rx
0450,on_track,long_term,on time,90,21,app,low,27.5,hcp
0451,lapsing,stable,delayed,60,67,phone,moderate,10.6,direct_rx
0452,lapsing,early,delayed,60,86,none,moderate,1.8,direct_rx
0453,lapsing,stable,delayed,90,110,app,high,8.6,hcp
0454,on_track,long_term,on time,30,14,app,low,27.4,direct_rx
0455,lapsing,stable,delayed,30,36,phone,moderate,10.5,hcp
0456,on_track,stable,on time,30,7,app,low,3.5,hcp
0457,on_track,stable,on time,30,22,app,low,10.5,hcp
0458,on_track,early,on time,30,21,phone,low,0.8,direct_rx
0459,on_track,long_term,on time,30,24,none,low,32.8,direct_rx
0460,lapsed,early,missed,30,120,phone,moderate,1.7,direct_rx
0461,lapsed,early,missed,90,354,phone,moderate,2.4,direct_rx
0462,on_track,long_term,on time,30,1,app,moderate,32.0,direct_rx
0463,lapsing,stable,delayed,30,47,app,moderate,9.7,direct_rx
0464,lapsed,early,missed,30,112,phone,high,0.5,direct_rx
0465,lapsing,early,delayed,60,76,phone,high,0.0,direct_rx
0466,on_track,long_term,on time,90,33,phone,moderate,15.3,direct_rx
0467,on_track,long_term,on time,30,18,app,low,22.6,direct_rx
0468,lapsing,early,delayed,30,32,phone,moderate,1.2,hcp
0469,on_track,early,on time,30,11,app,moderate,1.4,direct_rx
0470,on_track,stable,on time,60,15,phone,low,10.3,direct_rx
0471,on_track,long_term,on time,60,28,phone,moderate,27.2,direct_rx
0472,on_track,stable,on time,30,10,app,low,3.6,hcp
0473,lapsing,stable,delayed,30,47,none,moderate,8.4,direct_rx
0474,on_track,stable,on time,30,24,phone,low,5.1,direct_rx
0475,on_track,early,on time,30,2,none,low,2.9,transfer
0476,on_track,stable,on time,90,12,app,low,6.3,hcp
0477,lapsing,early,delayed,30,35,none,moderate,1.9,direct_rx
0478,on_track,stable,on time,30,10,phone,moderate,9.7,hcp
0479,on_track,stable,on time,30,20,app,low,10.2,hcp
0480,lapsing,early,delayed,60,73,none,high,1.2,direct_rx
0481,on_track,long_term,on time,30,5,phone,low,21.8,hcp
0482,on_track,stable,on time,90,56,none,low,4.5,hcp
0483,on_track,stable,on time,90,72,none,low,4.6,direct_rx
0484,on_track,stable,on time,90,63,phone,low,9.5,direct_rx
0485,on_track,long_term,on time,90,29,none,low,24.8,hcp
0486,lapsing,early,delayed,30,32,phone,high,0.1,direct_rx
0487,lapsing,stable,delayed,90,100,app,moderate,8.8,hcp
0488,on_track,long_term,on time,90,48,app,low,16.4,direct_rx
0489,on_track,long_term,on time,90,49,app,low,19.0,hcp
0490,on_track,long_term,on time,60,32,none,low,33.5,hcp
0491,on_track,long_term,on time,60,37,app,moderate,27.9,direct_rx
0492,on_track,long_term,on time,30,5,phone,low,32.5,direct_rx
0493,lapsing,stable,delayed,60,90,app,moderate,10.5,hcp
0494,lapsing,early,delayed,30,35,phone,moderate,0.0,direct_rx
0495,lapsing,long_term,delayed,90,123,app,moderate,14.1,direct_rx
0496,on_track,stable,on time,30,12,app,low,10.8,direct_rx
0497,lapsing,early,delayed,90,128,phone,moderate,2.3,direct_rx
0498,on_track,long_term,on time,30,3,none,moderate,16.3,hcp
0499,on_track,early,on time,60,32,phone,low,3.0,direct_rx
0500,lapsed,early,missed,30,118,phone,high,0.1,hcp
0501,on_track,stable,on time,90,67,app,low,5.4,hcp
0502,on_track,stable,on time,30,19,app,low,9.9,hcp
0503,on_track,long_term,on time,60,27,app,moderate,23.3,direct_rx
0504,on_track,stable,on time,90,72,app,low,10.9,direct_rx
0505,on_track,stable,on time,30,10,none,low,10.4,direct_rx
0506,lapsing,long_term,delayed,90,122,app,moderate,20.7,direct_rx
0507,lapsing,early,delayed,90,112,app,moderate,0.2,direct_rx
0508,on_track,long_term,on time,30,3,none,low,33.0,transfer
0509,lapsed,early,missed,30,116,phone,high,0.7,hcp
0510,on_track,long_term,on time,90,26,none,moderate,20.8,direct_rx
0511,on_track,long_term,on time,60,6,phone,low,13.1,direct_rx
0512,on_track,long_term,on time,30,16,none,low,20.7,hcp
0513,on_track,long_term,on time,60,24,phone,low,29.9,direct_rx
0514,lapsing,stable,delayed,60,83,none,moderate,11.2,direct_rx
0515,on_track,long_term,on time,30,19,app,low,31.6,direct_rx
0516,on_track,stable,on time,30,20,none,moderate,4.7,direct_rx
0517,lapsed,early,missed,30,97,none,moderate,2.8,transfer
0518,lapsing,early,delayed,30,47,none,high,0.9,direct_rx
0519,on_track,long_term,on time,60,2,app,low,29.7,transfer
0520,on_track,long_term,on time,90,66,app,low,27.7,direct_rx
0521,lapsing,early,delayed,60,65,app,moderate,0.8,direct_rx
0522,on_track,long_term,on time,60,38,none,low,24.3,direct_rx
0523,on_track,early,on time,30,17,app,moderate,0.1,direct_rx
0524,lapsed,early,missed,30,76,none,high,2.1,direct_rx
0525,lapsed,early,missed,30,80,none,moderate,1.6,hcp
0526,lapsing,early,delayed,30,38,app,high,2.3,direct_rx
0527,lapsed,stable,missed,30,106,phone,high,7.5,direct_rx
0528,on_track,long_term,on time,30,15,phone,low,34.3,direct_rx
0529,on_track,early,on time,60,31,app,low,2.8,hcp
0530,lapsing,early,delayed,30,30,app,high,2.4,direct_rx
0531,on_track,early,on time,30,1,app,moderate,0.1,direct_rx
0532,on_track,stable,on time,60,11,app,low,11.6,direct_rx
0533,on_track,stable,on time,60,34,phone,low,9.2,hcp
0534,on_track,stable,on time,90,6,phone,low,9.2,direct_rx
0535,on_track,long_term,on time,60,14,phone,low,34.8,direct_rx
0536,on_track,stable,on time,30,24,app,low,7.1,hcp
0537,on_track,long_term,on time,30,20,app,moderate,19.0,direct_rx
0538,on_track,early,on time,30,7,phone,low,0.0,hcp
0539,on_track,long_term,on time,60,16,none,low,12.6,direct_rx
0540,on_track,early,on time,30,13,none,moderate,0.6,direct_rx
0541,on_track,stable,on time,30,22,none,low,11.0,direct_rx
0542,on_track,stable,on time,60,19,app,moderate,7.1,direct_rx
0543,lapsing,stable,delayed,30,33,app,moderate,11.2,hcp
0544,lapsing,long_term,delayed,90,142,phone,moderate,24.4,direct_rx
0545,on_track,long_term,on time,90,28,app,moderate,13.9,direct_rx
0546,lapsing,stable,delayed,60,95,none,high,9.7,hcp
0547,on_track,stable,on time,30,24,app,low,7.6,transfer
0548,on_track,stable,on time,30,2,phone,low,7.0,hcp
0549,on_track,long_term,on time,30,21,app,low,12.3,direct_rx
0550,on_track,stable,on time,30,14,app,low,5.6,direct_rx
0551,on_track,stable,on time,60,44,app,low,5.4,hcp
0552,lapsing,early,delayed,30,40,app,moderate,1.6,direct_rx
0553,on_track,stable,on time,60,5,phone,moderate,3.7,hcp
0554,on_track,long_term,on time,90,38,none,low,29.4,hcp
0555,on_track,stable,on time,30,11,app,low,6.9,hcp
0556,lapsing,stable,delayed,60,82,phone,high,5.3,hcp
0557,on_track,stable,on time,30,8,app,low,6.9,hcp
0558,on_track,long_term,on time,90,19,phone,moderate,26.0,direct_rx
0559,on_track,stable,on time,30,9,none,moderate,4.8,hcp
0560,on_track,stable,on time,60,12,none,moderate,9.5,direct_rx
0561,on_track,early,on time,60,30,app,low,2.1,direct_rx
0562,lapsing,long_term,delayed,90,104,app,high,25.0,hcp
0563,on_track,stable,on time,90,10,none,low,6.2,hcp
0564,lapsing,stable,delayed,90,137,app,high,6.0,direct_rx
0565,on_track,long_term,on time,90,62,app,low,19.1,hcp
0566,on_track,long_term,on time,30,17,phone,low,19.0,direct_rx
0567,lapsed,early,missed,30,54,phone,high,1.9,direct_rx
0568,on_track,early,on time,90,41,none,low,1.5,transfer
0569,on_track,stable,on time,30,16,app,low,6.8,direct_rx
0570,lapsed,long_term,missed,60,192,phone,high,25.4,transfer
0571,lapsed,long_term,missed,30,110,phone,moderate,21.0,direct_rx
0572,lapsing,early,delayed,30,33,app,high,1.1,hcp
0573,on_track,long_term,on time,90,28,app,moderate,25.9,direct_rx
0574,on_track,long_term,on time,30,8,app,low,29.8,direct_rx
0575,lapsing,early,delayed,30,42,app,moderate,1.2,hcp
0576,lapsing,early,delayed,90,124,app,high,1.5,direct_rx
0577,on_track,stable,on time,30,16,phone,low,7.3,transfer
0578,on_track,stable,on time,90,67,app,low,11.2,hcp
0579,on_track,stable,on time,30,3,app,low,6.7,direct_rx
0580,lapsing,early,delayed,90,137,app,moderate,0.2,hcp
0581,lapsed,stable,missed,30,54,phone,moderate,3.5,transfer
0582,lapsing,early,delayed,30,45,app,moderate,0.7,direct_rx
0583,on_track,stable,on time,60,14,app,moderate,5.5,direct_rx
0584,on_track,long_term,on time,60,44,phone,low,32.2,direct_rx
0585,on_track,early,on time,30,22,phone,low,2.3,hcp
0586,lapsed,early,missed,30,96,phone,moderate,0.9,hcp
0587,on_track,stable,on time,60,40,app,moderate,4.3,direct_rx
0588,lapsing,early,delayed,30,32,phone,moderate,2.6,direct_rx
0589,on_track,long_term,on time,30,3,phone,low,25.4,hcp
0590,on_track,long_term,on time,30,13,phone,low,17.9,hcp
0591,on_track,stable,on time,30,24,app,low,11.9,hcp
0592,on_track,stable,on time,30,14,app,low,9.3,direct_rx
0593,lapsing,early,delayed,30,38,none,high,1.2,direct_rx
0594,lapsing,stable,delayed,60,78,app,high,11.9,hcp
0595,lapsed,early,missed,30,67,phone,high,1.2,hcp
0596,lapsing,early,delayed,30,39,app,moderate,2.9,transfer
0597,on_track,stable,on time,30,9,app,moderate,7.0,hcp
0598,on_track,stable,on time,90,26,phone,moderate,7.2,direct_rx
0599,lapsed,stable,missed,60,161,app,high,4.1,direct_rx
0600,on_track,stable,on time,60,36,app,moderate,11.2,transfer
0601,on_track,long_term,on time,30,13,app,low,29.3,direct_rx
0602,on_track,long_term,on time,30,16,none,moderate,32.4,direct_rx
0603,lapsing,early,delayed,90,118,app,moderate,2.1,direct_rx
0604,on_track,stable,on time,30,6,phone,moderate,5.9,hcp
0605,lapsing,long_term,delayed,30,48,phone,high,17.0,direct_rx
0606,on_track,stable,on time,30,10,app,low,10.0,direct_rx
0607,on_track,long_term,on time,30,14,none,low,22.1,direct_rx
0608,on_track,long_term,on time,60,18,app,moderate,34.7,direct_rx
0609,on_track,stable,on time,60,2,phone,low,3.1,direct_rx
0610,on_track,early,on time,90,19,phone,low,1.9,direct_rx
0611,on_track,stable,on time,90,64,app,low,8.8,direct_rx
0612,lapsing,long_term,delayed,30,41,app,moderate,22.3,transfer
0613,on_track,stable,on time,30,12,none,low,11.2,hcp
0614,lapsing,stable,delayed,90,128,none,moderate,6.4,direct_rx
0615,on_track,stable,on time,30,12,phone,low,10.0,direct_rx
0616,lapsed,long_term,missed,30,85,app,moderate,22.8,direct_rx
0617,lapsing,early,delayed,30,30,none,moderate,1.5,hcp
0618,on_track,early,on time,30,11,app,moderate,3.0,transfer
0619,on_track,stable,on time,30,23,none,moderate,8.0,direct_rx
0620,on_track,stable,on time,30,6,app,low,11.4,direct_rx
0621,on_track,stable,on time,30,24,phone,low,9.6,hcp
0622,lapsed,early,missed,60,102,app,high,2.1,hcp
0623,lapsed,stable,missed,30,54,none,high,9.9,hcp
0624,on_track,stable,on time,90,57,phone,low,9.9,transfer
0625,on_track,stable,on time,30,1,app,moderate,10.3,hcp
0626,on_track,stable,on time,30,2,app,moderate,7.5,direct_rx
0627,on_track,long_term,on time,30,1,app,moderate,22.4,transfer
0628,on_track,stable,on time,30,7,app,moderate,7.8,hcp
0629,on_track,stable,on time,90,70,app,low,4.4,hcp
0630,on_track,long_term,on time,60,10,app,moderate,14.6,direct_rx
0005,on_track,long_term,on time,30,17,phone,low,24.9,direct_rx
0632,lapsing,early,delayed,30,30,phone,high,2.0,direct_rx
0633,lapsing,early,delayed,60,88,app,high,0.8,hcp
0634,on_track,long_term,on time,30,17,phone,moderate,34.6,direct_rx
0635,on_track,stable,on time,30,15,phone,low,10.1,direct_rx
0636,on_track,stable,on time,30,2,app,low,4.4,direct_rx
0637,on_track,long_term,on time,30,0,phone,moderate,27.2,direct_rx
0638,on_track,long_term,on time,60,44,phone,low,20.9,hcp
0639,on_track,stable,on time,30,16,app,low,9.8,direct_rx
0640,lapsing,early,delayed,30,45,app,high,0.3,transfer
0641,on_track,early,on time,30,13,app,low,0.8,hcp
0642,lapsing,long_term,delayed,30,40,app,high,12.7,transfer
0643,on_track,stable,on time,30,14,phone,moderate,9.6,direct_rx
0644,on_track,stable,on time,30,24,none,low,5.6,direct_rx
0645,lapsed,early,missed,30,51,none,moderate,1.3,direct_rx
0646,on_track,stable,on time,60,45,none,low,3.1,transfer
0647,on_track,long_term,on time,30,21,none,moderate,17.4,direct_rx
0648,on_track,stable,on time,60,28,app,low,11.2,direct_rx
0649,on_track,stable,on time,30,2,none,low,11.8,direct_rx
0650,lapsed,stable,missed,30,97,app,high,7.1,hcp
0651,on_track,stable,on time,30,16,none,low,5.1,direct_rx
0652,lapsed,long_term,missed,30,105,app,high,19.7,direct_rx
0653,on_track,stable,on time,90,25,none,moderate,11.6,direct_rx
0654,lapsing,early,delayed,90,97,phone,moderate,0.3,transfer
0655,on_track,stable,on time,30,24,phone,low,5.4,hcp
0656,lapsed,stable,missed,30,111,app,high,10.0,hcp
0657,on_track,long_term,on time,30,15,app,moderate,13.0,transfer
0658,on_track,long_term,on time,30,6,none,low,31.6,direct_rx
0659,lapsing,early,delayed,30,33,app,moderate,1.7,hcp
0660,on_track,stable,on time,30,17,app,moderate,3.3,hcp
0661,on_track,stable,on time,90,24,phone,moderate,7.0,hcp
0662,lapsing,long_term,delayed,90,97,none,high,18.4,hcp
0663,lapsing,early,delayed,30,48,phone,moderate,2.7,direct_rx
0664,on_track,stable,on time,30,5,phone,low,7.2,direct_rx
0665,lapsed,long_term,missed,90,181,phone,moderate,27.2,direct_rx
0666,lapsed,stable,missed,30,115,phone,high,5.0,hcp
0667,lapsed,early,missed,30,93,none,high,1.1,direct_rx
0668,lapsing,stable,delayed,30,44,phone,moderate,8.3,direct_rx
0669,lapsing,early,delayed,90,102,phone,moderate,1.3,direct_rx
0670,on_track,early,on time,30,0,app,moderate,0.4,hcp
0671,on_track,stable,on time,30,12,phone,moderate,3.3,hcp
0672,on_track,stable,on time,30,8,app,low,11.9,hcp
0673,on_track,stable,on time,30,20,none,low,11.6,hcp
0674,on_track,long_term,on time,30,7,phone,low,16.4,hcp
0675,on_track,long_term,on time,30,10,phone,low,26.4,hcp
0676,on_track,stable,on time,60,10,app,low,7.6,direct_rx
0677,lapsing,early,delayed,30,41,app,moderate,2.7,hcp
0678,lapsed,stable,missed,30,81,phone,moderate,11.7,hcp
0679,on_track,long_term,on time,60,41,phone,low,24.9,direct_rx
0680,lapsing,early,delayed,90,107,app,high,2.4,direct_rx
0681,on_track,stable,on time,90,65,phone,low,5.4,direct_rx
0682,on_track,long_term,on time,30,14,app,moderate,13.8,transfer
0683,lapsing,early,delayed,30,36,app,moderate,0.6,direct_rx
0684,lapsing,early,delayed,30,47,phone,high,0.8,hcp
0685,on_track,long_term,on time,30,16,app,moderate,28.5,direct_rx
0686,on_track,stable,on time,90,26,none,moderate,11.4,direct_rx
0687,on_track,long_term,on time,90,31,phone,low,30.1,hcp
0688,lapsing,stable,delayed,30,40,phone,moderate,5.0,hcp
0689,on_track,long_term,on time,30,17,none,moderate,34.2,direct_rx
0690,on_track,early,on time,60,44,app,moderate,0.3,direct_rx
0691,on_track,stable,on time,30,2,none,low,6.6,hcp
0692,on_track,stable,on time,30,9,phone,low,10.8,direct_rx
0693,on_track,stable,on time,30,13,none,moderate,4.2,direct_rx
0694,on_track,stable,on time,30,15,phone,low,10.7,direct_rx
0695,on_track,stable,on time,90,52,phone,moderate,8.7,direct_rx
0696,lapsed,early,missed,60,163,none,moderate,0.5,direct_rx
0697,on_track,stable,on time,60,39,phone,low,10.9,direct_rx
0698,on_track,early,on time,30,18,phone,moderate,2.0,hcp
0699,on_track,stable,on time,30,18,app,low,7.9,direct_rx
0700,on_track,long_term,on time,30,5,phone,low,34.5,hcp
0701,on_track,long_term,on time,30,21,app,moderate,34.2,hcp
0702,on_track,stable,on time,30,1,phone,low,8.3,direct_rx
0703,on_track,long_term,on time,30,15,phone,moderate,32.8,hcp
0704,lapsing,stable,delayed,90,98,app,high,3.5,direct_rx
0705,on_track,stable,on time,90,67,app,low,8.0,hcp
0706,lapsing,early,delayed,30,41,app,moderate,2.9,direct_rx
0707,on_track,stable,on time,30,20,phone,low,9.8,direct_rx
0708,lapsing,long_term,delayed,30,34,phone,moderate,23.6,direct_rx
0709,on_track,long_term,on time,30,17,phone,moderate,25.7,direct_rx
0710,lapsing,early,delayed,30,44,none,high,0.3,direct_rx
0711,on_track,stable,on time,90,52,app,low,10.6,transfer
0712,lapsed,early,missed,60,225,app,high,1.6,direct_rx
0713,on_track,stable,on time,30,2,phone,low,8.7,direct_rx
0714,on_track,stable,on time,30,20,none,low,9.1,hcp
0715,on_track,stable,on time,90,5,app,low,11.9,hcp
0716,lapsing,early,delayed,30,41,app,moderate,1.2,direct_rx
0717,lapsing,stable,delayed,30,37,phone,moderate,11.8,transfer
0718,on_track,stable,on time,60,18,app,moderate,7.8,hcp
0719,on_track,stable,on time,60,21,phone,low,9.6,direct_rx
0720,on_track,stable,on time,30,12,phone,moderate,7.2,direct_rx
0721,lapsing,early,delayed,30,40,phone,moderate,3.0,hcp
0722,on_track,stable,on time,30,19,none,low,7.6,direct_rx
0723,lapsed,early,missed,30,115,app,high,1.4,hcp
0724,on_track,long_term,on time,90,53,none,low,35.9,hcp
0725,on_track,stable,on time,90,15,phone,moderate,5.5,hcp
0726,on_track,long_term,on time,60,15,phone,low,28.6,direct_rx
0727,lapsing,early,delayed,90,139,phone,moderate,0.7,direct_rx
0728,lapsing,early,delayed,30,43,app,moderate,0.7,transfer
0729,lapsing,long_term,delayed,60,63,app,high,22.7,direct_rx
0730,on_track,stable,on time,90,6,none,moderate,8.2,direct_rx
0731,lapsing,early,delayed,30,43,none,high,1.4,hcp
0732,lapsing,stable,delayed,30,38,phone,moderate,8.9,direct_rx
0733,lapsed,early,missed,60,226,phone,moderate,2.8,direct_rx
0734,lapsing,early,delayed,30,34,app,high,2.9,hcp
0735,on_track,early,on time,90,37,app,low,2.6,direct_rx
0736,on_track,early,on time,30,6,app,low,1.4,transfer
0737,on_track,early,on time,30,17,none,low,1.2,hcp
0738,on_track,stable,on time,30,13,app,moderate,4.8,hcp
0739,on_track,stable,on time,60,5,none,low,6.1,transfer
0740,on_track,stable,on time,30,16,phone,low,9.2,hcp
0741,lapsed,early,missed,30,70,app,high,2.9,hcp
0742,lapsed,long_term,missed,30,101,app,high,16.1,transfer
0743,on_track,stable,on time,30,2,none,low,6.1,transfer
0744,on_track,long_term,on time,30,2,app,low,16.1,direct_rx
0745,on_track,long_term,on time,90,17,app,moderate,12.6,hcp
0746,lapsed,early,missed,30,109,app,high,1.8,hcp
0747,lapsed,stable,missed,30,104,app,moderate,11.1,hcp
0748,on_track,stable,on time,30,21,none,low,11.4,direct_rx
0749,lapsing,early,delayed,90,134,app,moderate,0.6,direct_rx
0750,on_track,stable,on time,60,8,app,low,3.3,direct_rx
0751,on_track,stable,on time,90,51,app,low,6.7,direct_rx
0752,lapsing,long_term,delayed,90,122,phone,moderate,32.5,direct_rx
0753,on_track,early,on time,30,20,none,low,1.3,hcp
0754,on_track,stable,on time,30,14,app,moderate,11.1,hcp
0755,on_track,stable,on time,30,10,app,moderate,3.5,direct_rx
0756,on_track,early,on time,30,24,none,low,2.5,hcp
0757,on_track,early,on time,30,14,phone,moderate,3.0,hcp
0758,on_track,long_term,on time,30,6,phone,low,15.9,hcp
0759,on_track,stable,on time,30,7,app,low,8.3,direct_rx
0760,lapsing,early,delayed,90,107,phone,moderate,0.6,transfer
0761,on_track,stable,on time,90,44,app,low,11.0,direct_rx
0762,on_track,long_term,on time,30,19,none,low,12.2,direct_rx
0763,on_track,long_term,on time,90,30,phone,moderate,35.7,transfer
0764,on_track,long_term,on time,60,38,app,moderate,16.2,transfer
0765,lapsing,early,delayed,30,40,app,moderate,2.9,hcp
0766,on_track,stable,on time,30,3,app,low,10.2,direct_rx
0767,on_track,long_term,on time,30,13,app,low,21.1,direct_rx
0768,lapsing,stable,delayed,90,94,phone,moderate,3.7,direct_rx
0769,on_track,stable,on time,30,19,app,low,10.3,hcp
0770,on_track,long_term,on time,30,8,app,low,18.0,direct_rx
0771,lapsed,long_term,missed,60,153,phone,high,21.9,hcp
0772,lapsing,long_term,delayed,60,84,phone,moderate,12.3,direct_rx
0773,lapsing,early,delayed,60,84,app,high,2.1,hcp
0774,on_track,long_term,on time,30,0,none,low,20.1,hcp
0775,on_track,stable,on time,30,22,none,low,3.3,hcp
0776,on_track,long_term,on time,60,37,app,low,25.4,direct_rx
0777,lapsed,early,missed,30,91,phone,high,2.9,direct_rx
0778,on_track,early,on time,30,24,phone,low,0.6,direct_rx
0779,lapsed,early,missed,30,57,app,moderate,0.6,direct_rx
0780,lapsed,long_term,missed,30,65,app,moderate,12.3,direct_rx
0781,on_track,long_term,on time,90,21,app,low,34.8,direct_rx
0782,on_track,early,on time,90,61,phone,low,2.9,direct_rx
0783,on_track,stable,on time,60,32,phone,low,6.6,direct_rx
0784,on_track,long_term,on time,30,2,none,low,18.9,direct_rx
0785,on_track,stable,on time,30,19,app,moderate,6.5,transfer
0786,on_track,stable,on time,30,16,phone,moderate,7.3,direct_rx
0787,on_track,stable,on time,30,21,app,low,9.0,transfer
0788,lapsed,stable,missed,30,97,phone,moderate,10.2,transfer
0789,lapsing,long_term,delayed,30,45,app,moderate,29.0,transfer
0790,on_track,stable,on time,30,9,app,moderate,11.4,direct_rx
0791,on_track,stable,on time,30,9,none,low,5.6,direct_rx
0792,lapsing,early,delayed,30,38,phone,moderate,0.9,direct_rx
0793,on_track,long_term,on time,90,2,app,moderate,12.6,direct_rx
0794,on_track,long_term,on time,30,1,none,low,30.8,hcp
0795,on_track,long_term,on time,30,23,app,moderate,26.5,direct_rx
0796,lapsing,early,delayed,30,35,app,high,2.2,direct_rx
0797,on_track,stable,on time,90,1,app,low,7.1,direct_rx
0798,on_track,long_term,on time,60,18,app,low,30.6,transfer
0799,on_track,long_term,on time,30,24,app,low,30.2,transfer
0800,lapsed,early,missed,90,181,app,high,2.1,direct_rx
0801,on_track,long_term,on time,30,18,phone,moderate,29.6,direct_rx
0802,on_track,long_term,on time,90,72,app,low,17.4,hcp
0803,lapsed,stable,missed,60,140,phone,high,7.0,direct_rx
0804,lapsing,stable,delayed,30,46,phone,moderate,6.7,direct_rx
0805,on_track,stable,on time,60,7,none,low,8.8,hcp
0806,on_track,stable,on time,30,20,app,low,5.1,hcp
0807,lapsing,long_term,delayed,30,48,app,moderate,23.1,direct_rx
0808,on_track,stable,on time,30,8,phone,moderate,7.2,direct_rx
0809,on_track,long_term,on time,30,24,phone,low,29.5,hcp
0810,on_track,long_term,on time,30,14,app,low,14.1,hcp
0811,on_track,stable,on time,30,13,phone,low,11.8,direct_rx
0812,on_track,stable,on time,30,9,none,low,3.9,transfer
0813,on_track,stable,on time,60,38,phone,moderate,9.5,transfer
0814,lapsing,stable,delayed,30,46,app,moderate,8.9,direct_rx
0815,on_track,long_term,on time,90,70,phone,moderate,16.8,hcp
0816,lapsing,early,delayed,30,40,phone,high,2.5,direct_rx
0817,on_track,stable,on time,60,44,app,low,6.8,direct_rx
0818,on_track,stable,on time,90,3,none,moderate,10.1,direct_rx
0819,lapsing,early,delayed,90,137,app,moderate,1.0,direct_rx
0820,lapsing,stable,delayed,30,36,app,moderate,10.1,direct_rx
0821,lapsing,early,delayed,30,45,none,moderate,2.2,direct_rx
0822,on_track,stable,on time,30,19,none,moderate,6.1,direct_rx
0823,on_track,long_term,on time,90,57,phone,low,13.9,direct_rx
0824,on_track,long_term,on time,30,13,phone,low,20.7,direct_rx
0825,on_track,stable,on time,60,47,app,low,11.5,hcp
0826,lapsed,stable,missed,30,102,none,moderate,11.5,direct_rx
0827,on_track,early,on time,30,0,phone,moderate,0.0,direct_rx
0828,on_track,long_term,on time,30,20,none,low,15.8,direct_rx
0829,on_track,long_term,on time,30,1,none,low,35.2,direct_rx
0830,lapsed,stable,missed,90,157,none,moderate,4.6,direct_rx
0831,on_track,long_term,on time,30,9,phone,low,28.5,transfer
0832,on_track,stable,on time,60,3,app,low,8.1,direct_rx
0833,on_track,stable,on time,30,24,phone,moderate,10.3,direct_rx
0834,on_track,early,on time,60,4,app,low,3.0,direct_rx
0835,on_track,stable,on time,60,0,app,low,7.5,hcp
0836,lapsing,early,delayed,90,123,phone,moderate,2.2,hcp
0837,on_track,stable,on time,30,13,none,moderate,10.0,direct_rx
0838,on_track,stable,on time,30,10,phone,moderate,9.0,hcp
0839,lapsed,long_term,missed,30,73,phone,high,31.5,direct_rx
0840,on_track,stable,on time,30,19,app,low,9.9,hcp
0841,on_track,long_term,on time,30,20,phone,low,14.5,direct_rx
0842,lapsing,early,delayed,30,42,app,moderate,2.3,transfer
0843,on_track,stable,on time,30,0,app,low,10.9,hcp
0844,on_track,stable,on time,30,16,phone,low,5.4,direct_rx
0845,lapsed,stable,missed,90,249,phone,high,11.1,direct_rx
0846,on_track,stable,on time,30,2,app,moderate,11.4,direct_rx
0847,on_track,stable,on time,60,31,app,low,9.8,transfer
0848,lapsing,early,delayed,30,34,app,high,0.8,hcp
0849,on_track,stable,on time,30,12,app,low,8.3,hcp
0850,lapsing,early,delayed,90,109,app,moderate,1.5,hcp
0851,on_track,stable,on time,30,0,phone,low,5.7,hcp
0852,lapsed,early,missed,90,182,app,moderate,0.1,direct_rx
0853,on_track,stable,on time,30,16,app,moderate,6.8,hcp
0854,lapsed,stable,missed,30,65,app,high,4.7,direct_rx
0855,on_track,long_term,on time,30,5,phone,moderate,12.3,direct_rx
0856,on_track,stable,on time,30,12,app,low,5.2,direct_rx
0857,on_track,early,on time,30,22,app,low,1.5,direct_rx
0858,on_track,stable,on time,30,1,none,moderate,5.4,transfer
0859,lapsing,early,delayed,30,39,app,moderate,2.9,direct_rx
0860,on_track,stable,on time,90,69,none,moderate,11.3,direct_rx
0861,lapsing,early,delayed,30,30,app,moderate,1.7,direct_rx
0862,on_track,stable,on time,90,25,app,low,10.7,hcp
0863,on_track,early,on time,30,16,phone,low,1.8,hcp
0864,on_track,long_term,on time,60,24,none,low,22.0,direct_rx
0865,lapsed,early,missed,30,75,none,high,1.7,direct_rx
0866,on_track,long_term,on time,30,15,app,low,12.5,direct_rx
0867,lapsing,long_term,delayed,30,41,app,moderate,29.4,hcp
0868,lapsed,early,missed,30,88,phone,moderate,1.1,hcp
0869,on_track,early,on time,30,2,app,low,3.0,direct_rx
0870,on_track,stable,on time,60,41,app,moderate,11.5,direct_rx
0871,on_track,stable,on time,30,24,app,low,5.5,hcp
0872,on_track,long_term,on time,30,2,none,low,22.0,direct_rx
0873,on_track,stable,on time,90,0,app,low,8.2,hcp
0874,on_track,early,on time,30,21,phone,low,2.6,direct_rx
0875,on_track,stable,on time,30,13,phone,low,11.0,direct_rx
0876,on_track,long_term,on time,90,64,none,moderate,22.8,direct_rx
0877,on_track,long_term,on time,60,41,app,low,26.5,transfer
0878,lapsing,early,delayed,90,123,phone,moderate,1.4,transfer
0879,on_track,stable,on time,30,4,app,moderate,4.2,hcp
0880,lapsing,stable,delayed,90,93,none,moderate,4.5,direct_rx
0881,on_track,stable,on time,30,4,app,low,10.3,transfer
0882,lapsing,early,delayed,30,43,phone,moderate,2.5,transfer
0883,on_track,early,on time,30,17,phone,moderate,0.3,direct_rx
0884,on_track,early,on time,30,16,app,moderate,2.9,hcp
0885,on_track,long_term,on time,60,3,none,low,13.8,hcp
0886,on_track,stable,on time,30,22,phone,low,6.7,direct_rx
0887,lapsed,early,missed,30,119,app,moderate,0.5,hcp
0888,on_track,long_term,on time,30,9,app,low,26.1,hcp
0889,lapsing,early,delayed,60,70,app,high,0.5,hcp
0890,on_track,stable,on time,60,40,none,low,6.7,hcp
0891,on_track,long_term,on time,60,38,none,moderate,14.8,transfer
0892,lapsed,stable,missed,30,58,app,moderate,9.9,direct_rx
0893,lapsing,early,delayed,30,44,app,moderate,2.4,direct_rx
0894,on_track,long_term,on time,90,46,phone,low,34.6,direct_rx
0895,on_track,stable,on time,30,19,app,low,3.1,direct_rx
0896,on_track,stable,on time,30,18,none,low,11.2,direct_rx
0897,on_track,stable,on time,30,24,phone,moderate,4.8,direct_rx
0898,on_track,stable,on time,30,16,app,moderate,5.9,hcp
0899,lapsing,early,delayed,90,133,app,moderate,2.0,hcp
0900,on_track,long_term,on time,90,31,none,low,28.6,transfer
0901,lapsed,early,missed,30,59,phone,high,2.1,direct_rx
0902,on_track,long_term,on time,90,0,none,low,26.0,hcp
0903,on_track,stable,on time,90,45,app,moderate,10.4,transfer
0904,on_track,stable,on time,30,8,none,moderate,9.3,direct_rx
0905,lapsing,early,delayed,30,44,phone,moderate,1.4,direct_rx
0906,on_track,long_term,on time,30,15,phone,low,20.8,transfer
0907,on_track,stable,on time,60,35,app,low,7.5,direct_rx
0908,on_track,stable,on time,90,6,phone,low,9.9,direct_rx
0909,on_track,stable,on time,30,17,phone,moderate,11.8,direct_rx
0910,lapsing,early,delayed,90,119,none,high,1.3,transfer
0911,lapsing,early,delayed,30,35,app,moderate,2.7,direct_rx
0912,lapsed,stable,missed,30,100,app,high,6.9,direct_rx
0913,on_track,long_term,on time,60,37,none,moderate,31.5,hcp
0914,lapsed,early,missed,90,188,app,high,2.6,direct_rx
0915,on_track,long_term,on time,30,23,app,low,17.4,hcp
0916,on_track,stable,on time,30,20,app,moderate,7.2,direct_rx
0917,lapsed,early,missed,30,80,app,moderate,2.2,transfer
0918,lapsed,early,missed,30,61,phone,high,0.9,hcp
0919,on_track,long_term,on time,90,32,app,low,20.4,hcp
0920,on_track,stable,on time,30,1,app,moderate,10.8,hcp
0921,on_track,stable,on time,60,35,phone,low,7.9,direct_rx
0922,on_track,stable,on time,30,0,app,moderate,5.3,direct_rx
0923,on_track,stable,on time,60,8,phone,low,9.3,direct_rx
0924,lapsing,early,delayed,30,33,phone,moderate,1.0,direct_rx
0925,on_track,stable,on time,30,17,app,moderate,5.1,direct_rx
0926,on_track,stable,on time,30,15,app,low,10.0,direct_rx
0927,lapsing,long_term,delayed,30,38,app,moderate,35.7,direct_rx
0928,on_track,stable,on time,30,15,app,moderate,5.1,transfer
0929,lapsing,early,delayed,90,108,phone,high,1.7,direct_rx
0930,on_track,stable,on time,30,24,app,moderate,10.6,hcp
0931,lapsing,early,delayed,30,42,app,high,1.6,direct_rx
0932,on_track,early,on time,60,28,app,moderate,2.3,hcp
0933,lapsed,stable,missed,30,54,phone,high,7.3,direct_rx
0934,lapsing,early,delayed,60,61,app,high,1.0,transfer
0935,lapsing,early,delayed,30,36,app,moderate,0.6,direct_rx
0936,on_track,early,on time,90,62,app,moderate,1.4,hcp
0937,on_track,early,on time,90,15,none,low,2.7,direct_rx
0938,on_track,long_term,on time,90,39,app,low,26.1,transfer
0939,on_track,long_term,on time,60,16,app,low,23.8,hcp
0940,on_track,stable,on time,30,20,none,low,7.8,hcp
0941,on_track,stable,on time,30,19,app,low,11.6,hcp
0942,on_track,stable,on time,90,8,app,moderate,11.9,direct_rx
0943,on_track,stable,on time,30,14,app,low,12.0,direct_rx
0944,on_track,stable,on time,60,10,app,low,7.2,direct_rx
0945,lapsing,early,delayed,30,34,phone,high,0.5,direct_rx
0946,lapsing,early,delayed,30,31,phone,moderate,1.4,direct_rx
0947,lapsed,long_term,missed,30,117,phone,high,24.3,transfer
0948,lapsed,early,missed,90,357,app,moderate,0.0,hcp
0949,on_track,stable,on time,30,16,phone,moderate,5.7,hcp
0950,on_track,early,on time,30,21,none,low,2.2,direct_rx
0951,on_track,long_term,on time,30,5,phone,moderate,34.6,direct_rx
0952,on_track,long_term,on time,30,6,app,moderate,33.4,direct_rx
0953,on_track,stable,on time,30,0,app,moderate,8.4,hcp
0954,lapsing,stable,delayed,30,38,app,moderate,11.0,direct_rx
0955,on_track,stable,on time,30,2,app,moderate,10.5,direct_rx
0956,on_track,stable,on time,30,5,phone,moderate,10.8,direct_rx
0957,on_track,long_term,on time,30,1,app,low,30.9,direct_rx
0958,on_track,stable,on time,30,3,app,moderate,9.3,direct_rx
0959,lapsed,early,missed,60,213,none,moderate,1.7,hcp
0960,on_track,stable,on time,90,13,phone,low,8.8,direct_rx
0961,on_track,long_term,on time,60,6,app,moderate,19.2,hcp
0962,on_track,long_term,on time,30,2,app,moderate,35.3,direct_rx
0963,on_track,stable,on time,30,6,none,moderate,11.4,transfer
0964,on_track,early,on time,30,1,none,low,2.5,direct_rx
0965,on_track,long_term,on time,30,19,app,low,19.5,hcp
0966,lapsing,stable,delayed,30,47,app,high,8.0,direct_rx
0967,lapsing,stable,delayed,30,33,app,moderate,11.2,direct_rx
0968,on_track,stable,on time,30,23,phone,moderate,4.0,transfer
0969,on_track,long_term,on time,30,7,phone,low,28.3,hcp
0970,on_track,early,on time,60,35,app,moderate,1.2,direct_rx
0971,on_track,long_term,on time,30,17,none,low,21.7,direct_rx
0972,on_track,stable,on time,30,17,phone,moderate,8.0,transfer
0973,on_track,long_term,on time,30,10,app,low,13.0,direct_rx
0974,lapsing,long_term,delayed,30,35,none,moderate,21.4,direct_rx
0975,lapsed,early,missed,30,107,phone,moderate,0.6,direct_rx
0976,on_track,stable,on time,90,63,app,low,7.7,transfer
0977,lapsing,early,delayed,60,69,app,moderate,0.7,direct_rx
0978,on_track,long_term,on time,30,19,app,low,28.2,hcp
0979,on_track,long_term,on time,30,21,app,low,25.9,direct_rx
0980,on_track,stable,on time,60,14,app,moderate,3.3,direct_rx
0981,on_track,long_term,on time,30,16,app,low,16.8,hcp
0982,on_track,long_term,on time,60,48,app,low,12.5,hcp
0983,lapsed,stable,missed,60,146,app,high,10.6,direct_rx
0984,on_track,early,on time,30,12,app,low,2.1,transfer
0985,on_track,stable,on time,30,17,app,moderate,5.6,hcp
0986,lapsing,early,delayed,30,46,none,moderate,0.9,direct_rx
0987,on_track,long_term,on time,90,42,app,low,31.8,hcp
0988,lapsed,early,missed,30,81,phone,high,0.6,hcp
0989,lapsing,early,delayed,30,30,app,high,2.3,hcp
0990,on_track,stable,on time,30,10,phone,low,10.1,direct_rx
0991,on_track,stable,on time,60,44,phone,low,7.5,direct_rx
0992,lapsing,long_term,delayed,30,41,none,moderate,13.0,hcp
0993,lapsing,long_term,delayed,90,142,phone,high,31.1,direct_rx
0994,lapsed,early,missed,30,62,app,high,2.4,hcp
0995,on_track,long_term,on time,30,19,app,low,35.9,direct_rx
0996,on_track,long_term,on time,30,3,phone,moderate,34.3,direct_rx
0997,on_track,stable,on time,90,7,app,low,10.7,direct_rx
0998,on_track,stable,on time,30,13,app,low,4.3,hcp
0999,lapsed,early,missed,30,72,app,moderate,2.6,hcp
1000,on_track,long_term,on time,30,15,phone,low,20.5,direct_rx
1001,lapsed,early,missed,90,226,phone,high,2.4,transfer
1002,on_track,long_term,on time,60,36,none,low,30.3,hcp
1003,on_track,stable,on time,30,18,app,low,5.4,hcp
1004,lapsing,early,delayed,90,139,app,moderate,2.2,hcp
1005,on_track,early,on time,30,9,phone,low,0.5,hcp
1006,lapsing,early,delayed,90,113,app,moderate,0.1,direct_rx
1007,on_track,stable,on time,30,10,phone,moderate,6.4,hcp
1008,lapsing,early,delayed,30,30,phone,moderate,1.2,hcp
1009,on_track,stable,on time,60,42,phone,low,8.3,hcp
1010,lapsing,stable,delayed,30,36,app,moderate,6.6,direct_rx
1011,on_track,early,on time,60,32,app,moderate,0.7,direct_rx
1012,on_track,long_term,on time,30,14,none,low,28.3,hcp
1013,on_track,stable,on time,30,10,app,moderate,7.3,hcp
1014,lapsed,stable,missed,30,97,app,high,5.0,transfer
1015,on_track,stable,on time,30,0,phone,moderate,6.5,hcp
1016,on_track,stable,on time,30,19,phone,low,6.9,hcp
1017,on_track,long_term,on time,30,9,app,low,28.4,hcp
1018,on_track,long_term,on time,30,17,app,low,15.8,hcp
1019,lapsing,stable,delayed,90,110,app,moderate,10.0,direct_rx
1020,lapsed,stable,missed,30,93,phone,moderate,8.6,direct_rx
1021,lapsed,long_term,missed,30,110,none,high,28.4,transfer
1022,on_track,stable,on time,90,20,phone,low,9.8,direct_rx
1023,on_track,stable,on time,90,41,phone,low,8.4,direct_rx
1024,lapsing,early,delayed,90,130,app,moderate,0.4,hcp
1025,on_track,early,on time,30,7,phone,low,0.3,direct_rx
1026,lapsing,long_term,delayed,30,33,phone,moderate,27.9,direct_rx
1027,on_track,stable,on time,30,19,phone,low,11.6,direct_rx
1028,lapsing,stable,delayed,60,86,phone,moderate,9.1,direct_rx
1029,lapsing,early,delayed,90,97,none,high,3.0,direct_rx
1030,on_track,long_term,on time,30,5,app,low,25.7,hcp
1031,on_track,long_term,on time,60,2,none,low,18.1,hcp
1032,on_track,stable,on time,30,13,phone,moderate,6.4,direct_rx
1033,lapsing,early,delayed,30,42,phone,moderate,2.2,direct_rx
1034,on_track,stable,on time,30,0,app,low,9.5,hcp
1035,lapsing,early,delayed,30,36,phone,moderate,1.9,direct_rx
1036,on_track,long_term,on time,30,10,app,moderate,21.8,direct_rx
1037,lapsing,early,delayed,30,39,app,moderate,0.1,direct_rx
1038,on_track,long_term,on time,60,14,phone,moderate,30.2,hcp
1039,on_track,stable,on time,30,1,none,low,5.1,hcp
1040,on_track,long_term,on time,90,62,phone,moderate,29.7,hcp
1041,lapsed,early,missed,60,158,app,moderate,2.0,direct_rx
1042,lapsed,early,missed,30,65,app,moderate,2.9,direct_rx
1043,on_track,stable,on time,60,22,app,low,10.0,direct_rx
1044,lapsing,stable,delayed,30,33,app,high,9.7,hcp
1045,lapsing,stable,delayed,30,40,none,high,9.8,direct_rx
1046,lapsed,long_term,missed,30,115,none,high,29.0,transfer
1047,on_track,long_term,on time,60,39,none,moderate,15.0,hcp
1048,on_track,stable,on time,30,1,none,moderate,4.1,direct_rx
1049,lapsed,early,missed,90,179,phone,high,1.1,direct_rx
1050,lapsing,stable,delayed,30,32,app,high,4.6,hcp
1051,on_track,long_term,on time,90,41,none,low,18.8,direct_rx
1052,lapsed,early,missed,30,58,app,high,0.6,direct_rx
1053,on_track,long_term,on time,60,36,app,moderate,14.8,direct_rx
1054,on_track,long_term,on time,30,6,app,low,34.1,direct_rx
1055,on_track,stable,on time,60,25,none,low,8.4,direct_rx
1056,on_track,stable,on time,30,22,phone,low,3.2,hcp
1057,lapsing,early,delayed,30,45,phone,moderate,1.4,direct_rx
1058,on_track,stable,on time,60,34,phone,low,9.6,direct_rx
1059,on_track,stable,on time,30,16,phone,low,7.1,direct_rx
1060,lapsing,long_term,delayed,90,141,app,moderate,27.9,direct_rx
1061,on_track,stable,on time,30,11,app,low,8.4,direct_rx
1062,on_track,early,on time,60,34,app,moderate,1.1,transfer
1063,on_track,early,on time,30,3,none,low,1.0,hcp
1064,on_track,stable,on time,90,11,app,low,12.0,direct_rx
1065,lapsing,early,delayed,30,34,phone,moderate,0.1,direct_rx
1066,on_track,stable,on time,90,52,phone,moderate,10.9,hcp
1067,on_track,early,on time,60,26,phone,moderate,1.7,hcp
1068,on_track,stable,on time,30,14,phone,moderate,10.7,hcp
1069,lapsing,stable,delayed,30,38,app,moderate,4.9,direct_rx
1070,on_track,stable,on time,60,17,phone,low,11.1,transfer
1071,on_track,stable,on time,60,2,app,low,11.8,direct_rx
1072,on_track,long_term,on time,30,3,app,low,12.1,direct_rx
1073,on_track,stable,on time,60,3,app,low,9.5,direct_rx
1074,on_track,stable,on time,60,32,app,low,9.8,direct_rx
1075,on_track,stable,on time,30,12,app,moderate,10.3,hcp
1076,lapsed,early,missed,30,54,app,moderate,2.8,transfer
1077,on_track,long_term,on time,30,6,phone,moderate,15.6,direct_rx
1078,lapsed,stable,missed,30,82,app,moderate,7.1,direct_rx
1079,lapsing,early,delayed,90,106,none,moderate,0.6,direct_rx
1080,lapsed,long_term,missed,90,171,app,moderate,27.0,hcp
1081,lapsing,stable,delayed,30,45,app,moderate,11.4,transfer
1082,on_track,early,on time,30,18,app,moderate,1.0,direct_rx
1083,lapsed,early,missed,60,206,app,moderate,0.2,direct_rx
1084,on_track,stable,on time,60,41,none,moderate,5.8,direct_rx
1085,lapsed,early,missed,30,109,app,high,1.6,direct_rx
1086,on_track,long_term,on time,90,5,app,moderate,23.7,direct_rx
1087,on_track,stable,on time,90,60,phone,low,7.8,direct_rx
1088,lapsing,stable,delayed,30,31,app,high,11.7,direct_rx
1089,on_track,stable,on time,30,23,app,low,5.3,hcp
1090,lapsing,early,delayed,30,37,app,moderate,1.5,hcp
1091,lapsing,stable,delayed,90,104,none,moderate,9.9,direct_rx
1092,lapsing,early,delayed,30,31,none,moderate,1.3,direct_rx
1093,on_track,stable,on time,30,6,phone,low,6.8,direct_rx
1094,on_track,stable,on time,30,12,phone,moderate,5.3,direct_rx
1095,on_track,long_term,on time,90,49,none,low,31.6,direct_rx
1096,lapsing,early,delayed,30,47,phone,moderate,0.1,direct_rx
1097,on_track,stable,on time,60,43,phone,moderate,10.8,direct_rx
1098,on_track,long_term,on time,30,2,app,low,24.1,hcp
1099,on_track,stable,on time,90,38,none,low,11.2,transfer
1100,on_track,long_term,on time,30,19,phone,moderate,24.7,direct_rx
1101,on_track,long_term,on time,60,25,app,low,12.1,direct_rx
1102,on_track,stable,on time,30,21,none,low,9.9,direct_rx
1103,on_track,early,on time,30,0,none,low,1.6,direct_rx
1104,on_track,long_term,on time,30,0,app,low,13.6,direct_rx
1105,lapsing,stable,delayed,30,37,app,high,7.5,direct_rx
1106,on_track,long_term,on time,30,18,phone,low,32.5,direct_rx
1107,on_track,long_term,on time,30,22,app,moderate,18.5,transfer
1108,on_track,long_term,on time,30,6,phone,low,26.4,hcp
1109,on_track,long_term,on time,30,3,phone,moderate,18.3,direct_rx
1110,on_track,stable,on time,60,14,app,low,7.5,direct_rx
1111,on_track,early,on time,30,11,app,low,2.4,transfer
1112,lapsed,stable,missed,30,53,phone,high,6.4,direct_rx
1113,on_track,stable,on time,30,5,app,low,4.5,direct_rx
1114,lapsing,early,delayed,60,87,phone,moderate,1.1,direct_rx
1115,lapsing,stable,delayed,90,110,app,high,5.9,transfer
1116,lapsing,early,delayed,90,134,app,moderate,2.9,direct_rx
1117,lapsing,early,delayed,30,34,app,high,1.4,transfer
1118,on_track,early,on time,30,9,app,moderate,0.5,hcp
1119,on_track,stable,on time,30,7,app,low,8.7,direct_rx
1120,lapsed,early,missed,90,358,phone,high,1.0,direct_rx
1121,lapsed,stable,missed,30,68,app,moderate,7.2,transfer
1122,on_track,stable,on time,60,39,app,moderate,11.5,direct_rx
1123,on_track,long_term,on time,30,1,app,low,34.8,direct_rx
1124,on_track,stable,on time,30,22,app,low,8.8,hcp
1125,on_track,early,on time,90,70,app,moderate,0.8,hcp
1126,on_track,stable,on time,90,55,phone,low,4.5,direct_rx
1127,lapsing,long_term,delayed,30,42,phone,moderate,20.8,hcp
1128,on_track,stable,on time,30,12,app,low,7.5,transfer
1129,on_track,stable,on time,30,1,phone,moderate,11.2,direct_rx
1130,on_track,long_term,on time,90,8,app,moderate,12.2,direct_rx
1131,lapsed,early,missed,30,106,phone,high,2.8,direct_rx
1132,lapsing,early,delayed,90,101,none,moderate,0.5,direct_rx
1133,on_track,stable,on time,90,50,app,low,7.1,direct_rx
1134,lapsing,early,delayed,90,107,phone,moderate,0.6,direct_rx
1135,on_track,stable,on time,30,2,phone,low,4.1,direct_rx
1136,on_track,stable,on time,30,24,app,low,7.8,direct_rx
1137,on_track,long_term,on time,60,40,none,low,35.9,direct_rx
1138,on_track,long_term,on time,30,7,none,moderate,16.6,transfer
1139,lapsing,early,delayed,30,33,phone,moderate,2.5,direct_rx
1140,on_track,stable,on time,30,21,phone,moderate,11.1,direct_rx
1141,lapsing,early,delayed,90,111,phone,high,0.8,direct_rx
1142,on_track,long_term,on time,30,7,none,low,16.1,hcp
1143,lapsed,long_term,missed,30,91,none,high,20.0,hcp
1144,on_track,stable,on time,30,23,app,low,11.8,direct_rx
1145,on_track,early,on time,30,14,phone,moderate,1.4,hcp
1146,lapsed,early,missed,60,208,phone,high,2.1,hcp
1147,lapsing,early,delayed,30,34,app,moderate,2.9,direct_rx
1148,on_track,long_term,on time,30,11,app,low,23.4,hcp
1149,on_track,stable,on time,30,10,app,low,4.6,direct_rx
1150,lapsed,long_term,missed,30,101,phone,moderate,33.0,direct_rx
1151,lapsed,early,missed,30,69,app,high,0.2,transfer
1152,on_track,stable,on time,30,20,none,low,11.3,direct_rx
1153,on_track,long_term,on time,30,13,phone,low,22.9,transfer
1154,lapsed,early,missed,30,73,phone,moderate,3.0,hcp
1155,lapsing,stable,delayed,30,32,none,moderate,8.0,direct_rx
1156,lapsed,stable,missed,30,67,phone,high,8.4,direct_rx
1157,lapsing,early,delayed,30,30,app,moderate,0.9,direct_rx
1158,on_track,stable,on time,30,5,phone,moderate,6.5,transfer
1159,on_track,long_term,on time,30,16,app,low,26.5,direct_rx
1160,on_track,stable,on time,30,6,app,low,6.5,direct_rx
1161,lapsing,long_term,delayed,90,140,phone,moderate,12.5,direct_rx
1162,on_track,long_term,on time,60,9,phone,low,31.8,direct_rx
1163,on_track,stable,on time,90,39,phone,low,7.3,hcp
1164,on_track,long_term,on time,60,22,phone,low,29.9,direct_rx
1165,on_track,long_term,on time,60,40,phone,moderate,25.2,hcp
1166,on_track,stable,on time,30,7,none,low,6.2,direct_rx
1167,on_track,long_term,on time,60,5,app,low,30.3,direct_rx
1168,lapsing,stable,delayed,30,42,phone,moderate,10.4,direct_rx
1169,lapsing,early,delayed,30,38,none,moderate,2.0,hcp
1170,on_track,stable,on time,60,44,app,moderate,9.0,transfer
1171,lapsed,early,missed,60,104,app,moderate,1.2,direct_rx
1172,lapsing,stable,delayed,30,40,app,moderate,9.5,hcp
1173,lapsing,early,delayed,30,34,phone,moderate,1.7,direct_rx
1174,lapsing,early,delayed,30,45,none,high,1.6,direct_rx
1175,on_track,stable,on time,30,24,phone,moderate,9.4,direct_rx
1176,on_track,stable,on time,30,18,phone,low,7.9,direct_rx
1177,lapsed,early,missed,60,191,app,high,0.1,direct_rx
1178,on_track,early,on time,30,8,phone,low,1.5,hcp
1179,lapsed,long_term,missed,30,93,app,high,16.2,hcp
1180,on_track,stable,on time,90,56,none,moderate,9.6,direct_rx
1181,lapsing,long_term,delayed,30,41,app,high,21.1,direct_rx
1182,on_track,long_term,on time,90,7,none,low,14.7,direct_rx
1183,on_track,long_term,on time,30,14,app,low,25.5,direct_rx
1184,lapsed,early,missed,60,113,phone,moderate,2.2,hcp
1185,on_track,stable,on time,60,46,phone,low,5.3,direct_rx
1186,lapsing,early,delayed,90,139,none,moderate,0.0,direct_rx
1187,on_track,stable,on time,30,19,app,moderate,10.9,direct_rx
1188,on_track,stable,on time,30,16,phone,low,6.9,direct_rx
1189,on_track,long_term,on time,30,20,app,moderate,19.6,direct_rx
1190,on_track,early,on time,90,40,none,moderate,1.5,transfer
1191,lapsing,early,delayed,30,31,app,moderate,2.1,direct_rx
1192,on_track,long_term,on time,30,13,none,moderate,13.4,hcp
1193,on_track,stable,on time,90,61,phone,low,7.3,transfer
1194,lapsing,early,delayed,30,42,phone,moderate,2.8,direct_rx
1195,on_track,stable,on time,60,26,none,low,11.6,direct_rx
1196,on_track,stable,on time,30,15,app,moderate,11.8,direct_rx
1197,lapsing,early,delayed,90,100,none,high,2.1,transfer
1198,on_track,long_term,on time,30,19,app,low,24.8,direct_rx
1199,on_track,early,on time,30,13,phone,low,3.0,hcp
1200,lapsed,early,missed,90,302,none,high,0.2,direct_rx
1201,lapsing,early,delayed,30,31,app,high,1.1,direct_rx
1202,lapsed,stable,missed,30,83,none,high,10.8,direct_rx
1203,on_track,stable,on time,30,4,phone,low,10.3,direct_rx
1204,lapsed,stable,missed,90,225,phone,moderate,6.0,hcp
1205,on_track,long_term,on time,60,35,none,moderate,18.3,direct_rx
1206,on_track,long_term,on time,60,1,app,moderate,20.7,direct_rx
1207,lapsing,long_term,delayed,30,40,phone,high,31.2,direct_rx
1208,on_track,long_term,on time,30,11,phone,moderate,19.4,direct_rx
1209,on_track,long_term,on time,60,8,app,moderate,13.3,direct_rx
1210,on_track,stable,on time,30,1,app,low,3.1,transfer
1211,on_track,stable,on time,90,52,phone,low,8.4,hcp
1212,on_track,stable,on time,30,20,app,low,7.5,hcp
1213,on_track,stable,on time,30,3,app,moderate,11.7,direct_rx
1214,lapsed,early,missed,60,123,phone,high,1.0,hcp
1215,on_track,stable,on time,30,4,phone,low,5.1,direct_rx
1216,on_track,stable,on time,60,37,phone,low,8.9,transfer
1217,lapsed,stable,missed,30,108,app,high,6.3,transfer
1218,lapsed,early,missed,30,52,app,high,2.3,transfer
1219,on_track,long_term,on time,30,4,app,low,35.5,direct_rx
1220,lapsing,early,delayed,30,41,phone,moderate,0.0,hcp
1221,on_track,stable,on time,90,27,app,low,10.1,direct_rx
1222,on_track,stable,on time,30,18,app,moderate,11.7,hcp
1223,on_track,early,on time,90,19,app,moderate,2.8,hcp
1224,lapsing,stable,delayed,30,42,phone,high,9.4,hcp
1225,on_track,stable,on time,30,12,app,moderate,7.7,hcp
1226,on_track,long_term,on time,60,14,phone,moderate,16.4,direct_rx
1227,lapsing,early,delayed,90,118,phone,high,1.6,hcp
1228,lapsing,long_term,delayed,90,134,none,moderate,23.0,direct_rx
1229,on_track,long_term,on time,90,40,app,low,27.3,transfer
1230,lapsing,early,delayed,60,74,app,moderate,2.8,direct_rx
1231,on_track,stable,on time,30,10,app,low,8.4,hcp
1232,on_track,stable,on time,30,13,none,low,11.9,hcp
1233,on_track,stable,on time,30,5,app,moderate,4.9,hcp
1234,on_track,stable,on time,30,16,app,low,8.1,direct_rx
1235,lapsing,early,delayed,30,40,app,moderate,0.1,direct_rx
1236,on_track,long_term,on time,30,24,app,low,34.7,direct_rx
1237,on_track,stable,on time,30,16,phone,low,3.2,direct_rx
1238,lapsed,long_term,missed,90,156,phone,high,29.9,direct_rx
1239,lapsing,early,delayed,60,66,phone,moderate,2.8,direct_rx
1240,on_track,stable,on time,30,9,phone,moderate,8.1,direct_rx
1241,on_track,stable,on time,30,21,none,moderate,11.2,transfer
1242,lapsing,early,delayed,30,36,phone,moderate,2.6,transfer
1243,on_track,stable,on time,30,23,none,moderate,3.6,direct_rx
1244,on_track,stable,on time,90,43,app,moderate,9.2,hcp
1245,lapsing,early,delayed,30,32,phone,moderate,1.0,transfer
1246,lapsed,early,missed,90,157,app,high,2.6,direct_rx
1247,on_track,stable,on time,90,27,phone,low,4.1,direct_rx
1248,lapsing,early,delayed,30,42,phone,moderate,0.9,direct_rx
1249,on_track,stable,on time,90,23,none,moderate,4.4,hcp
1250,on_track,long_term,on time,60,32,none,low,13.3,direct_rx
1251,on_track,stable,on time,60,42,app,moderate,3.5,direct_rx
1252,on_track,stable,on time,30,18,phone,low,4.9,hcp
1253,lapsed,early,missed,60,102,none,high,0.2,direct_rx
1254,on_track,stable,on time,90,11,app,low,9.4,hcp
1255,lapsed,stable,missed,30,62,phone,moderate,10.5,direct_rx
1256,on_track,long_term,on time,60,9,phone,low,34.6,transfer
1257,on_track,early,on time,30,2,phone,low,1.8,hcp
1258,on_track,stable,on time,30,3,app,moderate,5.6,transfer
1259,on_track,early,on time,30,20,app,low,1.9,transfer
1260,on_track,long_term,on time,60,35,app,moderate,28.4,hcp
1261,lapsing,early,delayed,60,85,app,moderate,2.7,hcp
1262,lapsing,early,delayed,30,37,app,moderate,1.3,direct_rx
1263,on_track,stable,on time,30,14,app,low,9.5,transfer
1264,on_track,long_term,on time,30,11,phone,moderate,13.3,direct_rx
1265,on_track,stable,on time,30,21,app,moderate,11.3,direct_rx
1266,lapsing,stable,delayed,30,45,phone,high,10.2,hcp
1267,on_track,early,on time,30,4,app,low,2.6,transfer
1268,lapsing,long_term,delayed,30,34,phone,moderate,23.4,transfer
1269,lapsed,early,missed,60,233,phone,high,0.3,hcp
1270,lapsing,early,delayed,60,92,none,moderate,1.6,direct_rx
1271,on_track,long_term,on time,30,2,phone,low,13.1,direct_rx
1272,lapsed,early,missed,30,106,app,high,0.9,direct_rx
1273,on_track,stable,on time,30,17,none,low,7.4,hcp
1274,on_track,stable,on time,30,0,app,low,9.1,direct_rx
1275,on_track,stable,on time,30,6,none,moderate,7.1,hcp
1276,lapsed,early,missed,30,94,phone,high,2.5,hcp
1277,lapsed,early,missed,30,62,phone,high,2.9,direct_rx
1278,on_track,early,on time,90,61,phone,low,1.5,direct_rx
1279,on_track,stable,on time,90,14,phone,moderate,4.7,direct_rx
1280,lapsing,early,delayed,90,125,app,moderate,2.7,transfer
1281,lapsing,early,delayed,90,143,phone,moderate,0.7,direct_rx
1282,on_track,long_term,on time,30,1,app,low,35.8,hcp
1283,lapsed,early,missed,30,114,app,high,0.1,hcp
1284,on_track,long_term,on time,60,37,none,low,35.8,direct_rx
1285,lapsing,early,delayed,30,45,phone,high,2.2,direct_rx
1286,on_track,stable,on time,60,38,app,low,6.6,hcp
1287,on_track,stable,on time,30,6,app,low,4.8,direct_rx
1288,on_track,stable,on time,90,7,app,low,10.1,direct_rx
1289,lapsing,early,delayed,90,95,none,moderate,1.5,hcp
1290,on_track,stable,on time,90,20,app,low,5.9,hcp
1291,lapsing,stable,delayed,30,39,none,high,11.7,hcp
1292,on_track,stable,on time,30,10,app,low,8.3,direct_rx
1293,on_track,early,on time,30,7,app,low,2.8,transfer
1294,on_track,stable,on time,60,31,app,low,9.4,transfer
1295,on_track,long_term,on time,30,1,phone,low,15.3,transfer
1296,on_track,long_term,on time,30,21,none,moderate,16.7,direct_rx
1297,on_track,long_term,on time,30,24,phone,low,20.9,direct_rx
1298,lapsing,early,delayed,30,47,app,moderate,1.8,direct_rx
1299,lapsing,long_term,delayed,30,46,app,high,25.6,direct_rx
1300,on_track,long_term,on time,30,12,app,moderate,24.2,direct_rx
1301,on_track,long_term,on time,30,19,none,moderate,29.6,direct_rx
1302,on_track,stable,on time,60,7,none,low,3.4,transfer
1303,on_track,stable,on time,30,12,app,moderate,5.1,hcp
1304,lapsing,early,delayed,30,30,app,moderate,0.2,direct_rx
1305,on_track,long_term,on time,30,4,phone,low,31.8,transfer
1306,on_track,long_term,on time,30,12,none,low,14.7,direct_rx
1307,lapsing,early,delayed,30,45,app,moderate,0.1,direct_rx
1308,on_track,long_term,on time,30,8,app,moderate,12.9,hcp
1309,on_track,stable,on time,60,45,app,moderate,5.2,hcp
1310,on_track,early,on time,30,21,phone,low,2.8,hcp
1311,lapsing,early,delayed,30,34,phone,moderate,0.8,direct_rx
1312,on_track,stable,on time,30,1,phone,low,5.4,direct_rx
1313,on_track,long_term,on time,30,4,phone,moderate,34.3,direct_rx
1314,lapsed,early,missed,60,202,app,high,2.1,direct_rx
1315,lapsing,early,delayed,30,33,app,moderate,0.7,direct_rx
1316,on_track,long_term,on time,30,20,phone,low,16.4,transfer
1317,lapsing,early,delayed,30,30,phone,moderate,2.2,direct_rx
1318,lapsing,early,delayed,30,44,phone,moderate,2.8,hcp
1319,lapsed,early,missed,60,158,none,high,1.2,hcp
1320,lapsed,long_term,missed,60,181,app,high,22.0,direct_rx
1321,lapsing,stable,delayed,90,101,app,high,10.0,hcp
1322,lapsing,early,delayed,30,31,phone,moderate,1.0,direct_rx
1323,lapsing,early,delayed,60,77,phone,moderate,2.4,transfer
1324,on_track,stable,on time,60,5,none,low,11.4,hcp
1325,on_track,long_term,on time,60,12,phone,low,16.6,transfer
1326,on_track,long_term,on time,90,13,none,low,18.7,direct_rx
1327,lapsing,early,delayed,30,33,phone,moderate,0.7,direct_rx
1328,on_track,stable,on time,60,29,app,low,7.1,hcp
1329,on_track,stable,on time,30,20,app,moderate,6.9,direct_rx
1330,on_track,stable,on time,30,13,phone,low,9.9,direct_rx
1331,lapsing,early,delayed,60,61,none,high,2.2,transfer
1332,lapsing,long_term,delayed,30,38,none,moderate,19.9,direct_rx
1333,lapsing,long_term,delayed,30,34,phone,moderate,22.3,direct_rx
1334,on_track,stable,on time,90,21,app,low,5.1,direct_rx
1335,lapsing,early,delayed,30,34,app,moderate,1.3,hcp
1336,on_track,early,on time,30,4,app,moderate,2.6,direct_rx
1337,lapsing,stable,delayed,90,121,phone,high,8.8,transfer
1338,on_track,long_term,on time,30,18,none,moderate,17.2,hcp
1339,on_track,long_term,on time,90,31,none,moderate,21.3,direct_rx
1340,on_track,long_term,on time,30,19,phone,moderate,20.6,direct_rx
1341,on_track,stable,on time,30,23,phone,low,6.3,hcp
1342,on_track,stable,on time,90,36,app,low,9.7,direct_rx
1343,lapsed,long_term,missed,30,113,app,high,12.6,hcp
1344,lapsed,early,missed,90,340,app,high,1.8,direct_rx
1345,on_track,stable,on time,60,8,none,low,11.5,hcp
1346,on_track,long_term,on time,60,35,app,low,22.6,direct_rx
1347,lapsing,early,delayed,30,42,phone,high,0.9,hcp
1348,lapsing,stable,delayed,30,43,app,moderate,8.9,hcp
1349,lapsing,early,delayed,60,69,app,high,0.2,direct_rx
1350,lapsed,early,missed,30,86,app,moderate,2.2,hcp
1351,on_track,long_term,on time,90,60,phone,low,24.2,direct_rx
1352,lapsed,long_term,missed,30,51,app,high,22.6,direct_rx
1353,lapsing,early,delayed,30,35,app,moderate,2.2,hcp
1354,lapsing,long_term,delayed,30,39,phone,moderate,32.0,hcp
1355,lapsing,early,delayed,30,30,app,high,0.1,direct_rx
1356,on_track,stable,on time,90,8,phone,low,10.1,hcp
1357,on_track,long_term,on time,30,12,app,low,31.8,direct_rx
1358,lapsed,stable,missed,90,180,phone,moderate,12.0,hcp
1359,lapsing,early,delayed,30,33,app,moderate,2.4,hcp
1360,lapsing,stable,delayed,30,47,app,moderate,4.5,transfer
1361,lapsing,early,delayed,30,48,none,moderate,1.6,hcp
1362,on_track,stable,on time,90,24,app,low,6.6,direct_rx
1363,on_track,stable,on time,30,12,app,moderate,8.2,direct_rx
1364,on_track,stable,on time,60,21,none,low,8.4,direct_rx
1365,on_track,stable,on time,90,60,app,moderate,11.1,direct_rx
1366,lapsing,early,delayed,60,91,none,high,0.8,direct_rx
1367,on_track,long_term,on time,30,9,app,low,20.1,direct_rx
1368,on_track,stable,on time,30,13,phone,moderate,10.8,hcp
1369,on_track,long_term,on time,90,71,none,moderate,28.7,direct_rx
1370,lapsing,stable,delayed,30,48,app,moderate,11.5,hcp
1371,lapsed,early,missed,30,92,phone,high,2.8,direct_rx
1372,lapsing,early,delayed,30,48,phone,moderate,2.3,hcp
1373,on_track,long_term,on time,30,24,app,low,20.1,direct_rx
1374,on_track,stable,on time,30,17,phone,moderate,3.3,transfer
1375,on_track,stable,on time,30,12,phone,low,10.7,direct_rx
1376,lapsed,long_term,missed,30,108,app,high,26.8,direct_rx
1377,on_track,long_term,on time,60,44,app,moderate,15.0,direct_rx
1378,on_track,long_term,on time,90,65,app,moderate,35.0,direct_rx
1379,lapsing,early,delayed,30,36,phone,moderate,1.4,hcp
1380,lapsing,stable,delayed,30,40,none,high,10.0,transfer
1381,lapsed,stable,missed,30,63,app,high,3.9,hcp
1382,lapsing,stable,delayed,30,31,app,moderate,7.7,direct_rx
1383,on_track,long_term,on time,30,13,phone,low,23.7,direct_rx
1384,on_track,long_term,on time,90,46,app,low,14.2,transfer
1385,on_track,long_term,on time,90,17,none,low,23.4,direct_rx
1386,on_track,early,on time,30,17,phone,low,1.3,hcp
1387,on_track,stable,on time,90,19,phone,moderate,6.7,direct_rx
1388,on_track,stable,on time,30,14,phone,low,11.6,transfer
1389,lapsing,early,delayed,30,45,none,moderate,0.1,direct_rx
1390,lapsing,early,delayed,30,39,phone,high,1.3,direct_rx
1391,on_track,stable,on time,30,0,none,low,3.6,hcp
1392,lapsing,long_term,delayed,90,121,phone,moderate,20.7,hcp
1393,on_track,long_term,on time,30,11,app,low,15.4,hcp
1394,lapsing,long_term,delayed,30,36,app,high,26.3,direct_rx
1395,on_track,stable,on time,60,21,app,low,3.1,direct_rx
1396,on_track,stable,on time,30,6,app,low,9.8,direct_rx
1397,lapsing,early,delayed,90,106,app,moderate,3.0,direct_rx
1398,on_track,long_term,on time,60,37,phone,low,26.0,direct_rx
1399,on_track,early,on time,30,4,phone,moderate,0.3,direct_rx
1400,on_track,long_term,on time,30,23,none,moderate,32.9,direct_rx
1401,on_track,stable,on time,30,8,phone,moderate,8.4,direct_rx
1402,on_track,stable,on time,60,17,phone,moderate,8.4,hcp
1403,on_track,stable,on time,90,32,app,low,10.7,direct_rx
1404,lapsing,stable,delayed,30,39,app,moderate,6.8,direct_rx
1405,lapsing,early,delayed,30,47,phone,moderate,0.6,hcp
1406,lapsed,stable,missed,30,75,app,high,9.1,transfer
1407,lapsing,stable,delayed,60,86,app,moderate,6.2,direct_rx
1408,lapsed,long_term,missed,30,90,phone,moderate,28.1,hcp
1409,lapsing,stable,delayed,60,67,app,high,9.0,hcp
1410,on_track,long_term,on time,30,13,phone,low,28.2,hcp
1411,on_track,long_term,on time,30,0,phone,low,23.3,hcp
1412,on_track,stable,on time,90,61,phone,low,9.6,direct_rx
1413,lapsing,early,delayed,30,39,none,moderate,0.4,hcp
1414,on_track,stable,on time,30,22,app,low,5.7,direct_rx
1415,lapsing,early,delayed,90,122,app,moderate,2.6,transfer
1416,lapsing,early,delayed,30,44,app,moderate,2.9,hcp
1417,on_track,stable,on time,90,4,app,low,5.8,hcp
1418,on_track,stable,on time,30,0,phone,moderate,9.2,transfer
1419,lapsed,early,missed,30,54,app,high,0.8,direct_rx
1420,on_track,long_term,on time,60,28,app,moderate,12.7,direct_rx
1421,on_track,stable,on time,30,5,app,moderate,11.8,direct_rx
1422,on_track,stable,on time,30,23,app,low,10.7,transfer
1423,lapsing,stable,delayed,60,65,phone,high,10.9,direct_rx
1424,on_track,stable,on time,30,6,phone,moderate,8.6,hcp
1425,on_track,early,on time,60,8,none,low,0.6,direct_rx
1426,lapsing,early,delayed,30,47,none,moderate,1.9,transfer
1427,lapsing,stable,delayed,30,37,app,high,9.9,hcp
1428,on_track,early,on time,30,8,phone,low,0.5,hcp
1429,on_track,stable,on time,30,17,app,low,10.7,transfer
1430,on_track,stable,on time,90,17,app,low,4.9,hcp
1431,on_track,stable,on time,30,5,app,low,9.1,hcp
1432,on_track,stable,on time,30,21,phone,moderate,9.9,hcp
1433,on_track,long_term,on time,30,2,app,moderate,30.4,hcp
1434,on_track,stable,on time,30,8,phone,low,12.0,hcp
1435,lapsed,early,missed,60,209,phone,high,1.1,direct_rx
1436,on_track,early,on time,30,17,app,moderate,0.4,direct_rx
1437,lapsing,early,delayed,30,42,app,high,0.4,transfer
1438,on_track,long_term,on time,60,34,none,moderate,25.3,hcp
1439,lapsing,long_term,delayed,60,91,app,high,24.0,hcp
1440,on_track,early,on time,30,5,app,low,0.7,direct_rx
1441,on_track,stable,on time,30,4,app,low,11.7,transfer
1442,lapsed,early,missed,90,231,none,high,0.6,hcp
1443,on_track,long_term,on time,90,30,app,low,35.3,direct_rx
1444,on_track,stable,on time,60,28,phone,moderate,12.0,direct_rx
1445,lapsing,early,delayed,30,44,phone,moderate,1.2,direct_rx
1446,on_track,long_term,on time,30,15,none,low,17.2,hcp
1447,on_track,long_term,on time,90,58,app,low,25.9,direct_rx
1448,on_track,stable,on time,90,33,phone,low,10.9,direct_rx
1449,on_track,long_term,on time,60,42,phone,low,29.3,hcp
1450,on_track,stable,on time,30,3,phone,moderate,4.9,direct_rx
1451,on_track,long_term,on time,30,19,phone,low,26.6,direct_rx
1452,on_track,long_term,on time,90,38,phone,moderate,29.6,direct_rx
1453,lapsing,early,delayed,30,31,app,moderate,2.5,direct_rx
1454,on_track,long_term,on time,60,42,app,low,20.7,direct_rx
1455,on_track,long_term,on time,90,67,phone,low,19.8,direct_rx
1456,on_track,stable,on time,90,62,phone,low,9.4,direct_rx
1457,lapsing,long_term,delayed,30,38,app,moderate,16.5,direct_rx
1458,lapsing,long_term,delayed,60,85,app,moderate,15.1,direct_rx
1459,lapsed,early,missed,90,266,app,moderate,2.1,direct_rx
1460,lapsing,stable,delayed,30,38,app,high,9.0,hcp
1461,on_track,stable,on time,30,17,none,low,8.4,transfer
1462,on_track,stable,on time,30,9,phone,moderate,10.4,transfer
1463,on_track,stable,on time,30,6,app,low,3.8,direct_rx
1464,on_track,long_term,on time,30,19,app,low,33.0,direct_rx
1465,lapsed,stable,missed,30,80,phone,high,11.5,hcp
1466,on_track,stable,on time,90,17,none,low,9.8,transfer
1467,on_track,long_term,on time,90,7,app,low,20.9,direct_rx
1468,lapsing,stable,delayed,90,113,phone,moderate,9.4,hcp
1469,on_track,stable,on time,30,3,phone,moderate,8.2,hcp
1470,on_track,long_term,on time,30,14,app,moderate,22.5,transfer
1471,lapsed,stable,missed,30,62,none,high,6.9,direct_rx
1472,on_track,stable,on time,90,35,app,low,7.0,direct_rx
1473,on_track,stable,on time,90,46,app,low,5.8,direct_rx
1474,lapsing,long_term,delayed,30,31,none,moderate,15.0,direct_rx
1475,on_track,stable,on time,90,35,app,moderate,10.0,direct_rx
1476,on_track,stable,on time,30,4,app,low,6.5,hcp
1477,on_track,stable,on time,90,68,phone,low,5.4,direct_rx
1478,on_track,long_term,on time,30,13,app,low,14.8,direct_rx
1479,on_track,stable,on time,30,7,app,low,10.3,direct_rx
1480,lapsed,early,missed,90,339,phone,high,1.5,direct_rx
1481,lapsed,early,missed,60,188,phone,moderate,2.8,direct_rx
1482,on_track,long_term,on time,90,33,phone,low,35.1,direct_rx
1483,on_track,long_term,on time,30,16,phone,low,16.6,direct_rx
1484,on_track,stable,on time,30,13,phone,moderate,3.7,direct_rx
1485,on_track,early,on time,30,4,none,moderate,0.1,direct_rx
1486,on_track,stable,on time,30,15,app,low,9.9,direct_rx
1487,on_track,stable,on time,60,6,app,low,8.2,hcp
1488,on_track,long_term,on time,60,4,phone,low,31.1,direct_rx
1489,on_track,stable,on time,30,4,app,low,11.7,direct_rx
1490,on_track,stable,on time,30,13,app,low,8.3,hcp
1491,lapsed,early,missed,30,71,app,high,1.4,direct_rx
1492,on_track,stable,on time,30,19,app,low,3.8,hcp
1493,lapsing,early,delayed,30,42,phone,moderate,2.5,transfer
1494,on_track,long_term,on time,60,33,phone,low,22.9,direct_rx
1495,on_track,stable,on time,30,20,app,moderate,6.2,direct_rx
1496,on_track,long_term,on time,30,21,phone,moderate,24.9,direct_rx
1497,on_track,stable,on time,30,24,app,low,7.4,direct_rx
1498,on_track,stable,on time,90,66,app,low,11.8,direct_rx
1499,on_track,long_term,on time,60,19,phone,moderate,35.5,direct_rx
1500,on_track,stable,on time,60,39,app,low,7.5,direct_rx
1501,on_track,stable,on time,30,8,phone,moderate,5.8,direct_rx
1502,on_track,early,on time,60,9,app,low,2.6,transfer
1503,on_track,stable,on time,30,21,phone,moderate,10.1,direct_rx
1504,lapsing,early,delayed,30,48,phone,moderate,1.2,direct_rx
1505,lapsed,long_term,missed,30,91,app,high,35.7,direct_rx
1506,on_track,stable,on time,30,13,phone,low,6.0,direct_rx
1507,on_track,stable,on time,30,19,app,moderate,10.7,direct_rx
1508,lapsing,early,delayed,30,36,none,high,0.7,direct_rx
1509,on_track,long_term,on time,60,29,app,low,29.9,direct_rx
1510,on_track,stable,on time,90,49,app,low,11.1,transfer
1511,on_track,stable,on time,30,16,phone,moderate,11.6,direct_rx
1512,lapsing,long_term,delayed,90,127,none,moderate,29.7,hcp
1513,lapsing,early,delayed,90,134,app,high,2.5,hcp
1514,on_track,stable,on time,30,1,app,moderate,9.2,direct_rx
1515,on_track,stable,on time,30,19,phone,moderate,6.1,direct_rx
1516,on_track,stable,on time,90,68,phone,moderate,10.0,hcp
1517,lapsing,early,delayed,30,47,app,moderate,2.7,direct_rx
1518,on_track,stable,on time,30,0,none,moderate,11.6,direct_rx
1519,on_track,long_term,on time,30,15,none,low,31.0,direct_rx
1520,lapsed,early,missed,90,291,app,high,1.8,hcp
1521,lapsed,early,missed,30,95,none,high,0.2,direct_rx
1522,on_track,long_term,on time,90,39,phone,moderate,26.1,direct_rx
1523,on_track,long_term,on time,30,1,phone,low,28.1,direct_rx
1524,lapsed,early,missed,30,62,none,high,1.3,direct_rx
1525,on_track,long_term,on time,90,12,phone,low,17.3,hcp
1526,on_track,long_term,on time,60,24,phone,low,23.3,hcp
1527,on_track,stable,on time,30,18,none,low,9.6,direct_rx
1528,on_track,stable,on time,30,5,none,low,11.5,direct_rx
1529,lapsing,early,delayed,30,39,phone,high,0.7,direct_rx
1530,on_track,long_term,on time,30,8,app,low,22.1,hcp
1531,lapsed,early,missed,30,106,app,high,0.4,transfer
1532,on_track,long_term,on time,30,19,app,moderate,29.1,direct_rx
1533,on_track,stable,on time,60,15,phone,low,6.4,hcp
1534,on_track,stable,on time,30,13,phone,low,9.2,direct_rx
1535,on_track,long_term,on time,30,2,app,low,19.6,direct_rx
1536,lapsed,long_term,missed,30,59,phone,moderate,20.9,direct_rx
1537,on_track,stable,on time,30,17,phone,moderate,3.8,hcp
1538,on_track,long_term,on time,30,8,phone,low,14.7,hcp
1539,on_track,stable,on time,30,8,phone,low,9.5,direct_rx
1540,on_track,early,on time,60,7,app,low,1.0,hcp
1541,on_track,long_term,on time,60,12,phone,low,31.8,direct_rx
1542,lapsing,early,delayed,30,43,app,moderate,1.5,direct_rx
1543,lapsing,early,delayed,90,94,none,moderate,2.5,transfer
1544,lapsed,long_term,missed,90,154,app,moderate,19.1,direct_rx
1545,on_track,early,on time,30,21,app,low,1.4,direct_rx
1546,lapsing,long_term,delayed,90,133,app,moderate,15.6,hcp
1547,on_track,early,on time,30,9,phone,moderate,1.3,direct_rx
1548,on_track,long_term,on time,60,22,app,low,16.3,hcp
1549,on_track,early,on time,30,5,app,moderate,1.7,hcp
1550,on_track,stable,on time,60,13,app,low,10.2,direct_rx
1551,lapsed,early,missed,60,236,app,moderate,0.9,hcp
1552,lapsing,early,delayed,30,32,none,moderate,0.2,direct_rx
1553,lapsed,early,missed,30,92,app,high,2.9,direct_rx
1554,on_track,early,on time,60,14,app,low,2.2,direct_rx
1555,on_track,stable,on time,30,3,phone,low,4.8,hcp
1556,lapsed,early,missed,90,286,app,high,1.6,hcp
1557,on_track,stable,on time,30,4,phone,low,5.1,transfer
1558,on_track,stable,on time,30,19,phone,low,6.3,direct_rx
1559,on_track,stable,on time,30,0,app,low,11.9,direct_rx
1560,on_track,stable,on time,30,15,none,low,3.3,hcp
1561,lapsing,stable,delayed,90,130,none,moderate,6.6,transfer
1562,on_track,stable,on time,30,3,app,low,6.5,hcp
1563,on_track,long_term,on time,90,57,app,low,27.2,direct_rx
1564,lapsed,long_term,missed,30,56,app,high,33.9,direct_rx
1565,on_track,stable,on time,30,18,phone,low,7.0,direct_rx
1566,on_track,stable,on time,90,72,phone,low,6.0,hcp
1567,on_track,stable,on time,30,2,app,moderate,5.7,direct_rx
1568,on_track,stable,on time,30,24,phone,low,11.1,direct_rx
1569,lapsed,stable,missed,90,259,phone,high,4.0,direct_rx
1570,on_track,early,on time,30,12,app,moderate,1.9,direct_rx
1571,on_track,stable,on time,30,20,app,low,8.6,direct_rx
1572,on_track,long_term,on time,90,38,phone,low,31.0,direct_rx
1573,on_track,long_term,on time,30,15,app,moderate,16.4,direct_rx
1574,on_track,stable,on time,30,23,phone,moderate,9.8,hcp
1575,on_track,long_term,on time,90,47,none,low,31.1,direct_rx
1576,on_track,early,on time,30,23,phone,low,0.7,hcp
1577,on_track,stable,on time,30,7,phone,moderate,6.1,direct_rx
1578,lapsed,early,missed,60,102,phone,moderate,1.3,direct_rx
1579,on_track,long_term,on time,30,13,app,moderate,21.0,hcp
1580,lapsing,early,delayed,30,42,app,moderate,1.8,direct_rx
1581,on_track,long_term,on time,60,21,app,moderate,30.0,direct_rx
1582,on_track,long_term,on time,30,4,none,low,19.7,transfer
1583,on_track,early,on time,30,18,app,low,2.9,transfer
1584,on_track,stable,on time,30,18,phone,low,4.7,direct_rx
1585,on_track,long_term,on time,30,6,none,low,18.5,direct_rx
1586,on_track,stable,on time,90,12,phone,moderate,4.8,direct_rx
1587,lapsing,early,delayed,60,63,none,moderate,1.6,direct_rx
1588,on_track,long_term,on time,60,46,app,low,17.1,hcp
1589,on_track,long_term,on time,90,34,phone,moderate,14.3,hcp
1590,on_track,stable,on time,60,29,app,low,7.4,hcp
1591,on_track,early,on time,90,31,none,moderate,2.6,hcp
1592,lapsed,stable,missed,60,203,none,high,5.4,hcp
1593,on_track,stable,on time,60,38,app,low,5.9,hcp
1594,on_track,long_term,on time,30,12,none,low,25.5,direct_rx
1595,on_track,stable,on time,30,19,app,low,9.6,direct_rx
1596,on_track,early,on time,60,29,phone,moderate,2.8,direct_rx
1597,lapsing,early,delayed,60,74,app,moderate,1.6,hcp
1598,on_track,long_term,on time,60,43,none,moderate,30.6,hcp
1599,on_track,stable,on time,30,16,none,moderate,5.8,direct_rx
1600,on_track,stable,on time,30,20,phone,moderate,6.9,direct_rx
1601,on_track,stable,on time,60,44,app,low,7.1,direct_rx
1602,on_track,stable,on time,30,7,app,low,6.7,hcp
1603,on_track,long_term,on time,30,8,phone,low,15.7,direct_rx
1604,on_track,long_term,on time,90,13,app,moderate,17.2,direct_rx
1605,on_track,stable,on time,90,53,app,low,10.5,direct_rx
1606,lapsing,stable,delayed,60,83,phone,moderate,11.4,direct_rx
1607,lapsed,stable,missed,30,55,app,high,8.0,hcp
1608,on_track,early,on time,30,17,app,moderate,2.0,hcp
1609,lapsing,early,delayed,60,83,phone,high,1.5,transfer
1610,on_track,long_term,on time,30,7,none,low,13.5,direct_rx
1611,on_track,stable,on time,90,17,none,moderate,4.6,transfer
1612,on_track,stable,on time,30,6,app,moderate,7.6,direct_rx
1613,lapsing,early,delayed,90,111,phone,high,2.5,hcp
1614,lapsing,early,delayed,30,31,none,moderate,2.4,hcp
1615,on_track,stable,on time,30,7,app,low,5.3,hcp
1616,on_track,long_term,on time,30,13,phone,moderate,32.8,direct_rx
1617,lapsing,early,delayed,30,40,app,moderate,0.1,direct_rx
1618,on_track,stable,on time,30,7,none,low,5.9,hcp
1619,on_track,early,on time,90,17,phone,moderate,0.9,transfer
1620,on_track,stable,on time,30,20,app,low,5.6,direct_rx
1621,lapsing,stable,delayed,90,111,phone,moderate,8.7,hcp
1622,lapsing,early,delayed,30,37,app,moderate,2.2,direct_rx
1623,lapsed,stable,missed,30,88,app,high,10.0,direct_rx
1624,on_track,long_term,on time,30,11,app,moderate,33.1,hcp
1625,on_track,long_term,on time,30,12,none,low,17.1,direct_rx
1626,on_track,stable,on time,30,15,app,low,4.9,direct_rx
1627,on_track,long_term,on time,60,18,phone,low,23.5,direct_rx
1628,on_track,stable,on time,90,48,app,low,5.7,direct_rx
1629,on_track,early,on time,30,2,app,low,1.9,hcp
1630,lapsed,early,missed,30,111,phone,high,0.8,direct_rx
1631,on_track,long_term,on time,30,6,app,low,34.5,transfer
1632,lapsed,early,missed,30,108,app,moderate,0.8,hcp
1633,on_track,stable,on time,90,20,phone,moderate,11.6,direct_rx
1634,on_track,stable,on time,30,21,app,low,11.6,direct_rx
1635,lapsed,early,missed,60,166,none,high,2.2,direct_rx
1636,on_track,stable,on time,60,30,phone,low,4.3,transfer
1637,on_track,stable,on time,30,1,phone,low,5.0,direct_rx
1638,lapsing,stable,delayed,90,120,phone,moderate,9.6,direct_rx
1639,lapsing,early,delayed,60,76,phone,moderate,1.2,direct_rx
1640,on_track,early,on time,30,12,app,low,0.7,hcp
1641,on_track,stable,on time,60,36,phone,moderate,3.9,direct_rx
1642,on_track,stable,on time,30,1,app,low,4.5,hcp
1643,lapsing,early,delayed,60,69,app,moderate,0.4,direct_rx
1644,on_track,early,on time,60,25,phone,low,1.2,direct_rx
1645,on_track,stable,on time,30,13,app,low,11.6,hcp
1646,on_track,long_term,on time,30,2,none,moderate,19.6,direct_rx
1647,on_track,long_term,on time,90,47,phone,moderate,20.2,hcp
1648,on_track,stable,on time,30,11,app,moderate,8.6,transfer
1649,on_track,long_term,on time,30,12,none,moderate,27.3,hcp
1650,lapsed,stable,missed,60,149,app,moderate,11.8,direct_rx
1651,on_track,stable,on time,30,7,phone,low,6.9,transfer
1652,on_track,stable,on time,60,19,none,low,9.0,hcp
1653,on_track,early,on time,90,60,phone,moderate,2.1,direct_rx
1654,on_track,stable,on time,30,16,phone,moderate,8.8,transfer
1655,lapsed,stable,missed,90,178,app,high,12.0,direct_rx
1656,lapsing,early,delayed,60,69,none,high,1.1,direct_rx
1657,lapsing,long_term,delayed,30,36,app,high,12.7,direct_rx
1658,lapsed,early,missed,90,260,app,high,2.7,hcp
1659,on_track,long_term,on time,60,35,none,low,23.2,hcp
1660,on_track,long_term,on time,60,29,app,low,16.9,direct_rx
1661,on_track,long_term,on time,30,5,app,low,16.2,hcp
1662,lapsed,long_term,missed,30,57,app,moderate,26.5,hcp
1663,on_track,long_term,on time,30,1,app,low,32.7,direct_rx
1664,lapsing,early,delayed,30,30,none,moderate,2.8,hcp
1665,on_track,stable,on time,30,4,app,low,6.0,direct_rx
1666,on_track,early,on time,30,1,app,moderate,2.4,direct_rx
1667,lapsing,early,delayed,30,40,phone,moderate,2.1,hcp
1668,on_track,stable,on time,30,0,app,moderate,10.7,hcp
1669,lapsing,early,delayed,30,42,app,moderate,2.0,transfer
1670,lapsing,early,delayed,30,35,app,moderate,1.0,transfer
1671,lapsing,early,delayed,30,44,none,high,2.0,direct_rx
1672,on_track,stable,on time,30,21,none,moderate,3.1,direct_rx
1673,lapsed,stable,missed,30,109,phone,high,3.9,hcp
1674,on_track,stable,on time,30,2,none,moderate,9.5,direct_rx
1675,lapsing,early,delayed,90,98,none,high,2.7,hcp
1676,lapsed,early,missed,30,58,phone,high,2.1,hcp
1677,lapsed,early,missed,30,92,none,high,2.9,transfer
1678,on_track,long_term,on time,30,3,app,moderate,27.5,direct_rx
1679,on_track,long_term,on time,60,22,none,low,30.4,hcp
1680,on_track,long_term,on time,90,43,app,low,17.5,direct_rx
1681,lapsed,early,missed,30,117,app,high,1.4,direct_rx
1682,on_track,stable,on time,30,5,app,low,9.5,hcp
1683,on_track,early,on time,90,19,phone,moderate,2.1,direct_rx
1684,on_track,long_term,on time,30,17,phone,moderate,29.6,direct_rx
1685,on_track,long_term,on time,90,39,phone,low,23.9,direct_rx
1686,on_track,early,on time,90,11,phone,low,2.8,direct_rx
1687,on_track,stable,on time,60,14,none,low,3.7,direct_rx
1688,lapsed,long_term,missed,90,355,none,high,29.2,direct_rx
1689,lapsed,early,missed,30,64,app,high,2.2,direct_rx
1690,on_track,early,on time,90,49,none,moderate,2.0,direct_rx
1691,lapsing,early,delayed,60,86,phone,high,0.8,direct_rx
1692,on_track,long_term,on time,30,3,phone,low,12.5,direct_rx
1693,on_track,stable,on time,30,2,none,low,6.2,hcp
1694,lapsed,long_term,missed,30,106,app,high,18.2,direct_rx
1695,on_track,stable,on time,30,21,phone,low,10.3,direct_rx
1696,lapsing,long_term,delayed,60,61,app,moderate,25.6,transfer
1697,on_track,stable,on time,30,5,app,low,12.0,direct_rx
1698,on_track,stable,on time,90,19,none,moderate,10.4,direct_rx
1699,on_track,early,on time,30,16,app,low,2.7,direct_rx
1700,lapsing,stable,delayed,30,39,app,high,4.0,direct_rx
1701,lapsing,early,delayed,30,48,phone,moderate,2.8,direct_rx
1702,on_track,stable,on time,60,18,app,low,3.1,direct_rx
1703,on_track,long_term,on time,30,17,app,moderate,24.5,direct_rx
1704,lapsing,long_term,delayed,30,30,none,moderate,33.3,direct_rx
1705,on_track,stable,on time,90,41,app,low,5.9,transfer
1706,on_track,stable,on time,30,16,none,moderate,3.4,direct_rx
1707,lapsed,stable,missed,90,263,none,high,10.9,direct_rx
1708,on_track,long_term,on time,30,16,none,low,33.5,hcp
1709,on_track,stable,on time,30,21,app,low,10.2,direct_rx
1710,on_track,stable,on time,90,61,app,low,5.4,direct_rx
1711,on_track,stable,on time,30,20,phone,moderate,7.7,direct_rx
1712,lapsing,stable,delayed,30,40,app,moderate,9.1,hcp
1713,lapsed,early,missed,60,235,phone,high,2.5,hcp
1714,lapsing,stable,delayed,30,42,phone,moderate,4.0,direct_rx
1715,on_track,stable,on time,30,18,phone,low,11.6,direct_rx
1716,on_track,stable,on time,30,2,phone,low,9.7,hcp
1717,lapsed,early,missed,30,117,app,high,2.2,direct_rx
1718,on_track,long_term,on time,60,17,app,moderate,20.4,hcp
1719,lapsing,stable,delayed,30,48,none,high,9.6,hcp
1720,on_track,early,on time,90,61,phone,low,0.0,transfer
1721,lapsing,early,delayed,30,33,app,moderate,1.8,direct_rx
1722,lapsed,early,missed,30,112,phone,moderate,2.0,direct_rx
1723,on_track,long_term,on time,30,14,phone,low,18.0,direct_rx
1724,on_track,stable,on time,90,37,app,low,11.4,hcp
1725,on_track,stable,on time,30,22,none,low,4.6,direct_rx
1726,on_track,stable,on time,30,22,none,low,11.9,hcp
1727,on_track,long_term,on time,30,3,phone,low,12.3,direct_rx
1728,on_track,stable,on time,90,38,app,low,9.4,direct_rx
1729,on_track,long_term,on time,30,10,app,low,18.7,transfer
1730,on_track,stable,on time,30,23,none,low,10.6,direct_rx
1731,on_track,long_term,on time,30,3,none,low,34.3,hcp
1732,on_track,stable,on time,60,0,phone,low,8.6,direct_rx
1733,on_track,early,on time,30,0,app,low,0.1,direct_rx
1734,lapsed,early,missed,30,105,phone,high,2.4,direct_rx
1735,on_track,stable,on time,30,10,app,moderate,11.5,direct_rx
1736,on_track,long_term,on time,60,8,phone,low,13.4,direct_rx
1737,on_track,long_term,on time,60,2,phone,low,33.2,transfer
1738,on_track,early,on time,90,16,none,low,1.6,direct_rx
1739,on_track,long_term,on time,30,24,phone,low,28.3,hcp
1740,on_track,long_term,on time,60,25,app,low,13.1,direct_rx
1741,on_track,stable,on time,30,12,app,low,9.6,direct_rx
1742,on_track,stable,on time,30,8,app,low,7.7,transfer
1743,lapsed,early,missed,90,241,app,high,2.9,hcp
1744,on_track,long_term,on time,90,21,phone,low,22.4,transfer
1745,on_track,stable,on time,30,14,app,low,6.3,direct_rx
1746,lapsed,early,missed,90,307,phone,high,2.9,direct_rx
1747,lapsing,early,delayed,60,68,none,moderate,1.3,hcp
1748,on_track,stable,on time,60,30,app,low,7.0,direct_rx
1749,on_track,stable,on time,30,10,none,low,3.3,transfer
1750,lapsed,stable,missed,90,307,none,high,9.1,transfer
1751,on_track,stable,on time,60,45,phone,moderate,7.7,transfer
1752,on_track,early,on time,60,16,none,moderate,0.4,hcp
1753,on_track,long_term,on time,30,17,phone,low,31.2,hcp
1754,lapsing,stable,delayed,30,48,none,high,10.6,hcp
1755,on_track,stable,on time,30,7,app,moderate,10.6,direct_rx
1756,on_track,long_term,on time,30,6,app,low,20.3,transfer
1757,on_track,stable,on time,60,44,app,low,6.7,direct_rx
1758,on_track,long_term,on time,60,6,phone,low,27.1,direct_rx
1759,on_track,early,on time,30,21,phone,moderate,0.3,direct_rx
1760,on_track,long_term,on time,60,7,phone,low,27.8,direct_rx
1761,on_track,stable,on time,30,7,phone,low,10.4,direct_rx
1762,lapsing,early,delayed,30,37,app,high,1.9,hcp
1763,on_track,stable,on time,30,6,app,low,7.4,direct_rx
1764,on_track,long_term,on time,60,31,app,low,19.2,direct_rx
1765,lapsed,early,missed,60,159,phone,moderate,1.8,direct_rx
1766,lapsing,long_term,delayed,30,42,app,moderate,33.5,direct_rx
1767,lapsed,early,missed,60,110,phone,moderate,0.2,direct_rx
1768,on_track,stable,on time,60,20,app,moderate,6.5,hcp
1769,on_track,long_term,on time,30,8,app,low,21.7,direct_rx
1770,on_track,stable,on time,30,13,app,low,3.7,hcp
1771,lapsing,early,delayed,30,40,phone,moderate,2.7,hcp
1772,on_track,stable,on time,90,10,none,moderate,10.3,direct_rx
1773,lapsing,early,delayed,30,43,app,moderate,1.0,direct_rx
1774,lapsed,early,missed,30,113,none,high,0.2,hcp
1775,lapsed,early,missed,30,61,phone,high,2.7,direct_rx
1776,on_track,stable,on time,60,36,none,low,10.1,hcp
1777,on_track,stable,on time,60,41,app,low,11.2,direct_rx
1778,on_track,early,on time,90,71,phone,low,2.4,transfer
1779,on_track,stable,on time,60,33,app,low,7.7,hcp
1780,on_track,stable,on time,30,9,none,low,4.4,hcp
1781,on_track,long_term,on time,30,12,app,moderate,13.9,hcp
1782,lapsed,early,missed,30,106,none,high,0.1,transfer
1783,on_track,stable,on time,30,17,app,low,9.5,direct_rx
1784,on_track,early,on time,60,14,app,moderate,2.4,direct_rx
1785,on_track,stable,on time,90,45,app,moderate,7.7,hcp
1786,on_track,long_term,on time,30,13,phone,moderate,34.3,hcp
1787,on_track,stable,on time,30,23,phone,low,9.4,hcp
1788,on_track,long_term,on time,90,16,app,low,25.3,direct_rx
1789,lapsing,stable,delayed,90,135,app,moderate,9.4,direct_rx
1790,on_track,long_term,on time,30,20,none,low,35.3,direct_rx
1791,on_track,long_term,on time,60,37,app,low,27.3,direct_rx
1792,on_track,stable,on time,30,17,none,low,9.1,direct_rx
1793,lapsed,stable,missed,30,51,none,high,9.6,direct_rx
1794,lapsing,early,delayed,60,88,app,high,2.9,direct_rx
1795,on_track,long_term,on time,90,70,phone,moderate,15.5,hcp
1796,on_track,stable,on time,30,19,none,low,11.3,direct_rx
1797,lapsing,early,delayed,90,144,none,moderate,2.4,hcp
1798,on_track,long_term,on time,30,3,app,low,33.3,direct_rx
1799,lapsed,stable,missed,60,158,phone,high,5.6,hcp
1800,on_track,stable,on time,30,0,app,moderate,10.2,direct_rx
1801,on_track,long_term,on time,30,8,none,moderate,27.0,hcp
1802,on_track,stable,on time,30,0,phone,low,10.8,transfer
1803,on_track,stable,on time,30,5,app,moderate,11.1,hcp
1804,on_track,long_term,on time,30,6,phone,low,16.7,direct_rx
1805,on_track,stable,on time,90,59,app,moderate,11.2,hcp
1806,on_track,stable,on time,30,3,app,moderate,5.6,transfer
1807,on_track,long_term,on time,90,6,app,moderate,27.6,direct_rx
1808,on_track,stable,on time,30,18,app,low,8.3,direct_rx
1809,on_track,stable,on time,60,26,app,low,4.1,hcp
1810,lapsing,early,delayed,30,34,app,moderate,1.8,direct_rx
1811,on_track,stable,on time,90,61,app,low,9.1,hcp
1812,on_track,stable,on time,30,22,phone,low,3.6,hcp
1813,on_track,stable,on time,90,64,none,moderate,10.7,direct_rx
1814,lapsing,stable,delayed,90,93,none,moderate,8.0,direct_rx
1815,lapsing,stable,delayed,30,46,phone,moderate,6.9,transfer
1816,on_track,long_term,on time,30,13,phone,low,12.8,hcp
1817,on_track,early,on time,30,8,none,low,1.3,transfer
1818,lapsing,early,delayed,90,113,app,moderate,0.0,hcp
1819,on_track,early,on time,30,15,app,low,1.3,direct_rx
1820,on_track,stable,on time,60,24,app,moderate,10.4,transfer
1821,on_track,stable,on time,90,34,app,low,10.4,direct_rx
1822,on_track,stable,on time,30,13,app,low,6.1,transfer
1823,on_track,long_term,on time,90,2,phone,moderate,32.5,direct_rx
1824,on_track,stable,on time,60,34,none,low,6.9,transfer
1825,on_track,stable,on time,30,9,app,low,9.1,transfer
1826,on_track,long_term,on time,30,7,app,low,16.2,hcp
1827,on_track,stable,on time,30,13,none,low,7.8,direct_rx
1828,lapsing,long_term,delayed,90,131,app,moderate,17.4,direct_rx
1829,on_track,long_term,on time,30,24,app,low,25.6,transfer
1830,lapsed,stable,missed,90,358,none,high,10.0,hcp
1831,lapsing,long_term,delayed,30,40,app,high,27.1,direct_rx
1832,on_track,long_term,on time,60,47,app,low,12.4,direct_rx
1833,on_track,stable,on time,90,58,phone,low,8.0,direct_rx
1834,lapsed,early,missed,30,53,app,moderate,1.7,hcp
1835,on_track,stable,on time,30,14,app,low,11.2,hcp
1836,lapsing,stable,delayed,30,40,app,moderate,11.9,direct_rx
1837,on_track,long_term,on time,30,4,app,moderate,25.9,direct_rx
1838,on_track,stable,on time,30,3,phone,low,10.8,direct_rx
1839,lapsing,long_term,delayed,60,88,app,high,17.0,direct_rx
1840,on_track,stable,on time,60,18,none,low,10.9,hcp
1841,lapsed,long_term,missed,30,95,app,moderate,34.2,hcp
1842,lapsing,stable,delayed,30,42,phone,high,5.5,hcp
1843,lapsed,early,missed,30,63,phone,high,2.7,hcp
1844,on_track,early,on time,60,5,phone,moderate,2.1,direct_rx
1845,on_track,stable,on time,30,14,phone,moderate,10.9,hcp
1846,lapsing,stable,delayed,90,102,phone,moderate,4.1,transfer
1847,on_track,stable,on time,60,33,phone,low,8.7,hcp
1848,lapsing,early,delayed,90,117,none,high,1.4,direct_rx
1849,on_track,long_term,on time,30,9,app,low,16.7,hcp
1850,on_track,stable,on time,90,13,none,moderate,11.4,direct_rx
1851,on_track,stable,on time,30,12,app,low,11.7,transfer
1852,on_track,early,on time,90,15,app,moderate,0.1,direct_rx
1853,lapsed,early,missed,30,72,none,high,2.5,direct_rx
1854,on_track,stable,on time,30,14,phone,low,10.0,direct_rx
1855,lapsed,long_term,missed,30,115,phone,moderate,33.4,direct_rx
1856,lapsing,long_term,delayed,90,118,none,moderate,26.7,direct_rx
1857,lapsing,early,delayed,30,33,app,moderate,2.6,direct_rx
1858,lapsing,stable,delayed,90,91,phone,high,7.9,direct_rx
1859,on_track,long_term,on time,30,22,phone,moderate,21.8,direct_rx
1860,lapsing,stable,delayed,30,36,app,moderate,5.4,hcp
1861,on_track,long_term,on time,60,32,phone,low,13.7,direct_rx
1862,lapsing,early,delayed,30,31,app,high,0.2,direct_rx
1863,lapsing,early,delayed,30,47,phone,moderate,0.3,direct_rx
1864,on_track,early,on time,60,36,phone,moderate,1.4,direct_rx
1865,on_track,stable,on time,90,62,none,low,8.4,hcp
1866,on_track,early,on time,30,12,phone,low,1.7,direct_rx
1867,lapsing,early,delayed,30,41,app,moderate,1.2,direct_rx
1868,on_track,long_term,on time,60,13,app,low,23.6,hcp
1869,on_track,stable,on time,30,11,phone,low,10.8,direct_rx
1870,lapsing,stable,delayed,60,66,phone,moderate,5.7,hcp
1871,lapsed,long_term,missed,30,66,phone,moderate,35.3,hcp
1872,lapsing,early,delayed,30,40,app,moderate,2.7,hcp
1873,on_track,long_term,on time,90,72,none,low,20.1,hcp
1874,on_track,long_term,on time,90,66,none,moderate,24.0,direct_rx
1875,on_track,stable,on time,30,3,none,moderate,11.9,direct_rx
1876,lapsing,early,delayed,60,69,none,high,2.0,hcp
1877,on_track,long_term,on time,30,22,phone,low,18.9,hcp
1878,on_track,long_term,on time,60,7,app,moderate,13.6,direct_rx
1879,on_track,long_term,on time,30,22,none,moderate,26.7,transfer
1880,on_track,stable,on time,60,33,phone,moderate,8.4,hcp
1881,on_track,stable,on time,30,8,app,low,8.4,direct_rx
1882,on_track,stable,on time,30,13,phone,low,9.9,direct_rx
1883,on_track,long_term,on time,30,13,app,low,29.6,direct_rx
1884,on_track,long_term,on time,90,72,none,low,27.9,direct_rx
1885,on_track,stable,on time,60,4,phone,moderate,10.8,transfer
1886,on_track,stable,on time,30,4,app,low,3.3,hcp
1887,on_track,long_term,on time,30,6,app,moderate,32.2,transfer
1888,on_track,stable,on time,60,8,none,low,10.4,direct_rx
1889,lapsing,early,delayed,30,39,app,high,0.3,hcp
1890,on_track,long_term,on time,90,33,phone,moderate,31.6,hcp
1891,lapsed,long_term,missed,60,176,app,high,28.9,direct_rx
1892,on_track,long_term,on time,30,6,phone,low,31.4,direct_rx
1893,on_track,stable,on time,90,62,none,low,9.2,direct_rx
1894,lapsing,early,delayed,30,34,app,moderate,0.1,transfer
1895,on_track,long_term,on time,30,1,none,moderate,34.2,direct_rx
1896,on_track,stable,on time,30,2,app,moderate,10.8,transfer
1897,lapsing,early,delayed,60,76,none,moderate,2.7,direct_rx
1898,lapsing,long_term,delayed,60,86,none,high,31.7,direct_rx
1899,lapsing,early,delayed,30,46,app,moderate,2.8,direct_rx
1900,lapsing,early,delayed,90,124,phone,moderate,0.7,direct_rx
1901,on_track,long_term,on time,60,26,phone,low,31.6,hcp
1902,lapsing,early,delayed,90,116,phone,moderate,2.1,hcp
1903,lapsing,early,delayed,30,47,app,high,2.5,direct_rx
1904,on_track,long_term,on time,30,21,app,low,29.0,hcp
1905,on_track,stable,on time,60,15,phone,low,8.7,direct_rx
1906,lapsing,early,delayed,30,43,app,moderate,2.5,hcp
1907,lapsed,stable,missed,30,54,phone,moderate,11.3,hcp
1908,on_track,stable,on time,30,19,app,moderate,7.9,transfer
1909,lapsed,stable,missed,90,221,phone,moderate,9.2,transfer
1910,on_track,long_term,on time,30,12,app,moderate,32.4,direct_rx
1911,on_track,stable,on time,90,64,phone,moderate,7.4,transfer
1912,on_track,stable,on time,30,4,phone,low,5.0,direct_rx
1913,lapsed,early,missed,30,83,app,high,0.6,hcp
1914,lapsed,long_term,missed,90,343,app,high,33.7,direct_rx
1915,lapsing,early,delayed,30,33,phone,moderate,0.3,hcp
1916,on_track,stable,on time,60,44,phone,moderate,7.0,direct_rx
1917,lapsed,early,missed,30,115,phone,high,2.0,transfer
1918,on_track,early,on time,30,11,phone,moderate,1.7,direct_rx
1919,lapsing,early,delayed,30,44,app,high,1.4,hcp
1920,on_track,stable,on time,90,67,phone,low,5.9,direct_rx
1921,on_track,stable,on time,60,13,none,low,10.5,direct_rx
1922,lapsed,stable,missed,30,119,app,high,6.3,direct_rx
1923,lapsing,early,delayed,30,30,app,moderate,1.7,hcp
1924,lapsed,early,missed,30,61,app,high,2.6,direct_rx
1925,on_track,stable,on time,60,25,phone,low,11.4,direct_rx
1926,lapsing,early,delayed,90,140,phone,moderate,0.3,hcp
1927,lapsing,early,delayed,30,35,phone,moderate,2.4,hcp
1928,on_track,long_term,on time,30,24,app,moderate,20.6,transfer
1929,on_track,early,on time,30,10,none,moderate,0.2,hcp
1930,on_track,stable,on time,90,17,phone,low,6.2,direct_rx
1931,on_track,early,on time,60,35,none,low,2.1,hcp
1932,on_track,long_term,on time,30,5,none,low,29.1,hcp
1933,on_track,long_term,on time,60,0,app,low,34.0,direct_rx
1934,on_track,stable,on time,90,25,app,low,9.7,hcp
1935,on_track,stable,on time,30,20,app,low,11.1,direct_rx
1936,on_track,early,on time,30,23,app,low,0.5,direct_rx
1937,on_track,stable,on time,30,13,app,moderate,4.8,direct_rx
1938,on_track,stable,on time,30,12,none,low,8.6,transfer
1939,on_track,stable,on time,30,14,none,low,4.6,direct_rx
1940,lapsed,long_term,missed,60,172,app,moderate,15.7,direct_rx
1941,on_track,early,on time,60,40,phone,low,1.8,direct_rx
1942,on_track,stable,on time,30,9,none,low,6.4,direct_rx
1943,lapsing,stable,delayed,30,39,app,moderate,9.1,direct_rx
1944,on_track,stable,on time,30,21,app,moderate,10.1,direct_rx
1945,on_track,stable,on time,60,25,app,low,3.6,hcp
1946,lapsing,stable,delayed,60,60,app,moderate,5.0,hcp
1947,on_track,long_term,on time,60,25,app,moderate,33.9,direct_rx
1948,on_track,early,on time,30,14,none,moderate,2.4,direct_rx
1949,lapsed,early,missed,30,84,phone,high,2.5,direct_rx
1950,on_track,stable,on time,90,65,app,moderate,5.4,direct_rx
1951,on_track,long_term,on time,30,14,app,low,24.3,direct_rx
1952,lapsed,stable,missed,30,53,app,high,5.0,direct_rx
1953,on_track,long_term,on time,90,65,app,low,29.1,hcp
1954,on_track,long_term,on time,30,2,app,moderate,28.0,hcp
1955,on_track,long_term,on time,30,5,app,moderate,23.4,hcp
1956,on_track,long_term,on time,90,47,phone,low,20.7,direct_rx
1957,on_track,stable,on time,30,22,none,low,6.6,direct_rx
1958,lapsing,stable,delayed,30,45,app,moderate,4.3,direct_rx
1959,lapsing,early,delayed,30,48,app,high,0.4,transfer
1960,on_track,long_term,on time,90,2,none,moderate,29.1,direct_rx
1961,lapsed,stable,missed,30,109,phone,moderate,11.0,direct_rx
1962,lapsing,stable,delayed,30,41,app,moderate,11.3,direct_rx
1963,on_track,early,on time,30,2,app,low,2.0,transfer
1964,lapsed,long_term,missed,30,70,none,moderate,35.7,transfer
1965,lapsing,early,delayed,60,75,app,moderate,2.5,direct_rx
1966,on_track,stable,on time,30,16,phone,moderate,6.1,direct_rx
1967,on_track,stable,on time,60,19,phone,low,5.3,direct_rx
1968,on_track,stable,on time,60,15,app,moderate,4.9,direct_rx
1969,on_track,long_term,on time,30,16,app,low,27.5,direct_rx
1970,on_track,stable,on time,30,13,phone,moderate,8.2,hcp
1971,on_track,stable,on time,30,6,app,low,11.1,direct_rx
1972,on_track,stable,on time,30,20,none,low,4.5,transfer
1973,on_track,long_term,on time,60,41,phone,low,19.7,direct_rx
1974,on_track,stable,on time,60,48,app,low,9.6,hcp
1975,on_track,stable,on time,30,0,phone,low,8.8,transfer
1976,on_track,stable,on time,90,50,phone,low,7.7,direct_rx
1977,lapsing,early,delayed,30,31,phone,moderate,1.7,transfer
1978,on_track,stable,on time,30,17,none,moderate,9.0,direct_rx
1979,on_track,stable,on time,30,13,phone,low,11.3,direct_rx
1980,on_track,stable,on time,30,6,phone,low,7.8,direct_rx
1981,lapsed,stable,missed,30,112,none,moderate,10.5,direct_rx
1982,on_track,stable,on time,60,12,app,moderate,6.6,direct_rx
1983,on_track,stable,on time,60,29,app,low,11.5,hcp
1984,on_track,stable,on time,60,23,none,low,11.9,hcp
1985,on_track,stable,on time,90,5,none,low,11.5,direct_rx
1986,on_track,stable,on time,60,8,phone,low,9.5,hcp
1987,on_track,long_term,on time,60,17,phone,low,14.2,direct_rx
1988,on_track,stable,on time,30,17,app,low,9.2,direct_rx
1989,on_track,early,on time,90,25,none,moderate,0.8,transfer
1990,on_track,stable,on time,30,3,phone,low,8.4,direct_rx
1991,on_track,stable,on time,30,13,app,moderate,11.3,direct_rx
1992,on_track,long_term,on time,30,8,phone,low,26.1,direct_rx
1993,on_track,long_term,on time,90,71,app,low,28.9,hcp
1994,on_track,stable,on time,30,20,app,moderate,10.6,transfer
1995,on_track,stable,on time,30,24,app,moderate,8.7,hcp
1996,on_track,long_term,on time,60,36,app,low,26.8,hcp
1997,on_track,stable,on time,30,23,phone,moderate,10.7,hcp
1998,lapsing,early,delayed,30,46,app,moderate,1.8,hcp
1999,on_track,stable,on time,60,43,phone,low,5.4,direct_rx
2000,lapsing,early,delayed,30,36,none,moderate,2.0,transfer
2001,lapsing,long_term,delayed,90,114,app,high,13.8,direct_rx
2002,on_track,stable,on time,30,22,phone,low,7.6,hcp
2003,on_track,stable,on time,30,24,phone,low,11.0,direct_rx
2004,lapsed,stable,missed,30,92,app,moderate,7.9,hcp
2005,lapsed,early,missed,90,217,app,high,1.1,direct_rx
2006,on_track,stable,on time,60,8,app,low,11.5,direct_rx
2007,on_track,long_term,on time,30,3,none,moderate,14.4,direct_rx
2008,on_track,stable,on time,30,23,phone,low,5.6,direct_rx
2009,lapsing,early,delayed,30,45,phone,moderate,0.0,transfer
2010,on_track,stable,on time,30,18,app,low,4.1,hcp
2011,on_track,early,on time,60,11,app,low,1.3,direct_rx
2012,on_track,stable,on time,30,19,app,moderate,6.8,direct_rx
2013,on_track,stable,on time,30,6,app,moderate,11.3,direct_rx
2014,lapsing,early,delayed,60,78,app,moderate,2.0,direct_rx
2015,on_track,long_term,on time,30,14,phone,low,30.5,direct_rx
2016,on_track,long_term,on time,30,16,app,moderate,18.8,hcp
2017,lapsed,long_term,missed,30,83,app,high,20.0,hcp
2018,lapsed,long_term,missed,60,230,phone,high,16.8,direct_rx
2019,on_track,long_term,on time,30,20,none,moderate,33.4,direct_rx
2020,lapsing,early,delayed,30,41,phone,moderate,1.4,transfer
2021,on_track,long_term,on time,30,16,none,moderate,24.8,hcp
2022,on_track,stable,on time,90,35,phone,moderate,9.1,direct_rx
2023,on_track,long_term,on time,30,17,phone,low,15.9,hcp
2024,on_track,stable,on time,30,21,none,low,7.6,direct_rx
2025,on_track,long_term,on time,60,36,none,low,32.1,direct_rx
2026,lapsed,long_term,missed,30,102,none,high,20.6,direct_rx
2027,lapsed,early,missed,90,343,phone,moderate,2.5,direct_rx
2028,on_track,early,on time,90,19,app,moderate,1.3,hcp
2029,lapsed,stable,missed,30,65,none,moderate,4.5,hcp
2030,on_track,stable,on time,60,1,app,moderate,10.2,hcp
2031,lapsing,early,delayed,90,135,app,moderate,2.5,hcp
2032,on_track,early,on time,30,19,none,moderate,0.6,direct_rx
2033,lapsing,early,delayed,90,100,none,moderate,2.3,direct_rx
2034,on_track,long_term,on time,30,11,phone,moderate,18.9,transfer
2035,on_track,stable,on time,30,18,app,low,7.5,direct_rx
2036,lapsed,early,missed,60,119,phone,moderate,0.3,hcp
2037,lapsed,stable,missed,30,58,app,moderate,11.5,hcp
2038,on_track,stable,on time,90,17,app,moderate,8.1,hcp
2039,lapsing,early,delayed,30,38,app,moderate,0.0,direct_rx
2040,lapsed,early,missed,30,54,none,high,2.9,direct_rx
2041,on_track,stable,on time,30,21,app,low,4.3,direct_rx
2042,on_track,long_term,on time,60,31,app,moderate,13.9,hcp
2043,on_track,stable,on time,30,10,app,low,9.8,hcp
2044,lapsing,stable,delayed,30,42,phone,moderate,4.4,transfer
2045,on_track,long_term,on time,60,24,none,moderate,22.9,direct_rx
2046,on_track,long_term,on time,30,3,app,moderate,17.1,hcp
2047,lapsing,early,delayed,90,102,phone,high,2.1,hcp
2048,on_track,long_term,on time,30,18,app,low,32.9,direct_rx
2049,on_track,stable,on time,30,3,app,moderate,7.7,direct_rx
2050,lapsing,stable,delayed,30,44,app,moderate,7.2,direct_rx
2051,lapsing,long_term,delayed,30,36,phone,moderate,32.9,hcp
2052,on_track,long_term,on time,30,23,phone,low,17.7,direct_rx
2053,lapsing,long_term,delayed,60,80,phone,high,27.8,hcp
2054,on_track,stable,on time,30,13,app,low,9.4,direct_rx
2055,lapsing,long_term,delayed,90,117,none,high,20.3,direct_rx
2056,on_track,long_term,on time,30,0,phone,moderate,23.2,hcp
2057,on_track,early,on time,30,7,none,low,2.0,hcp
2058,on_track,long_term,on time,30,14,app,moderate,19.7,direct_rx
2059,on_track,stable,on time,60,0,app,moderate,10.0,hcp
2060,on_track,stable,on time,90,18,none,low,5.6,direct_rx
2061,on_track,stable,on time,90,66,phone,moderate,5.0,direct_rx
2062,on_track,long_term,on time,90,1,app,low,18.7,hcp
2063,on_track,stable,on time,90,36,phone,low,3.9,direct_rx
2064,lapsing,early,delayed,30,43,none,moderate,1.7,hcp
2065,on_track,long_term,on time,60,40,none,moderate,17.2,hcp
2066,on_track,stable,on time,30,17,phone,moderate,8.6,hcp
2067,lapsed,early,missed,30,117,phone,high,0.4,direct_rx
2068,on_track,long_term,on time,30,14,app,low,33.5,hcp
2069,on_track,stable,on time,90,10,app,low,9.7,transfer
2070,on_track,long_term,on time,90,7,phone,low,30.1,direct_rx
2071,on_track,stable,on time,30,13,app,moderate,8.2,hcp
2072,on_track,stable,on time,90,21,phone,low,5.5,direct_rx
2073,lapsed,early,missed,30,77,phone,high,1.2,transfer
2074,lapsed,stable,missed,90,165,phone,high,4.6,direct_rx
2075,lapsing,long_term,delayed,60,81,app,moderate,24.7,direct_rx
2076,lapsing,long_term,delayed,60,85,phone,high,30.5,direct_rx
2077,lapsed,early,missed,30,84,phone,moderate,1.5,direct_rx
2078,lapsing,early,delayed,30,39,phone,moderate,2.3,direct_rx
2079,on_track,stable,on time,30,24,phone,low,11.3,direct_rx
2080,lapsed,stable,missed,60,103,phone,moderate,4.8,transfer
2081,on_track,long_term,on time,60,45,phone,moderate,17.0,hcp
2082,on_track,long_term,on time,30,11,none,moderate,20.5,hcp
2083,on_track,stable,on time,30,22,app,low,9.1,hcp
2084,lapsing,early,delayed,90,125,none,moderate,2.2,transfer
2085,on_track,stable,on time,30,5,app,low,11.5,hcp
2086,lapsing,early,delayed,90,100,phone,moderate,1.0,hcp
2087,on_track,stable,on time,30,7,app,moderate,7.1,hcp
2088,on_track,long_term,on time,30,4,none,moderate,28.2,direct_rx
2089,on_track,stable,on time,90,11,phone,low,11.6,direct_rx
2090,lapsing,stable,delayed,30,43,none,moderate,5.6,direct_rx
2091,on_track,long_term,on time,60,47,phone,low,18.9,transfer
2092,lapsing,long_term,delayed,30,42,phone,moderate,19.7,transfer
2093,on_track,stable,on time,30,9,app,low,7.8,hcp
2094,on_track,long_term,on time,60,1,app,moderate,17.8,direct_rx
2095,on_track,long_term,on time,30,5,none,moderate,30.7,transfer
2096,on_track,long_term,on time,30,10,none,low,16.0,direct_rx
2097,on_track,stable,on time,90,27,app,low,6.9,hcp
2098,on_track,stable,on time,90,36,app,low,10.2,direct_rx
2099,lapsed,stable,missed,30,76,app,moderate,5.3,direct_rx
2100,on_track,long_term,on time,30,14,app,moderate,30.5,hcp
2101,on_track,stable,on time,30,5,phone,low,10.8,direct_rx
2102,on_track,long_term,on time,60,31,none,moderate,23.5,direct_rx
2103,on_track,stable,on time,30,20,app,moderate,4.6,direct_rx
2104,on_track,stable,on time,90,17,none,low,11.8,hcp
2105,lapsed,stable,missed,60,137,none,high,9.3,hcp
2106,lapsing,early,delayed,30,35,phone,high,1.4,hcp
2107,lapsed,stable,missed,60,228,app,high,5.5,direct_rx
2108,on_track,long_term,on time,90,24,none,moderate,35.0,direct_rx
2109,on_track,early,on time,30,24,app,low,1.6,direct_rx
2110,on_track,stable,on time,90,66,app,low,3.7,hcp
2111,on_track,stable,on time,30,19,app,low,4.8,direct_rx
2112,on_track,stable,on time,60,33,app,moderate,11.1,direct_rx
2113,on_track,stable,on time,30,9,phone,low,6.9,transfer
2114,lapsed,early,missed,60,147,app,moderate,2.9,transfer
2115,lapsing,early,delayed,30,40,app,high,2.4,direct_rx
2116,on_track,stable,on time,30,2,app,moderate,11.7,hcp
2117,lapsing,long_term,delayed,30,44,app,high,32.5,direct_rx
2118,lapsing,early,delayed,30,48,app,high,0.9,hcp
2119,lapsed,early,missed,90,201,app,moderate,1.5,direct_rx
2120,on_track,stable,on time,30,21,phone,low,8.9,hcp
2121,lapsing,early,delayed,90,113,app,high,1.2,hcp
2122,on_track,stable,on time,30,5,none,low,11.6,direct_rx
2123,on_track,early,on time,60,16,phone,moderate,1.0,direct_rx
2124,on_track,long_term,on time,90,22,phone,low,13.2,direct_rx
2125,on_track,stable,on time,30,21,app,moderate,6.6,direct_rx
2126,on_track,long_term,on time,90,14,app,low,12.1,direct_rx
2127,on_track,long_term,on time,30,19,app,low,12.3,direct_rx
2128,lapsed,early,missed,90,196,app,high,1.5,direct_rx
2129,lapsing,early,delayed,30,36,none,moderate,2.2,direct_rx
2130,on_track,stable,on time,30,13,phone,low,7.0,direct_rx
2131,lapsing,early,delayed,30,39,app,moderate,2.5,direct_rx
2132,on_track,early,on time,30,24,app,low,1.0,direct_rx
2133,lapsed,stable,missed,30,93,phone,high,10.3,direct_rx
2134,lapsed,early,missed,30,71,phone,moderate,0.9,direct_rx
2135,on_track,stable,on time,30,15,phone,moderate,8.4,direct_rx
2136,lapsed,early,missed,90,162,app,moderate,1.7,hcp
2137,lapsing,stable,delayed,30,43,app,high,8.6,transfer
2138,lapsed,early,missed,30,117,phone,high,2.5,direct_rx
2139,on_track,long_term,on time,30,10,phone,moderate,14.8,transfer
2140,on_track,stable,on time,30,5,none,low,3.8,transfer
2141,on_track,stable,on time,90,49,app,low,10.0,direct_rx
2142,on_track,stable,on time,30,9,none,moderate,6.6,hcp
2143,on_track,long_term,on time,60,5,phone,low,35.9,hcp
2144,on_track,stable,on time,30,4,phone,low,11.7,hcp
2145,on_track,long_term,on time,30,7,phone,low,13.9,direct_rx
2146,on_track,long_term,on time,30,11,app,low,35.5,direct_rx
2147,on_track,long_term,on time,30,8,none,moderate,28.0,hcp
2148,on_track,long_term,on time,60,22,app,low,31.8,hcp
2149,on_track,early,on time,30,20,app,low,2.6,direct_rx
2150,on_track,stable,on time,30,22,app,low,11.7,hcp
2151,lapsed,early,missed,60,217,phone,high,0.9,direct_rx
2152,on_track,stable,on time,30,22,app,low,9.4,direct_rx
2153,lapsing,early,delayed,30,39,app,moderate,0.2,direct_rx
2154,on_track,stable,on time,60,29,phone,low,6.7,direct_rx
2155,on_track,long_term,on time,60,38,phone,low,19.5,direct_rx
2156,lapsing,stable,delayed,30,32,phone,moderate,10.5,hcp
2157,lapsed,early,missed,30,74,app,high,0.3,hcp
2158,lapsing,stable,delayed,30,44,app,moderate,4.3,direct_rx
2159,on_track,stable,on time,30,23,app,low,9.6,transfer
2160,lapsing,early,delayed,30,44,phone,moderate,2.8,direct_rx
2161,lapsing,stable,delayed,60,75,phone,moderate,7.6,hcp
2162,lapsed,early,missed,90,262,phone,high,1.3,direct_rx
2163,lapsing,early,delayed,30,30,app,moderate,1.3,hcp
2164,on_track,stable,on time,90,67,app,low,7.0,transfer
2165,lapsed,early,missed,30,51,app,moderate,1.9,direct_rx
2166,on_track,long_term,on time,30,7,app,low,21.7,transfer
2167,on_track,stable,on time,30,17,app,low,9.0,transfer
2168,on_track,stable,on time,30,20,app,low,5.3,transfer
2169,on_track,long_term,on time,30,17,app,moderate,19.7,hcp
2170,lapsing,early,delayed,30,43,phone,moderate,2.5,hcp
2171,lapsed,stable,missed,30,82,phone,high,9.2,hcp
2172,lapsed,stable,missed,30,92,none,moderate,7.0,hcp
2173,on_track,long_term,on time,30,17,phone,low,32.1,transfer
2174,on_track,stable,on time,30,16,app,low,7.1,direct_rx
2175,lapsed,stable,missed,30,74,phone,moderate,4.2,direct_rx
2176,lapsed,stable,missed,90,332,app,moderate,3.6,transfer
2177,lapsing,stable,delayed,30,40,app,high,9.1,direct_rx
2178,lapsing,early,delayed,90,135,none,moderate,0.3,direct_rx
2179,on_track,stable,on time,30,15,app,low,11.1,direct_rx
2180,on_track,long_term,on time,30,4,none,low,24.6,transfer
2181,on_track,long_term,on time,30,16,app,low,29.3,direct_rx
2182,on_track,stable,on time,60,32,app,moderate,6.1,direct_rx
2183,on_track,long_term,on time,30,19,phone,low,16.1,direct_rx
2184,on_track,stable,on time,60,8,app,low,11.4,direct_rx
2185,lapsing,early,delayed,30,47,app,high,0.1,hcp
2186,lapsed,early,missed,90,163,phone,high,0.2,direct_rx
2187,on_track,long_term,on time,30,17,phone,moderate,19.4,direct_rx
2188,lapsed,early,missed,30,94,phone,high,0.5,direct_rx
2189,lapsed,stable,missed,60,230,app,high,5.0,direct_rx
2190,on_track,stable,on time,90,17,none,low,10.7,transfer
2191,on_track,stable,on time,30,22,none,low,11.7,direct_rx
2192,lapsed,early,missed,30,58,phone,high,2.3,hcp
2193,on_track,early,on time,60,40,phone,moderate,1.8,direct_rx
2194,on_track,long_term,on time,60,2,phone,moderate,24.9,hcp
2195,on_track,long_term,on time,90,11,app,low,13.7,direct_rx
2196,on_track,early,on time,30,4,none,moderate,2.1,hcp
2197,on_track,long_term,on time,30,10,app,low,20.7,direct_rx
2198,on_track,long_term,on time,30,8,phone,low,35.6,direct_rx
2199,lapsing,early,delayed,60,74,phone,moderate,0.2,hcp
2200,on_track,stable,on time,30,24,none,low,4.6,hcp
2201,on_track,stable,on time,30,3,phone,low,4.6,hcp
2202,lapsing,stable,delayed,90,131,phone,moderate,6.1,hcp
2203,lapsing,early,delayed,30,40,phone,high,0.0,transfer
2204,on_track,early,on time,30,1,app,moderate,0.7,transfer
2205,lapsing,stable,delayed,30,32,app,moderate,8.9,direct_rx
2206,lapsing,long_term,delayed,30,45,app,high,23.0,hcp
2207,lapsing,long_term,delayed,60,76,app,moderate,15.4,direct_rx
2208,lapsing,early,delayed,90,104,phone,moderate,0.5,direct_rx
2209,on_track,stable,on time,90,17,none,moderate,9.0,transfer
2210,lapsed,stable,missed,60,104,phone,high,8.4,direct_rx
2211,on_track,stable,on time,90,25,phone,low,9.2,hcp
2212,lapsing,stable,delayed,60,66,phone,moderate,8.2,transfer
2213,on_track,stable,on time,30,23,app,low,11.5,hcp
2214,lapsing,stable,delayed,30,33,app,moderate,11.2,hcp
2215,lapsing,long_term,delayed,30,48,app,moderate,24.0,hcp
2216,on_track,stable,on time,60,47,phone,low,6.3,hcp
2217,lapsing,early,delayed,30,30,app,moderate,1.4,direct_rx
2218,on_track,long_term,on time,30,24,app,low,31.5,direct_rx
2219,lapsing,long_term,delayed,30,45,app,moderate,30.7,direct_rx
2220,on_track,long_term,on time,30,18,app,low,15.6,hcp
2221,on_track,stable,on time,30,15,app,low,10.1,hcp
2222,on_track,stable,on time,30,4,app,moderate,7.4,direct_rx
2223,on_track,stable,on time,30,11,none,low,7.4,direct_rx
2224,lapsed,early,missed,30,116,none,high,1.5,direct_rx
2225,lapsed,long_term,missed,30,54,app,moderate,34.9,hcp
2226,lapsing,stable,delayed,30,42,phone,moderate,3.8,direct_rx
2227,on_track,stable,on time,90,28,app,moderate,9.9,direct_rx
2228,on_track,long_term,on time,30,0,app,low,30.1,hcp
2229,on_track,long_term,on time,30,22,none,moderate,25.5,hcp
2230,on_track,stable,on time,30,24,app,low,9.8,direct_rx
2231,on_track,stable,on time,60,2,app,moderate,9.8,direct_rx
2232,lapsing,long_term,delayed,30,34,app,moderate,30.9,direct_rx
2233,lapsed,long_term,missed,30,105,none,high,30.9,transfer
2234,lapsed,stable,missed,60,127,none,moderate,9.0,hcp
2235,on_track,stable,on time,30,0,phone,low,11.6,hcp
2236,lapsed,stable,missed,30,97,app,high,8.4,direct_rx
2237,on_track,stable,on time,30,11,none,low,4.7,direct_rx
2238,lapsing,early,delayed,60,60,app,high,2.2,transfer
2239,lapsing,early,delayed,30,48,app,moderate,2.0,hcp
2240,on_track,early,on time,60,48,app,low,0.3,direct_rx
2241,on_track,long_term,on time,90,10,app,low,18.2,hcp
2242,lapsing,early,delayed,60,94,app,moderate,0.7,hcp
2243,on_track,early,on time,30,6,app,low,2.4,hcp
2244,on_track,stable,on time,90,27,phone,low,10.6,hcp
2245,on_track,long_term,on time,60,30,app,low,13.4,hcp
2246,on_track,stable,on time,30,0,app,low,10.9,direct_rx
2247,lapsing,early,delayed,90,109,phone,high,0.1,hcp
2248,on_track,early,on time,30,17,app,moderate,3.0,direct_rx
2249,lapsing,early,delayed,60,80,phone,moderate,1.3,direct_rx
2250,on_track,long_term,on time,30,16,app,low,14.8,direct_rx
2251,on_track,stable,on time,90,4,app,low,8.4,direct_rx
2252,on_track,early,on time,30,9,app,low,2.7,transfer
2253,on_track,stable,on time,60,0,phone,moderate,4.9,transfer
2254,on_track,stable,on time,30,11,phone,low,4.2,transfer
2255,on_track,long_term,on time,60,35,none,low,32.8,hcp
2256,on_track,long_term,on time,30,23,phone,low,13.4,hcp
2257,lapsed,early,missed,60,118,app,high,2.2,transfer
2258,on_track,stable,on time,30,16,none,low,10.9,direct_rx
2259,lapsing,stable,delayed,90,118,phone,moderate,8.6,direct_rx
2260,on_track,stable,on time,30,10,app,moderate,6.1,direct_rx
2261,on_track,long_term,on time,30,0,app,low,12.4,hcp
2262,lapsing,long_term,delayed,30,39,app,high,21.5,direct_rx
2263,on_track,stable,on time,30,23,app,low,8.7,direct_rx
2264,on_track,long_term,on time,90,41,app,low,23.8,hcp
2265,on_track,stable,on time,30,10,app,low,10.5,hcp
2266,on_track,stable,on time,30,6,phone,low,7.8,transfer
2267,on_track,stable,on time,30,13,phone,low,8.6,direct_rx
2268,on_track,long_term,on time,90,67,app,low,13.9,direct_rx
2269,on_track,long_term,on time,60,33,phone,moderate,25.2,transfer
2270,on_track,early,on time,60,45,phone,low,2.0,direct_rx
2271,on_track,stable,on time,90,34,app,low,10.9,hcp
2272,on_track,stable,on time,30,20,none,low,11.5,hcp
2273,on_track,stable,on time,30,13,phone,low,11.7,direct_rx
2274,on_track,stable,on time,60,34,app,low,9.2,direct_rx
2275,on_track,long_term,on time,60,17,phone,low,12.2,transfer
2276,lapsed,early,missed,30,79,app,moderate,2.1,transfer
2277,on_track,early,on time,90,28,none,low,1.5,hcp
2278,on_track,early,on time,60,45,none,low,2.4,direct_rx
2279,on_track,long_term,on time,60,40,none,low,30.3,hcp
2280,on_track,long_term,on time,60,38,none,moderate,15.2,direct_rx
2281,lapsed,early,missed,30,114,phone,moderate,0.4,transfer
2282,lapsed,stable,missed,90,230,none,high,5.6,direct_rx
2283,lapsed,early,missed,30,69,none,moderate,0.6,transfer
2284,on_track,stable,on time,30,1,app,low,11.9,direct_rx
2285,on_track,stable,on time,30,15,none,moderate,8.8,hcp
2286,lapsing,early,delayed,30,42,app,high,0.8,hcp
2287,on_track,stable,on time,60,3,app,low,7.9,direct_rx
2288,on_track,stable,on time,60,26,phone,low,10.5,direct_rx
2289,on_track,stable,on time,60,44,app,low,8.4,hcp
2290,lapsed,long_term,missed,60,137,app,moderate,23.2,direct_rx
2291,on_track,early,on time,60,43,app,moderate,2.7,transfer
2292,on_track,early,on time,60,25,app,low,1.1,direct_rx
2293,on_track,long_term,on time,60,14,phone,moderate,31.6,direct_rx
2294,lapsing,stable,delayed,60,81,app,moderate,6.6,direct_rx
2295,on_track,early,on time,30,8,app,moderate,0.4,hcp
2296,on_track,stable,on time,30,17,phone,moderate,11.1,direct_rx
2297,lapsing,stable,delayed,60,91,app,moderate,7.8,hcp
2298,on_track,long_term,on time,30,11,app,moderate,18.6,transfer
2299,lapsed,early,missed,30,98,app,high,2.1,direct_rx
2300,lapsing,stable,delayed,60,78,none,moderate,4.3,direct_rx
2301,on_track,stable,on time,30,5,phone,low,5.9,transfer
2302,on_track,long_term,on time,60,7,none,moderate,35.8,direct_rx
2303,on_track,stable,on time,30,3,app,low,8.0,direct_rx
2304,on_track,long_term,on time,30,23,app,low,31.7,direct_rx
2305,on_track,long_term,on time,60,38,app,low,25.3,direct_rx
2306,lapsed,early,missed,30,82,phone,moderate,2.0,hcp
2307,on_track,stable,on time,30,8,phone,moderate,10.2,hcp
2308,lapsing,early,delayed,30,37,app,moderate,2.4,hcp
2309,on_track,stable,on time,30,18,app,low,3.8,hcp
2310,on_track,stable,on time,90,9,phone,low,4.0,direct_rx
2311,lapsed,stable,missed,90,272,phone,high,8.2,hcp
2312,on_track,stable,on time,30,14,app,low,11.6,hcp
2313,lapsing,early,delayed,30,38,phone,moderate,1.2,direct_rx
2314,on_track,stable,on time,30,4,app,moderate,4.0,hcp
2315,on_track,long_term,on time,30,8,none,low,31.1,direct_rx
2316,on_track,early,on time,30,13,phone,low,0.8,direct_rx
2317,on_track,long_term,on time,30,18,app,low,34.2,direct_rx
2318,on_track,long_term,on time,30,10,phone,moderate,19.7,transfer
2319,lapsing,early,delayed,60,87,app,moderate,1.6,direct_rx
2320,lapsing,long_term,delayed,30,35,phone,moderate,22.5,hcp
2321,lapsed,stable,missed,30,70,app,moderate,6.3,hcp
2322,on_track,stable,on time,30,6,none,moderate,10.1,transfer
2323,lapsed,early,missed,60,225,phone,moderate,2.2,direct_rx
2324,lapsed,stable,missed,30,51,app,high,11.7,direct_rx
2325,on_track,stable,on time,30,1,app,moderate,7.0,hcp
2326,on_track,stable,on time,60,23,app,moderate,5.2,hcp
2327,lapsing,long_term,delayed,60,90,app,moderate,34.1,direct_rx
2328,on_track,long_term,on time,30,24,app,low,33.8,hcp
2329,lapsed,stable,missed,30,68,app,high,11.4,hcp
2330,on_track,long_term,on time,90,28,app,low,30.3,transfer
2331,lapsing,long_term,delayed,60,80,app,moderate,28.0,direct_rx
2332,on_track,stable,on time,60,35,app,low,11.6,direct_rx
2333,lapsing,early,delayed,30,42,phone,high,2.8,transfer
2334,on_track,stable,on time,60,36,phone,low,10.2,hcp
2335,on_track,long_term,on time,30,17,app,low,21.2,hcp
2336,on_track,stable,on time,30,0,app,low,10.6,direct_rx
2337,lapsed,early,missed,60,103,app,high,2.5,hcp
2338,on_track,stable,on time,30,8,app,moderate,5.1,hcp
2339,on_track,stable,on time,60,45,app,low,11.2,direct_rx
2340,on_track,stable,on time,30,12,app,moderate,11.7,hcp
2341,lapsed,stable,missed,60,206,app,moderate,10.3,direct_rx
2342,on_track,stable,on time,30,24,phone,low,5.7,direct_rx
2343,on_track,stable,on time,30,14,app,low,8.1,direct_rx
2344,on_track,stable,on time,30,3,app,moderate,7.2,hcp
2345,on_track,long_term,on time,60,32,app,low,15.5,direct_rx
2346,on_track,long_term,on time,30,16,phone,moderate,22.3,direct_rx
2347,on_track,stable,on time,60,7,none,low,8.8,transfer
2348,on_track,long_term,on time,30,8,app,low,26.1,direct_rx
2349,on_track,long_term,on time,30,12,none,moderate,33.2,direct_rx
2350,on_track,stable,on time,30,22,phone,moderate,11.6,hcp
2351,lapsed,early,missed,60,231,app,high,0.2,direct_rx
2352,on_track,stable,on time,90,68,none,low,9.7,hcp
2353,lapsed,early,missed,30,64,phone,moderate,1.3,hcp
2354,on_track,long_term,on time,30,11,phone,low,20.5,transfer
2355,lapsing,early,delayed,90,110,app,high,1.8,direct_rx
2356,on_track,long_term,on time,90,55,app,moderate,12.6,direct_rx
2357,on_track,stable,on time,90,68,phone,low,10.3,direct_rx
2358,lapsing,long_term,delayed,60,84,phone,moderate,29.5,hcp
2359,on_track,stable,on time,30,10,app,low,11.8,transfer
2360,on_track,long_term,on time,30,12,app,moderate,24.5,direct_rx
2361,on_track,stable,on time,60,12,app,moderate,10.4,direct_rx
2362,on_track,stable,on time,30,3,none,moderate,6.7,hcp
2363,on_track,long_term,on time,90,22,app,low,17.7,direct_rx
2364,on_track,stable,on time,30,22,app,low,7.1,direct_rx
2365,lapsed,stable,missed,90,245,app,high,9.4,transfer
2366,on_track,stable,on time,60,46,app,moderate,9.3,transfer
2367,on_track,stable,on time,90,3,app,low,11.5,direct_rx
2368,on_track,long_term,on time,30,20,none,low,25.0,transfer
2369,lapsed,stable,missed,90,212,phone,high,10.1,hcp
2370,on_track,stable,on time,30,23,phone,moderate,10.5,direct_rx
2371,on_track,stable,on time,30,8,app,low,9.0,direct_rx
2372,on_track,stable,on time,30,12,app,moderate,5.5,direct_rx
2373,on_track,stable,on time,30,7,app,low,10.8,direct_rx
2374,on_track,stable,on time,30,18,app,low,9.2,hcp
2375,on_track,long_term,on time,30,23,app,low,34.9,direct_rx
2376,lapsing,long_term,delayed,30,31,app,moderate,12.3,direct_rx
2377,lapsing,early,delayed,60,91,app,moderate,1.4,hcp
2378,on_track,long_term,on time,30,12,app,moderate,14.5,hcp
2379,on_track,stable,on time,30,17,phone,low,10.4,transfer
2380,lapsing,early,delayed,60,89,app,moderate,1.6,direct_rx
2381,on_track,stable,on time,90,37,app,low,11.7,hcp
2382,on_track,stable,on time,60,8,none,moderate,9.8,direct_rx
2383,on_track,long_term,on time,30,22,app,low,34.6,direct_rx
2384,on_track,stable,on time,30,3,none,low,8.4,direct_rx
2385,lapsed,long_term,missed,60,148,app,high,15.9,transfer
2386,on_track,stable,on time,30,8,app,moderate,10.2,direct_rx
2387,on_track,stable,on time,60,13,none,moderate,5.4,hcp
2388,on_track,long_term,on time,30,10,phone,moderate,33.0,hcp
2389,lapsed,early,missed,60,219,app,high,2.5,hcp
2390,on_track,long_term,on time,60,26,none,low,23.6,transfer
2391,on_track,stable,on time,90,52,none,low,10.4,direct_rx
2392,on_track,stable,on time,90,21,phone,moderate,10.1,direct_rx
2393,lapsing,early,delayed,30,32,app,moderate,0.9,direct_rx
2394,on_track,stable,on time,90,30,app,low,11.6,hcp
2395,on_track,stable,on time,90,60,app,low,8.6,hcp
2396,on_track,long_term,on time,30,19,app,moderate,27.8,hcp
2397,lapsed,stable,missed,60,112,phone,high,11.7,transfer
2398,on_track,long_term,on time,60,41,app,low,33.1,direct_rx
2399,on_track,long_term,on time,30,16,app,low,26.7,direct_rx
2400,on_track,early,on time,90,20,app,moderate,2.4,hcp
2401,on_track,stable,on time,60,1,none,low,7.6,direct_rx
2402,on_track,stable,on time,30,13,phone,low,8.4,direct_rx
2403,lapsing,early,delayed,30,41,none,high,0.1,direct_rx
2404,lapsed,stable,missed,30,119,none,high,6.2,hcp
2405,on_track,stable,on time,90,55,none,low,9.6,direct_rx
2406,lapsed,early,missed,30,89,app,high,2.5,hcp
2407,on_track,early,on time,30,15,phone,low,0.6,transfer
2408,lapsing,early,delayed,30,35,phone,moderate,2.0,hcp
2409,on_track,long_term,on time,90,68,app,moderate,29.7,transfer
2410,on_track,stable,on time,90,42,app,low,8.7,direct_rx
2411,on_track,stable,on time,60,39,app,low,10.0,transfer
2412,lapsing,early,delayed,30,32,app,moderate,2.3,direct_rx
2413,on_track,stable,on time,60,35,none,moderate,10.0,transfer
2414,on_track,long_term,on time,30,1,none,low,24.3,direct_rx
2415,on_track,long_term,on time,90,55,phone,moderate,13.7,direct_rx
2416,on_track,long_term,on time,30,0,phone,moderate,28.4,direct_rx
2417,on_track,stable,on time,90,47,phone,moderate,6.0,direct_rx
2418,on_track,stable,on time,90,12,phone,low,10.2,hcp
2419,lapsing,stable,delayed,90,132,app,moderate,10.0,hcp
2420,on_track,stable,on time,30,4,none,low,5.4,hcp
2421,lapsed,long_term,missed,30,108,app,high,35.7,hcp
2422,lapsing,early,delayed,60,91,none,moderate,2.1,direct_rx
2423,on_track,long_term,on time,30,7,app,low,29.8,direct_rx
2424,on_track,stable,on time,30,0,app,low,11.2,direct_rx
2425,lapsed,early,missed,60,141,app,high,1.8,hcp
2426,on_track,stable,on time,30,6,phone,low,5.8,direct_rx
2427,on_track,long_term,on time,30,20,app,low,14.0,hcp
2428,on_track,long_term,on time,30,20,phone,moderate,35.0,hcp
2429,on_track,stable,on time,30,13,app,low,6.8,direct_rx
2430,lapsing,stable,delayed,30,35,none,moderate,6.8,hcp
2431,lapsed,early,missed,90,316,phone,moderate,1.8,hcp
2432,on_track,stable,on time,60,6,phone,low,5.8,transfer
2433,lapsing,early,delayed,30,34,app,moderate,1.1,transfer
2434,on_track,stable,on time,30,3,none,low,7.1,direct_rx
2435,on_track,stable,on time,90,56,phone,moderate,10.7,direct_rx
2436,on_track,stable,on time,30,24,none,low,8.6,transfer
2437,on_track,stable,on time,90,1,phone,low,4.1,transfer
2438,on_track,long_term,on time,60,43,phone,low,17.2,transfer
2439,on_track,long_term,on time,30,7,app,low,12.6,direct_rx
2440,lapsing,early,delayed,30,46,none,moderate,2.6,hcp
2441,on_track,early,on time,60,41,app,low,2.6,direct_rx
2442,on_track,long_term,on time,30,10,none,low,21.8,direct_rx
2443,on_track,long_term,on time,30,9,app,moderate,24.6,transfer
2444,on_track,long_term,on time,30,11,app,low,18.9,direct_rx
2445,on_track,stable,on time,60,24,phone,low,9.5,direct_rx
2446,lapsed,long_term,missed,30,89,none,high,31.2,direct_rx
2447,on_track,stable,on time,60,15,app,low,8.9,hcp
2448,on_track,stable,on time,60,23,app,moderate,11.2,hcp
2449,lapsed,early,missed,30,110,none,high,2.5,direct_rx
2450,on_track,long_term,on time,60,6,app,low,32.6,transfer
2451,lapsing,early,delayed,90,116,phone,moderate,2.6,direct_rx
2452,lapsed,early,missed,90,350,app,high,2.0,hcp
2453,lapsing,long_term,delayed,90,137,none,moderate,23.2,direct_rx
2454,on_track,stable,on time,30,14,app,moderate,7.3,direct_rx
2455,on_track,stable,on time,60,19,phone,low,8.9,direct_rx
2456,on_track,stable,on time,30,10,app,moderate,4.9,hcp
2457,on_track,stable,on time,30,21,none,moderate,9.6,direct_rx
2458,on_track,early,on time,30,2,none,low,1.8,direct_rx
2459,on_track,stable,on time,30,19,phone,low,10.4,hcp
2460,lapsing,long_term,delayed,30,44,phone,high,21.6,hcp
2461,lapsing,stable,delayed,30,44,phone,moderate,10.1,direct_rx
2462,lapsed,stable,missed,30,116,phone,high,4.4,hcp
2463,on_track,long_term,on time,30,17,none,low,29.6,transfer
2464,lapsing,long_term,delayed,30,35,app,high,35.1,transfer
2465,on_track,stable,on time,90,15,app,moderate,6.7,hcp
2466,on_track,stable,on time,30,3,none,low,9.6,direct_rx
2467,on_track,stable,on time,90,55,phone,low,8.0,direct_rx
2468,on_track,stable,on time,60,11,app,low,7.2,hcp
2469,lapsed,stable,missed,30,96,app,high,5.5,hcp
2470,on_track,long_term,on time,30,19,phone,low,14.0,direct_rx
2471,on_track,stable,on time,60,16,app,low,9.5,transfer
2472,lapsing,stable,delayed,30,33,phone,moderate,11.3,direct_rx
2473,lapsing,early,delayed,60,77,phone,high,2.6,hcp
2474,on_track,stable,on time,90,60,phone,low,5.8,direct_rx
2475,on_track,early,on time,30,17,phone,moderate,1.4,transfer
2476,lapsed,stable,missed,60,177,phone,moderate,7.3,transfer
2477,on_track,early,on time,60,21,app,moderate,0.8,direct_rx
2478,on_track,early,on time,60,29,phone,moderate,2.6,direct_rx
2479,lapsing,early,delayed,90,131,app,high,2.4,hcp
2480,on_track,stable,on time,30,17,phone,moderate,3.1,hcp
2481,lapsing,early,delayed,90,101,app,moderate,2.3,direct_rx
2482,lapsing,early,delayed,30,41,app,high,1.7,transfer
2483,on_track,long_term,on time,30,16,phone,moderate,16.1,transfer
2484,on_track,early,on time,30,23,app,low,2.8,direct_rx
2485,on_track,stable,on time,30,8,none,low,9.4,direct_rx
2486,lapsing,early,delayed,30,42,app,high,1.3,hcp
2487,on_track,stable,on time,30,16,app,moderate,7.0,direct_rx
2488,lapsing,early,delayed,30,48,phone,moderate,0.8,hcp
2489,lapsed,early,missed,30,67,app,high,2.1,hcp
2490,on_track,stable,on time,30,15,app,low,6.4,hcp
2491,on_track,stable,on time,60,7,none,low,4.6,hcp
2492,on_track,stable,on time,90,24,none,moderate,3.9,direct_rx
2493,lapsing,early,delayed,30,34,phone,moderate,1.3,direct_rx
2494,on_track,stable,on time,30,12,none,low,11.4,transfer
2495,lapsed,stable,missed,60,105,app,moderate,11.6,direct_rx
2496,lapsing,early,delayed,30,44,phone,moderate,1.1,direct_rx
2497,on_track,long_term,on time,30,6,app,moderate,22.2,direct_rx
2498,on_track,stable,on time,30,4,app,low,10.4,hcp
2499,on_track,long_term,on time,60,31,phone,low,35.5,hcp
2500,on_track,long_term,on time,90,70,none,low,25.8,hcp
2501,on_track,stable,on time,90,38,phone,low,9.7,direct_rx
2502,on_track,long_term,on time,30,3,app,moderate,18.7,direct_rx
2503,on_track,long_term,on time,90,13,app,low,31.7,direct_rx
2504,lapsed,stable,missed,30,97,app,high,4.2,direct_rx
2505,on_track,long_term,on time,30,4,app,low,25.6,direct_rx
2506,on_track,stable,on time,90,1,app,low,6.5,transfer
2507,on_track,stable,on time,30,14,phone,low,9.1,hcp
2508,on_track,stable,on time,30,22,app,low,4.2,direct_rx
2509,lapsing,early,delayed,60,75,phone,high,0.9,direct_rx
2510,on_track,long_term,on time,60,26,phone,moderate,17.5,direct_rx
2511,on_track,long_term,on time,30,11,app,low,16.8,direct_rx
2512,lapsing,stable,delayed,60,89,app,moderate,7.9,direct_rx
2513,on_track,long_term,on time,30,6,app,moderate,28.6,direct_rx
2514,on_track,stable,on time,30,12,phone,moderate,8.9,hcp
2515,on_track,long_term,on time,30,1,app,low,31.2,hcp
2516,on_track,stable,on time,60,8,app,moderate,11.1,transfer
2517,lapsed,early,missed,60,132,phone,high,1.8,hcp
2518,lapsing,early,delayed,90,129,none,high,1.7,hcp
2519,lapsed,early,missed,90,189,phone,moderate,2.4,direct_rx
2520,on_track,long_term,on time,60,40,app,moderate,32.7,direct_rx
2521,on_track,stable,on time,30,12,none,low,4.8,direct_rx
2522,on_track,long_term,on time,30,5,app,low,21.1,direct_rx
2523,on_track,long_term,on time,30,8,phone,moderate,23.4,direct_rx
2524,lapsed,stable,missed,30,61,phone,high,6.1,direct_rx
2525,lapsing,early,delayed,60,60,app,high,2.7,direct_rx
2526,lapsing,early,delayed,90,107,none,moderate,2.4,direct_rx
2527,on_track,stable,on time,60,3,app,low,11.1,direct_rx
2528,on_track,long_term,on time,30,17,none,low,21.8,direct_rx
2529,on_track,early,on time,60,21,none,low,1.7,transfer
2530,lapsing,long_term,delayed,60,87,app,high,21.1,direct_rx
2531,on_track,long_term,on time,30,14,app,moderate,32.9,hcp
2532,lapsed,early,missed,60,173,app,moderate,1.9,direct_rx
2533,on_track,long_term,on time,30,16,phone,low,34.3,hcp
2534,lapsed,stable,missed,30,56,phone,high,9.9,direct_rx
2535,on_track,long_term,on time,90,38,none,moderate,30.7,direct_rx
2536,on_track,early,on time,30,2,none,moderate,0.5,direct_rx
2537,on_track,stable,on time,30,2,phone,low,11.0,direct_rx
2538,on_track,stable,on time,60,23,phone,low,10.9,transfer
2539,lapsing,stable,delayed,30,43,phone,moderate,4.5,hcp
2540,on_track,stable,on time,60,46,app,low,9.0,hcp
2541,lapsing,early,delayed,60,76,app,high,2.8,transfer
2542,on_track,stable,on time,30,4,phone,low,11.0,direct_rx
2543,on_track,long_term,on time,30,9,phone,low,27.2,direct_rx
2544,lapsing,early,delayed,30,44,phone,moderate,0.8,transfer
2545,on_track,long_term,on time,60,43,app,low,26.2,direct_rx
2546,lapsed,long_term,missed,30,108,app,high,21.5,hcp
2547,on_track,stable,on time,30,14,app,moderate,5.1,direct_rx
2548,lapsing,stable,delayed,90,144,phone,moderate,10.6,direct_rx
2549,lapsing,early,delayed,30,44,none,moderate,2.3,direct_rx
2550,on_track,early,on time,30,16,app,moderate,1.5,direct_rx
2551,on_track,early,on time,30,5,app,moderate,2.3,direct_rx
2552,lapsed,early,missed,60,211,app,high,2.7,hcp
2553,lapsing,early,delayed,90,132,phone,high,0.0,transfer
2554,on_track,early,on time,30,24,app,low,2.5,direct_rx
2555,on_track,stable,on time,90,47,app,moderate,11.9,direct_rx
2556,lapsed,early,missed,30,57,app,high,2.4,direct_rx
2557,on_track,stable,on time,30,21,none,moderate,8.5,direct_rx
2558,lapsing,long_term,delayed,30,47,phone,moderate,13.6,transfer
2559,lapsed,early,missed,30,97,app,high,2.3,transfer
2560,on_track,stable,on time,30,14,phone,low,7.8,direct_rx
2561,on_track,long_term,on time,30,22,none,moderate,29.9,hcp
2562,lapsed,early,missed,30,118,phone,high,1.9,direct_rx
2563,on_track,stable,on time,60,4,phone,moderate,10.9,direct_rx
2564,lapsing,early,delayed,30,36,none,moderate,1.0,direct_rx
2565,lapsing,early,delayed,30,41,app,high,0.9,hcp
2566,lapsed,stable,missed,90,165,phone,moderate,7.3,transfer
2567,on_track,stable,on time,30,10,app,low,9.1,transfer
2568,on_track,stable,on time,30,17,app,low,11.1,direct_rx
2569,on_track,stable,on time,30,23,phone,moderate,9.6,transfer
2570,lapsing,long_term,delayed,30,32,none,moderate,30.9,direct_rx
2571,lapsing,early,delayed,30,38,none,moderate,1.5,direct_rx
2572,on_track,stable,on time,30,2,none,moderate,8.3,direct_rx
2573,on_track,long_term,on time,30,23,phone,low,23.6,direct_rx
2574,on_track,stable,on time,60,39,none,moderate,5.8,direct_rx
2575,lapsing,stable,delayed,90,115,none,moderate,11.8,direct_rx
2576,on_track,stable,on time,30,1,app,moderate,6.8,hcp
2577,lapsing,early,delayed,60,87,phone,moderate,1.8,transfer
2578,on_track,stable,on time,90,7,app,moderate,11.1,direct_rx
2579,on_track,stable,on time,30,17,app,low,9.9,hcp
2580,lapsing,early,delayed,30,41,phone,high,0.1,hcp
2581,on_track,long_term,on time,30,21,app,low,21.3,hcp
2582,lapsed,early,missed,30,56,none,high,1.7,transfer
2583,on_track,stable,on time,60,48,app,low,9.1,direct_rx
2584,on_track,stable,on time,60,11,app,low,6.1,transfer
2585,on_track,long_term,on time,60,4,none,low,22.8,hcp
2586,on_track,stable,on time,90,29,phone,low,8.7,direct_rx
2587,lapsed,stable,missed,30,101,app,moderate,8.6,direct_rx
2588,on_track,long_term,on time,30,19,none,moderate,24.5,transfer
2589,on_track,long_term,on time,30,9,phone,low,13.8,hcp
2590,lapsed,early,missed,90,232,phone,high,2.1,hcp
2591,lapsed,early,missed,30,93,phone,moderate,2.8,direct_rx
2592,on_track,early,on time,30,24,phone,low,0.8,hcp
2593,on_track,stable,on time,30,24,phone,moderate,7.2,direct_rx
2594,on_track,stable,on time,30,18,phone,low,9.1,direct_rx
2595,lapsing,early,delayed,30,34,app,moderate,1.9,transfer
2596,lapsed,stable,missed,60,127,app,high,10.8,hcp
2597,on_track,stable,on time,90,63,phone,low,8.3,direct_rx
2598,on_track,long_term,on time,30,11,none,low,20.6,transfer
2599,on_track,long_term,on time,90,35,app,low,28.5,direct_rx
2600,lapsed,early,missed,30,70,app,high,0.9,hcp
2601,on_track,long_term,on time,30,7,phone,moderate,15.8,direct_rx
2602,on_track,stable,on time,30,23,app,moderate,7.2,transfer
2603,on_track,long_term,on time,30,7,phone,moderate,24.8,hcp
2604,lapsing,stable,delayed,60,70,app,high,10.9,hcp
2605,lapsing,stable,delayed,90,142,phone,high,10.5,hcp
2606,on_track,stable,on time,30,5,app,moderate,9.4,direct_rx
2607,on_track,stable,on time,90,42,phone,low,9.9,direct_rx
2608,on_track,stable,on time,30,24,none,low,3.6,direct_rx
2609,on_track,stable,on time,30,3,none,low,11.0,direct_rx
2610,lapsed,early,missed,30,85,phone,moderate,2.3,transfer
2611,on_track,long_term,on time,30,3,phone,moderate,33.4,direct_rx
2612,lapsing,early,delayed,30,39,app,moderate,1.3,hcp
2613,lapsed,early,missed,60,137,phone,high,0.1,transfer
2614,on_track,stable,on time,60,16,phone,low,11.6,hcp
2615,on_track,stable,on time,30,10,app,low,7.4,hcp
2616,on_track,stable,on time,90,21,app,moderate,6.1,direct_rx
2617,on_track,long_term,on time,30,22,phone,low,31.9,direct_rx
2618,lapsed,stable,missed,30,68,app,high,11.0,direct_rx
2619,lapsed,early,missed,30,94,phone,moderate,2.9,hcp
2620,on_track,long_term,on time,30,3,none,low,34.7,hcp
2621,lapsing,early,delayed,30,33,app,moderate,2.5,hcp
2622,on_track,stable,on time,60,30,app,low,4.9,transfer
2623,lapsing,early,delayed,60,87,none,moderate,2.5,hcp
2624,on_track,long_term,on time,30,5,app,low,27.6,hcp
2625,on_track,early,on time,30,17,phone,low,0.9,transfer
2626,on_track,stable,on time,60,21,phone,low,6.4,direct_rx
2627,on_track,stable,on time,60,41,phone,low,3.1,direct_rx
2628,lapsing,long_term,delayed,30,34,app,moderate,15.0,direct_rx
2629,on_track,long_term,on time,30,23,none,low,25.4,direct_rx
2630,on_track,stable,on time,30,8,app,moderate,11.0,transfer
2631,on_track,long_term,on time,30,5,app,moderate,14.6,direct_rx
2632,on_track,stable,on time,30,18,none,moderate,8.2,direct_rx
2633,on_track,stable,on time,30,8,phone,low,10.6,direct_rx
2634,lapsed,stable,missed,30,59,app,moderate,8.7,hcp
2635,on_track,stable,on time,30,4,app,low,9.1,direct_rx
2636,on_track,stable,on time,30,14,phone,low,4.3,hcp
2637,lapsed,long_term,missed,60,106,app,moderate,27.7,hcp
2638,lapsed,early,missed,30,114,app,high,0.4,direct_rx
2639,on_track,early,on time,60,13,none,low,0.2,hcp
2640,on_track,stable,on time,30,3,phone,moderate,8.0,direct_rx
2641,lapsed,long_term,missed,90,326,phone,high,28.9,direct_rx
2642,on_track,long_term,on time,30,16,app,low,32.4,direct_rx
2643,on_track,stable,on time,30,8,phone,moderate,10.0,hcp
2644,lapsing,early,delayed,90,94,app,high,1.9,direct_rx
2645,on_track,long_term,on time,30,0,phone,moderate,12.8,direct_rx
2646,on_track,stable,on time,30,11,phone,low,10.8,transfer
2647,lapsed,early,missed,30,61,app,high,0.1,hcp
2648,on_track,stable,on time,90,38,app,moderate,4.8,transfer
2649,lapsed,early,missed,60,187,phone,moderate,0.7,direct_rx
2650,lapsed,stable,missed,90,193,phone,moderate,10.9,direct_rx
2651,on_track,long_term,on time,60,0,none,moderate,14.8,direct_rx
2652,lapsing,long_term,delayed,60,84,none,moderate,27.6,direct_rx
2653,on_track,stable,on time,30,17,app,low,10.1,direct_rx
2654,on_track,stable,on time,30,6,phone,low,11.7,hcp
2655,lapsed,early,missed,30,70,phone,high,1.8,direct_rx
2656,lapsing,early,delayed,30,33,none,moderate,0.9,transfer
2657,on_track,early,on time,60,10,phone,low,2.6,hcp
2658,on_track,long_term,on time,30,9,app,low,24.6,direct_rx
2659,lapsing,early,delayed,30,41,phone,high,3.0,hcp
2660,lapsing,stable,delayed,60,77,phone,moderate,11.2,hcp
2661,on_track,long_term,on time,30,21,app,moderate,29.7,direct_rx
2662,on_track,stable,on time,30,10,phone,low,6.9,direct_rx
2663,on_track,stable,on time,90,14,app,low,8.4,hcp
2664,on_track,stable,on time,90,49,app,moderate,3.3,direct_rx
2665,lapsing,early,delayed,90,113,phone,high,1.5,hcp
2666,on_track,long_term,on time,60,17,none,low,27.7,hcp
2667,lapsed,early,missed,90,262,app,high,2.4,transfer
2668,on_track,stable,on time,30,20,phone,low,8.3,hcp
2669,on_track,long_term,on time,30,6,none,low,24.7,hcp
2670,lapsed,early,missed,30,98,phone,moderate,2.9,direct_rx
2671,lapsing,early,delayed,30,41,phone,moderate,2.0,hcp
2672,on_track,long_term,on time,30,4,app,low,25.9,direct_rx
2673,on_track,long_term,on time,90,5,none,low,20.2,transfer
2674,on_track,stable,on time,90,34,phone,low,7.2,direct_rx
2675,lapsing,stable,delayed,30,38,app,moderate,11.4,transfer
2676,lapsed,early,missed,90,272,phone,high,2.6,transfer
2677,on_track,long_term,on time,60,10,app,low,26.1,transfer
2678,on_track,stable,on time,30,0,phone,moderate,11.8,direct_rx
2679,on_track,early,on time,60,13,none,low,0.7,direct_rx
2680,on_track,long_term,on time,30,16,app,low,25.3,transfer
2681,on_track,long_term,on time,90,71,app,moderate,30.5,hcp
2682,on_track,long_term,on time,60,23,app,moderate,19.9,direct_rx
2683,on_track,stable,on time,30,22,none,low,5.1,direct_rx
2684,lapsing,early,delayed,60,81,phone,moderate,2.3,direct_rx
2685,on_track,stable,on time,90,11,app,low,11.1,hcp
2686,lapsing,early,delayed,30,43,app,high,2.1,transfer
2687,on_track,stable,on time,30,19,phone,low,4.4,direct_rx
2688,on_track,long_term,on time,30,1,none,moderate,23.1,hcp
2689,on_track,early,on time,90,30,phone,low,1.2,direct_rx
2690,lapsing,early,delayed,30,41,phone,high,0.2,direct_rx
2691,lapsed,stable,missed,30,57,app,high,9.1,hcp
2692,lapsed,early,missed,60,177,phone,high,2.7,direct_rx
2693,on_track,stable,on time,30,9,app,low,10.8,direct_rx
2694,on_track,stable,on time,30,3,none,moderate,5.9,direct_rx
2695,on_track,stable,on time,30,9,app,low,6.6,direct_rx
2696,lapsing,early,delayed,30,37,app,high,2.7,direct_rx
2697,lapsed,long_term,missed,60,157,app,moderate,16.1,direct_rx
2698,on_track,stable,on time,90,59,phone,low,4.1,direct_rx
2699,lapsing,early,delayed,30,33,app,moderate,1.8,hcp
2700,on_track,stable,on time,30,11,phone,low,8.1,hcp
2701,on_track,stable,on time,90,41,phone,low,9.6,direct_rx
2702,on_track,long_term,on time,30,13,app,moderate,14.3,hcp
2703,on_track,stable,on time,30,10,app,low,11.7,hcp
2704,lapsing,stable,delayed,60,78,phone,moderate,10.9,hcp
2705,on_track,stable,on time,90,68,phone,moderate,9.1,direct_rx
2706,lapsing,long_term,delayed,30,37,phone,moderate,20.3,direct_rx
2707,on_track,stable,on time,90,70,none,moderate,8.9,direct_rx
2708,on_track,long_term,on time,30,12,app,moderate,23.4,direct_rx
2709,lapsing,long_term,delayed,30,42,phone,high,26.5,hcp
2710,lapsing,stable,delayed,30,33,none,high,5.9,transfer
2711,lapsed,long_term,missed,60,173,app,high,29.8,direct_rx
2712,lapsing,early,delayed,30,40,phone,moderate,0.2,hcp
2713,on_track,stable,on time,30,3,phone,low,11.6,hcp
2714,on_track,early,on time,30,16,app,low,0.5,hcp
2715,lapsed,stable,missed,90,272,app,moderate,3.8,direct_rx
2716,on_track,early,on time,60,35,none,low,1.6,direct_rx
2717,on_track,stable,on time,30,24,app,moderate,11.6,direct_rx
2718,on_track,stable,on time,60,28,phone,low,11.2,direct_rx
2719,lapsing,early,delayed,90,125,phone,moderate,2.8,hcp
2720,lapsed,stable,missed,30,91,app,high,5.9,hcp
2721,on_track,long_term,on time,30,24,phone,moderate,23.5,hcp
2722,on_track,long_term,on time,60,38,app,low,23.7,direct_rx
2723,on_track,stable,on time,30,5,app,low,5.5,hcp
2724,lapsed,early,missed,30,79,phone,high,1.8,hcp
2725,lapsed,early,missed,30,85,app,high,2.1,transfer
2726,lapsing,stable,delayed,90,120,phone,moderate,11.8,direct_rx
2727,lapsed,early,missed,30,118,none,high,1.8,transfer
2728,on_track,stable,on time,60,31,phone,low,7.5,direct_rx
2729,on_track,stable,on time,60,37,app,moderate,9.0,hcp
2730,lapsed,stable,missed,90,295,phone,moderate,4.5,direct_rx
2731,on_track,stable,on time,30,17,none,low,4.3,transfer
2732,lapsing,long_term,delayed,30,43,app,moderate,15.6,hcp
2733,lapsing,stable,delayed,30,46,phone,moderate,8.3,hcp
2734,on_track,early,on time,30,18,app,low,1.9,direct_rx
2735,on_track,long_term,on time,30,19,phone,low,21.4,transfer
2736,lapsing,early,delayed,30,44,none,moderate,2.3,hcp
2737,on_track,stable,on time,30,1,app,low,7.7,direct_rx
2738,lapsing,early,delayed,30,40,phone,high,0.5,hcp
2739,on_track,stable,on time,60,9,phone,low,7.3,direct_rx
2740,lapsed,long_term,missed,60,128,app,high,27.7,direct_rx
2741,on_track,long_term,on time,30,20,app,low,20.5,direct_rx
2742,on_track,long_term,on time,90,69,app,moderate,19.0,direct_rx
2743,lapsing,early,delayed,30,34,phone,moderate,1.8,hcp
2744,lapsed,early,missed,30,109,phone,high,2.7,direct_rx
2745,on_track,stable,on time,60,5,none,low,9.2,hcp
2746,lapsing,early,delayed,30,31,none,moderate,2.4,direct_rx
2747,lapsing,stable,delayed,60,94,phone,moderate,9.4,direct_rx
2748,on_track,early,on time,30,21,none,moderate,1.1,direct_rx
2749,lapsed,early,missed,30,58,app,high,2.8,hcp
2750,on_track,long_term,on time,30,19,app,low,23.7,hcp
2751,on_track,stable,on time,30,3,app,low,6.3,direct_rx
2752,on_track,stable,on time,60,18,app,low,11.9,transfer
2753,on_track,stable,on time,90,27,app,low,6.5,hcp
2754,on_track,long_term,on time,90,67,none,low,19.0,direct_rx
2755,lapsing,stable,delayed,90,123,app,moderate,6.8,direct_rx
2756,on_track,stable,on time,30,19,app,low,8.4,direct_rx
2757,on_track,long_term,on time,90,50,app,moderate,22.8,hcp
2758,lapsing,early,delayed,30,30,phone,high,2.9,hcp
2759,on_track,stable,on time,30,4,app,moderate,11.8,transfer
2760,lapsed,early,missed,30,61,app,moderate,0.9,hcp
2761,lapsing,early,delayed,30,43,app,high,0.8,hcp
2762,on_track,early,on time,90,64,none,low,1.2,direct_rx
2763,lapsing,stable,delayed,90,115,app,moderate,7.1,direct_rx
2764,on_track,stable,on time,30,24,app,moderate,3.5,direct_rx
2765,on_track,stable,on time,60,1,app,low,10.7,direct_rx
2766,on_track,stable,on time,90,60,none,moderate,8.9,hcp
2767,on_track,stable,on time,60,4,app,low,11.8,direct_rx
2768,lapsed,early,missed,90,206,app,high,2.7,direct_rx
2769,lapsing,early,delayed,90,103,phone,moderate,2.6,direct_rx
2770,lapsed,early,missed,30,117,phone,high,1.9,direct_rx
2771,lapsing,stable,delayed,30,44,app,moderate,11.0,transfer
2772,on_track,long_term,on time,30,21,phone,low,19.9,direct_rx
2773,on_track,stable,on time,60,14,none,moderate,5.9,direct_rx
2774,lapsing,early,delayed,60,69,phone,high,0.9,direct_rx
2775,on_track,long_term,on time,60,23,app,low,13.0,direct_rx
2776,on_track,early,on time,60,9,phone,low,2.5,direct_rx
2777,on_track,stable,on time,30,1,app,moderate,5.1,direct_rx
2778,on_track,long_term,on time,60,15,none,low,20.3,transfer
2779,on_track,long_term,on time,90,47,app,low,32.6,transfer
2780,on_track,early,on time,30,11,app,moderate,0.5,direct_rx
2781,lapsing,early,delayed,30,31,phone,moderate,1.8,hcp
2782,lapsing,early,delayed,90,105,app,moderate,0.1,direct_rx
2783,on_track,long_term,on time,30,22,phone,low,28.1,hcp
2784,lapsed,early,missed,60,209,none,moderate,0.7,hcp
2785,lapsing,stable,delayed,90,112,none,moderate,6.9,hcp
2786,on_track,long_term,on time,60,3,app,moderate,34.2,direct_rx
2787,on_track,long_term,on time,30,23,none,moderate,14.4,transfer
2788,on_track,long_term,on time,60,24,app,low,35.2,direct_rx
2789,on_track,long_term,on time,90,70,app,low,28.6,transfer
2790,on_track,stable,on time,30,0,none,moderate,9.6,hcp
2791,lapsing,stable,delayed,90,129,phone,high,10.8,direct_rx
2792,on_track,early,on time,30,3,app,low,2.8,hcp
2793,lapsing,long_term,delayed,30,35,phone,high,32.3,transfer
2794,on_track,early,on time,30,17,app,low,0.7,direct_rx
2795,on_track,long_term,on time,30,16,none,low,13.7,hcp
2796,on_track,long_term,on time,30,17,none,low,25.3,direct_rx
2797,on_track,stable,on time,60,40,phone,low,6.2,direct_rx
2798,on_track,early,on time,90,30,app,moderate,2.2,direct_rx
2799,lapsing,stable,delayed,30,37,phone,high,3.8,direct_rx
2800,lapsing,early,delayed,30,34,app,moderate,0.2,hcp
2801,on_track,stable,on time,30,15,phone,moderate,9.9,direct_rx
2802,on_track,early,on time,30,1,phone,moderate,1.4,direct_rx
2803,on_track,long_term,on time,90,29,app,moderate,27.8,direct_rx
2804,lapsing,early,delayed,30,47,app,moderate,0.5,direct_rx
2805,on_track,stable,on time,30,6,none,low,6.0,direct_rx
2806,on_track,long_term,on time,30,4,app,low,21.8,hcp
2807,on_track,stable,on time,60,17,none,low,4.7,hcp
2808,on_track,early,on time,30,15,app,low,0.8,hcp
2809,on_track,early,on time,30,12,phone,low,2.7,direct_rx
2810,on_track,long_term,on time,90,2,phone,moderate,15.9,hcp
2811,on_track,long_term,on time,60,1,app,low,20.3,transfer
2812,on_track,long_term,on time,90,37,phone,low,19.5,transfer
2813,on_track,stable,on time,30,1,app,low,9.9,hcp
2814,on_track,long_term,on time,90,52,none,low,25.4,hcp
2815,on_track,stable,on time,30,13,app,low,8.8,direct_rx
2816,on_track,long_term,on time,90,24,phone,moderate,34.1,direct_rx
2817,on_track,stable,on time,30,20,app,moderate,7.4,direct_rx
2818,on_track,long_term,on time,60,13,app,low,35.3,hcp
2819,on_track,stable,on time,60,48,phone,low,8.0,hcp
2820,lapsing,long_term,delayed,90,101,phone,high,14.6,direct_rx
2821,lapsed,stable,missed,30,79,app,high,10.4,hcp
2822,lapsing,long_term,delayed,30,45,app,moderate,22.8,transfer
2823,on_track,stable,on time,30,5,none,low,11.2,direct_rx
2824,on_track,stable,on time,60,41,none,moderate,6.4,direct_rx
2825,lapsing,early,delayed,90,134,app,moderate,2.0,hcp
2826,on_track,stable,on time,60,36,app,low,9.2,direct_rx
2827,on_track,stable,on time,30,10,phone,moderate,10.7,hcp
2828,on_track,stable,on time,90,55,app,moderate,10.7,direct_rx
2829,lapsing,early,delayed,30,44,app,high,2.0,hcp
2830,on_track,stable,on time,60,36,phone,moderate,8.4,direct_rx
2831,on_track,long_term,on time,90,31,phone,moderate,22.2,direct_rx
2832,on_track,long_term,on time,90,6,phone,low,31.0,direct_rx
2833,on_track,stable,on time,30,1,none,low,9.7,hcp
2834,lapsed,long_term,missed,60,143,app,high,32.1,hcp
2835,on_track,stable,on time,30,22,none,low,4.0,transfer
2836,on_track,stable,on time,30,24,phone,low,6.9,direct_rx
2837,on_track,stable,on time,30,17,app,low,11.9,hcp
2838,on_track,long_term,on time,60,2,app,low,19.8,direct_rx
2839,on_track,stable,on time,90,58,app,moderate,11.2,hcp
2840,on_track,stable,on time,60,24,app,moderate,4.3,hcp
2841,lapsing,early,delayed,90,95,app,moderate,0.4,transfer
2842,lapsing,early,delayed,30,43,app,high,2.5,hcp
2843,on_track,stable,on time,30,12,none,low,9.9,direct_rx
2844,lapsed,early,missed,30,74,app,high,2.7,direct_rx
2845,on_track,stable,on time,90,3,app,low,10.9,direct_rx
2846,lapsed,early,missed,60,165,phone,high,0.6,direct_rx
2847,on_track,stable,on time,30,12,app,low,3.9,hcp
2848,lapsed,long_term,missed,90,179,phone,moderate,20.9,direct_rx
2849,lapsing,early,delayed,60,63,phone,moderate,1.9,direct_rx
2850,lapsing,stable,delayed,30,33,none,moderate,4.9,direct_rx
2851,on_track,stable,on time,90,55,app,low,9.6,direct_rx
2852,on_track,stable,on time,30,0,phone,moderate,6.4,direct_rx
2853,on_track,stable,on time,30,11,phone,moderate,9.3,direct_rx
2854,lapsing,early,delayed,30,46,phone,moderate,0.7,transfer
2855,on_track,stable,on time,90,3,app,low,9.6,direct_rx
2856,on_track,stable,on time,90,18,phone,low,4.2,hcp
2857,on_track,long_term,on time,30,8,app,low,12.9,hcp
2858,on_track,stable,on time,30,23,phone,low,8.2,hcp
2859,on_track,stable,on time,60,34,phone,low,10.1,hcp
2860,on_track,long_term,on time,30,15,app,low,18.7,hcp
2861,on_track,long_term,on time,30,4,app,moderate,18.4,hcp
2862,lapsed,early,missed,90,190,phone,high,1.3,direct_rx
2863,lapsed,long_term,missed,60,165,phone,high,27.1,hcp
2864,on_track,early,on time,30,15,app,moderate,2.7,direct_rx
2865,on_track,stable,on time,60,30,app,low,10.4,transfer
2866,on_track,long_term,on time,90,0,phone,moderate,27.6,hcp
2867,on_track,long_term,on time,90,28,app,low,23.5,hcp
2868,on_track,early,on time,30,22,phone,low,0.5,direct_rx
2869,lapsed,early,missed,60,191,app,moderate,0.2,transfer
2870,on_track,long_term,on time,90,37,app,moderate,32.2,transfer
2871,on_track,early,on time,30,14,none,low,2.5,direct_rx
2872,on_track,stable,on time,30,8,phone,low,6.1,transfer
2873,on_track,long_term,on time,90,11,app,low,25.7,direct_rx
2874,lapsing,early,delayed,30,41,phone,moderate,2.1,direct_rx
2875,lapsed,early,missed,30,91,app,moderate,2.8,direct_rx
2876,on_track,long_term,on time,30,22,app,low,33.3,direct_rx
2877,lapsed,stable,missed,30,113,phone,high,11.9,hcp
2878,on_track,early,on time,30,11,none,moderate,0.3,hcp
2879,on_track,stable,on time,90,9,app,low,7.2,hcp
2880,lapsed,stable,missed,90,166,phone,moderate,7.8,direct_rx
2881,on_track,long_term,on time,30,8,app,low,21.6,direct_rx
2882,on_track,stable,on time,30,16,none,low,4.7,hcp
2883,lapsing,early,delayed,30,42,app,high,2.2,direct_rx
2884,lapsing,early,delayed,30,31,app,high,0.3,hcp
2885,on_track,stable,on time,30,14,phone,low,11.0,hcp
2886,lapsing,early,delayed,30,45,app,moderate,1.4,direct_rx
2887,on_track,stable,on time,60,23,app,low,9.5,hcp
2888,on_track,long_term,on time,30,4,phone,moderate,21.4,hcp
2889,on_track,stable,on time,30,10,app,moderate,8.7,direct_rx
2890,on_track,stable,on time,30,7,phone,low,9.0,direct_rx
2891,on_track,stable,on time,60,37,none,low,5.5,direct_rx
2892,lapsing,early,delayed,30,44,phone,high,3.0,direct_rx
2893,on_track,long_term,on time,30,17,phone,moderate,16.9,direct_rx
2894,on_track,stable,on time,30,1,app,low,8.2,hcp
2895,on_track,stable,on time,30,11,phone,moderate,8.6,hcp
2896,on_track,stable,on time,30,9,app,low,9.4,hcp
2897,on_track,stable,on time,30,16,phone,low,11.4,transfer
2898,lapsing,early,delayed,90,141,phone,moderate,2.2,hcp
2899,on_track,stable,on time,30,1,none,low,7.8,direct_rx
2900,on_track,stable,on time,90,67,app,moderate,9.6,hcp
2901,on_track,stable,on time,90,56,phone,low,9.9,direct_rx
2902,lapsed,stable,missed,90,309,app,high,11.3,direct_rx
2903,lapsed,stable,missed,60,220,app,high,5.0,transfer
2904,on_track,stable,on time,30,11,none,moderate,11.1,hcp
2905,on_track,long_term,on time,90,35,app,low,30.1,hcp
2906,on_track,stable,on time,90,41,app,low,8.8,transfer
2907,on_track,long_term,on time,30,17,phone,low,23.6,direct_rx
2908,on_track,stable,on time,60,33,phone,moderate,5.4,transfer
2909,on_track,long_term,on time,30,3,phone,low,15.4,hcp
2910,on_track,early,on time,30,6,phone,moderate,1.6,transfer
2911,on_track,early,on time,90,47,app,moderate,2.3,transfer
2912,on_track,stable,on time,30,0,none,moderate,7.5,direct_rx
2913,on_track,stable,on time,30,12,none,low,9.5,hcp
2914,on_track,stable,on time,30,1,app,moderate,3.2,transfer
2915,on_track,stable,on time,60,17,none,low,3.6,direct_rx
2916,on_track,early,on time,30,19,app,low,2.2,direct_rx
2917,lapsing,early,delayed,60,69,phone,high,1.6,hcp
2918,lapsing,early,delayed,30,44,app,moderate,0.9,transfer
2919,on_track,stable,on time,90,49,app,low,7.6,direct_rx
2920,lapsed,stable,missed,60,159,phone,high,11.5,direct_rx
2921,lapsed,early,missed,30,97,app,high,0.7,hcp
2922,on_track,early,on time,30,20,phone,low,0.0,direct_rx
2923,lapsing,early,delayed,30,35,phone,high,0.0,hcp
2924,on_track,stable,on time,60,36,app,low,10.4,direct_rx
2925,lapsed,stable,missed,30,93,none,high,7.8,direct_rx
2926,lapsing,early,delayed,30,31,phone,moderate,0.2,hcp
2927,lapsing,early,delayed,30,36,none,moderate,0.3,hcp
2928,lapsing,early,delayed,30,34,app,high,1.0,hcp
2929,on_track,stable,on time,60,47,app,moderate,5.6,direct_rx
2930,lapsing,early,delayed,90,93,none,high,0.2,transfer
2931,lapsed,long_term,missed,30,67,phone,moderate,31.7,hcp
2932,lapsed,long_term,missed,60,137,none,high,31.5,transfer
2933,on_track,stable,on time,60,31,phone,moderate,6.3,hcp
2934,lapsing,early,delayed,30,35,phone,high,1.7,hcp
2935,on_track,long_term,on time,30,17,none,low,34.6,transfer
2936,lapsed,stable,missed,90,174,none,high,7.6,direct_rx
2937,lapsing,long_term,delayed,30,48,app,moderate,17.7,hcp
2938,lapsing,stable,delayed,30,38,phone,high,8.5,transfer
2939,lapsing,early,delayed,30,45,none,moderate,1.8,hcp
2940,on_track,long_term,on time,30,19,app,moderate,14.8,hcp
2941,on_track,stable,on time,60,19,phone,low,8.0,transfer
2942,on_track,stable,on time,30,15,phone,moderate,9.7,transfer
2943,lapsed,early,missed,60,157,phone,high,0.4,direct_rx
2944,on_track,stable,on time,30,11,app,moderate,7.3,direct_rx
2945,lapsed,long_term,missed,30,53,app,high,34.3,direct_rx
2946,lapsing,stable,delayed,30,46,phone,moderate,11.5,hcp
2947,on_track,stable,on time,30,5,none,moderate,7.3,hcp
2948,on_track,early,on time,30,4,phone,moderate,2.9,transfer
2949,on_track,long_term,on time,30,21,phone,moderate,12.3,transfer
2950,lapsing,early,delayed,30,35,phone,high,2.5,direct_rx
2951,lapsing,early,delayed,60,95,app,moderate,2.2,direct_rx
2952,lapsed,early,missed,30,86,phone,moderate,0.8,direct_rx
2953,on_track,long_term,on time,90,70,none,moderate,35.7,hcp
2954,on_track,stable,on time,90,28,app,low,6.9,direct_rx
2955,lapsing,early,delayed,90,121,app,high,2.0,direct_rx
2956,lapsing,early,delayed,60,70,app,high,2.8,direct_rx
2957,on_track,stable,on time,90,60,app,low,7.3,hcp
2958,lapsed,early,missed,60,210,app,high,0.1,direct_rx
2959,lapsing,stable,delayed,60,78,app,moderate,10.8,hcp
2960,on_track,stable,on time,60,0,app,moderate,11.0,direct_rx
2961,lapsing,early,delayed,30,32,phone,moderate,1.0,hcp
2962,on_track,stable,on time,60,31,none,low,4.8,transfer
2963,lapsing,early,delayed,60,65,phone,moderate,1.5,hcp
2964,lapsing,early,delayed,90,143,app,moderate,2.5,direct_rx
2965,on_track,long_term,on time,90,10,app,moderate,26.7,transfer
2966,lapsing,stable,delayed,30,37,app,moderate,6.1,direct_rx
2967,on_track,stable,on time,60,13,app,low,7.9,direct_rx
2968,lapsing,early,delayed,30,33,phone,moderate,1.9,hcp
2969,lapsing,early,delayed,90,118,phone,moderate,1.7,direct_rx
2970,on_track,long_term,on time,30,7,app,low,29.2,hcp
2971,lapsing,early,delayed,60,76,none,high,1.0,direct_rx
2972,lapsed,early,missed,60,111,app,moderate,2.9,direct_rx
2973,on_track,stable,on time,60,6,phone,low,11.5,direct_rx
2974,on_track,long_term,on time,90,44,phone,low,12.9,direct_rx
2975,on_track,stable,on time,30,20,app,low,4.2,transfer
2976,on_track,long_term,on time,30,0,none,low,23.6,hcp
2977,lapsing,stable,delayed,30,41,none,high,4.4,direct_rx
2978,on_track,long_term,on time,30,23,none,moderate,24.8,transfer
2979,lapsing,early,delayed,30,44,none,moderate,2.6,direct_rx
2980,lapsed,stable,missed,30,102,none,moderate,10.7,direct_rx
2981,lapsing,stable,delayed,90,99,phone,moderate,6.3,hcp
2982,on_track,stable,on time,90,42,app,low,11.1,direct_rx
2983,on_track,stable,on time,30,24,none,low,6.7,direct_rx
2984,lapsing,early,delayed,30,42,app,moderate,1.4,direct_rx
2985,on_track,long_term,on time,30,23,none,low,20.9,transfer
2986,on_track,stable,on time,30,19,app,low,6.0,direct_rx
2987,on_track,stable,on time,30,19,phone,low,6.7,transfer
2988,on_track,stable,on time,30,5,app,low,8.5,direct_rx
2989,lapsed,stable,missed,30,100,none,moderate,3.3,direct_rx
2990,lapsed,long_term,missed,30,107,phone,high,19.6,direct_rx
2991,on_track,stable,on time,30,14,phone,low,6.8,hcp
2992,on_track,long_term,on time,30,4,phone,low,18.8,hcp
2993,on_track,stable,on time,90,70,phone,low,9.7,hcp
2994,on_track,early,on time,90,15,app,low,0.3,direct_rx
2995,on_track,stable,on time,30,13,app,moderate,7.8,direct_rx
2996,lapsing,stable,delayed,30,39,app,moderate,8.1,direct_rx
2997,on_track,long_term,on time,30,6,phone,low,14.8,transfer
2998,on_track,long_term,on time,60,2,phone,moderate,24.6,hcp
2999,on_track,stable,on time,30,17,app,low,6.3,hcp
3000,on_track,long_term,on time,90,58,app,low,22.2,direct_rx
3001,on_track,long_term,on time,90,37,app,low,35.2,direct_rx
3002,on_track,long_term,on time,30,23,none,low,28.0,hcp
3003,on_track,long_term,on time,30,23,app,low,16.7,direct_rx
3004,on_track,stable,on time,30,24,phone,low,9.9,transfer
3005,on_track,stable,on time,90,69,phone,moderate,9.3,direct_rx
3006,lapsing,early,delayed,90,120,app,moderate,0.6,hcp
3007,on_track,long_term,on time,90,66,none,low,23.6,transfer
3008,on_track,stable,on time,60,10,app,low,9.1,direct_rx
3009,on_track,long_term,on time,30,3,none,low,35.5,transfer
3010,on_track,long_term,on time,30,0,app,low,17.8,direct_rx
3011,on_track,stable,on time,60,8,phone,low,6.6,hcp
3012,on_track,stable,on time,30,10,phone,low,10.2,transfer
3013,on_track,stable,on time,90,45,app,low,10.6,direct_rx
3014,on_track,stable,on time,30,7,app,moderate,5.7,direct_rx
3015,lapsing,stable,delayed,30,36,phone,high,7.6,direct_rx
3016,on_track,long_term,on time,60,30,phone,low,30.0,hcp
3017,on_track,long_term,on time,60,6,app,low,23.8,direct_rx
3018,lapsed,long_term,missed,30,71,app,moderate,34.5,direct_rx
3019,on_track,stable,on time,60,38,app,low,10.6,direct_rx
3020,lapsed,early,missed,30,103,app,moderate,2.9,direct_rx
3021,on_track,stable,on time,60,5,app,low,7.5,hcp
3022,on_track,stable,on time,60,17,app,moderate,4.4,hcp
3023,on_track,early,on time,90,31,app,low,1.5,direct_rx
3024,lapsing,early,delayed,30,30,app,moderate,0.2,direct_rx
3025,on_track,stable,on time,90,42,phone,low,10.3,direct_rx
3026,lapsing,early,delayed,30,38,app,moderate,1.2,direct_rx
3027,lapsed,stable,missed,30,79,none,high,7.3,direct_rx
3028,lapsed,early,missed,60,212,none,high,1.9,direct_rx
3029,on_track,stable,on time,30,3,phone,moderate,11.3,hcp
3030,on_track,long_term,on time,30,13,phone,moderate,31.6,direct_rx
3031,lapsed,early,missed,30,86,app,high,2.2,hcp
3032,on_track,long_term,on time,30,8,phone,low,18.6,direct_rx
3033,on_track,stable,on time,30,22,app,low,3.4,direct_rx
3034,on_track,long_term,on time,90,39,app,low,16.2,direct_rx
3035,on_track,stable,on time,30,23,phone,low,11.8,hcp
3036,lapsing,early,delayed,30,38,phone,moderate,2.5,direct_rx
3037,lapsed,early,missed,30,60,app,high,1.5,direct_rx
3038,lapsing,early,delayed,90,111,app,moderate,1.3,direct_rx
3039,on_track,long_term,on time,90,25,phone,low,12.9,hcp
3040,on_track,stable,on time,90,16,none,low,8.1,direct_rx
3041,lapsed,early,missed,30,60,app,high,0.7,direct_rx
3042,on_track,long_term,on time,90,9,none,moderate,23.5,direct_rx
3043,on_track,long_term,on time,30,19,none,moderate,34.9,direct_rx
3044,on_track,stable,on time,30,14,app,low,8.8,direct_rx
3045,lapsed,long_term,missed,60,228,app,high,19.1,hcp
3046,on_track,early,on time,30,16,phone,low,0.6,direct_rx
3047,on_track,stable,on time,30,21,phone,moderate,5.7,hcp
3048,on_track,early,on time,30,20,app,low,0.8,hcp
3049,on_track,stable,on time,30,15,phone,low,3.8,hcp
3050,on_track,long_term,on time,30,5,app,low,20.7,direct_rx
3051,on_track,stable,on time,30,9,app,moderate,5.7,hcp
3052,on_track,early,on time,60,42,none,moderate,0.4,direct_rx
3053,on_track,stable,on time,30,13,app,moderate,3.2,direct_rx
3054,lapsing,early,delayed,30,34,app,high,0.5,direct_rx
3055,on_track,stable,on time,30,13,app,moderate,9.2,direct_rx
3056,on_track,stable,on time,30,16,app,moderate,5.3,hcp
3057,on_track,long_term,on time,90,65,phone,low,23.6,hcp
3058,lapsing,early,delayed,30,43,app,moderate,0.7,hcp
3059,on_track,long_term,on time,30,24,app,low,15.1,direct_rx
3060,lapsing,early,delayed,30,45,phone,moderate,0.0,hcp
3061,on_track,stable,on time,30,22,phone,moderate,7.9,hcp
3062,lapsing,early,delayed,30,35,phone,moderate,1.1,hcp
3063,on_track,long_term,on time,90,26,app,moderate,27.8,hcp
3064,on_track,stable,on time,60,14,app,low,8.5,direct_rx
3065,on_track,stable,on time,30,16,phone,low,6.0,direct_rx
3066,lapsed,stable,missed,30,80,none,high,10.8,hcp
3067,on_track,stable,on time,30,8,none,moderate,3.3,direct_rx
3068,on_track,stable,on time,30,2,app,low,4.0,direct_rx
3069,on_track,stable,on time,30,9,phone,low,4.1,direct_rx
3070,on_track,stable,on time,90,72,app,moderate,9.1,direct_rx
3071,lapsing,early,delayed,60,72,app,moderate,2.2,direct_rx
3072,lapsed,stable,missed,60,120,none,moderate,9.9,direct_rx
3073,on_track,stable,on time,30,24,app,low,5.0,hcp
3074,lapsing,early,delayed,90,126,app,high,2.0,direct_rx
3075,lapsing,early,delayed,60,67,phone,moderate,0.4,direct_rx
3076,on_track,stable,on time,30,17,phone,low,5.7,direct_rx
3077,lapsed,early,missed,30,109,phone,high,2.9,direct_rx
3078,lapsed,early,missed,90,199,none,high,2.0,direct_rx
3079,on_track,stable,on time,30,5,app,low,5.3,hcp
3080,lapsed,long_term,missed,90,235,phone,moderate,22.7,direct_rx
3081,on_track,stable,on time,90,69,phone,moderate,9.0,direct_rx
3082,on_track,stable,on time,30,5,phone,moderate,11.5,transfer
3083,lapsing,long_term,delayed,30,44,app,moderate,16.3,direct_rx
3084,lapsing,long_term,delayed,30,34,app,moderate,19.5,hcp
3085,on_track,long_term,on time,60,28,app,moderate,17.4,direct_rx
3086,lapsing,early,delayed,90,109,phone,moderate,1.7,direct_rx
3087,lapsed,stable,missed,60,145,none,high,3.5,hcp
3088,lapsed,early,missed,90,173,phone,moderate,2.5,hcp
3089,on_track,long_term,on time,60,39,none,low,22.0,direct_rx
3090,lapsing,early,delayed,30,40,app,moderate,0.1,hcp
3091,on_track,long_term,on time,30,18,app,low,35.2,hcp
3092,on_track,long_term,on time,60,10,app,moderate,14.8,direct_rx
3093,lapsing,long_term,delayed,30,40,app,high,29.7,hcp
3094,on_track,stable,on time,90,36,phone,moderate,5.6,hcp
3095,lapsing,stable,delayed,30,46,app,moderate,7.1,direct_rx
3096,lapsed,early,missed,30,114,phone,high,1.0,transfer
3097,lapsing,stable,delayed,30,33,phone,moderate,4.9,hcp
3098,lapsing,early,delayed,30,46,phone,moderate,0.4,hcp
3099,lapsing,early,delayed,30,46,none,moderate,0.0,transfer
3100,on_track,stable,on time,90,57,none,moderate,11.1,hcp
3101,on_track,long_term,on time,30,0,none,low,13.0,hcp
3102,lapsed,early,missed,30,86,app,high,1.2,direct_rx
3103,on_track,early,on time,30,22,phone,low,2.8,direct_rx
3104,lapsing,early,delayed,90,142,app,moderate,0.6,direct_rx
3105,on_track,long_term,on time,30,20,none,moderate,25.4,hcp
3106,lapsed,long_term,missed,30,116,app,high,20.4,direct_rx
3107,lapsing,early,delayed,30,36,app,high,1.3,direct_rx
3108,on_track,long_term,on time,30,0,phone,low,32.5,hcp
3109,on_track,stable,on time,90,43,phone,moderate,3.9,hcp
3110,on_track,stable,on time,30,24,phone,moderate,6.1,direct_rx
3111,lapsed,early,missed,60,162,phone,high,1.4,hcp
3112,on_track,stable,on time,90,62,phone,low,4.0,hcp
3113,on_track,stable,on time,30,9,none,low,10.4,direct_rx
3114,on_track,stable,on time,30,21,app,low,10.3,hcp
3115,on_track,long_term,on time,90,6,none,low,33.0,hcp
3116,lapsing,stable,delayed,30,41,phone,moderate,9.4,direct_rx
3117,on_track,early,on time,30,4,app,low,1.2,direct_rx
3118,on_track,stable,on time,30,22,phone,moderate,10.3,direct_rx
3119,lapsing,stable,delayed,30,39,none,high,6.2,hcp
3120,on_track,stable,on time,30,23,none,low,10.1,direct_rx
3121,lapsing,early,delayed,60,78,none,moderate,2.7,direct_rx
3122,lapsed,stable,missed,30,83,phone,high,11.7,direct_rx
3123,on_track,long_term,on time,30,23,app,moderate,33.8,hcp
3124,lapsed,early,missed,30,75,app,moderate,2.6,transfer
3125,lapsing,early,delayed,60,77,app,high,2.6,hcp
3126,on_track,stable,on time,60,22,app,moderate,5.8,hcp
3127,on_track,stable,on time,90,7,app,low,7.6,direct_rx
3128,on_track,stable,on time,30,13,app,moderate,6.5,direct_rx
3129,lapsed,early,missed,60,214,phone,moderate,0.1,hcp
3130,lapsing,early,delayed,30,47,app,moderate,0.5,direct_rx
3131,lapsing,stable,delayed,30,40,app,high,11.3,direct_rx
3132,on_track,long_term,on time,90,15,app,low,25.4,direct_rx
3133,on_track,stable,on time,30,22,phone,low,6.2,direct_rx
3134,lapsing,long_term,delayed,90,128,app,moderate,31.3,direct_rx
3135,lapsed,stable,missed,30,107,app,high,11.1,direct_rx
3136,on_track,stable,on time,30,20,app,low,10.2,hcp
3137,lapsed,early,missed,90,198,app,high,0.7,transfer
3138,lapsing,stable,delayed,90,104,none,moderate,7.6,hcp
3139,lapsing,stable,delayed,30,47,phone,moderate,11.6,hcp
3140,on_track,stable,on time,90,29,app,low,8.9,hcp
3141,on_track,long_term,on time,60,32,none,low,31.7,hcp
3142,on_track,long_term,on time,30,2,phone,low,27.3,hcp
3143,lapsing,long_term,delayed,30,48,phone,moderate,35.4,hcp
3144,lapsed,early,missed,30,67,none,high,2.0,hcp
3145,on_track,long_term,on time,30,22,none,low,22.0,direct_rx
3146,lapsing,early,delayed,30,33,app,moderate,2.9,direct_rx
3147,lapsing,early,delayed,90,96,app,high,2.7,direct_rx
3148,lapsing,early,delayed,30,31,phone,moderate,0.1,direct_rx
3149,on_track,long_term,on time,30,8,app,low,22.9,direct_rx
3150,on_track,stable,on time,30,22,app,moderate,6.5,hcp
3151,lapsing,early,delayed,30,41,none,high,1.5,hcp
3152,on_track,stable,on time,30,21,phone,moderate,7.0,direct_rx
3153,on_track,stable,on time,30,4,app,low,6.7,direct_rx
3154,on_track,stable,on time,30,2,none,low,8.2,hcp
3155,lapsed,early,missed,30,106,app,high,0.3,direct_rx
3156,on_track,long_term,on time,30,11,none,low,18.6,hcp
3157,on_track,early,on time,30,9,phone,low,0.7,direct_rx
3158,on_track,stable,on time,30,12,app,moderate,4.0,direct_rx
3159,lapsing,early,delayed,60,65,phone,moderate,0.4,transfer
3160,lapsing,early,delayed,30,44,phone,moderate,0.0,hcp
3161,on_track,stable,on time,90,40,phone,low,8.0,direct_rx
3162,lapsed,long_term,missed,30,111,app,moderate,25.1,hcp
3163,on_track,stable,on time,60,10,phone,low,8.1,transfer
3164,on_track,stable,on time,90,37,app,low,10.0,direct_rx
3165,on_track,long_term,on time,90,59,phone,low,24.3,direct_rx
3166,lapsed,long_term,missed,30,75,app,moderate,27.4,transfer
3167,on_track,long_term,on time,30,1,app,low,22.4,direct_rx
3168,on_track,long_term,on time,30,0,app,low,13.9,direct_rx
3169,lapsed,early,missed,90,172,app,high,0.2,hcp
3170,lapsing,stable,delayed,30,38,phone,moderate,8.5,direct_rx
3171,on_track,long_term,on time,90,71,app,low,15.2,direct_rx
3172,on_track,stable,on time,30,9,app,low,6.5,direct_rx
3173,on_track,long_term,on time,30,18,app,moderate,29.6,transfer
3174,on_track,stable,on time,30,5,app,moderate,3.4,hcp
3175,on_track,long_term,on time,30,14,phone,moderate,20.8,hcp
3176,on_track,stable,on time,30,22,phone,moderate,10.8,transfer
3177,on_track,long_term,on time,30,16,app,moderate,14.8,transfer
3178,on_track,long_term,on time,30,13,none,low,14.4,direct_rx
3179,lapsed,early,missed,60,195,app,high,2.6,direct_rx
3180,on_track,stable,on time,90,34,app,moderate,9.4,hcp
3181,on_track,stable,on time,30,3,phone,low,9.4,hcp
3182,lapsing,early,delayed,90,120,app,moderate,2.9,direct_rx
3183,on_track,long_term,on time,30,1,none,low,13.7,hcp
3184,on_track,long_term,on time,90,0,phone,low,26.3,direct_rx
3185,lapsing,long_term,delayed,90,111,phone,moderate,33.7,direct_rx
3186,on_track,stable,on time,30,15,phone,low,9.8,direct_rx
3187,on_track,stable,on time,30,8,app,low,10.4,hcp
3188,on_track,early,on time,30,6,app,low,1.3,direct_rx
3189,on_track,early,on time,30,3,app,low,1.2,direct_rx
3190,on_track,long_term,on time,60,4,phone,moderate,23.4,direct_rx
3191,on_track,stable,on time,90,64,none,low,6.4,direct_rx
3192,on_track,stable,on time,30,16,app,low,8.3,hcp
3193,on_track,long_term,on time,30,15,none,low,18.4,hcp
3194,on_track,early,on time,60,18,none,moderate,2.4,hcp
3195,on_track,early,on time,90,59,phone,low,1.9,direct_rx
3196,on_track,long_term,on time,30,1,app,moderate,30.6,direct_rx
3197,lapsed,early,missed,30,76,app,moderate,2.9,hcp
3198,on_track,stable,on time,30,12,app,low,6.4,hcp
3199,on_track,stable,on time,60,29,phone,low,4.2,direct_rx
3200,on_track,stable,on time,30,11,app,low,6.6,transfer
3201,on_track,long_term,on time,90,30,phone,low,21.2,transfer
3202,on_track,stable,on time,90,36,phone,low,7.4,hcp
3203,lapsing,early,delayed,60,88,phone,moderate,2.6,hcp
3204,lapsing,early,delayed,60,62,app,high,0.9,direct_rx
3205,lapsing,early,delayed,30,35,phone,high,1.7,hcp
3206,lapsing,early,delayed,30,34,phone,moderate,1.5,direct_rx
3207,on_track,stable,on time,30,8,app,moderate,12.0,direct_rx
3208,lapsing,stable,delayed,30,38,phone,moderate,5.8,hcp
3209,on_track,stable,on time,90,63,none,low,9.2,hcp
3210,lapsing,stable,delayed,30,44,app,moderate,11.8,direct_rx
3211,on_track,long_term,on time,30,24,phone,low,27.8,direct_rx
3212,on_track,stable,on time,30,0,app,low,9.8,direct_rx
3213,on_track,long_term,on time,30,1,app,moderate,32.5,transfer
3214,on_track,stable,on time,30,22,none,low,10.1,direct_rx
3215,on_track,stable,on time,30,19,phone,low,5.9,direct_rx
3216,on_track,early,on time,60,11,phone,low,1.7,direct_rx
3217,on_track,stable,on time,30,13,phone,moderate,8.9,hcp
3218,on_track,long_term,on time,30,22,phone,moderate,23.5,hcp
3219,lapsed,early,missed,30,108,app,high,1.5,transfer
3220,lapsing,early,delayed,90,124,none,high,1.0,direct_rx
3221,on_track,long_term,on time,30,17,phone,low,30.0,hcp
3222,on_track,stable,on time,60,29,phone,moderate,11.7,hcp
3223,on_track,long_term,on time,60,12,app,moderate,15.7,direct_rx
3224,lapsing,long_term,delayed,30,46,none,high,23.3,direct_rx
3225,on_track,stable,on time,90,24,none,moderate,7.1,direct_rx
3226,on_track,stable,on time,60,15,phone,moderate,7.7,direct_rx
3227,on_track,long_term,on time,30,10,app,low,27.2,direct_rx
3228,on_track,stable,on time,90,30,phone,low,8.6,direct_rx
3229,on_track,stable,on time,60,2,phone,low,3.0,hcp
3230,on_track,stable,on time,30,1,app,low,8.1,hcp
3231,on_track,stable,on time,60,17,phone,low,4.0,hcp
3232,on_track,long_term,on time,90,67,phone,low,16.4,direct_rx
3233,lapsed,early,missed,30,87,app,high,1.6,hcp
3234,lapsing,long_term,delayed,30,43,none,moderate,29.7,direct_rx
3235,on_track,early,on time,90,25,phone,low,1.1,direct_rx
3236,on_track,stable,on time,30,15,app,low,10.5,transfer
3237,lapsing,early,delayed,30,47,app,high,2.7,hcp
3238,on_track,long_term,on time,30,7,phone,low,33.2,direct_rx
3239,on_track,early,on time,30,18,app,low,0.8,direct_rx
3240,lapsed,long_term,missed,30,64,phone,high,17.4,transfer
3241,lapsed,stable,missed,60,130,none,high,8.2,direct_rx
3242,on_track,stable,on time,90,46,app,low,3.7,direct_rx
3243,on_track,stable,on time,90,9,phone,low,7.2,direct_rx
3244,on_track,long_term,on time,90,49,app,moderate,34.1,direct_rx
3245,lapsed,early,missed,30,91,phone,high,0.3,transfer
3246,lapsing,early,delayed,90,106,app,moderate,1.3,direct_rx
3247,on_track,long_term,on time,90,6,phone,low,20.5,direct_rx
3248,on_track,long_term,on time,60,9,app,moderate,19.5,direct_rx
3249,on_track,long_term,on time,30,16,none,moderate,33.5,direct_rx
3250,lapsing,early,delayed,30,48,app,moderate,2.1,direct_rx
3251,lapsing,early,delayed,30,41,app,moderate,0.4,direct_rx
3252,lapsing,early,delayed,90,124,app,high,2.6,transfer
3253,lapsed,early,missed,90,351,phone,moderate,1.3,direct_rx
3254,on_track,long_term,on time,90,26,app,low,20.0,hcp
3255,on_track,early,on time,90,31,app,moderate,1.8,direct_rx
3256,lapsed,early,missed,30,53,app,moderate,0.7,direct_rx
3257,lapsing,early,delayed,30,34,none,moderate,1.2,hcp
3258,lapsing,early,delayed,30,42,app,moderate,0.2,direct_rx
3259,on_track,stable,on time,90,8,app,low,9.3,hcp
3260,lapsing,long_term,delayed,60,71,app,moderate,19.3,hcp
3261,on_track,stable,on time,30,10,app,low,4.9,direct_rx
3262,lapsed,early,missed,30,105,app,high,0.2,hcp
3263,lapsed,stable,missed,30,64,app,high,10.9,direct_rx
3264,on_track,early,on time,30,19,app,low,2.9,hcp
3265,on_track,stable,on time,30,1,phone,moderate,6.9,direct_rx
3266,lapsing,long_term,delayed,90,91,none,moderate,22.9,direct_rx
3267,lapsing,long_term,delayed,30,36,app,moderate,19.6,hcp
3268,on_track,early,on time,60,17,phone,low,1.1,direct_rx
3269,lapsed,stable,missed,90,159,none,moderate,12.0,direct_rx
3270,on_track,stable,on time,30,6,phone,low,6.3,hcp
3271,lapsing,stable,delayed,30,48,phone,moderate,5.3,direct_rx
3272,on_track,long_term,on time,30,14,none,moderate,15.5,direct_rx
3273,on_track,long_term,on time,90,56,phone,low,18.2,transfer
3274,on_track,long_term,on time,60,32,app,low,20.8,direct_rx
3275,on_track,long_term,on time,30,16,phone,low,25.6,direct_rx
3276,on_track,stable,on time,90,1,none,moderate,11.3,hcp
3277,lapsing,early,delayed,60,68,app,moderate,0.9,direct_rx
3278,on_track,stable,on time,30,10,app,moderate,9.5,direct_rx
3279,on_track,stable,on time,60,21,app,low,10.7,direct_rx
3280,lapsed,long_term,missed,30,120,phone,moderate,27.6,direct_rx
3281,on_track,long_term,on time,60,39,none,moderate,32.3,direct_rx
3282,on_track,long_term,on time,90,0,phone,moderate,26.3,direct_rx
3283,lapsing,long_term,delayed,30,30,none,moderate,21.0,direct_rx
3284,on_track,stable,on time,30,24,app,low,12.0,direct_rx
3285,on_track,long_term,on time,90,34,app,low,23.3,direct_rx
3286,lapsing,stable,delayed,30,41,phone,high,4.9,hcp
3287,lapsing,early,delayed,30,45,phone,moderate,2.4,hcp
3288,on_track,long_term,on time,30,2,phone,moderate,26.3,direct_rx
3289,on_track,stable,on time,30,10,app,low,11.7,direct_rx
3290,on_track,stable,on time,30,8,phone,moderate,8.6,hcp
3291,lapsing,stable,delayed,30,48,phone,moderate,8.7,direct_rx
3292,lapsed,early,missed,60,171,app,moderate,2.6,direct_rx
3293,on_track,stable,on time,30,5,app,low,9.3,transfer
3294,on_track,stable,on time,30,5,app,moderate,8.5,direct_rx
3295,on_track,stable,on time,30,11,phone,low,6.4,direct_rx
3296,on_track,stable,on time,60,30,phone,low,8.9,hcp
3297,lapsing,stable,delayed,30,39,phone,high,11.0,hcp
3298,on_track,long_term,on time,30,7,none,low,30.9,direct_rx
3299,lapsing,long_term,delayed,30,41,phone,moderate,21.4,direct_rx
3300,on_track,long_term,on time,30,16,app,low,32.7,hcp
3301,on_track,early,on time,90,27,phone,moderate,2.7,direct_rx
3302,on_track,stable,on time,30,9,phone,moderate,10.0,direct_rx
3303,lapsing,early,delayed,90,141,app,high,2.2,direct_rx
3304,lapsed,long_term,missed,30,116,phone,high,32.1,direct_rx
3305,on_track,stable,on time,90,59,phone,low,5.9,direct_rx
3306,on_track,stable,on time,30,20,phone,low,7.7,direct_rx
3307,on_track,long_term,on time,30,6,app,moderate,26.0,hcp
3308,lapsing,early,delayed,60,72,app,high,2.5,hcp
3309,on_track,long_term,on time,30,24,phone,low,34.8,direct_rx
3310,lapsed,early,missed,30,103,none,high,1.8,direct_rx
3311,lapsed,stable,missed,90,157,none,high,11.3,direct_rx
3312,on_track,stable,on time,90,41,app,low,9.7,direct_rx
3313,lapsed,long_term,missed,90,197,phone,moderate,32.8,direct_rx
3314,lapsing,early,delayed,30,41,phone,moderate,0.4,direct_rx
3315,on_track,long_term,on time,60,3,app,low,19.8,direct_rx
3316,on_track,stable,on time,30,18,phone,low,7.3,direct_rx
3317,on_track,long_term,on time,30,9,phone,moderate,25.3,direct_rx
3318,on_track,long_term,on time,90,66,app,low,12.3,direct_rx
3319,on_track,long_term,on time,30,24,none,low,12.4,direct_rx
3320,on_track,stable,on time,30,14,none,low,6.3,direct_rx
3321,on_track,long_term,on time,90,65,app,low,15.6,direct_rx
3322,lapsing,long_term,delayed,30,38,phone,high,21.3,direct_rx
3323,on_track,stable,on time,30,9,phone,moderate,5.7,direct_rx
3324,on_track,long_term,on time,30,15,app,low,17.7,transfer
3325,lapsing,stable,delayed,60,68,phone,moderate,11.4,direct_rx
3326,on_track,long_term,on time,90,1,none,moderate,24.1,hcp
3327,on_track,stable,on time,30,19,app,moderate,4.8,transfer
3328,lapsed,early,missed,90,189,app,high,0.0,hcp
3329,lapsing,early,delayed,30,39,app,moderate,0.9,direct_rx
3330,on_track,stable,on time,90,52,app,moderate,10.0,hcp
3331,on_track,stable,on time,90,60,none,low,9.6,hcp
3332,lapsed,early,missed,90,250,app,high,2.2,hcp
3333,on_track,stable,on time,30,20,phone,moderate,4.1,direct_rx
3334,on_track,stable,on time,30,2,app,low,6.2,direct_rx
3335,on_track,long_term,on time,90,71,app,low,18.8,hcp
3336,on_track,stable,on time,30,18,app,low,8.4,hcp
3337,lapsing,stable,delayed,60,62,app,moderate,8.1,direct_rx
3338,lapsed,stable,missed,30,65,app,moderate,10.1,hcp
3339,lapsing,early,delayed,30,33,app,high,1.4,hcp
3340,on_track,stable,on time,90,70,app,low,11.0,hcp
3341,lapsing,early,delayed,30,43,none,high,0.6,direct_rx
3342,lapsing,stable,delayed,30,40,none,moderate,9.4,direct_rx
3343,lapsing,early,delayed,30,43,phone,high,0.2,direct_rx
3344,on_track,long_term,on time,30,6,phone,low,33.3,direct_rx
3345,lapsed,stable,missed,90,249,app,moderate,7.3,hcp
3346,on_track,stable,on time,60,28,phone,moderate,11.9,direct_rx
3347,on_track,long_term,on time,90,26,app,moderate,17.3,direct_rx
3348,on_track,stable,on time,60,18,app,low,8.9,direct_rx
3349,lapsed,early,missed,60,200,none,moderate,0.6,hcp
3350,on_track,stable,on time,30,11,phone,moderate,8.9,hcp
3351,lapsed,early,missed,90,158,app,high,2.6,hcp
3352,on_track,early,on time,30,4,app,low,0.2,transfer
3353,on_track,early,on time,90,33,none,low,0.0,hcp
3354,on_track,stable,on time,30,11,phone,low,4.8,transfer
3355,on_track,long_term,on time,90,61,phone,low,31.2,hcp
3356,lapsing,stable,delayed,30,42,phone,high,11.6,hcp
3357,on_track,long_term,on time,30,5,phone,low,24.3,direct_rx
3358,on_track,long_term,on time,60,22,phone,low,26.1,hcp
3359,on_track,stable,on time,30,8,app,low,10.4,direct_rx
3360,on_track,long_term,on time,30,8,app,low,22.6,hcp
3361,on_track,long_term,on time,30,9,phone,moderate,31.6,direct_rx
3362,on_track,stable,on time,60,42,none,low,11.4,direct_rx
3363,on_track,stable,on time,30,22,none,moderate,4.6,hcp
3364,on_track,stable,on time,90,41,app,low,11.5,transfer
3365,lapsing,stable,delayed,30,41,phone,high,7.5,direct_rx
3366,lapsing,early,delayed,90,134,app,moderate,0.3,direct_rx
3367,on_track,stable,on time,90,71,phone,low,9.4,transfer
3368,lapsed,early,missed,90,226,app,moderate,1.0,hcp
3369,on_track,stable,on time,30,10,none,moderate,5.7,transfer
3370,on_track,long_term,on time,30,23,app,moderate,33.3,hcp
3371,on_track,stable,on time,30,0,app,moderate,9.0,hcp
3372,on_track,early,on time,30,19,app,low,1.4,direct_rx
3373,lapsing,stable,delayed,30,45,none,high,3.7,direct_rx
3374,on_track,long_term,on time,60,16,none,low,18.3,direct_rx
3375,on_track,long_term,on time,60,17,app,low,27.9,direct_rx
3376,on_track,stable,on time,30,14,app,low,10.9,direct_rx
3377,lapsed,early,missed,30,58,phone,moderate,1.8,hcp
3378,on_track,stable,on time,30,17,phone,low,10.6,hcp
3379,on_track,stable,on time,30,3,app,low,11.9,hcp
3380,on_track,stable,on time,90,39,phone,low,8.0,direct_rx
3381,lapsing,stable,delayed,60,86,phone,moderate,8.9,transfer
3382,on_track,early,on time,30,0,app,low,0.1,hcp
3383,on_track,stable,on time,30,23,none,moderate,6.4,direct_rx
3384,on_track,long_term,on time,30,3,none,moderate,34.4,direct_rx
3385,lapsed,early,missed,30,108,none,high,1.5,direct_rx
3386,on_track,stable,on time,30,8,phone,low,6.0,direct_rx
3387,lapsing,early,delayed,30,34,none,moderate,2.4,hcp
3388,on_track,stable,on time,30,23,app,low,10.2,direct_rx
3389,lapsed,stable,missed,90,346,app,high,10.5,direct_rx
3390,lapsing,early,delayed,30,31,app,moderate,2.0,direct_rx
3391,lapsed,early,missed,30,69,app,high,1.8,hcp
3392,on_track,long_term,on time,30,19,phone,moderate,28.2,direct_rx
3393,lapsing,early,delayed,30,44,phone,moderate,2.8,hcp
3394,lapsed,stable,missed,30,75,none,high,11.9,direct_rx
3395,lapsing,early,delayed,30,32,phone,moderate,2.7,hcp
3396,lapsing,early,delayed,30,38,app,moderate,1.5,direct_rx
3397,on_track,stable,on time,30,16,none,moderate,7.2,hcp
3398,lapsed,early,missed,30,92,phone,moderate,0.8,direct_rx
3399,lapsing,early,delayed,30,32,app,moderate,1.8,direct_rx
3400,on_track,long_term,on time,30,24,phone,low,25.4,direct_rx
3401,on_track,long_term,on time,30,11,app,moderate,20.5,direct_rx
3402,on_track,stable,on time,60,42,app,low,6.7,direct_rx
3403,on_track,stable,on time,30,17,phone,low,10.1,direct_rx
3404,on_track,early,on time,90,38,phone,moderate,0.8,direct_rx
3405,on_track,long_term,on time,30,1,app,low,19.1,direct_rx
3406,lapsing,long_term,delayed,30,37,app,high,18.6,transfer
3407,on_track,stable,on time,90,20,phone,low,5.1,hcp
3408,on_track,long_term,on time,30,11,none,moderate,20.9,direct_rx
3409,on_track,long_term,on time,90,33,app,moderate,35.6,transfer
3410,lapsing,early,delayed,30,37,phone,high,2.7,hcp
3411,lapsing,long_term,delayed,90,123,none,moderate,32.0,direct_rx
3412,on_track,long_term,on time,90,49,app,moderate,14.8,hcp
3413,lapsed,early,missed,30,106,app,high,2.8,hcp
3414,on_track,long_term,on time,30,16,app,moderate,20.7,direct_rx
3415,lapsing,early,delayed,30,35,phone,moderate,0.5,direct_rx
3416,lapsed,early,missed,30,79,phone,high,0.3,direct_rx
3417,on_track,long_term,on time,30,19,app,low,27.8,direct_rx
3418,lapsed,early,missed,30,73,app,high,2.0,transfer
3419,on_track,stable,on time,60,47,phone,moderate,11.5,hcp
3420,on_track,stable,on time,30,0,app,low,3.4,hcp
3421,on_track,stable,on time,90,4,none,moderate,4.9,direct_rx
3422,lapsed,early,missed,30,75,none,high,2.6,transfer
3423,lapsing,early,delayed,30,34,phone,moderate,1.0,hcp
3424,on_track,long_term,on time,30,2,app,moderate,18.1,direct_rx
3425,on_track,stable,on time,30,21,app,low,7.6,hcp
3426,lapsing,long_term,delayed,60,76,app,moderate,29.7,direct_rx
3427,lapsed,stable,missed,30,54,app,high,8.4,direct_rx
3428,on_track,stable,on time,60,23,none,moderate,10.7,direct_rx
3429,on_track,long_term,on time,90,17,phone,moderate,34.4,transfer
3430,on_track,long_term,on time,90,9,app,low,31.7,hcp
3431,on_track,stable,on time,60,43,none,low,3.3,hcp
3432,lapsed,early,missed,60,190,app,high,0.5,hcp
3433,lapsed,early,missed,30,65,none,moderate,0.7,direct_rx
3434,lapsed,early,missed,90,257,phone,high,2.8,transfer
3435,lapsed,long_term,missed,30,80,app,high,26.8,direct_rx
3436,on_track,stable,on time,30,8,phone,low,9.0,direct_rx
3437,lapsing,long_term,delayed,30,46,none,high,23.9,transfer
3438,lapsed,early,missed,60,236,none,high,1.5,direct_rx
3439,on_track,stable,on time,60,3,phone,moderate,3.5,hcp
3440,on_track,stable,on time,30,14,none,low,7.3,hcp
3441,on_track,stable,on time,60,2,phone,low,4.4,hcp
3442,on_track,long_term,on time,30,21,none,moderate,17.8,hcp
3443,lapsed,stable,missed,90,228,app,moderate,7.8,direct_rx
3444,lapsing,stable,delayed,90,97,app,moderate,4.8,direct_rx
3445,lapsing,early,delayed,30,30,app,moderate,0.9,direct_rx
3446,lapsing,stable,delayed,30,30,app,moderate,3.5,direct_rx
3447,on_track,stable,on time,90,26,none,moderate,4.6,direct_rx
3448,on_track,early,on time,30,0,phone,moderate,0.9,hcp
3449,on_track,long_term,on time,30,17,phone,low,15.3,hcp
3450,on_track,long_term,on time,30,0,app,low,25.3,direct_rx
3451,on_track,long_term,on time,30,24,none,moderate,16.0,direct_rx
3452,lapsing,stable,delayed,30,48,app,moderate,8.0,direct_rx
3453,on_track,stable,on time,30,20,phone,low,9.7,direct_rx
3454,lapsing,early,delayed,30,42,phone,moderate,1.3,direct_rx
3455,lapsing,stable,delayed,90,107,app,moderate,8.6,transfer
3456,lapsing,early,delayed,30,40,none,high,0.9,hcp
3457,on_track,stable,on time,30,6,app,low,4.2,direct_rx
3458,on_track,stable,on time,60,38,app,moderate,11.7,hcp
3459,on_track,early,on time,30,20,none,moderate,2.2,hcp
3460,on_track,stable,on time,30,23,app,moderate,8.8,transfer
3461,on_track,stable,on time,30,9,phone,low,10.7,direct_rx
3462,on_track,stable,on time,30,18,app,low,7.3,direct_rx
3463,on_track,stable,on time,30,7,app,low,5.2,direct_rx
3464,on_track,long_term,on time,30,11,phone,low,15.4,hcp
3465,on_track,stable,on time,30,4,app,moderate,4.7,direct_rx
3466,lapsed,early,missed,30,57,app,moderate,2.3,direct_rx
3467,lapsed,early,missed,60,162,app,high,1.0,hcp
3468,on_track,long_term,on time,90,18,phone,low,23.1,direct_rx
3469,on_track,stable,on time,90,52,none,low,10.6,hcp
3470,on_track,stable,on time,30,16,none,low,8.4,direct_rx
3471,on_track,stable,on time,30,4,none,low,10.4,direct_rx
3472,on_track,early,on time,30,20,app,low,2.2,direct_rx
3473,on_track,stable,on time,30,19,phone,moderate,4.3,direct_rx
3474,on_track,early,on time,30,2,app,low,1.8,direct_rx
3475,on_track,stable,on time,90,11,phone,low,10.0,direct_rx
3476,lapsing,long_term,delayed,30,38,phone,high,15.9,direct_rx
3477,lapsing,stable,delayed,30,39,none,high,6.3,hcp
3478,on_track,stable,on time,30,21,app,moderate,7.8,direct_rx
3479,on_track,long_term,on time,90,27,phone,low,16.5,direct_rx
3480,on_track,long_term,on time,30,18,app,moderate,16.6,hcp
3481,on_track,long_term,on time,30,13,app,low,12.2,hcp
3482,lapsed,stable,missed,30,56,none,high,10.3,hcp
3483,lapsing,long_term,delayed,30,42,phone,moderate,19.4,direct_rx
3484,lapsed,early,missed,60,120,app,high,1.8,transfer
3485,on_track,stable,on time,30,14,app,low,10.4,hcp
3486,on_track,early,on time,90,33,app,low,1.3,direct_rx
3487,lapsing,early,delayed,90,131,phone,moderate,2.3,direct_rx
3488,on_track,stable,on time,30,16,app,low,11.0,direct_rx
3489,on_track,stable,on time,30,0,app,low,7.6,transfer
3490,on_track,stable,on time,60,31,phone,low,11.2,hcp
3491,lapsing,early,delayed,60,94,app,moderate,0.3,hcp
3492,lapsed,early,missed,30,107,app,high,0.3,direct_rx
3493,lapsing,stable,delayed,90,124,app,high,7.6,transfer
3494,lapsing,stable,delayed,30,30,app,high,7.8,direct_rx
3495,on_track,long_term,on time,30,22,app,low,20.0,hcp
3496,lapsing,early,delayed,30,48,app,moderate,0.7,direct_rx
3497,on_track,long_term,on time,30,7,app,moderate,31.6,transfer
3498,on_track,stable,on time,30,20,none,moderate,6.8,direct_rx
3499,lapsed,early,missed,60,216,app,high,2.3,direct_rx
3500,on_track,long_term,on time,30,8,app,low,19.8,direct_rx
3501,on_track,long_term,on time,30,20,app,low,35.5,direct_rx
3502,on_track,stable,on time,30,4,app,low,8.3,direct_rx
3503,lapsed,early,missed,60,224,app,high,2.8,hcp
3504,on_track,long_term,on time,30,11,app,low,25.3,direct_rx
3505,lapsing,early,delayed,60,93,none,high,1.7,transfer
3506,on_track,stable,on time,30,10,app,moderate,9.7,direct_rx
3507,on_track,stable,on time,30,16,app,low,5.9,hcp
3508,on_track,long_term,on time,30,16,none,moderate,31.9,direct_rx
3509,on_track,stable,on time,90,15,app,low,6.0,direct_rx
3510,on_track,stable,on time,60,42,none,moderate,7.8,direct_rx
3511,lapsing,long_term,delayed,90,141,phone,moderate,31.6,direct_rx
3512,on_track,long_term,on time,30,20,app,low,14.2,hcp
3513,on_track,stable,on time,30,8,phone,low,8.4,direct_rx
3514,on_track,long_term,on time,30,22,phone,low,25.3,direct_rx
3515,on_track,long_term,on time,90,42,none,low,13.4,direct_rx
3516,lapsing,early,delayed,90,90,app,high,1.4,direct_rx
3517,lapsing,early,delayed,30,43,phone,high,2.5,hcp
3518,on_track,stable,on time,30,2,app,moderate,9.3,direct_rx
3519,on_track,stable,on time,60,42,phone,low,7.5,direct_rx
3520,on_track,stable,on time,60,9,none,low,9.2,direct_rx
3521,on_track,long_term,on time,30,3,app,low,28.8,direct_rx
3522,on_track,stable,on time,30,15,app,low,8.6,transfer
3523,on_track,stable,on time,90,22,app,low,11.5,transfer
3524,on_track,long_term,on time,30,1,phone,low,20.2,direct_rx
3525,on_track,long_term,on time,30,2,phone,low,33.1,transfer
3526,lapsing,stable,delayed,30,31,none,high,11.2,direct_rx
3527,lapsed,early,missed,30,115,app,high,0.9,direct_rx
3528,on_track,stable,on time,30,2,app,low,7.2,hcp
3529,on_track,stable,on time,90,33,app,low,5.2,hcp
3530,lapsed,early,missed,30,75,app,high,1.9,direct_rx
3531,lapsed,early,missed,90,307,phone,moderate,1.3,direct_rx
3532,on_track,long_term,on time,90,38,phone,low,23.9,direct_rx
3533,lapsing,early,delayed,30,41,phone,high,2.0,direct_rx
3534,lapsing,long_term,delayed,30,41,phone,high,29.7,hcp
3535,on_track,stable,on time,30,21,app,low,8.6,direct_rx
3536,on_track,long_term,on time,60,35,app,low,26.1,hcp
3537,on_track,stable,on time,60,17,app,low,10.7,direct_rx
3538,lapsing,early,delayed,90,98,app,high,1.3,direct_rx
3539,on_track,stable,on time,30,6,phone,low,11.4,direct_rx
3540,lapsed,early,missed,30,58,app,high,0.2,hcp
3541,on_track,stable,on time,60,7,app,low,6.4,direct_rx
3542,lapsing,stable,delayed,30,32,app,moderate,10.7,direct_rx
3543,on_track,long_term,on time,60,12,phone,low,25.2,direct_rx
3544,on_track,long_term,on time,60,38,none,low,20.1,hcp
3545,on_track,stable,on time,30,19,app,low,4.4,direct_rx
3546,on_track,long_term,on time,90,31,app,moderate,22.9,direct_rx
3547,on_track,stable,on time,60,47,app,low,8.5,hcp
3548,on_track,long_term,on time,30,13,phone,moderate,35.7,direct_rx
3549,on_track,stable,on time,30,2,app,low,7.9,transfer
3550,lapsing,early,delayed,90,124,app,moderate,0.5,direct_rx
3551,lapsing,stable,delayed,30,31,app,moderate,7.8,direct_rx
3552,on_track,long_term,on time,30,21,phone,low,31.7,transfer
3553,on_track,stable,on time,30,20,app,moderate,8.5,direct_rx
3554,on_track,stable,on time,60,36,none,moderate,11.9,direct_rx
3555,lapsing,stable,delayed,30,36,phone,moderate,11.1,direct_rx
3556,lapsed,early,missed,30,62,app,high,0.3,direct_rx
3557,on_track,long_term,on time,30,9,phone,low,32.5,hcp
3558,on_track,long_term,on time,30,9,app,low,31.0,hcp
3559,on_track,stable,on time,30,16,app,moderate,9.1,direct_rx
3560,lapsed,early,missed,90,210,app,moderate,1.5,direct_rx
3561,lapsing,early,delayed,30,30,app,moderate,2.9,direct_rx
3562,on_track,early,on time,30,11,app,low,1.4,hcp
3563,on_track,long_term,on time,90,54,phone,low,30.1,hcp
3564,lapsed,long_term,missed,60,118,app,moderate,29.4,direct_rx
3565,on_track,stable,on time,60,22,phone,low,8.2,transfer
3566,on_track,long_term,on time,30,24,phone,moderate,12.5,direct_rx
3567,on_track,long_term,on time,60,30,phone,low,14.6,direct_rx
3568,on_track,stable,on time,60,21,none,low,9.8,direct_rx
3569,on_track,stable,on time,90,40,phone,moderate,7.8,direct_rx
3570,on_track,long_term,on time,30,17,none,moderate,23.5,hcp
3571,lapsing,early,delayed,30,33,phone,moderate,1.0,direct_rx
3572,on_track,stable,on time,30,17,none,low,6.5,direct_rx
3573,lapsing,stable,delayed,30,43,app,moderate,10.3,hcp
3574,lapsing,long_term,delayed,30,38,app,high,13.0,direct_rx
3575,on_track,stable,on time,60,24,phone,low,11.0,direct_rx
3576,on_track,stable,on time,90,38,app,low,4.2,hcp
3577,lapsing,early,delayed,30,46,app,moderate,1.8,hcp
3578,lapsed,early,missed,30,106,phone,high,0.4,direct_rx
3579,on_track,stable,on time,30,22,phone,low,4.3,direct_rx
3580,lapsed,early,missed,60,224,app,moderate,2.4,direct_rx
3581,on_track,stable,on time,30,12,app,low,8.0,hcp
3582,on_track,early,on time,30,7,app,moderate,2.8,hcp
3583,lapsing,stable,delayed,90,113,app,moderate,10.1,direct_rx
3584,lapsing,early,delayed,30,40,app,moderate,2.1,hcp
3585,on_track,stable,on time,30,7,app,low,11.9,hcp
3586,on_track,stable,on time,30,5,none,low,11.2,direct_rx
3587,lapsing,stable,delayed,90,103,phone,moderate,7.2,direct_rx
3588,lapsing,early,delayed,30,46,app,moderate,0.3,direct_rx
3589,on_track,long_term,on time,30,8,phone,low,19.9,direct_rx
3590,on_track,early,on time,30,18,app,low,0.9,hcp
3591,on_track,long_term,on time,30,16,none,moderate,15.9,direct_rx
3592,on_track,stable,on time,90,53,app,low,4.1,direct_rx
3593,lapsing,early,delayed,30,32,phone,moderate,0.9,direct_rx
3594,on_track,stable,on time,30,1,none,moderate,6.7,direct_rx
3595,lapsing,early,delayed,60,79,phone,moderate,1.9,hcp
3596,on_track,stable,on time,90,51,phone,low,8.1,direct_rx
3597,on_track,long_term,on time,60,25,app,low,17.2,direct_rx
3598,on_track,long_term,on time,60,0,none,low,13.7,hcp
3599,on_track,stable,on time,30,8,phone,moderate,9.7,hcp
3600,on_track,long_term,on time,30,3,app,low,21.3,hcp
3601,on_track,long_term,on time,90,15,app,low,28.3,direct_rx
3602,lapsing,stable,delayed,60,65,none,high,10.2,direct_rx
3603,on_track,stable,on time,30,2,phone,low,10.9,direct_rx
3604,lapsing,early,delayed,30,41,phone,high,1.5,hcp
3605,on_track,stable,on time,60,11,app,moderate,4.9,direct_rx
3606,lapsing,stable,delayed,90,103,app,moderate,9.7,direct_rx
3607,lapsing,early,delayed,60,76,app,high,0.3,transfer
3608,on_track,stable,on time,30,23,app,low,10.7,hcp
3609,lapsed,stable,missed,60,140,app,high,6.8,direct_rx
3610,lapsed,stable,missed,60,199,app,high,5.8,hcp
3611,on_track,stable,on time,30,7,phone,low,4.6,hcp
3612,lapsing,early,delayed,30,30,none,high,1.9,direct_rx
3613,on_track,long_term,on time,30,0,none,low,24.9,direct_rx
3614,on_track,long_term,on time,90,1,app,low,16.6,direct_rx
3615,on_track,stable,on time,90,10,phone,moderate,4.5,direct_rx
3616,on_track,stable,on time,30,3,phone,low,11.2,hcp
3617,on_track,stable,on time,60,10,app,moderate,6.9,direct_rx
3618,lapsing,stable,delayed,90,121,app,high,7.4,transfer
3619,lapsed,stable,missed,30,88,none,high,11.7,hcp
3620,on_track,stable,on time,90,34,app,moderate,11.6,direct_rx
3621,on_track,stable,on time,90,47,none,low,6.0,direct_rx
3622,on_track,long_term,on time,90,7,app,moderate,23.9,direct_rx
3623,lapsed,early,missed,30,81,none,high,1.6,direct_rx
3624,on_track,stable,on time,30,5,phone,moderate,10.3,direct_rx
3625,lapsing,early,delayed,60,86,app,high,0.4,transfer
3626,on_track,stable,on time,30,5,none,low,10.2,hcp
3627,on_track,stable,on time,30,3,phone,low,10.2,hcp
3628,on_track,long_term,on time,60,31,app,low,15.9,transfer
3629,lapsing,early,delayed,30,44,phone,moderate,1.7,direct_rx
3630,lapsed,early,missed,30,55,phone,moderate,0.7,direct_rx
3631,on_track,stable,on time,60,40,phone,low,9.9,direct_rx
3632,on_track,stable,on time,60,5,phone,moderate,12.0,direct_rx
3633,on_track,long_term,on time,90,65,app,low,22.6,direct_rx
3634,lapsing,early,delayed,60,77,app,moderate,2.5,hcp
3635,on_track,long_term,on time,60,39,app,low,26.8,hcp
3636,lapsing,early,delayed,30,42,app,moderate,1.0,hcp
3637,lapsed,early,missed,90,265,phone,high,2.2,hcp
3638,on_track,long_term,on time,30,8,app,low,20.0,transfer
3639,on_track,long_term,on time,30,24,phone,moderate,29.6,transfer
3640,lapsed,long_term,missed,30,75,app,high,23.8,direct_rx
3641,on_track,early,on time,30,23,app,low,1.1,direct_rx
3642,on_track,stable,on time,30,23,phone,low,8.0,direct_rx
3643,on_track,stable,on time,30,12,app,low,6.5,hcp
3644,lapsed,early,missed,60,105,app,high,2.2,direct_rx
3645,on_track,stable,on time,30,20,app,low,7.7,hcp
3646,on_track,stable,on time,90,29,app,moderate,8.1,direct_rx
3647,lapsing,early,delayed,30,37,none,moderate,2.6,transfer
3648,on_track,long_term,on time,90,5,phone,low,18.2,hcp
3649,on_track,stable,on time,60,14,app,low,9.7,hcp
3650,on_track,stable,on time,30,12,phone,low,8.6,direct_rx
3651,on_track,stable,on time,30,9,app,low,10.9,hcp
3652,lapsing,early,delayed,90,132,phone,moderate,0.3,direct_rx
3653,on_track,long_term,on time,30,21,app,low,34.1,direct_rx
3654,lapsing,long_term,delayed,30,35,phone,moderate,32.8,direct_rx
3655,on_track,stable,on time,60,8,phone,moderate,6.6,hcp
3656,lapsing,long_term,delayed,60,61,phone,high,16.0,direct_rx
3657,lapsing,stable,delayed,90,141,app,moderate,10.3,direct_rx
3658,on_track,long_term,on time,30,2,phone,low,25.2,transfer
3659,on_track,long_term,on time,90,2,phone,moderate,35.5,hcp
3660,on_track,stable,on time,30,7,app,moderate,10.9,direct_rx
3661,lapsing,early,delayed,90,110,none,moderate,1.6,hcp
3662,on_track,stable,on time,30,7,app,moderate,11.9,direct_rx
3663,on_track,stable,on time,30,23,phone,low,8.3,direct_rx
3664,on_track,stable,on time,30,11,none,moderate,4.5,direct_rx
3665,on_track,long_term,on time,30,12,app,low,25.4,direct_rx
3666,on_track,early,on time,90,61,phone,moderate,1.0,hcp
3667,on_track,long_term,on time,60,35,app,low,36.0,direct_rx
3668,on_track,long_term,on time,60,47,phone,low,28.8,direct_rx
3669,on_track,long_term,on time,30,24,phone,low,34.7,hcp
3670,lapsed,early,missed,60,114,phone,high,2.4,hcp
3671,on_track,stable,on time,30,5,app,low,10.6,hcp
3672,on_track,long_term,on time,30,15,app,moderate,20.6,direct_rx
3673,on_track,early,on time,30,20,none,moderate,1.0,direct_rx
3674,on_track,stable,on time,90,71,phone,moderate,4.0,direct_rx
3675,on_track,stable,on time,30,14,phone,moderate,10.1,hcp
3676,lapsed,stable,missed,60,151,phone,high,11.8,hcp
3677,on_track,long_term,on time,30,6,app,low,30.0,direct_rx
3678,on_track,long_term,on time,30,23,app,moderate,33.7,transfer
3679,on_track,long_term,on time,90,52,app,low,13.2,hcp
3680,lapsed,early,missed,30,100,none,high,0.9,direct_rx
3681,on_track,long_term,on time,60,12,app,low,33.2,direct_rx
3682,lapsing,early,delayed,60,66,phone,high,1.6,direct_rx
3683,lapsed,long_term,missed,60,179,app,high,21.8,hcp
3684,lapsing,early,delayed,90,124,phone,moderate,0.7,direct_rx
3685,lapsing,early,delayed,90,126,app,high,0.3,direct_rx
3686,lapsing,early,delayed,30,38,app,high,2.9,direct_rx
3687,on_track,long_term,on time,90,8,none,moderate,31.1,direct_rx
3688,on_track,stable,on time,30,24,app,low,6.2,direct_rx
3689,lapsed,stable,missed,30,87,app,high,11.3,direct_rx
3690,on_track,stable,on time,30,13,app,low,10.9,direct_rx
3691,on_track,stable,on time,30,14,phone,moderate,6.0,direct_rx
3692,on_track,stable,on time,90,16,none,low,8.3,direct_rx
3693,lapsing,stable,delayed,60,73,app,moderate,8.1,direct_rx
3694,on_track,stable,on time,30,3,app,low,7.8,direct_rx
3695,on_track,long_term,on time,30,11,none,low,22.8,direct_rx
3696,on_track,stable,on time,30,20,app,low,9.0,hcp
3697,lapsing,stable,delayed,60,89,app,high,4.3,hcp
3698,on_track,stable,on time,30,19,app,moderate,11.2,direct_rx
3699,on_track,stable,on time,90,15,app,low,4.9,hcp
3700,on_track,early,on time,30,3,none,low,2.0,hcp
3701,on_track,stable,on time,60,22,phone,low,9.7,hcp
3702,on_track,long_term,on time,60,30,app,low,17.3,hcp
3703,on_track,long_term,on time,90,57,none,low,22.4,hcp
3704,on_track,stable,on time,60,21,app,moderate,8.5,hcp
3705,on_track,stable,on time,30,6,none,low,11.0,direct_rx
3706,on_track,stable,on time,90,28,phone,moderate,8.6,direct_rx
3707,lapsed,early,missed,60,226,app,moderate,1.1,direct_rx
3708,on_track,stable,on time,30,14,none,low,3.5,hcp
3709,on_track,stable,on time,30,4,app,moderate,6.2,direct_rx
3710,on_track,stable,on time,30,17,phone,low,11.2,transfer
3711,on_track,stable,on time,30,8,app,moderate,4.1,transfer
3712,on_track,stable,on time,60,30,app,moderate,11.3,transfer
3713,lapsed,stable,missed,30,95,app,high,6.0,transfer
3714,on_track,stable,on time,60,35,phone,moderate,6.8,direct_rx
3715,on_track,stable,on time,30,17,none,low,8.4,direct_rx
3716,lapsing,early,delayed,60,92,app,moderate,1.0,direct_rx
3717,on_track,stable,on time,30,12,app,moderate,7.7,direct_rx
3718,on_track,long_term,on time,30,24,phone,moderate,17.9,transfer
3719,on_track,early,on time,60,41,none,moderate,1.9,direct_rx
3720,on_track,stable,on time,90,34,app,low,9.2,direct_rx
3721,on_track,long_term,on time,30,15,phone,low,17.9,direct_rx
3722,lapsed,long_term,missed,30,72,phone,high,25.2,direct_rx
3723,lapsing,early,delayed,30,43,app,moderate,1.9,direct_rx
3724,lapsing,early,delayed,60,67,phone,moderate,2.1,direct_rx
3725,on_track,stable,on time,60,15,app,moderate,6.3,direct_rx
3726,on_track,long_term,on time,30,14,phone,low,15.9,direct_rx
3727,on_track,long_term,on time,30,18,app,moderate,13.1,direct_rx
3728,lapsed,stable,missed,30,95,app,high,4.5,transfer
3729,on_track,long_term,on time,60,27,app,low,16.4,hcp
3730,on_track,long_term,on time,30,18,phone,low,33.5,direct_rx
3731,lapsing,early,delayed,30,42,app,moderate,0.3,transfer
3732,lapsing,stable,delayed,60,60,app,moderate,3.1,hcp
3733,lapsing,early,delayed,90,130,phone,moderate,2.3,hcp
3734,on_track,stable,on time,90,28,app,low,6.7,hcp
3735,on_track,early,on time,90,30,app,low,2.0,direct_rx
3736,on_track,stable,on time,60,6,app,low,10.0,hcp
3737,on_track,stable,on time,30,23,app,low,9.8,direct_rx
3738,on_track,long_term,on time,90,55,phone,moderate,31.6,direct_rx
3739,lapsing,stable,delayed,30,32,phone,moderate,5.8,direct_rx
3740,lapsing,long_term,delayed,60,83,phone,moderate,34.0,direct_rx
3741,lapsed,stable,missed,60,151,none,high,11.5,hcp
3742,on_track,long_term,on time,30,15,app,moderate,27.4,direct_rx
3743,on_track,stable,on time,30,19,app,low,9.2,hcp
3744,on_track,stable,on time,30,23,app,moderate,10.5,direct_rx
3745,on_track,stable,on time,60,21,app,low,4.0,direct_rx
3746,on_track,stable,on time,30,16,phone,low,8.3,hcp
3747,lapsing,stable,delayed,60,66,none,moderate,8.2,direct_rx
3748,on_track,stable,on time,30,7,app,moderate,10.4,hcp
3749,lapsed,long_term,missed,30,108,phone,moderate,34.0,hcp
3750,on_track,stable,on time,30,11,app,low,4.4,direct_rx
3751,on_track,early,on time,90,7,app,low,0.8,direct_rx
3752,lapsing,stable,delayed,30,47,phone,moderate,11.9,direct_rx
3753,lapsing,long_term,delayed,30,34,app,moderate,23.9,direct_rx
3754,lapsing,long_term,delayed,90,110,none,moderate,14.3,direct_rx
3755,on_track,stable,on time,30,4,app,low,8.4,direct_rx
3756,on_track,long_term,on time,30,19,app,low,14.6,direct_rx
3757,on_track,long_term,on time,30,4,app,moderate,31.1,hcp
3758,lapsing,long_term,delayed,60,61,none,moderate,27.1,direct_rx
3759,lapsing,long_term,delayed,90,102,phone,moderate,28.8,hcp
3760,on_track,long_term,on time,30,21,phone,moderate,28.6,transfer
3761,lapsing,early,delayed,30,43,app,high,0.3,direct_rx
3762,lapsed,early,missed,30,115,phone,high,2.5,direct_rx
3763,lapsing,early,delayed,60,72,app,moderate,2.2,direct_rx
3764,on_track,early,on time,30,15,app,low,0.0,transfer
3765,on_track,stable,on time,30,20,none,low,9.9,hcp
3766,on_track,long_term,on time,90,51,app,low,22.6,hcp
3767,on_track,long_term,on time,30,19,phone,moderate,23.1,direct_rx
3768,lapsed,early,missed,60,163,app,high,2.8,direct_rx
3769,on_track,long_term,on time,30,13,phone,low,21.4,hcp
3770,on_track,stable,on time,30,9,none,low,9.8,direct_rx
3771,on_track,stable,on time,30,4,none,moderate,10.4,direct_rx
3772,on_track,stable,on time,60,30,app,moderate,8.8,direct_rx
3773,lapsed,long_term,missed,30,75,phone,moderate,24.8,direct_rx
3774,lapsed,stable,missed,30,82,app,high,11.3,direct_rx
3775,on_track,stable,on time,60,28,none,low,10.1,hcp
3776,on_track,stable,on time,30,4,app,low,7.9,hcp
3777,on_track,stable,on time,30,21,app,low,8.6,direct_rx
3778,on_track,stable,on time,30,16,phone,moderate,4.5,hcp
3779,lapsed,stable,missed,60,206,app,moderate,5.3,direct_rx
3780,on_track,stable,on time,30,5,app,low,9.0,direct_rx
3781,on_track,long_term,on time,90,24,phone,low,20.3,hcp
3782,on_track,stable,on time,90,64,phone,moderate,6.9,direct_rx
3783,on_track,stable,on time,60,34,phone,low,11.2,hcp
3784,on_track,stable,on time,30,24,app,moderate,8.8,direct_rx
3785,on_track,early,on time,30,19,phone,moderate,1.4,direct_rx
3786,on_track,stable,on time,30,21,app,low,5.9,transfer
3787,on_track,stable,on time,30,23,none,low,10.7,hcp
3788,on_track,early,on time,30,19,phone,low,1.6,hcp
3789,on_track,stable,on time,30,23,app,moderate,4.9,direct_rx
3790,on_track,stable,on time,60,32,app,low,4.9,transfer
3791,lapsed,early,missed,90,343,app,high,2.4,hcp
3792,on_track,long_term,on time,30,4,phone,low,29.8,direct_rx
3793,on_track,stable,on time,90,10,none,low,11.2,direct_rx
3794,lapsed,stable,missed,30,85,phone,high,9.5,transfer
3795,on_track,stable,on time,90,8,app,low,5.8,hcp
3796,lapsing,early,delayed,30,45,app,moderate,2.6,direct_rx
3797,lapsing,stable,delayed,90,142,app,moderate,5.8,hcp
3798,on_track,stable,on time,60,4,phone,low,9.1,direct_rx
3799,lapsing,long_term,delayed,30,35,none,moderate,29.7,direct_rx
3800,on_track,stable,on time,30,9,app,low,7.3,direct_rx
3801,on_track,stable,on time,60,45,phone,moderate,10.7,direct_rx
3802,on_track,early,on time,30,2,none,low,2.5,direct_rx
3803,on_track,long_term,on time,30,22,phone,low,21.4,direct_rx
3804,lapsing,early,delayed,30,36,app,moderate,1.8,transfer
3805,on_track,stable,on time,60,14,phone,moderate,10.0,hcp
3806,on_track,early,on time,30,5,app,low,1.3,hcp
3807,lapsed,early,missed,90,324,app,high,2.7,transfer
3808,on_track,early,on time,30,1,none,low,1.0,hcp
3809,lapsed,early,missed,60,165,none,moderate,1.5,direct_rx
3810,on_track,long_term,on time,30,3,phone,moderate,15.2,transfer
3811,on_track,stable,on time,60,37,app,moderate,6.5,direct_rx
3812,on_track,stable,on time,60,41,phone,low,4.9,hcp
3813,lapsed,early,missed,90,182,app,moderate,0.6,hcp
3814,on_track,stable,on time,30,0,app,moderate,8.3,hcp
3815,on_track,stable,on time,60,11,phone,moderate,4.4,hcp
3816,on_track,early,on time,30,7,none,low,0.2,hcp
3817,on_track,stable,on time,90,21,app,low,10.8,direct_rx
3818,lapsed,stable,missed,30,57,none,moderate,9.2,direct_rx
3819,lapsed,long_term,missed,30,108,phone,moderate,24.6,direct_rx
3820,on_track,stable,on time,90,63,app,low,7.4,direct_rx
3821,lapsing,early,delayed,60,96,phone,moderate,1.9,direct_rx
3822,on_track,long_term,on time,30,4,app,low,26.6,direct_rx
3823,lapsing,stable,delayed,30,45,app,moderate,6.7,transfer
3824,on_track,long_term,on time,60,19,app,low,34.8,hcp
3825,lapsing,early,delayed,30,43,phone,high,2.4,direct_rx
3826,on_track,early,on time,60,20,app,low,1.1,transfer
3827,on_track,long_term,on time,90,53,app,moderate,30.2,transfer
3828,on_track,long_term,on time,30,7,none,moderate,17.7,direct_rx
3829,lapsing,stable,delayed,30,43,app,moderate,5.3,direct_rx
3830,on_track,stable,on time,60,19,none,moderate,7.1,direct_rx
3831,on_track,stable,on time,90,38,app,low,11.3,hcp
3832,on_track,long_term,on time,30,11,phone,low,22.8,direct_rx
3833,lapsing,stable,delayed,30,31,app,moderate,4.2,hcp
3834,on_track,stable,on time,30,15,app,low,10.8,direct_rx
3835,on_track,long_term,on time,90,53,app,low,30.5,transfer
3836,on_track,stable,on time,30,6,app,low,7.6,hcp
3837,lapsed,early,missed,90,325,app,high,1.3,direct_rx
3838,on_track,stable,on time,30,16,app,moderate,11.5,direct_rx
3839,on_track,long_term,on time,60,29,none,moderate,34.2,direct_rx
3840,on_track,long_term,on time,90,19,app,low,16.6,direct_rx
3841,on_track,stable,on time,30,3,none,low,11.8,hcp
3842,on_track,stable,on time,30,24,none,low,10.3,hcp
3843,on_track,long_term,on time,30,16,phone,low,16.4,direct_rx
3844,on_track,stable,on time,60,35,phone,moderate,5.8,direct_rx
3845,on_track,early,on time,30,15,phone,moderate,1.6,direct_rx
3846,lapsing,early,delayed,30,31,phone,moderate,2.0,hcp
3847,lapsing,early,delayed,30,46,app,moderate,0.7,direct_rx
3848,lapsing,long_term,delayed,30,45,app,high,33.1,direct_rx
3849,lapsing,early,delayed,30,46,none,high,1.5,hcp
3850,lapsed,early,missed,60,162,phone,high,1.6,hcp
3851,on_track,stable,on time,60,11,phone,moderate,6.6,direct_rx
3852,on_track,long_term,on time,90,41,none,low,13.8,direct_rx
3853,on_track,stable,on time,30,0,phone,low,8.2,direct_rx
3854,on_track,stable,on time,30,13,phone,moderate,8.5,direct_rx
3855,on_track,stable,on time,30,10,app,moderate,11.2,direct_rx
3856,on_track,stable,on time,30,10,app,low,10.4,direct_rx
3857,lapsed,early,missed,90,343,app,high,1.0,transfer
3858,on_track,stable,on time,30,20,none,low,9.9,direct_rx
3859,on_track,early,on time,60,35,app,moderate,0.1,direct_rx
3860,on_track,stable,on time,60,20,app,moderate,4.0,transfer
3861,lapsed,early,missed,30,112,app,moderate,0.7,direct_rx
3862,lapsing,early,delayed,90,93,none,moderate,0.9,transfer
3863,lapsing,early,delayed,60,85,none,high,0.8,direct_rx
3864,on_track,stable,on time,30,13,phone,moderate,6.9,hcp
3865,lapsed,long_term,missed,30,56,none,high,23.1,direct_rx
3866,on_track,stable,on time,30,6,none,low,9.4,direct_rx
3867,on_track,stable,on time,30,8,phone,low,4.8,direct_rx
3868,lapsed,stable,missed,30,98,none,moderate,5.6,hcp
3869,on_track,stable,on time,60,20,phone,low,9.6,direct_rx
3870,on_track,long_term,on time,90,7,phone,low,18.4,hcp
3871,lapsed,early,missed,30,52,app,moderate,1.9,transfer
3872,on_track,stable,on time,30,22,none,low,11.1,direct_rx
3873,on_track,stable,on time,60,13,app,moderate,7.3,transfer
3874,on_track,stable,on time,90,26,app,low,8.0,hcp
3875,lapsing,long_term,delayed,90,93,app,high,31.4,hcp
3876,lapsed,stable,missed,60,198,none,high,11.7,direct_rx
3877,lapsing,early,delayed,30,43,none,high,0.2,hcp
3878,lapsing,stable,delayed,30,46,phone,moderate,4.9,direct_rx
3879,lapsing,early,delayed,30,45,app,moderate,0.8,transfer
3880,on_track,long_term,on time,30,12,phone,low,13.1,direct_rx
3881,on_track,stable,on time,90,37,none,low,10.5,direct_rx
3882,on_track,long_term,on time,30,16,phone,moderate,21.4,hcp
3883,on_track,long_term,on time,60,7,app,low,27.7,hcp
3884,lapsed,stable,missed,60,177,app,high,11.0,hcp
3885,on_track,stable,on time,30,7,phone,low,7.2,transfer
3886,on_track,stable,on time,30,8,phone,low,9.1,direct_rx
3887,on_track,stable,on time,30,14,app,low,8.9,direct_rx
3888,on_track,stable,on time,30,7,none,moderate,10.0,hcp
3889,on_track,long_term,on time,60,8,none,low,31.3,transfer
3890,lapsed,early,missed,60,124,app,moderate,0.4,direct_rx
3891,on_track,long_term,on time,30,15,phone,low,21.6,direct_rx
3892,on_track,stable,on time,60,21,app,moderate,8.3,direct_rx
3893,on_track,stable,on time,30,0,phone,moderate,6.2,transfer
3894,lapsed,stable,missed,30,105,phone,high,11.8,direct_rx
3895,lapsing,early,delayed,30,33,phone,moderate,0.4,direct_rx
3896,on_track,stable,on time,90,54,app,low,9.0,direct_rx
3897,on_track,stable,on time,30,1,app,low,7.1,direct_rx
3898,lapsing,early,delayed,30,41,app,moderate,2.6,direct_rx
3899,on_track,long_term,on time,30,1,phone,low,20.8,hcp
3900,on_track,stable,on time,90,55,phone,low,4.4,direct_rx
3901,on_track,long_term,on time,30,0,app,moderate,17.3,transfer
3902,lapsing,early,delayed,30,33,none,high,1.5,hcp
3903,on_track,long_term,on time,30,10,phone,moderate,20.0,hcp
3904,on_track,stable,on time,30,9,phone,moderate,9.4,direct_rx
3905,on_track,stable,on time,30,22,app,low,9.1,hcp
3906,on_track,stable,on time,30,12,app,moderate,11.3,direct_rx
3907,on_track,stable,on time,30,4,none,low,5.8,direct_rx
3908,on_track,long_term,on time,60,24,app,low,23.3,direct_rx
3909,lapsed,stable,missed,30,64,phone,high,11.0,direct_rx
3910,on_track,long_term,on time,90,70,app,low,16.6,direct_rx
3911,lapsed,early,missed,30,58,app,high,1.6,direct_rx
3912,on_track,long_term,on time,30,22,app,moderate,33.3,direct_rx
3913,on_track,stable,on time,90,9,app,moderate,9.7,direct_rx
3914,lapsing,stable,delayed,90,107,app,high,8.7,direct_rx
3915,on_track,stable,on time,30,3,phone,low,3.4,transfer
3916,on_track,stable,on time,30,10,none,low,10.8,direct_rx
3917,on_track,stable,on time,90,45,none,moderate,9.5,direct_rx
3918,lapsing,stable,delayed,30,32,app,moderate,11.8,direct_rx
3919,lapsing,early,delayed,90,125,app,moderate,1.5,hcp
3920,lapsed,stable,missed,30,118,phone,high,8.2,hcp
3921,on_track,long_term,on time,30,5,phone,moderate,20.6,hcp
3922,lapsing,long_term,delayed,30,44,phone,high,21.0,hcp
3923,lapsing,early,delayed,30,41,app,high,1.1,hcp
3924,lapsing,early,delayed,30,31,app,moderate,1.9,transfer
3925,on_track,early,on time,90,62,app,low,2.1,hcp
3926,on_track,stable,on time,60,34,none,low,9.7,hcp
3927,on_track,long_term,on time,30,16,app,low,22.9,transfer
3928,on_track,stable,on time,30,6,phone,low,9.1,direct_rx
3929,lapsing,early,delayed,30,44,app,high,2.4,hcp
3930,lapsing,early,delayed,30,32,app,moderate,1.0,hcp
3931,on_track,stable,on time,30,23,phone,moderate,6.3,direct_rx
3932,lapsing,early,delayed,30,36,none,moderate,1.0,transfer
3933,on_track,stable,on time,30,5,app,low,10.8,direct_rx
3934,lapsing,early,delayed,30,37,none,high,1.9,direct_rx
3935,lapsing,stable,delayed,30,36,app,high,10.3,hcp
3936,on_track,long_term,on time,90,14,phone,low,20.1,direct_rx
3937,on_track,stable,on time,60,46,phone,moderate,10.3,hcp
3938,on_track,long_term,on time,30,4,app,moderate,27.6,direct_rx
3939,on_track,long_term,on time,30,20,app,low,26.9,direct_rx
3940,on_track,stable,on time,60,7,none,low,10.9,hcp
3941,lapsed,early,missed,30,85,none,high,2.3,direct_rx
3942,on_track,stable,on time,30,14,app,low,9.0,direct_rx
3943,on_track,long_term,on time,60,11,phone,low,24.1,direct_rx
3944,lapsing,early,delayed,30,32,phone,moderate,1.6,hcp
3945,on_track,stable,on time,90,61,app,low,6.2,hcp
3946,on_track,stable,on time,30,15,none,low,9.4,direct_rx
3947,on_track,stable,on time,30,9,app,low,5.8,direct_rx
3948,lapsed,stable,missed,90,240,phone,high,8.4,direct_rx
3949,on_track,long_term,on time,30,21,phone,low,22.7,direct_rx
3950,lapsing,early,delayed,30,45,phone,moderate,2.8,hcp
3951,on_track,stable,on time,90,43,app,moderate,8.9,hcp
3952,on_track,long_term,on time,30,21,phone,low,14.2,hcp
3953,lapsing,early,delayed,30,46,app,moderate,1.4,hcp
3954,on_track,stable,on time,30,4,phone,moderate,9.9,direct_rx
3955,on_track,stable,on time,60,1,phone,low,7.3,direct_rx
3956,lapsed,early,missed,90,353,app,high,0.8,direct_rx
3957,on_track,stable,on time,90,60,phone,low,10.5,direct_rx
3958,on_track,early,on time,30,7,phone,low,2.1,transfer
3959,on_track,stable,on time,30,7,app,moderate,11.9,hcp
3960,on_track,stable,on time,30,9,app,low,11.5,direct_rx
3961,lapsing,early,delayed,90,98,app,moderate,1.4,hcp
3962,on_track,stable,on time,90,67,phone,low,8.0,direct_rx
3963,on_track,long_term,on time,30,19,none,low,20.1,direct_rx
3964,on_track,stable,on time,30,3,phone,low,4.1,hcp
3965,on_track,stable,on time,30,3,app,moderate,10.2,hcp
3966,lapsed,long_term,missed,30,107,app,moderate,22.4,hcp
3967,lapsing,stable,delayed,30,40,app,moderate,10.5,direct_rx
3968,on_track,stable,on time,60,5,phone,low,7.9,direct_rx
3969,on_track,stable,on time,90,7,phone,moderate,8.6,transfer
3970,on_track,long_term,on time,30,20,none,moderate,20.4,direct_rx
3971,on_track,stable,on time,30,0,app,moderate,8.9,transfer
3972,on_track,long_term,on time,60,15,none,low,34.3,direct_rx
3973,on_track,stable,on time,60,47,phone,low,4.4,hcp
3974,lapsed,early,missed,90,303,phone,moderate,2.1,hcp
3975,lapsing,stable,delayed,30,30,none,moderate,10.8,hcp
3976,on_track,stable,on time,60,12,app,low,11.1,transfer
3977,on_track,long_term,on time,30,20,phone,moderate,31.0,direct_rx
3978,on_track,stable,on time,30,24,none,low,10.7,direct_rx
3979,lapsing,long_term,delayed,30,46,app,moderate,20.5,direct_rx
3980,lapsed,early,missed,30,106,app,high,2.7,hcp
3981,on_track,early,on time,30,18,phone,moderate,2.4,direct_rx
3982,lapsed,early,missed,30,90,app,high,1.0,direct_rx
3983,lapsed,early,missed,30,57,app,high,0.4,direct_rx
3984,lapsed,early,missed,30,79,app,high,0.4,direct_rx
3985,on_track,long_term,on time,90,32,phone,low,17.8,transfer
3986,lapsed,early,missed,30,69,none,high,1.1,direct_rx
3987,lapsed,early,missed,90,215,phone,moderate,0.9,hcp
3988,on_track,stable,on time,30,21,app,moderate,6.5,transfer
3989,lapsing,early,delayed,60,69,phone,moderate,0.1,direct_rx
3990,on_track,early,on time,90,68,phone,low,1.5,direct_rx
3991,lapsing,stable,delayed,90,90,none,moderate,9.5,direct_rx
3992,on_track,long_term,on time,30,3,phone,moderate,12.2,direct_rx
3993,lapsing,early,delayed,30,32,phone,moderate,2.9,direct_rx
3994,on_track,long_term,on time,30,20,app,moderate,19.5,direct_rx
3995,on_track,stable,on time,30,16,app,moderate,8.6,direct_rx
3996,on_track,stable,on time,90,71,phone,low,3.3,hcp
3997,lapsing,early,delayed,30,43,app,moderate,0.4,direct_rx
3998,on_track,long_term,on time,60,9,app,moderate,20.7,direct_rx
3999,on_track,long_term,on time,30,23,app,low,28.7,direct_rx
4000,on_track,long_term,on time,90,71,app,moderate,14.0,hcp
4001,lapsing,stable,delayed,30,38,none,high,9.8,direct_rx
4002,on_track,long_term,on time,30,4,none,low,19.8,direct_rx
4003,on_track,stable,on time,60,43,app,moderate,7.0,direct_rx
4004,on_track,long_term,on time,30,8,app,low,18.3,direct_rx
4005,on_track,long_term,on time,60,29,app,low,33.4,direct_rx
4006,lapsed,stable,missed,30,73,phone,high,9.3,transfer
4007,on_track,stable,on time,30,0,app,moderate,5.2,transfer
4008,on_track,stable,on time,60,20,phone,low,7.6,hcp
4009,lapsing,early,delayed,30,32,app,moderate,0.7,direct_rx
4010,on_track,long_term,on time,90,31,none,low,18.4,direct_rx
4011,lapsed,early,missed,30,65,phone,high,1.9,direct_rx
4012,lapsed,early,missed,30,110,phone,high,1.6,transfer
4013,on_track,long_term,on time,30,15,phone,low,25.3,direct_rx
4014,on_track,early,on time,30,7,app,low,2.8,hcp
4015,on_track,long_term,on time,60,9,none,low,31.5,direct_rx
4016,on_track,early,on time,30,12,app,low,2.7,hcp
4017,on_track,stable,on time,90,47,phone,low,9.6,direct_rx
4018,on_track,long_term,on time,30,23,none,low,13.7,direct_rx
4019,on_track,early,on time,30,14,phone,low,0.7,direct_rx
4020,lapsed,early,missed,90,209,app,moderate,2.6,direct_rx
4021,on_track,long_term,on time,30,17,app,low,17.0,hcp
4022,lapsing,long_term,delayed,30,43,phone,high,22.8,direct_rx
4023,lapsing,early,delayed,30,33,app,moderate,1.0,direct_rx
4024,lapsing,early,delayed,30,40,app,high,2.6,hcp
4025,lapsed,stable,missed,30,72,app,high,11.4,direct_rx
4026,on_track,stable,on time,30,0,none,low,12.0,hcp
4027,on_track,long_term,on time,30,1,app,low,16.8,hcp
4028,on_track,long_term,on time,60,31,app,low,35.8,direct_rx
4029,on_track,long_term,on time,30,20,phone,low,33.9,hcp
4030,on_track,stable,on time,30,2,app,low,5.5,hcp
4031,on_track,long_term,on time,60,18,phone,moderate,26.7,hcp
4032,on_track,stable,on time,30,13,phone,low,9.2,transfer
4033,on_track,long_term,on time,30,15,phone,low,27.7,direct_rx
4034,on_track,stable,on time,60,9,none,low,3.9,direct_rx
4035,lapsing,long_term,delayed,30,38,phone,high,16.4,direct_rx
4036,on_track,early,on time,30,12,phone,moderate,1.2,hcp
4037,lapsed,early,missed,30,55,app,moderate,0.3,direct_rx
4038,on_track,long_term,on time,90,60,phone,low,19.7,hcp
4039,on_track,long_term,on time,30,4,app,low,33.5,direct_rx
4040,lapsed,early,missed,30,68,app,moderate,1.3,hcp
4041,lapsing,early,delayed,30,35,app,high,2.1,direct_rx
4042,on_track,stable,on time,30,23,none,low,4.4,direct_rx
4043,on_track,stable,on time,90,38,app,low,5.8,hcp
4044,lapsed,early,missed,30,53,app,moderate,0.6,direct_rx
4045,on_track,long_term,on time,30,15,app,low,20.9,hcp
4046,on_track,stable,on time,30,6,none,low,6.7,hcp
4047,on_track,stable,on time,30,22,app,low,7.2,direct_rx
4048,on_track,long_term,on time,90,27,app,moderate,35.8,hcp
4049,lapsing,stable,delayed,30,31,phone,moderate,6.3,transfer
4050,on_track,long_term,on time,30,8,app,low,35.8,direct_rx
4051,on_track,stable,on time,30,4,app,moderate,7.8,hcp
4052,on_track,stable,on time,30,0,phone,low,9.0,direct_rx
4053,lapsing,long_term,delayed,30,30,app,moderate,33.6,direct_rx
4054,lapsing,early,delayed,90,137,phone,moderate,2.6,hcp
4055,on_track,stable,on time,30,9,app,low,9.0,direct_rx
4056,on_track,stable,on time,30,22,phone,low,11.7,hcp
4057,on_track,long_term,on time,60,43,app,low,30.3,transfer
4058,lapsing,early,delayed,90,97,none,high,0.8,direct_rx
4059,on_track,stable,on time,60,5,none,low,3.9,hcp
4060,on_track,stable,on time,60,12,phone,low,7.2,direct_rx
4061,on_track,stable,on time,30,8,phone,low,9.1,direct_rx
4062,on_track,stable,on time,60,47,none,moderate,4.0,transfer
4063,lapsing,early,delayed,30,34,phone,moderate,1.3,direct_rx
4064,on_track,stable,on time,90,48,none,moderate,5.8,transfer
4065,on_track,stable,on time,60,30,phone,low,4.7,hcp
4066,on_track,long_term,on time,30,12,app,low,12.9,direct_rx
4067,on_track,long_term,on time,30,3,phone,low,25.5,hcp
4068,lapsed,early,missed,30,59,phone,high,2.1,transfer
4069,on_track,stable,on time,90,27,phone,low,11.0,direct_rx
4070,lapsed,long_term,missed,30,55,app,high,29.5,direct_rx
4071,on_track,stable,on time,30,12,app,moderate,6.1,direct_rx
4072,on_track,stable,on time,90,44,app,low,5.9,direct_rx
4073,on_track,stable,on time,30,12,app,moderate,5.9,direct_rx
4074,on_track,stable,on time,30,11,app,low,4.9,direct_rx
4075,on_track,stable,on time,30,15,app,low,5.8,direct_rx
4076,lapsing,stable,delayed,30,42,app,moderate,9.2,direct_rx
4077,on_track,long_term,on time,30,2,none,low,21.6,direct_rx
4078,on_track,stable,on time,30,22,none,moderate,11.5,direct_rx
4079,on_track,stable,on time,60,31,none,low,7.7,transfer
4080,on_track,long_term,on time,30,8,app,low,33.5,direct_rx
4081,on_track,long_term,on time,60,20,app,low,18.8,direct_rx
4082,lapsed,long_term,missed,90,259,app,high,27.8,direct_rx
4083,on_track,long_term,on time,30,9,none,low,29.7,direct_rx
4084,lapsed,early,missed,30,108,none,high,1.9,hcp
4085,on_track,stable,on time,60,29,none,low,10.5,transfer
4086,on_track,long_term,on time,30,19,phone,low,26.0,hcp
4087,on_track,early,on time,60,22,phone,low,2.0,hcp
4088,on_track,stable,on time,90,49,app,low,8.2,direct_rx
4089,on_track,stable,on time,30,22,phone,moderate,9.2,direct_rx
4090,on_track,long_term,on time,30,21,phone,moderate,12.4,direct_rx
4091,on_track,long_term,on time,90,3,phone,low,21.8,hcp
4092,on_track,stable,on time,30,3,app,moderate,8.0,direct_rx
4093,lapsing,stable,delayed,30,35,none,moderate,8.2,direct_rx
4094,lapsing,long_term,delayed,30,43,none,high,17.9,direct_rx
4095,lapsing,early,delayed,30,31,app,moderate,1.5,hcp
4096,lapsing,long_term,delayed,30,44,phone,moderate,13.1,direct_rx
4097,on_track,stable,on time,60,12,app,moderate,8.8,direct_rx
4098,lapsing,stable,delayed,60,77,app,high,5.4,direct_rx
4099,lapsed,early,missed,30,79,app,high,2.3,hcp
4100,on_track,long_term,on time,30,8,none,low,16.5,direct_rx
4101,on_track,stable,on time,30,5,phone,low,7.0,transfer
4102,on_track,long_term,on time,90,24,app,low,22.0,direct_rx
4103,on_track,long_term,on time,60,41,app,low,20.6,hcp
4104,on_track,long_term,on time,30,6,phone,low,15.8,direct_rx
4105,lapsing,early,delayed,30,37,app,moderate,1.3,direct_rx
4106,lapsing,stable,delayed,30,46,app,high,9.0,direct_rx
4107,on_track,stable,on time,30,1,app,moderate,8.8,direct_rx
4108,on_track,long_term,on time,30,11,none,low,34.6,direct_rx
4109,on_track,long_term,on time,90,65,app,moderate,15.9,direct_rx
4110,on_track,long_term,on time,30,1,phone,moderate,32.5,direct_rx
4111,on_track,stable,on time,60,25,app,moderate,9.2,direct_rx
4112,lapsing,early,delayed,30,31,app,high,0.2,direct_rx
4113,lapsing,stable,delayed,30,33,phone,high,4.4,direct_rx
4114,lapsing,early,delayed,90,137,app,moderate,2.9,direct_rx
4115,on_track,early,on time,60,26,phone,low,1.0,direct_rx
4116,on_track,stable,on time,30,1,phone,low,7.4,transfer
4117,on_track,early,on time,60,0,phone,low,0.8,direct_rx
4118,on_track,long_term,on time,30,15,app,low,23.9,direct_rx
4119,lapsing,early,delayed,60,67,phone,moderate,0.4,transfer
4120,lapsed,stable,missed,30,59,phone,moderate,10.5,direct_rx
4121,on_track,stable,on time,30,23,phone,moderate,11.2,transfer
4122,on_track,long_term,on time,90,38,app,moderate,22.8,direct_rx
4123,on_track,stable,on time,60,48,app,low,6.8,direct_rx
4124,on_track,long_term,on time,90,17,app,low,14.6,hcp
4125,lapsing,stable,delayed,30,31,phone,moderate,11.3,transfer
4126,lapsing,stable,delayed,30,39,app,high,10.4,hcp
4127,lapsing,early,delayed,60,91,none,moderate,1.2,direct_rx
4128,lapsing,early,delayed,30,30,app,moderate,1.4,hcp
4129,lapsed,early,missed,30,81,app,high,2.3,direct_rx
4130,on_track,long_term,on time,30,7,phone,low,20.7,direct_rx
4131,on_track,stable,on time,90,63,app,low,11.8,hcp
4132,on_track,long_term,on time,30,7,phone,low,24.3,direct_rx
4133,on_track,stable,on time,30,14,phone,moderate,8.6,transfer
4134,on_track,long_term,on time,30,22,phone,low,18.3,transfer
4135,on_track,stable,on time,30,18,phone,low,9.2,hcp
4136,lapsing,early,delayed,90,115,app,moderate,2.2,hcp
4137,on_track,long_term,on time,90,28,none,low,14.4,direct_rx
4138,lapsing,stable,delayed,30,46,app,high,9.1,direct_rx
4139,on_track,stable,on time,30,20,app,low,8.9,hcp
4140,on_track,stable,on time,30,18,phone,low,4.6,hcp
4141,on_track,stable,on time,30,9,app,low,6.0,direct_rx
4142,lapsed,stable,missed,90,198,none,high,10.4,transfer
4143,on_track,long_term,on time,30,8,none,low,31.9,hcp
4144,on_track,long_term,on time,30,5,none,low,18.0,hcp
4145,lapsing,early,delayed,30,34,app,moderate,0.7,direct_rx
4146,on_track,long_term,on time,60,19,phone,moderate,16.1,hcp
4147,lapsing,stable,delayed,30,47,none,moderate,6.5,direct_rx
4148,on_track,long_term,on time,90,34,app,moderate,27.1,hcp
4149,on_track,stable,on time,60,7,phone,moderate,3.8,direct_rx
4150,on_track,long_term,on time,60,23,phone,low,25.3,transfer
4151,on_track,stable,on time,60,13,app,low,4.3,direct_rx
4152,lapsing,stable,delayed,30,36,phone,moderate,5.3,direct_rx
4153,on_track,stable,on time,30,13,app,low,6.9,direct_rx
4154,on_track,stable,on time,90,33,none,low,11.6,direct_rx
4155,on_track,stable,on time,60,6,phone,low,3.7,hcp
4156,lapsing,early,delayed,90,113,app,moderate,0.7,direct_rx
4157,lapsed,early,missed,30,120,app,high,0.8,direct_rx
4158,lapsing,early,delayed,30,38,phone,high,2.8,transfer
4159,on_track,early,on time,30,21,phone,moderate,0.6,hcp
4160,on_track,stable,on time,60,40,none,low,9.9,direct_rx
4161,lapsed,stable,missed,30,90,none,high,5.7,direct_rx
4162,lapsing,early,delayed,30,45,none,high,2.0,direct_rx
4163,lapsed,early,missed,30,68,phone,high,1.2,direct_rx
4164,lapsing,early,delayed,30,35,none,moderate,0.6,direct_rx
4165,lapsed,early,missed,30,102,phone,high,0.4,direct_rx
4166,on_track,stable,on time,60,45,none,low,4.4,direct_rx
4167,lapsing,long_term,delayed,30,45,phone,moderate,17.8,hcp
4168,on_track,stable,on time,30,23,phone,low,7.8,direct_rx
4169,on_track,stable,on time,90,48,app,low,7.7,direct_rx
4170,on_track,stable,on time,30,20,app,moderate,3.1,direct_rx
4171,lapsing,stable,delayed,90,102,app,moderate,10.6,hcp
4172,lapsing,stable,delayed,30,42,none,high,7.5,transfer
4173,on_track,stable,on time,30,17,none,moderate,11.8,direct_rx
4174,on_track,stable,on time,30,1,app,moderate,11.9,direct_rx
4175,on_track,stable,on time,30,15,phone,moderate,6.4,direct_rx
4176,lapsed,early,missed,30,110,app,high,0.7,direct_rx
4177,on_track,stable,on time,90,17,phone,low,11.5,hcp
4178,lapsing,early,delayed,30,46,phone,moderate,0.7,transfer
4179,on_track,stable,on time,30,6,app,low,3.6,transfer
4180,on_track,stable,on time,30,13,phone,moderate,3.5,hcp
4181,lapsed,long_term,missed,90,281,none,high,13.5,hcp
4182,lapsed,long_term,missed,60,152,app,high,19.8,transfer
4183,lapsing,early,delayed,90,122,phone,moderate,2.7,hcp
4184,on_track,stable,on time,60,20,phone,low,8.3,direct_rx
4185,lapsed,early,missed,90,212,none,high,2.6,direct_rx
4186,on_track,stable,on time,30,10,app,low,5.2,direct_rx
4187,on_track,long_term,on time,30,12,phone,low,34.9,direct_rx
4188,on_track,long_term,on time,90,55,app,low,28.2,direct_rx
4189,on_track,stable,on time,30,9,app,low,4.3,transfer
4190,on_track,long_term,on time,90,0,app,low,24.0,direct_rx
4191,lapsing,early,delayed,30,39,app,high,1.6,direct_rx
4192,on_track,stable,on time,60,9,app,low,7.6,direct_rx
4193,on_track,long_term,on time,90,40,phone,low,12.3,hcp
4194,lapsed,early,missed,30,53,none,moderate,0.5,transfer
4195,lapsing,early,delayed,30,34,phone,moderate,2.2,direct_rx
4196,on_track,stable,on time,60,39,none,low,3.5,direct_rx
4197,on_track,early,on time,30,20,app,low,0.5,hcp
4198,lapsing,stable,delayed,60,85,app,high,5.9,hcp
4199,on_track,stable,on time,30,16,app,moderate,11.2,direct_rx
4200,lapsed,long_term,missed,30,112,phone,high,30.4,hcp
4201,on_track,long_term,on time,30,23,none,low,32.4,transfer
4202,lapsing,early,delayed,30,46,phone,high,0.4,direct_rx
4203,on_track,stable,on time,30,2,app,low,10.0,hcp
4204,on_track,long_term,on time,60,3,app,low,17.0,hcp
4205,on_track,stable,on time,30,4,phone,low,4.8,hcp
4206,lapsed,stable,missed,30,69,phone,moderate,10.1,direct_rx
4207,on_track,long_term,on time,90,57,app,moderate,30.6,hcp
4208,on_track,stable,on time,30,22,none,low,7.1,direct_rx
4209,on_track,early,on time,30,4,none,low,2.4,direct_rx
4210,on_track,stable,on time,60,13,app,low,10.6,hcp
4211,on_track,stable,on time,30,10,app,low,5.4,direct_rx
4212,on_track,stable,on time,90,66,app,low,10.0,transfer
4213,on_track,stable,on time,30,14,app,low,8.8,direct_rx
4214,on_track,long_term,on time,90,61,phone,low,30.3,direct_rx
4215,lapsing,early,delayed,60,91,none,high,2.5,direct_rx
4216,on_track,stable,on time,30,16,app,moderate,3.5,hcp
4217,lapsed,long_term,missed,30,61,app,moderate,13.2,hcp
4218,on_track,stable,on time,30,13,app,low,11.3,direct_rx
4219,on_track,long_term,on time,30,2,app,moderate,25.8,direct_rx
4220,lapsing,early,delayed,30,36,app,moderate,2.7,transfer
4221,lapsing,early,delayed,30,31,phone,high,0.5,direct_rx
4222,lapsing,stable,delayed,30,35,app,moderate,9.4,hcp
4223,on_track,stable,on time,30,4,none,low,6.1,direct_rx
4224,lapsing,stable,delayed,60,69,none,moderate,10.0,direct_rx
4225,on_track,long_term,on time,30,15,app,low,26.1,direct_rx
4226,on_track,stable,on time,30,24,phone,moderate,9.3,direct_rx
4227,on_track,stable,on time,30,14,phone,low,6.4,hcp
4228,on_track,stable,on time,90,5,phone,low,5.3,direct_rx
4229,on_track,long_term,on time,90,65,none,low,23.5,direct_rx
4230,lapsing,early,delayed,60,81,app,high,0.7,direct_rx
4231,on_track,stable,on time,60,3,app,moderate,8.1,direct_rx
4232,on_track,long_term,on time,30,24,app,low,29.6,direct_rx
4233,on_track,stable,on time,30,17,phone,low,8.9,hcp
4234,on_track,stable,on time,30,1,phone,moderate,8.2,direct_rx
4235,on_track,long_term,on time,30,22,app,low,20.6,transfer
4236,lapsing,stable,delayed,30,45,none,moderate,8.2,hcp
4237,on_track,stable,on time,60,27,phone,low,8.7,direct_rx
4238,lapsing,stable,delayed,60,75,none,moderate,9.5,direct_rx
4239,on_track,long_term,on time,60,22,phone,low,34.7,transfer
4240,on_track,long_term,on time,90,22,phone,low,26.6,transfer
4241,lapsed,early,missed,90,222,phone,high,0.7,direct_rx
4242,on_track,early,on time,60,35,none,low,2.3,direct_rx
4243,on_track,stable,on time,30,12,app,low,8.8,direct_rx
4244,on_track,long_term,on time,30,9,app,low,25.9,direct_rx
4245,on_track,stable,on time,30,17,none,low,11.3,direct_rx
4246,on_track,stable,on time,30,9,app,low,9.8,direct_rx
4247,on_track,stable,on time,90,35,phone,low,8.2,direct_rx
4248,lapsed,early,missed,90,247,app,high,0.7,direct_rx
4249,lapsing,early,delayed,90,90,none,high,2.1,direct_rx
4250,lapsed,early,missed,60,172,none,high,0.7,direct_rx
4251,on_track,early,on time,30,17,phone,low,2.6,direct_rx
4252,on_track,stable,on time,90,46,app,low,9.2,direct_rx
4253,on_track,stable,on time,30,24,app,low,11.6,hcp
4254,on_track,stable,on time,30,8,phone,low,10.6,transfer
4255,lapsed,early,missed,60,221,none,high,0.1,transfer
4256,on_track,stable,on time,30,22,app,moderate,5.5,direct_rx
4257,lapsing,early,delayed,30,32,phone,moderate,1.8,direct_rx
4258,on_track,stable,on time,30,9,none,moderate,11.0,hcp
4259,lapsed,early,missed,30,115,none,high,0.9,direct_rx
4260,on_track,stable,on time,30,6,none,low,3.1,direct_rx
4261,lapsed,early,missed,60,226,phone,high,0.8,direct_rx
4262,on_track,stable,on time,60,9,app,moderate,8.5,direct_rx
4263,on_track,early,on time,30,18,app,moderate,2.1,direct_rx
4264,lapsing,stable,delayed,30,44,app,moderate,6.4,hcp
4265,on_track,stable,on time,90,46,app,moderate,9.3,hcp
4266,on_track,early,on time,30,10,app,low,1.7,direct_rx
4267,on_track,long_term,on time,60,29,app,low,26.9,direct_rx
4268,lapsing,early,delayed,60,73,phone,moderate,2.2,hcp
4269,on_track,stable,on time,30,8,phone,low,9.5,direct_rx
4270,lapsing,early,delayed,90,109,app,high,0.3,transfer
4271,on_track,long_term,on time,30,18,app,moderate,21.6,direct_rx
4272,on_track,stable,on time,30,8,phone,moderate,7.9,direct_rx
4273,on_track,stable,on time,30,12,none,low,11.7,direct_rx
4274,on_track,stable,on time,60,19,app,moderate,3.3,direct_rx
4275,on_track,early,on time,90,1,app,low,1.0,direct_rx
4276,on_track,stable,on time,60,37,app,low,10.3,direct_rx
4277,on_track,stable,on time,30,11,app,low,8.9,direct_rx
4278,lapsing,long_term,delayed,60,89,none,moderate,22.7,transfer
4279,lapsing,stable,delayed,30,48,phone,moderate,3.2,transfer
4280,lapsing,long_term,delayed,30,40,app,high,33.2,direct_rx
4281,on_track,stable,on time,30,17,phone,low,6.6,direct_rx
4282,lapsing,early,delayed,60,90,app,moderate,2.2,hcp
4283,on_track,stable,on time,30,13,app,moderate,3.5,hcp
4284,on_track,stable,on time,60,18,phone,moderate,11.2,hcp
4285,on_track,stable,on time,30,2,phone,moderate,7.8,direct_rx
4286,lapsing,early,delayed,60,72,app,moderate,1.7,transfer
4287,lapsing,early,delayed,30,47,app,high,2.6,hcp
4288,on_track,stable,on time,90,0,phone,low,8.6,direct_rx
4289,on_track,long_term,on time,30,14,none,moderate,26.5,hcp
4290,on_track,stable,on time,60,14,app,low,3.2,direct_rx
4291,lapsing,early,delayed,90,107,phone,moderate,1.5,hcp
4292,on_track,long_term,on time,30,7,app,low,23.8,hcp
4293,lapsing,stable,delayed,30,38,none,moderate,11.9,hcp
4294,on_track,long_term,on time,30,4,none,moderate,27.0,direct_rx
4295,on_track,stable,on time,60,29,phone,low,6.7,hcp
4296,on_track,early,on time,30,15,phone,low,1.5,direct_rx
4297,on_track,long_term,on time,30,18,none,low,30.0,direct_rx
4298,on_track,stable,on time,30,20,phone,low,9.4,direct_rx
4299,lapsed,early,missed,60,210,none,high,0.8,direct_rx
4300,on_track,long_term,on time,30,19,none,low,18.0,direct_rx
4301,on_track,stable,on time,30,19,phone,low,8.7,hcp
4302,on_track,stable,on time,30,7,app,moderate,11.7,hcp
4303,on_track,stable,on time,30,10,none,low,10.4,transfer
4304,on_track,long_term,on time,60,33,app,moderate,20.3,direct_rx
4305,on_track,stable,on time,30,1,app,low,8.8,hcp
4306,on_track,stable,on time,30,15,phone,moderate,7.0,direct_rx
4307,on_track,stable,on time,30,23,phone,low,3.4,hcp
4308,on_track,long_term,on time,60,15,phone,low,13.4,direct_rx
4309,on_track,stable,on time,30,5,none,low,6.8,direct_rx
4310,lapsed,stable,missed,30,102,phone,moderate,6.5,direct_rx
4311,lapsing,stable,delayed,30,37,app,moderate,8.8,direct_rx
4312,on_track,long_term,on time,60,45,phone,low,12.2,direct_rx
4313,on_track,stable,on time,60,30,app,low,6.8,hcp
4314,on_track,long_term,on time,60,42,none,low,22.6,hcp
4315,on_track,stable,on time,90,14,app,low,8.3,hcp
4316,on_track,stable,on time,30,13,app,moderate,3.2,direct_rx
4317,lapsing,early,delayed,30,40,none,moderate,0.3,transfer
4318,on_track,long_term,on time,30,11,phone,low,29.6,direct_rx
4319,lapsing,long_term,delayed,30,43,app,high,21.5,hcp
4320,lapsing,early,delayed,30,31,app,moderate,1.3,direct_rx
4321,on_track,stable,on time,30,22,app,low,7.9,direct_rx
4322,on_track,stable,on time,30,24,none,moderate,7.6,direct_rx
4323,on_track,stable,on time,60,3,app,moderate,12.0,hcp
4324,lapsing,long_term,delayed,30,35,app,moderate,18.5,direct_rx
4325,on_track,stable,on time,30,2,app,low,10.2,hcp
4326,lapsing,early,delayed,60,62,app,moderate,2.6,direct_rx
4327,lapsing,stable,delayed,30,33,phone,moderate,8.1,hcp
4328,on_track,long_term,on time,30,10,none,low,33.1,direct_rx
4329,lapsing,long_term,delayed,30,34,app,high,29.0,direct_rx
4330,on_track,long_term,on time,30,14,none,low,25.9,direct_rx
4331,lapsing,early,delayed,30,38,phone,moderate,2.2,direct_rx
4332,lapsing,early,delayed,30,35,app,moderate,0.1,hcp
4333,on_track,long_term,on time,90,31,phone,moderate,27.5,direct_rx
4334,on_track,long_term,on time,30,10,none,moderate,28.5,transfer
4335,lapsing,early,delayed,60,80,app,high,2.8,direct_rx
4336,on_track,long_term,on time,90,40,none,low,32.9,hcp
4337,on_track,long_term,on time,30,23,app,moderate,16.0,direct_rx
4338,lapsed,early,missed,60,214,phone,moderate,2.2,hcp
4339,lapsed,early,missed,30,85,app,high,1.2,transfer
4340,on_track,stable,on time,30,1,none,low,11.3,direct_rx
4341,on_track,long_term,on time,30,5,app,moderate,21.5,direct_rx
4342,on_track,long_term,on time,60,46,none,low,25.2,direct_rx
4343,on_track,long_term,on time,30,19,app,low,13.0,hcp
4344,lapsed,early,missed,90,349,app,high,0.8,hcp
4345,lapsing,stable,delayed,30,43,phone,moderate,9.5,direct_rx
4346,lapsing,early,delayed,60,75,app,high,1.2,transfer
4347,on_track,stable,on time,30,8,app,low,3.3,direct_rx
4348,on_track,long_term,on time,60,39,phone,low,21.4,transfer
4349,lapsing,early,delayed,30,42,app,moderate,2.2,direct_rx
4350,on_track,stable,on time,30,10,phone,low,11.0,direct_rx
4351,lapsing,stable,delayed,30,46,app,high,8.8,direct_rx
4352,on_track,long_term,on time,30,13,phone,low,18.9,direct_rx
4353,lapsing,early,delayed,90,126,phone,moderate,0.9,direct_rx
4354,lapsing,early,delayed,30,35,app,moderate,1.9,hcp
4355,lapsing,stable,delayed,90,113,phone,moderate,9.3,direct_rx
4356,on_track,stable,on time,60,38,app,low,7.6,direct_rx
4357,on_track,stable,on time,30,13,app,low,7.5,hcp
4358,on_track,stable,on time,90,61,app,moderate,11.3,hcp
4359,on_track,stable,on time,30,22,phone,moderate,8.6,hcp
4360,lapsing,early,delayed,30,32,none,moderate,0.5,hcp
4361,on_track,long_term,on time,60,11,phone,low,26.1,transfer
4362,lapsed,long_term,missed,30,59,app,high,33.2,direct_rx
4363,on_track,long_term,on time,30,11,phone,low,33.3,hcp
4364,lapsing,early,delayed,60,65,none,high,0.7,hcp
4365,on_track,long_term,on time,30,20,phone,low,13.0,direct_rx
4366,on_track,early,on time,30,3,app,moderate,1.2,hcp
4367,on_track,stable,on time,30,3,app,low,11.8,transfer
4368,on_track,long_term,on time,30,20,none,low,33.6,hcp
4369,on_track,stable,on time,60,7,none,moderate,9.1,direct_rx
4370,lapsed,early,missed,30,84,app,high,0.8,direct_rx
4371,on_track,stable,on time,30,20,app,low,9.6,direct_rx
4372,lapsing,stable,delayed,60,90,phone,moderate,9.7,direct_rx
4373,on_track,stable,on time,60,5,app,low,5.4,transfer
4374,lapsed,early,missed,90,271,none,moderate,2.9,hcp
4375,lapsing,early,delayed,30,46,app,moderate,2.8,transfer
4376,on_track,long_term,on time,30,6,phone,low,14.7,direct_rx
4377,on_track,stable,on time,30,6,app,moderate,11.9,direct_rx
4378,lapsing,early,delayed,30,48,phone,moderate,1.6,hcp
4379,lapsing,long_term,delayed,30,39,phone,moderate,27.2,direct_rx
4380,on_track,long_term,on time,30,15,app,moderate,15.7,hcp
4381,on_track,stable,on time,30,23,phone,low,6.9,hcp
4382,on_track,stable,on time,30,7,phone,low,6.6,transfer
4383,lapsing,early,delayed,90,134,none,moderate,2.6,direct_rx
4384,lapsing,early,delayed,60,73,phone,moderate,0.8,hcp
4385,on_track,stable,on time,30,1,phone,low,6.6,direct_rx
4386,on_track,stable,on time,30,13,app,moderate,4.8,direct_rx
4387,on_track,stable,on time,30,4,none,moderate,3.2,hcp
4388,on_track,stable,on time,30,9,phone,low,8.9,direct_rx
4389,on_track,stable,on time,60,37,app,low,3.3,direct_rx
4390,on_track,stable,on time,30,9,app,moderate,10.9,hcp
4391,on_track,long_term,on time,60,39,phone,low,16.4,direct_rx
4392,lapsing,early,delayed,30,46,app,moderate,1.4,hcp
4393,on_track,long_term,on time,30,5,app,low,15.0,transfer
4394,lapsed,stable,missed,30,106,app,high,5.3,direct_rx
4395,on_track,long_term,on time,90,62,phone,low,20.3,transfer
4396,lapsing,early,delayed,90,131,app,moderate,1.8,transfer
4397,on_track,long_term,on time,30,4,none,moderate,14.4,direct_rx
4398,on_track,long_term,on time,90,35,app,low,21.6,direct_rx
4399,on_track,early,on time,90,30,phone,low,1.9,hcp
4400,lapsing,early,delayed,30,33,none,moderate,3.0,hcp
4401,lapsed,early,missed,30,60,app,moderate,1.3,direct_rx
4402,on_track,stable,on time,90,45,phone,moderate,7.9,direct_rx
4403,lapsed,early,missed,60,142,app,moderate,0.1,direct_rx
4404,lapsed,stable,missed,90,324,phone,moderate,6.5,hcp
4405,lapsing,stable,delayed,30,34,none,high,11.9,direct_rx
4406,on_track,stable,on time,30,19,none,moderate,10.3,direct_rx
4407,on_track,long_term,on time,60,8,app,low,30.9,hcp
4408,on_track,long_term,on time,90,46,app,low,13.3,direct_rx
4409,on_track,stable,on time,30,21,app,low,5.9,direct_rx
4410,on_track,long_term,on time,90,45,app,low,31.4,direct_rx
4411,lapsing,long_term,delayed,30,36,app,high,23.9,transfer
4412,lapsed,long_term,missed,60,184,app,high,30.3,hcp
4413,on_track,long_term,on time,30,8,app,low,12.3,hcp
4414,lapsing,early,delayed,30,31,none,moderate,1.5,direct_rx
4415,on_track,long_term,on time,30,6,app,low,31.9,direct_rx
4416,on_track,long_term,on time,30,2,app,low,20.3,direct_rx
4417,on_track,stable,on time,30,0,app,low,4.4,hcp
4418,on_track,stable,on time,30,11,phone,low,9.4,hcp
4419,on_track,early,on time,60,4,app,low,0.1,hcp
4420,lapsing,long_term,delayed,60,77,app,moderate,32.7,hcp
4421,on_track,stable,on time,30,20,phone,low,7.8,hcp
4422,on_track,stable,on time,30,9,phone,low,10.1,hcp
4423,on_track,long_term,on time,30,14,app,low,14.8,direct_rx
4424,lapsed,early,missed,30,52,phone,moderate,2.4,hcp
4425,lapsing,early,delayed,30,33,app,moderate,1.4,direct_rx
4426,on_track,long_term,on time,30,14,none,moderate,24.7,direct_rx
4427,on_track,stable,on time,90,72,phone,low,5.6,direct_rx
4428,on_track,long_term,on time,30,3,phone,moderate,33.3,hcp
4429,lapsed,stable,missed,30,86,none,high,10.1,direct_rx
4430,on_track,long_term,on time,90,27,app,low,13.4,direct_rx
4431,on_track,stable,on time,90,36,phone,low,10.2,hcp
4432,lapsed,stable,missed,60,164,app,high,9.1,direct_rx
4433,on_track,long_term,on time,30,8,app,moderate,20.7,direct_rx
4434,on_track,stable,on time,30,23,app,low,7.9,transfer
4435,lapsed,early,missed,30,76,none,high,0.2,direct_rx
4436,on_track,stable,on time,30,6,phone,moderate,9.5,direct_rx
4437,on_track,long_term,on time,60,32,app,low,14.8,direct_rx
4438,on_track,stable,on time,30,0,app,low,8.0,hcp
4439,on_track,stable,on time,30,24,app,low,10.6,direct_rx
4440,on_track,long_term,on time,30,3,none,low,28.5,direct_rx
4441,lapsing,early,delayed,30,36,app,moderate,1.3,direct_rx
4442,on_track,long_term,on time,30,12,phone,moderate,20.8,hcp
4443,lapsing,stable,delayed,90,121,none,moderate,4.1,direct_rx
4444,on_track,long_term,on time,60,5,none,moderate,25.6,hcp
4445,lapsed,early,missed,60,125,app,moderate,2.3,hcp
4446,lapsed,early,missed,60,117,phone,high,0.7,direct_rx
4447,lapsing,early,delayed,30,36,phone,moderate,0.3,direct_rx
4448,on_track,stable,on time,60,11,phone,low,7.0,direct_rx
4449,lapsing,early,delayed,30,35,phone,high,1.2,direct_rx
4450,on_track,long_term,on time,90,52,phone,low,33.4,hcp
4451,lapsing,early,delayed,30,47,none,moderate,2.4,direct_rx
4452,on_track,stable,on time,30,18,phone,moderate,9.6,direct_rx
4453,on_track,early,on time,30,13,app,low,1.8,transfer
4454,lapsed,stable,missed,30,118,phone,moderate,11.5,hcp
4455,lapsed,early,missed,30,90,none,high,2.0,transfer
4456,on_track,stable,on time,60,34,app,low,6.6,hcp
4457,lapsed,early,missed,30,74,app,high,1.2,direct_rx
4458,lapsed,long_term,missed,30,92,app,high,35.8,direct_rx
4459,on_track,stable,on time,60,28,app,low,3.4,direct_rx
4460,lapsing,early,delayed,30,40,phone,moderate,2.5,direct_rx
4461,lapsing,early,delayed,60,79,phone,moderate,1.9,hcp
4462,on_track,long_term,on time,60,27,phone,moderate,25.5,direct_rx
4463,lapsing,early,delayed,60,70,app,moderate,2.7,direct_rx
4464,on_track,stable,on time,90,20,phone,low,11.4,direct_rx
4465,on_track,long_term,on time,90,39,phone,moderate,32.8,direct_rx
4466,lapsing,early,delayed,30,35,none,moderate,2.3,direct_rx
4467,on_track,stable,on time,30,2,app,moderate,4.3,direct_rx
4468,lapsing,early,delayed,90,99,app,moderate,1.4,direct_rx
4469,on_track,stable,on time,30,5,app,moderate,5.9,direct_rx
4470,on_track,long_term,on time,90,36,app,moderate,20.4,direct_rx
4471,on_track,stable,on time,60,35,none,low,10.4,direct_rx
4472,on_track,long_term,on time,30,21,app,moderate,13.5,direct_rx
4473,on_track,stable,on time,30,5,phone,moderate,11.6,direct_rx
4474,on_track,stable,on time,60,1,phone,moderate,7.4,hcp
4475,on_track,long_term,on time,60,36,app,low,17.8,hcp
4476,lapsing,stable,delayed,30,42,app,moderate,9.6,direct_rx
4477,on_track,early,on time,90,5,phone,low,0.9,direct_rx
4478,on_track,stable,on time,30,16,app,low,5.1,hcp
4479,on_track,stable,on time,30,15,phone,moderate,10.0,direct_rx
4480,lapsing,long_term,delayed,30,43,none,high,34.7,direct_rx
4481,lapsed,early,missed,30,110,app,high,1.8,direct_rx
4482,on_track,stable,on time,30,23,app,low,3.8,direct_rx
4483,on_track,stable,on time,60,45,phone,low,4.1,direct_rx
4484,on_track,stable,on time,60,2,app,low,3.7,direct_rx
4485,lapsed,early,missed,30,84,none,high,2.8,direct_rx
4486,lapsing,early,delayed,60,95,app,moderate,0.7,hcp
4487,lapsing,early,delayed,90,132,none,moderate,0.7,direct_rx
4488,on_track,stable,on time,90,57,app,low,6.8,direct_rx
4489,on_track,stable,on time,30,21,phone,moderate,6.6,direct_rx
4490,lapsing,early,delayed,30,33,none,high,2.1,direct_rx
4491,lapsing,early,delayed,30,47,app,moderate,0.1,hcp
4492,on_track,stable,on time,90,23,app,low,4.5,direct_rx
4493,on_track,stable,on time,60,30,app,moderate,11.0,transfer
4494,on_track,stable,on time,60,18,app,low,10.6,direct_rx
4495,on_track,long_term,on time,60,16,none,moderate,20.6,transfer
4496,on_track,stable,on time,60,12,app,moderate,8.4,direct_rx
4497,lapsing,early,delayed,90,132,app,moderate,2.7,direct_rx
4498,on_track,stable,on time,30,7,phone,low,7.6,hcp
4499,on_track,stable,on time,30,9,app,low,4.6,hcp
4500,on_track,early,on time,30,1,app,low,0.1,direct_rx
4501,on_track,stable,on time,60,18,app,low,4.9,hcp
4502,on_track,stable,on time,90,49,app,moderate,8.1,direct_rx
4503,on_track,long_term,on time,60,23,phone,moderate,25.5,direct_rx
4504,on_track,stable,on time,30,18,phone,low,4.6,hcp
4505,on_track,stable,on time,90,57,phone,low,5.6,hcp
4506,lapsing,stable,delayed,90,106,phone,moderate,11.8,hcp
4507,on_track,early,on time,30,0,app,low,1.3,hcp
4508,lapsing,long_term,delayed,60,84,phone,high,28.1,hcp
4509,lapsed,stable,missed,30,88,phone,moderate,10.4,direct_rx
4510,on_track,stable,on time,30,7,app,moderate,10.4,direct_rx
4511,on_track,long_term,on time,30,23,app,low,12.5,direct_rx
4512,lapsed,early,missed,90,255,phone,high,0.3,direct_rx
4513,on_track,stable,on time,30,18,none,low,5.7,direct_rx
4514,lapsing,long_term,delayed,90,116,phone,moderate,16.9,direct_rx
4515,on_track,stable,on time,60,20,app,moderate,8.5,direct_rx
4516,on_track,long_term,on time,30,16,none,low,34.5,direct_rx
4517,on_track,stable,on time,30,5,phone,low,10.5,direct_rx
4518,on_track,stable,on time,30,21,app,moderate,5.9,direct_rx
4519,on_track,stable,on time,60,25,app,low,8.8,transfer
4520,on_track,stable,on time,30,18,app,low,11.0,hcp
4521,lapsing,stable,delayed,30,32,phone,moderate,6.7,direct_rx
4522,on_track,early,on time,30,22,app,low,0.4,transfer
4523,lapsing,early,delayed,30,42,phone,moderate,2.0,hcp
4524,on_track,stable,on time,30,15,none,low,10.8,hcp
4525,on_track,long_term,on time,30,19,phone,low,20.2,transfer
4526,lapsed,early,missed,60,222,phone,high,2.1,direct_rx
4527,lapsed,early,missed,30,54,app,high,0.2,direct_rx
4528,lapsing,long_term,delayed,30,48,app,moderate,13.9,hcp
4529,on_track,long_term,on time,30,23,none,moderate,22.4,direct_rx
4530,on_track,stable,on time,30,3,phone,moderate,6.6,hcp
4531,on_track,stable,on time,30,6,phone,low,11.2,direct_rx
4532,on_track,long_term,on time,90,40,app,low,27.5,direct_rx
4533,on_track,stable,on time,90,38,app,low,8.1,direct_rx
4534,lapsed,early,missed,30,107,none,moderate,0.4,direct_rx
4535,lapsing,early,delayed,30,35,app,moderate,0.4,hcp
4536,on_track,long_term,on time,30,13,app,low,15.1,direct_rx
4537,on_track,long_term,on time,30,12,app,moderate,32.3,direct_rx
4538,on_track,stable,on time,30,4,app,low,9.6,hcp
4539,lapsed,early,missed,90,332,phone,high,1.9,direct_rx
4540,on_track,stable,on time,30,20,app,moderate,11.6,direct_rx
4541,on_track,stable,on time,30,23,none,low,5.6,direct_rx
4542,lapsed,early,missed,30,69,app,high,1.6,hcp
4543,on_track,stable,on time,90,36,phone,moderate,11.6,hcp
4544,on_track,long_term,on time,30,19,app,low,32.3,hcp
4545,on_track,stable,on time,90,19,phone,low,9.0,transfer
4546,on_track,long_term,on time,30,16,app,low,16.0,hcp
4547,lapsing,early,delayed,30,44,none,moderate,1.3,transfer
4548,on_track,stable,on time,30,16,phone,moderate,4.6,direct_rx
4549,lapsed,early,missed,30,102,none,high,0.7,direct_rx
4550,lapsing,early,delayed,30,37,app,high,1.1,direct_rx
4551,on_track,stable,on time,30,12,phone,low,5.2,direct_rx
4552,lapsed,early,missed,90,205,phone,high,2.9,direct_rx
4553,lapsing,early,delayed,30,30,phone,moderate,0.0,direct_rx
4554,lapsed,stable,missed,60,192,phone,moderate,4.8,direct_rx
4555,on_track,stable,on time,60,39,app,low,12.0,direct_rx
4556,lapsing,stable,delayed,90,99,app,high,7.6,transfer
4557,lapsed,stable,missed,60,213,app,moderate,10.5,direct_rx
4558,on_track,stable,on time,30,11,app,low,11.8,direct_rx
4559,lapsed,early,missed,30,79,none,moderate,1.6,direct_rx
4560,lapsing,early,delayed,30,45,none,high,1.4,hcp
4561,lapsing,early,delayed,30,47,phone,high,2.5,direct_rx
4562,on_track,long_term,on time,60,4,phone,low,35.4,hcp
4563,lapsing,long_term,delayed,30,39,app,moderate,14.7,direct_rx
4564,on_track,stable,on time,30,4,phone,low,6.9,direct_rx
4565,on_track,stable,on time,90,67,phone,low,5.8,direct_rx
4566,lapsing,long_term,delayed,30,45,none,moderate,14.5,hcp
4567,on_track,early,on time,30,17,none,low,2.7,direct_rx
4568,lapsing,early,delayed,30,41,app,moderate,1.0,hcp
4569,on_track,stable,on time,60,5,none,low,7.2,transfer
4570,on_track,stable,on time,90,64,none,low,3.8,hcp
4571,lapsed,long_term,missed,30,69,phone,high,12.8,direct_rx
4572,on_track,stable,on time,30,0,phone,low,5.7,transfer
4573,on_track,early,on time,30,20,phone,low,2.4,hcp
4574,on_track,long_term,on time,90,42,app,low,23.7,hcp
4575,lapsing,early,delayed,30,37,app,moderate,0.5,direct_rx
4576,on_track,long_term,on time,60,7,app,moderate,16.6,hcp
4577,on_track,long_term,on time,30,5,none,low,24.5,direct_rx
4578,lapsed,early,missed,60,206,app,moderate,2.3,hcp
4579,lapsing,early,delayed,30,35,app,high,1.9,hcp
4580,on_track,stable,on time,30,7,phone,low,11.8,direct_rx
4581,on_track,stable,on time,30,9,phone,low,3.9,direct_rx
4582,on_track,stable,on time,90,30,app,low,9.0,hcp
4583,on_track,stable,on time,60,1,app,moderate,4.1,direct_rx
4584,on_track,long_term,on time,30,16,app,low,34.8,direct_rx
4585,lapsed,early,missed,30,65,none,moderate,1.8,hcp
4586,lapsing,stable,delayed,30,39,app,high,11.1,direct_rx
4587,on_track,early,on time,30,1,none,low,1.8,direct_rx
4588,on_track,stable,on time,30,1,phone,moderate,10.7,hcp
4589,on_track,stable,on time,30,5,phone,low,8.7,direct_rx
4590,lapsing,early,delayed,60,72,app,moderate,0.9,direct_rx
4591,on_track,stable,on time,30,5,none,low,5.9,transfer
4592,lapsing,stable,delayed,90,144,app,moderate,11.2,hcp
4593,on_track,stable,on time,60,37,none,moderate,7.0,direct_rx
4594,on_track,early,on time,30,20,app,moderate,0.9,direct_rx
4595,lapsing,stable,delayed,60,96,phone,moderate,7.9,hcp
4596,on_track,long_term,on time,60,1,app,moderate,30.6,hcp
4597,on_track,long_term,on time,30,24,app,moderate,17.8,transfer
4598,lapsing,early,delayed,90,127,app,high,0.0,hcp
4599,on_track,long_term,on time,30,3,phone,low,26.3,direct_rx
4600,lapsing,long_term,delayed,30,40,app,moderate,21.2,hcp
4601,on_track,stable,on time,30,11,app,low,9.5,direct_rx
4602,on_track,stable,on time,30,3,phone,low,10.5,transfer
4603,on_track,stable,on time,90,7,phone,low,9.1,hcp
4604,lapsing,early,delayed,90,131,app,moderate,2.4,hcp
4605,lapsing,early,delayed,30,47,app,moderate,1.6,direct_rx
4606,lapsed,early,missed,60,146,app,high,2.1,transfer
4607,on_track,stable,on time,30,8,phone,low,7.6,transfer
4608,on_track,stable,on time,30,5,app,moderate,11.1,direct_rx
4609,on_track,stable,on time,60,21,none,low,8.5,transfer
4610,on_track,stable,on time,30,12,app,low,9.8,direct_rx
4611,on_track,stable,on time,30,6,app,moderate,4.5,direct_rx
4612,on_track,stable,on time,30,12,app,moderate,11.4,transfer
4613,lapsed,long_term,missed,30,68,none,high,16.6,transfer
4614,on_track,long_term,on time,30,21,none,low,35.3,direct_rx
4615,lapsed,stable,missed,30,106,phone,high,7.2,transfer
4616,on_track,stable,on time,30,22,phone,low,3.5,direct_rx
4617,lapsing,early,delayed,30,39,app,high,2.0,direct_rx
4618,on_track,stable,on time,90,67,phone,low,6.3,hcp
4619,on_track,long_term,on time,30,5,app,low,28.6,direct_rx
4620,on_track,long_term,on time,90,9,none,low,17.9,direct_rx
4621,on_track,stable,on time,30,10,app,low,6.5,direct_rx
4622,lapsing,early,delayed,60,89,app,moderate,2.2,hcp
4623,lapsed,stable,missed,30,53,none,high,3.5,direct_rx
4624,on_track,long_term,on time,90,45,app,moderate,20.5,direct_rx
4625,on_track,early,on time,30,17,phone,moderate,0.6,direct_rx
4626,on_track,stable,on time,30,5,phone,moderate,5.0,direct_rx
4627,on_track,stable,on time,60,25,app,low,8.7,direct_rx
4628,on_track,long_term,on time,90,39,phone,low,12.8,transfer
4629,on_track,stable,on time,90,45,app,moderate,9.3,hcp
4630,lapsing,long_term,delayed,60,82,app,moderate,20.6,transfer
4631,lapsing,early,delayed,30,45,app,high,3.0,hcp
4632,lapsed,early,missed,90,347,phone,moderate,2.4,hcp
4633,on_track,long_term,on time,60,42,phone,low,28.9,hcp
4634,on_track,stable,on time,30,16,phone,low,6.8,hcp
4635,on_track,early,on time,30,6,app,low,0.1,direct_rx
4636,lapsing,early,delayed,90,125,app,moderate,1.9,direct_rx
4637,on_track,long_term,on time,30,0,phone,moderate,15.0,direct_rx
4638,on_track,early,on time,30,5,none,moderate,1.1,transfer
4639,lapsing,long_term,delayed,60,88,app,high,13.3,direct_rx
4640,lapsed,early,missed,60,139,phone,high,1.6,direct_rx
4641,on_track,stable,on time,30,16,none,moderate,7.9,transfer
4642,on_track,stable,on time,90,55,phone,low,10.9,direct_rx
4643,on_track,stable,on time,30,18,phone,moderate,10.7,direct_rx
4644,lapsing,long_term,delayed,30,47,app,high,14.0,direct_rx
4645,on_track,early,on time,60,12,phone,low,0.1,hcp
4646,on_track,early,on time,90,28,app,moderate,2.4,transfer
4647,on_track,stable,on time,30,8,phone,low,10.4,direct_rx
4648,on_track,long_term,on time,90,64,app,low,15.7,hcp
4649,lapsing,stable,delayed,90,98,app,high,4.8,hcp
4650,lapsed,early,missed,30,55,none,moderate,2.3,transfer
4651,lapsed,early,missed,90,360,app,high,2.8,hcp
4652,lapsed,long_term,missed,60,235,app,moderate,12.8,direct_rx
4653,lapsing,stable,delayed,90,114,phone,moderate,5.7,hcp
4654,lapsing,early,delayed,60,66,app,moderate,2.8,direct_rx
4655,on_track,early,on time,30,1,app,low,1.7,direct_rx
4656,lapsing,early,delayed,30,41,none,moderate,2.9,direct_rx
4657,lapsed,early,missed,60,112,phone,high,2.7,direct_rx
4658,on_track,long_term,on time,90,5,phone,low,16.1,direct_rx
4659,on_track,early,on time,30,12,app,low,2.2,hcp
4660,lapsing,early,delayed,30,47,phone,high,1.8,transfer
4661,on_track,long_term,on time,60,21,app,low,34.8,transfer
4662,lapsing,stable,delayed,30,41,app,moderate,8.9,hcp
4663,lapsed,early,missed,60,127,none,moderate,0.6,direct_rx
4664,on_track,stable,on time,30,18,app,moderate,9.6,transfer
4665,on_track,long_term,on time,60,47,phone,low,26.6,direct_rx
4666,on_track,long_term,on time,30,4,app,moderate,22.1,transfer
4667,on_track,stable,on time,30,14,none,low,11.5,direct_rx
4668,on_track,stable,on time,30,0,app,low,4.6,transfer
4669,lapsing,early,delayed,60,67,app,moderate,0.9,direct_rx
4670,on_track,long_term,on time,30,18,app,low,23.1,direct_rx
4671,lapsing,early,delayed,30,36,none,moderate,2.9,direct_rx
4672,on_track,stable,on time,30,23,app,low,11.3,direct_rx
4673,on_track,stable,on time,60,2,app,moderate,9.5,hcp
4674,lapsing,early,delayed,30,39,phone,high,1.5,direct_rx
4675,on_track,stable,on time,60,23,phone,low,8.0,direct_rx
4676,on_track,long_term,on time,90,53,app,low,20.0,hcp
4677,lapsed,early,missed,30,106,phone,high,1.3,direct_rx
4678,on_track,stable,on time,60,37,phone,low,6.4,hcp
4679,on_track,stable,on time,90,7,app,moderate,7.4,hcp
4680,on_track,long_term,on time,30,2,app,low,17.5,direct_rx
4681,on_track,stable,on time,60,15,none,low,9.6,direct_rx
4682,lapsed,early,missed,90,317,none,high,0.7,hcp
4683,lapsing,long_term,delayed,30,43,none,moderate,25.6,direct_rx
4684,on_track,stable,on time,60,31,app,low,4.4,hcp
4685,on_track,long_term,on time,60,37,none,low,32.4,hcp
4686,on_track,stable,on time,30,15,app,moderate,9.6,direct_rx
4687,lapsing,early,delayed,30,47,none,high,2.1,direct_rx
4688,on_track,stable,on time,30,20,app,low,11.2,direct_rx
4689,on_track,long_term,on time,60,26,phone,moderate,18.8,hcp
4690,on_track,long_term,on time,30,2,app,low,17.9,direct_rx
4691,on_track,stable,on time,60,25,none,low,5.6,direct_rx
4692,lapsed,stable,missed,90,257,phone,high,8.1,hcp
4693,lapsed,early,missed,30,109,none,high,1.2,direct_rx
4694,on_track,stable,on time,30,7,phone,low,3.3,transfer
4695,on_track,long_term,on time,60,30,none,low,29.2,direct_rx
4696,lapsed,stable,missed,60,139,app,moderate,9.8,hcp
4697,on_track,stable,on time,30,14,app,moderate,11.0,direct_rx
4698,lapsing,long_term,delayed,90,138,app,moderate,14.8,direct_rx
4699,on_track,stable,on time,30,8,app,moderate,8.2,hcp
4700,on_track,stable,on time,90,4,app,moderate,4.7,direct_rx
4701,lapsing,early,delayed,90,131,phone,high,0.2,transfer
4702,on_track,stable,on time,30,9,none,low,4.1,direct_rx
4703,on_track,stable,on time,90,51,phone,moderate,3.2,hcp
4704,on_track,stable,on time,30,13,phone,low,8.6,hcp
4705,lapsing,early,delayed,30,35,app,high,2.3,direct_rx
4706,lapsing,stable,delayed,60,65,app,high,10.2,direct_rx
4707,on_track,stable,on time,30,5,phone,low,10.4,hcp
4708,on_track,stable,on time,60,1,app,low,9.6,hcp
4709,on_track,stable,on time,30,12,app,low,10.7,direct_rx
4710,lapsing,early,delayed,90,131,app,high,2.7,hcp
4711,on_track,stable,on time,90,65,none,low,3.9,direct_rx
4712,on_track,long_term,on time,30,13,app,low,19.3,hcp
4713,on_track,early,on time,60,30,none,moderate,1.2,transfer
4714,on_track,stable,on time,30,2,none,low,7.2,transfer
4715,lapsing,early,delayed,30,39,app,moderate,1.1,hcp
4716,on_track,stable,on time,30,18,phone,moderate,9.1,direct_rx
4717,on_track,long_term,on time,30,9,app,low,17.1,hcp
4718,on_track,stable,on time,90,14,phone,low,6.3,direct_rx
4719,lapsing,stable,delayed,30,31,phone,moderate,8.9,hcp
4720,on_track,long_term,on time,30,1,phone,low,34.3,direct_rx
4721,on_track,long_term,on time,90,23,app,moderate,28.6,hcp
4722,lapsing,early,delayed,30,45,phone,moderate,2.6,direct_rx
4723,lapsed,stable,missed,60,202,phone,high,8.7,transfer
4724,on_track,long_term,on time,30,1,app,low,15.7,hcp
4725,on_track,stable,on time,30,4,phone,low,10.5,hcp
4726,lapsing,early,delayed,90,97,app,high,1.3,transfer
4727,lapsing,long_term,delayed,90,122,none,high,33.3,hcp
4728,lapsing,early,delayed,30,34,phone,high,1.3,direct_rx
4729,on_track,long_term,on time,30,10,app,moderate,35.3,transfer
4730,on_track,stable,on time,60,25,none,moderate,9.5,direct_rx
4731,on_track,long_term,on time,30,10,app,low,30.8,hcp
4732,on_track,early,on time,90,19,phone,moderate,1.0,transfer
4733,on_track,stable,on time,30,6,none,moderate,10.7,transfer
4734,lapsing,long_term,delayed,60,83,phone,moderate,21.6,direct_rx
4735,lapsing,stable,delayed,30,41,phone,moderate,6.0,hcp
4736,on_track,stable,on time,60,25,app,low,9.1,hcp
4737,lapsed,stable,missed,90,193,none,high,5.7,direct_rx
4738,on_track,early,on time,30,0,none,moderate,1.0,direct_rx
4739,on_track,long_term,on time,90,47,app,low,15.0,direct_rx
4740,on_track,stable,on time,60,33,phone,moderate,3.9,direct_rx
4741,on_track,stable,on time,30,4,none,moderate,9.5,hcp
4742,on_track,stable,on time,30,19,app,low,11.4,direct_rx
4743,on_track,stable,on time,30,19,phone,low,9.1,direct_rx
4744,lapsing,long_term,delayed,30,40,app,high,30.4,transfer
4745,on_track,stable,on time,30,10,app,low,10.0,direct_rx
4746,lapsed,stable,missed,30,77,phone,high,10.4,hcp
4747,lapsing,early,delayed,30,40,app,high,1.2,direct_rx
4748,on_track,stable,on time,30,18,app,moderate,5.8,transfer
4749,lapsing,early,delayed,90,125,app,moderate,1.2,direct_rx
4750,on_track,stable,on time,30,23,phone,low,7.2,hcp
4751,on_track,stable,on time,60,41,app,low,11.5,hcp
4752,on_track,stable,on time,60,34,app,low,8.2,hcp
4753,lapsed,early,missed,30,61,app,high,2.7,direct_rx
4754,on_track,stable,on time,30,19,phone,low,6.2,transfer
4755,on_track,stable,on time,60,33,app,moderate,9.2,transfer
4756,on_track,long_term,on time,30,19,app,low,31.7,direct_rx
4757,lapsed,early,missed,30,69,phone,high,2.7,transfer
4758,lapsed,early,missed,90,296,phone,moderate,2.6,hcp
4759,on_track,long_term,on time,30,10,app,low,34.9,direct_rx
4760,on_track,stable,on time,90,22,phone,low,5.6,direct_rx
4761,lapsed,early,missed,60,186,app,moderate,1.1,direct_rx
4762,on_track,stable,on time,90,38,phone,low,11.4,transfer
4763,on_track,long_term,on time,60,45,none,low,19.3,direct_rx
4764,lapsing,early,delayed,30,43,app,high,0.5,direct_rx
4765,on_track,long_term,on time,30,7,phone,low,32.9,hcp
4766,on_track,stable,on time,30,17,none,low,7.6,transfer
4767,on_track,stable,on time,60,34,phone,moderate,7.7,direct_rx
4768,on_track,stable,on time,90,36,phone,low,8.4,direct_rx
4769,on_track,early,on time,30,3,app,moderate,2.4,direct_rx
4770,lapsed,long_term,missed,30,93,app,moderate,13.2,hcp
4771,on_track,stable,on time,90,71,phone,low,4.2,hcp
4772,lapsed,early,missed,30,80,phone,moderate,0.4,direct_rx
4773,on_track,stable,on time,90,31,app,moderate,8.2,hcp
4774,on_track,long_term,on time,60,48,app,low,14.4,hcp
4775,lapsing,early,delayed,30,33,phone,high,1.6,direct_rx
4776,lapsed,early,missed,30,70,phone,high,0.9,direct_rx
4777,on_track,long_term,on time,60,41,none,low,19.9,direct_rx
4778,lapsing,early,delayed,90,105,app,moderate,1.9,direct_rx
4779,on_track,long_term,on time,30,5,phone,low,13.9,hcp
4780,on_track,long_term,on time,90,54,none,moderate,32.2,direct_rx
4781,on_track,stable,on time,30,3,none,low,4.9,direct_rx
4782,lapsed,early,missed,30,90,none,high,0.3,direct_rx
4783,lapsing,early,delayed,30,43,app,moderate,1.9,direct_rx
4784,on_track,long_term,on time,30,8,none,moderate,29.5,hcp
4785,on_track,early,on time,60,20,phone,low,1.8,transfer
4786,on_track,early,on time,30,2,app,moderate,0.7,transfer
4787,lapsed,stable,missed,30,109,app,high,4.7,hcp
4788,lapsing,early,delayed,90,95,phone,high,0.9,direct_rx
4789,on_track,stable,on time,60,35,app,low,10.4,direct_rx
4790,on_track,long_term,on time,30,14,none,low,25.1,direct_rx
4791,on_track,stable,on time,30,16,phone,low,10.1,hcp
4792,on_track,stable,on time,60,48,app,low,3.5,hcp
4793,on_track,long_term,on time,30,10,phone,low,32.3,direct_rx
4794,on_track,long_term,on time,30,0,phone,moderate,30.7,hcp
4795,lapsed,early,missed,90,320,phone,moderate,1.3,direct_rx
4796,on_track,stable,on time,30,6,app,low,7.4,direct_rx
4797,on_track,stable,on time,30,11,app,low,11.9,direct_rx
4798,on_track,stable,on time,60,30,phone,low,10.9,transfer
4799,lapsing,early,delayed,30,43,phone,moderate,2.4,hcp
4800,lapsing,stable,delayed,30,30,app,moderate,9.2,direct_rx
4801,on_track,stable,on time,30,2,none,moderate,7.5,hcp
4802,on_track,stable,on time,60,7,phone,low,9.9,transfer
4803,on_track,stable,on time,30,9,phone,low,10.5,direct_rx
4804,on_track,stable,on time,60,26,none,low,11.2,hcp
4805,on_track,stable,on time,30,19,none,moderate,10.7,hcp
4806,on_track,stable,on time,30,10,app,low,10.5,direct_rx
4807,lapsing,long_term,delayed,90,142,phone,moderate,20.3,hcp
4808,on_track,stable,on time,30,14,phone,moderate,5.5,transfer
4809,on_track,long_term,on time,90,32,phone,low,16.8,transfer
4810,on_track,long_term,on time,30,8,none,moderate,16.7,transfer
4811,on_track,stable,on time,30,0,none,moderate,11.9,direct_rx
4812,lapsed,early,missed,90,274,none,high,2.8,hcp
4813,on_track,stable,on time,30,14,app,low,9.6,direct_rx
4814,on_track,long_term,on time,30,1,phone,moderate,32.8,hcp
4815,lapsed,stable,missed,90,309,app,moderate,9.5,direct_rx
4816,lapsing,long_term,delayed,30,41,none,high,12.2,hcp
4817,lapsing,early,delayed,30,38,none,moderate,1.0,direct_rx
4818,on_track,stable,on time,30,24,app,low,10.6,direct_rx
4819,on_track,long_term,on time,30,1,phone,low,31.3,direct_rx
4820,lapsed,stable,missed,60,185,app,moderate,9.6,hcp
4821,lapsed,early,missed,60,149,app,moderate,2.7,hcp
4822,on_track,stable,on time,90,42,phone,low,5.7,direct_rx
4823,on_track,long_term,on time,30,19,phone,moderate,24.4,direct_rx
4824,on_track,long_term,on time,30,20,app,moderate,30.9,hcp
4825,on_track,long_term,on time,30,5,phone,low,15.9,hcp
4826,on_track,stable,on time,30,12,none,low,4.4,direct_rx
4827,on_track,long_term,on time,60,36,phone,low,30.6,hcp
4828,lapsed,long_term,missed,90,176,phone,high,35.1,direct_rx
4829,lapsed,early,missed,30,110,phone,high,1.0,direct_rx
4830,on_track,long_term,on time,30,16,app,moderate,29.2,hcp
4831,lapsing,stable,delayed,30,33,phone,moderate,7.2,direct_rx
4832,on_track,long_term,on time,30,1,phone,moderate,29.3,hcp
4833,lapsing,stable,delayed,60,70,none,moderate,10.3,transfer
4834,on_track,long_term,on time,30,19,phone,moderate,25.1,direct_rx
4835,lapsed,early,missed,30,94,none,high,1.1,direct_rx
4836,on_track,long_term,on time,90,54,app,moderate,16.7,direct_rx
4837,on_track,stable,on time,30,24,app,low,11.0,direct_rx
4838,on_track,long_term,on time,90,18,none,low,35.1,direct_rx
4839,lapsing,early,delayed,90,113,none,high,1.1,hcp
4840,on_track,early,on time,30,13,phone,low,2.4,direct_rx
4841,lapsed,long_term,missed,30,89,app,high,28.9,direct_rx
4842,on_track,long_term,on time,30,14,app,low,27.8,hcp
4843,on_track,stable,on time,30,19,phone,low,10.9,direct_rx
4844,on_track,stable,on time,60,24,phone,low,10.3,direct_rx
4845,on_track,stable,on time,30,6,app,low,9.9,direct_rx
4846,on_track,early,on time,90,52,app,low,2.3,hcp
4847,on_track,long_term,on time,60,48,none,moderate,16.8,direct_rx
4848,lapsing,early,delayed,30,32,app,high,0.9,hcp
4849,on_track,stable,on time,30,2,app,moderate,3.4,direct_rx
4850,lapsed,long_term,missed,30,69,phone,high,33.1,direct_rx
4851,lapsing,early,delayed,30,45,phone,high,0.1,hcp
4852,on_track,long_term,on time,60,26,phone,low,15.3,direct_rx
4853,on_track,stable,on time,30,4,phone,moderate,8.2,hcp
4854,on_track,long_term,on time,90,70,none,low,30.9,direct_rx
4855,lapsing,early,delayed,30,42,phone,moderate,2.3,direct_rx
4856,on_track,stable,on time,60,44,phone,moderate,11.2,hcp
4857,on_track,long_term,on time,30,20,phone,low,18.4,hcp
4858,lapsing,stable,delayed,30,46,phone,high,8.3,hcp
4859,on_track,long_term,on time,30,15,none,low,15.6,transfer
4860,on_track,stable,on time,60,30,app,low,7.9,direct_rx
4861,on_track,stable,on time,90,38,phone,low,4.0,direct_rx
4862,on_track,long_term,on time,90,10,app,low,20.9,transfer
4863,on_track,stable,on time,90,13,none,low,4.5,direct_rx
4864,on_track,stable,on time,30,18,phone,low,5.6,direct_rx
4865,on_track,stable,on time,30,17,none,moderate,11.3,hcp
4866,on_track,long_term,on time,90,19,none,low,35.2,hcp
4867,lapsed,early,missed,60,105,none,high,1.8,hcp
4868,on_track,long_term,on time,90,69,phone,low,25.2,direct_rx
4869,on_track,stable,on time,30,4,app,low,5.4,hcp
4870,on_track,early,on time,90,23,app,moderate,0.9,direct_rx
4871,on_track,stable,on time,30,20,app,moderate,5.7,direct_rx
4872,on_track,stable,on time,60,33,app,low,10.6,hcp
4873,on_track,long_term,on time,60,12,app,low,34.5,direct_rx
4874,lapsing,stable,delayed,30,31,app,moderate,5.5,hcp
4875,on_track,stable,on time,30,24,app,low,5.8,direct_rx
4876,on_track,stable,on time,30,23,none,moderate,10.0,hcp
4877,on_track,stable,on time,90,1,phone,low,3.9,direct_rx
4878,on_track,stable,on time,30,21,phone,moderate,11.4,hcp
4879,on_track,stable,on time,30,24,phone,moderate,9.7,hcp
4880,on_track,stable,on time,90,66,app,low,11.4,hcp
4881,on_track,long_term,on time,90,31,phone,low,35.6,direct_rx
4882,on_track,stable,on time,30,14,app,low,5.5,direct_rx
4883,lapsed,stable,missed,30,112,app,high,9.3,direct_rx
4884,lapsing,stable,delayed,60,84,phone,moderate,8.5,direct_rx
4885,lapsed,early,missed,60,162,phone,high,2.1,direct_rx
4886,on_track,early,on time,30,8,none,low,0.6,hcp
4887,on_track,stable,on time,30,16,phone,low,6.5,hcp
4888,on_track,stable,on time,30,17,phone,low,9.3,hcp
4889,lapsed,long_term,missed,90,351,phone,moderate,33.8,direct_rx
4890,on_track,long_term,on time,30,6,app,low,34.4,hcp
4891,lapsed,early,missed,90,194,none,moderate,0.7,direct_rx
4892,lapsing,long_term,delayed,90,123,phone,high,21.9,transfer
4893,lapsing,early,delayed,90,106,app,moderate,2.6,direct_rx
4894,on_track,stable,on time,30,21,phone,low,11.5,hcp
4895,lapsing,early,delayed,30,42,none,moderate,0.6,transfer
4896,on_track,long_term,on time,60,24,none,moderate,23.0,hcp
4897,on_track,long_term,on time,60,1,phone,low,12.2,direct_rx
4898,on_track,stable,on time,30,6,none,low,4.3,hcp
4899,lapsed,early,missed,30,63,app,high,1.3,hcp
4900,lapsed,early,missed,90,191,app,high,1.0,direct_rx
4901,on_track,stable,on time,30,0,app,low,10.4,transfer
4902,lapsing,early,delayed,90,114,phone,moderate,1.6,direct_rx
4903,on_track,stable,on time,90,47,app,moderate,10.6,hcp
4904,on_track,stable,on time,30,3,none,low,10.5,transfer
4905,on_track,early,on time,30,8,phone,low,0.7,direct_rx
4906,on_track,long_term,on time,30,19,phone,low,24.0,direct_rx
4907,on_track,long_term,on time,90,1,phone,low,26.9,direct_rx
4908,lapsing,stable,delayed,30,41,app,high,10.0,direct_rx
4909,on_track,long_term,on time,30,20,phone,low,27.1,hcp
4910,lapsing,stable,delayed,30,48,app,high,5.9,direct_rx
4911,on_track,stable,on time,30,2,app,low,6.1,direct_rx
4912,lapsing,early,delayed,60,69,app,high,1.7,transfer
4913,on_track,stable,on time,90,4,app,low,9.5,hcp
4914,lapsing,long_term,delayed,90,96,phone,high,29.1,direct_rx
4915,on_track,long_term,on time,30,20,none,moderate,17.8,direct_rx
4916,on_track,stable,on time,30,8,none,moderate,4.7,hcp
4917,on_track,early,on time,30,5,phone,low,1.7,direct_rx
4918,on_track,stable,on time,90,22,phone,low,11.6,direct_rx
4919,lapsing,stable,delayed,90,97,phone,moderate,6.0,direct_rx
4920,lapsing,long_term,delayed,30,45,app,moderate,31.9,hcp
4921,on_track,stable,on time,30,22,phone,moderate,11.3,hcp
4922,on_track,stable,on time,90,32,app,low,5.4,direct_rx
4923,lapsing,stable,delayed,90,104,phone,moderate,4.7,direct_rx
4924,on_track,long_term,on time,60,6,app,low,31.3,transfer
4925,lapsing,early,delayed,60,87,none,high,1.4,hcp
4926,on_track,stable,on time,60,4,app,moderate,9.7,hcp
4927,lapsed,stable,missed,60,212,phone,high,7.5,transfer
4928,on_track,stable,on time,60,23,phone,low,11.1,hcp
4929,on_track,stable,on time,90,2,app,moderate,7.4,direct_rx
4930,on_track,stable,on time,30,21,phone,low,6.5,direct_rx
4931,on_track,stable,on time,30,6,phone,low,9.1,direct_rx
4932,lapsing,early,delayed,60,96,phone,high,1.3,transfer
4933,lapsing,early,delayed,30,45,app,moderate,2.5,direct_rx
4934,on_track,stable,on time,30,22,app,low,9.7,hcp
4935,on_track,stable,on time,30,23,app,moderate,11.9,transfer
4936,lapsed,early,missed,30,105,none,high,0.9,hcp
4937,on_track,early,on time,30,12,phone,low,2.1,hcp
4938,lapsed,early,missed,30,115,app,moderate,1.1,direct_rx
4939,lapsing,early,delayed,30,39,none,high,2.5,hcp
4940,on_track,stable,on time,90,18,app,low,9.8,hcp
4941,on_track,long_term,on time,60,22,phone,moderate,32.4,hcp
4942,on_track,stable,on time,60,26,app,low,3.9,direct_rx
4943,on_track,stable,on time,30,0,app,low,9.8,hcp
4944,on_track,stable,on time,30,2,app,low,6.7,hcp
4945,lapsing,early,delayed,30,44,app,moderate,0.1,direct_rx
4946,on_track,stable,on time,30,22,app,low,6.6,direct_rx
4947,lapsing,early,delayed,90,131,app,high,0.6,direct_rx
4948,on_track,long_term,on time,30,4,phone,moderate,12.7,direct_rx
4949,on_track,long_term,on time,60,36,app,low,14.5,transfer
4950,lapsing,long_term,delayed,90,136,phone,high,29.6,direct_rx
4951,on_track,stable,on time,90,7,none,low,5.4,hcp
4952,lapsing,early,delayed,30,44,app,high,0.2,direct_rx
4953,lapsing,early,delayed,60,95,none,high,0.3,transfer
4954,lapsing,long_term,delayed,30,45,app,moderate,19.7,hcp
4955,lapsing,early,delayed,30,40,app,moderate,2.8,hcp
4956,on_track,long_term,on time,90,72,none,low,16.7,hcp
4957,lapsing,early,delayed,30,43,phone,moderate,2.2,direct_rx
4958,on_track,stable,on time,30,14,app,low,8.6,hcp
4959,lapsed,stable,missed,30,75,app,moderate,7.5,transfer
4960,on_track,long_term,on time,60,6,app,moderate,26.5,direct_rx
4961,on_track,stable,on time,30,1,app,low,6.3,direct_rx
4962,on_track,stable,on time,30,18,phone,moderate,4.7,direct_rx
4963,lapsed,early,missed,60,174,app,moderate,1.9,direct_rx
4964,on_track,stable,on time,30,9,app,low,10.7,hcp
4965,on_track,stable,on time,30,16,none,low,6.8,transfer
4966,lapsing,early,delayed,90,96,phone,moderate,0.2,hcp
4967,on_track,stable,on time,30,19,app,low,9.5,direct_rx
4968,on_track,long_term,on time,30,14,app,low,30.7,direct_rx
4969,lapsed,long_term,missed,90,259,app,high,19.6,direct_rx
4970,on_track,long_term,on time,90,67,none,moderate,36.0,transfer
4971,on_track,stable,on time,30,15,none,moderate,10.8,direct_rx
4972,on_track,stable,on time,30,14,app,low,9.7,transfer
4973,lapsing,early,delayed,90,103,phone,moderate,1.6,direct_rx
4974,on_track,stable,on time,60,41,phone,low,11.7,transfer
4975,lapsed,stable,missed,30,79,phone,moderate,6.8,direct_rx
4976,on_track,stable,on time,90,61,phone,low,7.6,direct_rx
4977,on_track,stable,on time,90,58,app,low,6.3,hcp
4978,on_track,long_term,on time,30,10,app,moderate,26.7,direct_rx
4979,on_track,stable,on time,90,54,phone,low,4.5,direct_rx
4980,on_track,long_term,on time,30,18,app,low,22.5,hcp
4981,lapsing,early,delayed,90,116,phone,high,1.9,direct_rx
4982,lapsed,early,missed,60,181,phone,high,2.5,direct_rx
4983,on_track,stable,on time,90,38,phone,low,9.6,hcp
4984,on_track,stable,on time,90,41,app,moderate,8.4,direct_rx
4985,on_track,stable,on time,90,20,app,moderate,9.0,direct_rx
4986,on_track,stable,on time,30,4,phone,moderate,7.6,direct_rx
4987,on_track,stable,on time,30,11,app,low,7.0,direct_rx
4988,on_track,early,on time,30,9,app,low,2.5,hcp
4989,on_track,long_term,on time,90,66,none,moderate,20.9,hcp
4990,on_track,long_term,on time,30,15,app,low,17.7,hcp
4991,lapsed,stable,missed,30,115,none,high,3.9,hcp
4992,lapsing,long_term,delayed,30,31,app,moderate,29.3,transfer
4993,on_track,long_term,on time,30,3,phone,low,22.6,transfer
4994,lapsed,early,missed,60,219,phone,high,0.2,direct_rx
4995,lapsing,stable,delayed,30,32,app,moderate,5.6,hcp
4996,on_track,stable,on time,60,3,app,moderate,9.4,hcp
4997,on_track,long_term,on time,30,22,app,low,16.6,hcp
4998,on_track,long_term,on time,30,12,app,low,15.7,direct_rx
4999,lapsing,early,delayed,90,107,phone,high,2.7,hcp
5000,on_track,long_term,on time,90,30,phone,moderate,12.3,hcp
5001,lapsing,early,delayed,90,104,none,high,0.5,hcp
5002,on_track,stable,on time,30,3,app,low,5.8,direct_rx
5003,lapsed,early,missed,30,63,phone,moderate,1.2,direct_rx
5004,lapsed,stable,missed,30,106,app,high,3.2,direct_rx
5005,lapsed,long_term,missed,30,54,phone,moderate,16.0,hcp
5006,on_track,stable,on time,30,17,app,moderate,3.2,hcp
5007,on_track,long_term,on time,30,12,phone,low,34.9,direct_rx
5008,on_track,stable,on time,90,4,none,low,6.8,direct_rx
5009,on_track,long_term,on time,90,69,phone,low,12.3,direct_rx
5010,on_track,long_term,on time,30,14,app,low,33.5,hcp
5011,on_track,stable,on time,90,31,app,moderate,8.2,direct_rx
5012,on_track,stable,on time,30,16,phone,moderate,10.9,hcp
5013,lapsing,long_term,delayed,60,66,phone,moderate,28.6,direct_rx
5014,lapsing,early,delayed,30,31,app,moderate,2.7,direct_rx
5015,on_track,long_term,on time,30,9,app,moderate,23.9,hcp
5016,on_track,long_term,on time,60,29,app,moderate,19.8,direct_rx
5017,on_track,stable,on time,30,12,none,low,7.3,hcp
5018,lapsed,early,missed,60,221,none,high,2.8,direct_rx
5019,on_track,stable,on time,30,7,phone,low,6.9,direct_rx
5020,on_track,stable,on time,30,5,phone,moderate,5.0,direct_rx
5021,on_track,long_term,on time,90,10,phone,low,19.7,direct_rx
5022,lapsing,early,delayed,30,37,phone,moderate,2.0,direct_rx
5023,on_track,early,on time,30,0,app,moderate,0.3,direct_rx
5024,lapsing,early,delayed,90,144,app,high,1.6,direct_rx
5025,on_track,long_term,on time,90,60,app,moderate,34.0,direct_rx
5026,on_track,stable,on time,30,16,none,low,4.0,hcp
5027,on_track,stable,on time,30,1,phone,moderate,4.5,hcp
5028,on_track,stable,on time,30,3,app,moderate,9.9,direct_rx
5029,lapsing,early,delayed,60,76,app,moderate,1.6,hcp
5030,lapsed,stable,missed,30,72,app,moderate,6.3,hcp
5031,on_track,stable,on time,30,12,none,low,9.6,direct_rx
5032,on_track,stable,on time,30,18,app,low,9.6,hcp
5033,on_track,long_term,on time,30,20,app,moderate,35.2,transfer
5034,lapsing,stable,delayed,30,46,phone,moderate,10.7,transfer
5035,on_track,stable,on time,30,22,phone,moderate,9.9,direct_rx
5036,on_track,long_term,on time,30,2,app,moderate,31.2,direct_rx
5037,lapsing,early,delayed,90,127,app,high,0.3,direct_rx
5038,on_track,stable,on time,90,35,app,low,7.0,direct_rx
5039,on_track,stable,on time,30,20,app,low,9.9,direct_rx
5040,on_track,long_term,on time,30,22,app,low,14.9,direct_rx
5041,on_track,stable,on time,60,15,phone,moderate,8.8,hcp
5042,on_track,stable,on time,60,4,phone,low,6.0,hcp
5043,on_track,stable,on time,30,9,app,moderate,10.3,direct_rx
5044,lapsing,early,delayed,30,48,app,moderate,1.4,direct_rx
5045,on_track,early,on time,90,12,phone,moderate,1.6,transfer
5046,on_track,long_term,on time,30,18,none,moderate,17.2,direct_rx
5047,lapsed,long_term,missed,30,72,none,high,23.8,direct_rx
5048,lapsing,long_term,delayed,30,38,none,moderate,13.2,hcp
5049,lapsed,early,missed,30,103,none,high,2.5,transfer
5050,on_track,stable,on time,30,15,phone,moderate,6.4,direct_rx
5051,on_track,stable,on time,30,12,app,low,10.8,direct_rx
5052,on_track,long_term,on time,30,8,phone,low,30.8,direct_rx
5053,on_track,stable,on time,60,43,none,low,11.3,direct_rx
5054,on_track,long_term,on time,60,41,app,low,23.9,direct_rx
5055,on_track,stable,on time,60,36,none,low,10.5,direct_rx
5056,on_track,long_term,on time,60,38,none,low,29.1,direct_rx
5057,on_track,stable,on time,60,26,phone,moderate,11.7,hcp
5058,on_track,stable,on time,30,6,phone,low,11.3,hcp
5059,on_track,stable,on time,30,0,phone,moderate,5.8,hcp
5060,lapsed,long_term,missed,30,102,phone,high,24.9,direct_rx
5061,on_track,long_term,on time,30,4,phone,low,18.9,transfer
5062,lapsed,early,missed,30,116,app,high,1.9,hcp
5063,lapsing,early,delayed,30,48,phone,high,2.1,hcp
5064,on_track,long_term,on time,30,15,app,moderate,12.3,direct_rx
5065,on_track,stable,on time,30,13,app,moderate,4.8,direct_rx
5066,lapsed,stable,missed,90,326,phone,moderate,10.4,direct_rx
5067,lapsing,long_term,delayed,30,30,none,moderate,23.7,direct_rx
5068,lapsing,early,delayed,90,116,app,high,1.0,transfer
5069,on_track,stable,on time,60,34,app,low,3.2,hcp
5070,on_track,stable,on time,30,15,app,low,10.4,direct_rx
5071,lapsing,early,delayed,30,37,none,moderate,1.6,hcp
5072,lapsed,stable,missed,90,347,none,high,6.5,direct_rx
5073,lapsing,stable,delayed,90,104,none,high,5.7,hcp
5074,on_track,stable,on time,30,20,none,moderate,8.3,hcp
5075,lapsed,early,missed,30,84,phone,high,1.2,direct_rx
5076,on_track,stable,on time,90,27,phone,low,9.6,direct_rx
5077,on_track,stable,on time,60,5,app,low,6.1,direct_rx
5078,on_track,stable,on time,30,21,phone,low,8.9,hcp
5079,lapsing,long_term,delayed,30,37,app,moderate,21.8,transfer
5080,on_track,early,on time,60,22,app,low,0.9,hcp
5081,on_track,long_term,on time,30,24,phone,low,33.4,transfer
5082,on_track,stable,on time,90,61,phone,low,10.4,direct_rx
5083,on_track,stable,on time,30,10,app,moderate,3.3,direct_rx
5084,on_track,long_term,on time,90,12,phone,low,13.3,direct_rx
5085,lapsing,stable,delayed,30,33,app,high,10.3,direct_rx
5086,lapsed,early,missed,30,61,none,high,0.7,hcp
5087,on_track,long_term,on time,60,37,app,low,32.2,transfer
5088,on_track,long_term,on time,30,21,phone,low,15.4,hcp
5089,on_track,long_term,on time,30,16,none,low,27.2,direct_rx
5090,on_track,stable,on time,30,7,phone,low,3.7,transfer
5091,on_track,early,on time,30,4,none,moderate,0.2,direct_rx
5092,lapsing,early,delayed,30,44,phone,moderate,0.8,direct_rx
5093,on_track,long_term,on time,30,24,phone,low,27.7,direct_rx
5094,lapsing,stable,delayed,30,41,app,moderate,5.5,direct_rx
5095,lapsing,stable,delayed,90,110,app,high,7.6,direct_rx
5096,on_track,stable,on time,30,7,phone,low,10.9,direct_rx
5097,on_track,stable,on time,30,7,app,moderate,4.7,direct_rx
5098,lapsing,stable,delayed,30,31,app,moderate,8.9,direct_rx
5099,on_track,stable,on time,60,17,phone,low,11.6,transfer
5100,lapsing,stable,delayed,30,37,phone,moderate,10.0,hcp
5101,on_track,stable,on time,30,11,phone,low,3.8,direct_rx
5102,on_track,stable,on time,60,37,phone,low,5.3,direct_rx
5103,on_track,long_term,on time,30,9,phone,low,24.4,direct_rx
5104,on_track,early,on time,30,19,none,moderate,2.2,direct_rx
5105,lapsing,early,delayed,30,45,phone,moderate,1.3,hcp
5106,on_track,long_term,on time,30,1,app,moderate,14.5,direct_rx
5107,on_track,stable,on time,30,24,none,moderate,11.3,direct_rx
5108,on_track,long_term,on time,30,18,phone,low,13.4,hcp
5109,lapsing,early,delayed,30,44,app,moderate,1.9,direct_rx
5110,on_track,stable,on time,60,23,app,low,4.8,direct_rx
5111,on_track,stable,on time,30,13,phone,low,11.5,transfer
5112,on_track,long_term,on time,60,38,app,low,18.6,hcp
5113,lapsing,stable,delayed,30,39,phone,moderate,11.4,direct_rx
5114,on_track,stable,on time,30,12,phone,low,5.6,direct_rx
5115,on_track,long_term,on time,90,56,app,low,30.5,hcp
5116,on_track,stable,on time,30,1,phone,low,8.9,transfer
5117,on_track,long_term,on time,30,7,app,low,29.4,direct_rx
5118,on_track,stable,on time,30,13,app,moderate,5.6,hcp
5119,on_track,stable,on time,30,6,app,moderate,4.9,direct_rx
5120,on_track,early,on time,90,49,phone,low,0.1,direct_rx
5121,lapsing,early,delayed,90,140,phone,high,2.1,hcp
5122,on_track,stable,on time,30,18,phone,moderate,6.3,direct_rx
5123,lapsing,early,delayed,60,72,phone,high,2.6,hcp
5124,on_track,stable,on time,30,19,none,moderate,8.3,direct_rx
5125,on_track,stable,on time,30,20,app,low,11.6,direct_rx
5126,lapsed,early,missed,30,81,phone,high,2.3,hcp
5127,on_track,stable,on time,30,2,phone,moderate,6.5,hcp
5128,on_track,stable,on time,30,13,app,moderate,10.1,hcp
5129,lapsed,long_term,missed,30,94,none,high,29.5,direct_rx
5130,on_track,stable,on time,60,19,none,low,10.5,transfer
5131,on_track,long_term,on time,90,22,app,low,18.8,direct_rx
5132,on_track,stable,on time,30,3,phone,low,7.1,transfer
5133,on_track,stable,on time,30,3,phone,moderate,7.7,direct_rx
5134,on_track,long_term,on time,60,32,app,moderate,26.1,transfer
5135,lapsed,early,missed,30,104,app,moderate,0.1,transfer
5136,on_track,stable,on time,90,43,none,moderate,7.9,hcp
5137,lapsed,early,missed,90,177,phone,high,0.7,hcp
5138,on_track,long_term,on time,90,34,none,low,31.1,direct_rx
5139,on_track,early,on time,90,64,phone,low,1.2,transfer
5140,on_track,stable,on time,60,19,phone,low,9.8,direct_rx
5141,lapsing,long_term,delayed,30,43,app,moderate,21.3,direct_rx
5142,lapsing,early,delayed,90,119,app,moderate,2.7,direct_rx
5143,lapsing,early,delayed,90,98,phone,moderate,2.7,hcp
5144,lapsed,stable,missed,60,231,none,high,5.2,hcp
5145,on_track,long_term,on time,30,4,none,moderate,28.0,direct_rx
5146,on_track,stable,on time,30,8,none,low,6.9,direct_rx
5147,on_track,stable,on time,90,15,app,low,9.1,hcp
5148,lapsing,early,delayed,60,83,app,moderate,2.3,hcp
5149,lapsing,early,delayed,30,36,phone,high,2.5,direct_rx
5150,on_track,long_term,on time,30,11,phone,low,35.0,direct_rx
5151,on_track,early,on time,90,24,app,low,2.9,direct_rx
5152,on_track,stable,on time,60,33,app,moderate,4.5,transfer
5153,on_track,stable,on time,90,3,phone,moderate,9.3,hcp
5154,lapsing,early,delayed,30,43,phone,moderate,2.4,hcp
5155,on_track,long_term,on time,30,1,none,moderate,19.2,direct_rx
5156,lapsing,early,delayed,60,88,app,moderate,0.5,transfer
5157,on_track,long_term,on time,30,11,none,low,18.0,transfer
5158,lapsing,early,delayed,30,45,app,moderate,0.0,hcp
5159,lapsing,early,delayed,30,42,app,high,0.8,direct_rx
5160,on_track,stable,on time,30,10,phone,low,11.7,direct_rx
5161,on_track,stable,on time,30,17,none,moderate,7.8,direct_rx
5162,lapsing,early,delayed,60,72,none,moderate,0.8,hcp
5163,on_track,long_term,on time,90,69,app,low,19.9,hcp
5164,on_track,long_term,on time,30,17,none,low,23.3,hcp
5165,on_track,early,on time,30,9,phone,moderate,1.5,hcp
5166,on_track,stable,on time,60,32,phone,low,4.1,transfer
5167,on_track,stable,on time,30,6,app,moderate,10.7,hcp
5168,lapsing,early,delayed,30,43,app,moderate,0.2,direct_rx
5169,on_track,early,on time,30,13,phone,low,1.4,hcp
5170,lapsing,early,delayed,90,139,none,high,1.4,direct_rx
5171,lapsed,early,missed,30,116,app,moderate,0.3,direct_rx
5172,on_track,early,on time,90,18,none,moderate,2.6,hcp
5173,on_track,stable,on time,30,20,app,low,4.6,direct_rx
5174,on_track,stable,on time,30,16,app,low,8.6,direct_rx
5175,lapsed,stable,missed,60,221,phone,high,5.2,hcp
5176,lapsing,early,delayed,30,38,app,moderate,0.1,transfer
5177,lapsing,early,delayed,90,137,app,moderate,0.3,direct_rx
5178,lapsed,long_term,missed,30,103,phone,high,31.5,hcp
5179,on_track,stable,on time,30,15,app,low,3.1,direct_rx
5180,on_track,long_term,on time,30,9,app,low,14.3,direct_rx
5181,on_track,stable,on time,30,12,none,moderate,7.0,direct_rx
5182,on_track,stable,on time,30,24,none,low,10.1,direct_rx
5183,on_track,stable,on time,90,0,app,low,8.4,hcp
5184,on_track,stable,on time,30,2,none,low,11.2,direct_rx
5185,on_track,stable,on time,30,8,phone,moderate,8.1,direct_rx
5186,on_track,stable,on time,30,16,app,low,4.9,hcp
5187,lapsing,early,delayed,90,118,phone,high,1.6,direct_rx
5188,on_track,long_term,on time,60,15,none,low,32.3,direct_rx
5189,on_track,early,on time,30,4,app,low,0.0,transfer
5190,lapsing,early,delayed,30,30,phone,high,2.4,hcp
5191,on_track,long_term,on time,90,71,none,moderate,29.4,direct_rx
5192,lapsing,long_term,delayed,90,122,phone,moderate,32.6,direct_rx
5193,on_track,long_term,on time,30,0,phone,low,34.6,hcp
5194,lapsing,stable,delayed,30,38,app,moderate,8.4,direct_rx
5195,on_track,stable,on time,30,13,phone,low,5.4,direct_rx
5196,lapsing,early,delayed,90,95,app,moderate,2.9,direct_rx
5197,on_track,stable,on time,30,5,app,low,10.1,direct_rx
5198,lapsing,stable,delayed,60,68,phone,moderate,10.3,direct_rx
5199,on_track,stable,on time,60,27,app,low,6.6,hcp
5200,on_track,stable,on time,30,24,app,moderate,6.3,direct_rx
5201,lapsing,stable,delayed,30,44,phone,high,6.2,hcp
5202,lapsing,long_term,delayed,90,119,app,moderate,13.1,direct_rx
5203,on_track,long_term,on time,90,47,app,moderate,32.0,hcp
5204,lapsed,stable,missed,30,84,none,moderate,8.9,direct_rx
5205,on_track,stable,on time,30,4,none,moderate,5.5,transfer
5206,on_track,long_term,on time,90,16,phone,low,14.6,hcp
5207,on_track,stable,on time,30,13,app,low,7.2,hcp
5208,on_track,long_term,on time,30,19,phone,moderate,24.6,hcp
5209,lapsing,early,delayed,30,40,app,moderate,1.3,direct_rx
5210,lapsing,early,delayed,30,46,app,high,2.5,transfer
5211,on_track,long_term,on time,60,44,phone,low,19.5,direct_rx
5212,on_track,long_term,on time,30,18,none,moderate,16.4,direct_rx
5213,lapsing,early,delayed,30,45,none,moderate,2.5,transfer
5214,on_track,long_term,on time,30,18,none,moderate,22.8,hcp
5215,on_track,early,on time,30,24,phone,low,1.1,transfer
5216,on_track,early,on time,30,10,none,low,0.2,hcp
5217,on_track,early,on time,90,57,phone,low,2.6,transfer
5218,on_track,stable,on time,30,11,phone,low,9.2,hcp
5219,on_track,stable,on time,30,15,none,low,7.7,direct_rx
5220,on_track,long_term,on time,30,6,phone,low,19.7,hcp
5221,on_track,long_term,on time,30,13,phone,moderate,26.2,direct_rx
5222,on_track,stable,on time,30,21,phone,low,7.2,direct_rx
5223,on_track,stable,on time,30,20,app,low,8.0,direct_rx
5224,on_track,stable,on time,30,17,phone,low,9.4,hcp
5225,lapsed,early,missed,60,188,none,moderate,1.2,direct_rx
5226,lapsing,early,delayed,60,73,phone,moderate,1.1,direct_rx
5227,on_track,long_term,on time,30,12,app,moderate,22.8,hcp
5228,on_track,long_term,on time,90,46,none,moderate,25.9,direct_rx
5229,on_track,stable,on time,90,20,phone,low,11.2,direct_rx
5230,on_track,stable,on time,30,15,app,moderate,11.5,transfer
5231,lapsing,early,delayed,30,30,app,high,1.4,hcp
5232,on_track,stable,on time,60,39,none,low,11.6,direct_rx
5233,on_track,long_term,on time,30,22,none,low,33.5,hcp
5234,on_track,long_term,on time,30,17,phone,low,16.3,transfer
5235,lapsed,early,missed,30,98,phone,high,2.6,direct_rx
5236,lapsing,early,delayed,30,33,phone,moderate,0.8,hcp
5237,lapsed,early,missed,60,168,app,high,2.5,direct_rx
5238,on_track,long_term,on time,90,32,app,low,28.6,direct_rx
5239,lapsed,early,missed,30,97,app,high,2.2,hcp
5240,on_track,stable,on time,90,33,app,moderate,10.5,direct_rx
5241,on_track,stable,on time,30,3,app,low,9.9,direct_rx
5242,lapsed,early,missed,30,61,none,high,1.1,direct_rx
5243,on_track,stable,on time,30,20,app,moderate,3.8,transfer
5244,lapsing,early,delayed,60,86,phone,moderate,0.9,hcp
5245,lapsed,early,missed,30,96,phone,moderate,0.4,direct_rx
5246,on_track,long_term,on time,30,18,none,low,20.6,hcp
5247,lapsing,early,delayed,30,46,app,high,1.0,direct_rx
5248,on_track,early,on time,90,64,app,low,2.5,direct_rx
5249,on_track,stable,on time,90,25,app,moderate,9.1,hcp
5250,lapsed,early,missed,60,207,app,high,2.5,direct_rx
5251,lapsing,stable,delayed,60,86,app,moderate,9.2,direct_rx
5252,on_track,early,on time,90,65,phone,low,2.1,hcp
5253,on_track,early,on time,90,43,app,moderate,0.8,direct_rx
5254,on_track,stable,on time,60,42,phone,low,7.6,direct_rx
5255,lapsed,long_term,missed,30,88,phone,high,35.1,hcp
5256,on_track,stable,on time,30,19,phone,moderate,6.4,transfer
5257,on_track,long_term,on time,30,1,app,low,31.9,hcp
5258,on_track,stable,on time,30,7,none,low,10.7,direct_rx
5259,lapsed,long_term,missed,30,118,none,moderate,14.5,transfer
5260,lapsing,early,delayed,60,96,app,high,0.1,transfer
5261,lapsing,early,delayed,90,98,app,moderate,2.5,hcp
5262,lapsed,early,missed,30,74,none,moderate,1.1,direct_rx
5263,on_track,long_term,on time,90,46,app,moderate,21.5,direct_rx
5264,on_track,long_term,on time,30,7,none,low,12.1,direct_rx
5265,lapsing,stable,delayed,30,45,app,moderate,10.7,hcp
5266,on_track,long_term,on time,30,12,app,low,19.8,direct_rx
5267,on_track,stable,on time,60,7,none,moderate,8.7,transfer
5268,lapsed,early,missed,30,93,app,moderate,2.3,direct_rx
5269,on_track,stable,on time,30,19,phone,low,5.8,direct_rx
5270,on_track,early,on time,30,24,app,low,0.6,direct_rx
5271,lapsing,stable,delayed,30,32,phone,moderate,5.8,direct_rx
5272,on_track,long_term,on time,60,46,app,moderate,23.4,direct_rx
5273,lapsed,stable,missed,30,74,app,moderate,11.2,direct_rx
5274,lapsing,early,delayed,30,34,app,moderate,1.8,direct_rx
5275,lapsed,stable,missed,30,103,phone,moderate,7.4,direct_rx
5276,on_track,long_term,on time,60,0,none,low,34.7,direct_rx
5277,on_track,long_term,on time,60,26,none,low,32.2,direct_rx
5278,on_track,stable,on time,30,3,app,moderate,3.8,direct_rx
5279,lapsing,early,delayed,60,66,app,moderate,2.2,hcp
5280,on_track,stable,on time,30,20,phone,moderate,5.2,transfer
5281,on_track,stable,on time,30,17,none,low,11.1,direct_rx
5282,on_track,stable,on time,30,16,app,moderate,10.0,direct_rx
5283,lapsing,stable,delayed,30,43,app,high,7.0,direct_rx
5284,lapsing,early,delayed,60,88,phone,moderate,0.0,hcp
5285,lapsed,early,missed,30,107,app,high,0.2,direct_rx
5286,on_track,stable,on time,60,18,phone,moderate,6.5,direct_rx
5287,on_track,stable,on time,30,7,phone,moderate,8.3,direct_rx
5288,lapsing,stable,delayed,90,133,app,moderate,11.2,hcp
5289,on_track,long_term,on time,30,19,phone,moderate,20.4,direct_rx
5290,on_track,stable,on time,30,13,phone,moderate,5.1,direct_rx
5291,on_track,stable,on time,30,6,phone,moderate,11.4,direct_rx
5292,on_track,stable,on time,30,12,none,moderate,4.8,direct_rx
5293,lapsing,early,delayed,30,33,phone,moderate,1.4,direct_rx
5294,lapsing,early,delayed,60,83,app,moderate,1.4,direct_rx
5295,on_track,early,on time,30,0,phone,low,1.9,direct_rx
5296,lapsed,early,missed,30,68,phone,high,1.2,transfer
5297,on_track,early,on time,60,42,app,low,1.2,direct_rx
5298,lapsing,stable,delayed,60,92,app,high,10.3,direct_rx
5299,lapsed,stable,missed,90,296,app,moderate,9.6,hcp
5300,on_track,long_term,on time,30,11,app,low,32.4,direct_rx
5301,lapsed,stable,missed,30,60,none,high,5.3,direct_rx
5302,on_track,long_term,on time,60,12,app,low,20.9,transfer
5303,on_track,stable,on time,60,26,app,low,10.9,hcp
5304,lapsed,stable,missed,60,114,none,high,10.3,hcp
5305,lapsing,early,delayed,30,44,app,moderate,2.0,direct_rx
5306,on_track,long_term,on time,30,11,phone,low,18.1,direct_rx
5307,on_track,stable,on time,90,60,phone,low,10.9,direct_rx
5308,on_track,long_term,on time,90,61,none,low,12.2,direct_rx
5309,lapsed,early,missed,30,114,app,high,1.6,direct_rx
5310,lapsed,early,missed,30,62,app,high,2.5,transfer
5311,lapsing,long_term,delayed,30,47,phone,moderate,16.0,direct_rx
5312,on_track,stable,on time,60,8,app,moderate,7.5,hcp
5313,lapsed,early,missed,60,111,phone,high,2.3,hcp
5314,lapsing,early,delayed,30,46,none,high,1.0,direct_rx
5315,lapsed,early,missed,30,57,none,moderate,1.9,transfer
5316,on_track,stable,on time,90,57,phone,low,4.6,hcp
5317,lapsing,stable,delayed,60,88,app,high,4.8,direct_rx
5318,on_track,stable,on time,90,24,phone,low,12.0,hcp
5319,on_track,early,on time,30,19,phone,moderate,0.3,hcp
5320,on_track,long_term,on time,30,10,none,low,12.3,direct_rx
5321,lapsing,early,delayed,30,45,app,moderate,0.6,direct_rx
5322,lapsing,early,delayed,30,35,phone,moderate,2.8,hcp
5323,lapsing,long_term,delayed,30,37,none,high,15.3,direct_rx
5324,lapsing,early,delayed,60,72,none,high,2.6,hcp
5325,lapsing,early,delayed,30,46,app,moderate,0.9,hcp
5326,lapsed,long_term,missed,90,313,app,high,28.8,hcp
5327,lapsing,early,delayed,90,111,app,moderate,1.7,direct_rx
5328,lapsed,early,missed,60,230,phone,high,2.5,direct_rx
5329,on_track,stable,on time,90,31,phone,moderate,4.7,direct_rx
5330,on_track,stable,on time,90,65,app,moderate,5.8,direct_rx
5331,on_track,early,on time,90,72,none,moderate,0.6,direct_rx
5332,lapsing,early,delayed,30,34,app,moderate,2.6,hcp
5333,lapsed,early,missed,30,79,app,high,1.2,direct_rx
5334,lapsing,stable,delayed,30,40,phone,high,9.0,direct_rx
5335,on_track,stable,on time,30,13,phone,low,10.7,direct_rx
5336,on_track,long_term,on time,30,9,app,low,14.4,direct_rx
5337,lapsing,early,delayed,30,33,app,high,1.0,hcp
5338,lapsing,stable,delayed,30,43,phone,high,9.9,hcp
5339,lapsed,early,missed,60,228,phone,moderate,0.1,direct_rx
5340,lapsing,early,delayed,60,83,phone,moderate,0.4,hcp
5341,on_track,long_term,on time,30,8,none,moderate,30.2,direct_rx
5342,on_track,stable,on time,30,15,app,low,9.8,direct_rx
5343,on_track,stable,on time,30,10,app,low,9.5,hcp
5344,on_track,stable,on time,30,24,phone,moderate,9.8,direct_rx
5345,lapsed,stable,missed,90,179,none,high,3.7,direct_rx
5346,on_track,long_term,on time,30,22,phone,low,31.6,hcp
5347,on_track,stable,on time,60,17,phone,moderate,3.2,transfer
5348,on_track,stable,on time,60,29,app,moderate,11.3,direct_rx
5349,on_track,long_term,on time,60,3,phone,moderate,14.9,direct_rx
5350,on_track,stable,on time,90,23,app,low,5.8,direct_rx
5351,on_track,stable,on time,60,13,app,low,6.6,direct_rx
5352,lapsed,long_term,missed,90,290,phone,high,13.8,transfer
5353,lapsed,early,missed,60,131,none,moderate,1.2,direct_rx
5354,on_track,stable,on time,60,9,phone,low,9.0,hcp
5355,on_track,stable,on time,60,34,phone,moderate,8.6,direct_rx
5356,lapsing,early,delayed,90,98,none,high,1.1,hcp
5357,on_track,long_term,on time,30,11,phone,moderate,30.2,direct_rx
5358,on_track,long_term,on time,60,4,app,low,18.1,hcp
5359,on_track,stable,on time,30,7,phone,low,8.4,direct_rx
5360,lapsing,early,delayed,30,47,app,moderate,0.8,direct_rx
5361,on_track,long_term,on time,60,29,phone,low,29.9,direct_rx
5362,lapsing,early,delayed,30,43,phone,moderate,0.9,hcp
5363,lapsed,early,missed,90,359,app,high,2.6,direct_rx
5364,lapsed,stable,missed,30,113,phone,high,9.2,direct_rx
5365,lapsed,stable,missed,30,73,app,moderate,9.5,transfer
5366,lapsing,stable,delayed,30,33,app,moderate,6.0,direct_rx
5367,lapsed,early,missed,30,100,app,moderate,2.2,hcp
5368,lapsing,early,delayed,30,33,app,high,2.5,transfer
5369,lapsing,stable,delayed,60,73,app,high,4.9,direct_rx
5370,on_track,long_term,on time,30,1,app,moderate,16.0,hcp
5371,on_track,long_term,on time,30,17,app,low,32.0,transfer
5372,on_track,stable,on time,90,17,app,low,9.7,direct_rx
5373,lapsing,early,delayed,60,60,app,moderate,1.4,transfer
5374,on_track,stable,on time,30,7,app,moderate,10.1,direct_rx
5375,on_track,long_term,on time,30,13,phone,low,35.3,direct_rx
5376,on_track,stable,on time,90,31,app,low,10.6,direct_rx
5377,on_track,stable,on time,30,13,phone,low,3.5,transfer
5378,lapsing,early,delayed,30,33,phone,high,2.1,direct_rx
5379,on_track,stable,on time,30,8,phone,low,10.1,transfer
5380,on_track,long_term,on time,90,21,app,moderate,29.2,direct_rx
5381,lapsing,early,delayed,90,143,app,moderate,1.2,direct_rx
5382,lapsed,early,missed,30,75,phone,high,1.0,direct_rx
5383,lapsing,stable,delayed,30,33,app,moderate,4.8,direct_rx
5384,lapsing,early,delayed,60,67,phone,moderate,0.6,direct_rx
5385,on_track,long_term,on time,30,20,app,low,34.2,hcp
5386,lapsing,early,delayed,30,43,app,moderate,0.8,direct_rx
5387,lapsed,early,missed,30,119,app,moderate,0.6,direct_rx
5388,on_track,stable,on time,90,21,phone,low,6.3,direct_rx
5389,lapsed,early,missed,90,331,phone,moderate,1.9,direct_rx
5390,lapsed,early,missed,60,115,phone,moderate,2.3,hcp
5391,lapsing,early,delayed,90,107,app,moderate,1.6,direct_rx
5392,on_track,early,on time,30,12,app,moderate,0.4,direct_rx
5393,on_track,long_term,on time,30,22,app,moderate,16.9,direct_rx
5394,lapsing,early,delayed,60,71,phone,high,0.8,direct_rx
5395,on_track,stable,on time,30,8,app,low,10.0,transfer
5396,on_track,stable,on time,60,35,phone,moderate,9.3,hcp
5397,lapsing,stable,delayed,30,36,app,moderate,9.1,hcp
5398,lapsing,early,delayed,30,36,none,moderate,2.4,hcp
5399,on_track,stable,on time,30,13,app,low,10.6,direct_rx
5400,on_track,stable,on time,30,7,phone,moderate,11.0,hcp
5401,on_track,stable,on time,60,1,app,low,4.3,hcp
5402,on_track,stable,on time,30,0,app,low,5.8,hcp
5403,on_track,stable,on time,60,13,none,low,4.5,direct_rx
5404,on_track,early,on time,30,5,app,moderate,2.7,hcp
5405,on_track,stable,on time,90,41,app,low,3.7,direct_rx
5406,lapsed,early,missed,30,88,app,moderate,1.9,direct_rx
5407,lapsed,early,missed,60,197,app,moderate,2.0,direct_rx
5408,lapsing,early,delayed,30,48,none,high,1.4,hcp
5409,lapsing,early,delayed,90,103,app,high,2.9,transfer
5410,lapsing,early,delayed,30,37,app,high,2.7,hcp
5411,on_track,stable,on time,30,7,app,moderate,11.1,hcp
5412,on_track,long_term,on time,30,5,phone,low,23.4,transfer
5413,on_track,long_term,on time,30,5,none,low,28.7,hcp
5414,on_track,long_term,on time,30,9,phone,low,17.1,direct_rx
5415,on_track,long_term,on time,90,14,app,low,24.8,direct_rx
5416,lapsed,long_term,missed,30,54,phone,high,28.5,direct_rx
5417,on_track,long_term,on time,30,12,app,moderate,33.8,transfer
5418,lapsing,early,delayed,60,69,app,moderate,0.5,direct_rx
5419,on_track,early,on time,30,5,phone,low,0.2,transfer
5420,on_track,stable,on time,30,18,phone,moderate,10.7,hcp
5421,on_track,stable,on time,30,17,app,low,8.1,hcp
5422,on_track,stable,on time,60,45,phone,low,5.4,hcp
5423,lapsed,early,missed,60,231,app,moderate,0.3,hcp
5424,on_track,long_term,on time,90,14,phone,low,32.5,transfer
5425,on_track,stable,on time,30,11,app,moderate,7.6,direct_rx
5426,on_track,long_term,on time,30,22,app,low,13.5,direct_rx
5427,on_track,stable,on time,90,11,phone,moderate,8.8,direct_rx
5428,on_track,long_term,on time,30,14,app,low,23.3,transfer
5429,on_track,early,on time,30,3,none,low,2.0,hcp
5430,on_track,stable,on time,30,8,none,low,4.5,direct_rx
5431,on_track,early,on time,90,58,phone,low,2.2,hcp
5432,on_track,stable,on time,90,66,app,low,7.2,transfer
5433,lapsed,early,missed,60,158,app,moderate,2.0,direct_rx
5434,lapsing,early,delayed,30,34,app,moderate,2.0,hcp
5435,lapsing,early,delayed,60,84,phone,moderate,2.0,direct_rx
5436,on_track,long_term,on time,30,18,app,low,19.9,hcp
5437,on_track,stable,on time,90,7,app,moderate,5.4,direct_rx
5438,on_track,stable,on time,90,50,app,low,6.5,hcp
5439,on_track,stable,on time,30,0,phone,low,10.3,hcp
5440,on_track,stable,on time,60,11,phone,moderate,7.7,direct_rx
5441,on_track,stable,on time,30,7,app,moderate,9.4,direct_rx
5442,lapsing,early,delayed,30,41,app,moderate,1.3,direct_rx
5443,on_track,long_term,on time,60,34,app,low,30.8,hcp
5444,lapsed,early,missed,60,107,none,high,2.3,direct_rx
5445,on_track,stable,on time,60,16,phone,moderate,6.7,direct_rx
5446,on_track,stable,on time,30,24,phone,moderate,6.1,hcp
5447,lapsing,stable,delayed,30,31,app,moderate,10.7,transfer
5448,lapsing,early,delayed,60,74,none,moderate,1.2,direct_rx
5449,on_track,long_term,on time,30,22,none,low,34.0,direct_rx
5450,lapsing,early,delayed,60,67,app,moderate,1.3,direct_rx
5451,on_track,stable,on time,60,41,none,low,10.2,direct_rx
5452,lapsing,long_term,delayed,30,45,phone,moderate,31.1,hcp
5453,lapsed,early,missed,30,79,phone,moderate,1.7,direct_rx
5454,lapsed,early,missed,30,103,phone,high,0.5,direct_rx
5455,on_track,early,on time,30,20,app,moderate,0.2,hcp
5456,lapsed,early,missed,30,88,app,moderate,2.4,direct_rx
5457,on_track,long_term,on time,90,48,phone,low,20.7,transfer
5458,on_track,early,on time,30,15,app,moderate,0.8,hcp
5459,on_track,stable,on time,30,2,app,moderate,11.2,hcp
5460,lapsing,stable,delayed,30,34,app,high,5.0,direct_rx
5461,lapsing,long_term,delayed,90,111,app,moderate,24.7,hcp
5462,on_track,stable,on time,30,2,app,moderate,8.6,direct_rx
5463,lapsing,early,delayed,30,41,app,moderate,0.8,hcp
5464,lapsed,early,missed,30,113,phone,high,2.7,direct_rx
5465,lapsing,early,delayed,30,30,app,moderate,1.6,hcp
5466,lapsing,stable,delayed,30,34,app,high,8.8,hcp
5467,on_track,long_term,on time,30,0,phone,low,27.9,direct_rx
5468,lapsed,early,missed,60,157,phone,high,2.9,direct_rx
5469,lapsing,stable,delayed,30,45,phone,high,9.6,direct_rx
5470,on_track,stable,on time,30,21,app,low,9.2,direct_rx
5471,on_track,stable,on time,30,19,app,low,9.8,direct_rx
5472,on_track,stable,on time,30,9,app,low,9.6,direct_rx
5473,lapsed,early,missed,60,128,app,high,2.5,direct_rx
5474,on_track,stable,on time,90,43,none,moderate,5.2,direct_rx
5475,on_track,long_term,on time,30,5,app,low,27.4,direct_rx
5476,lapsing,long_term,delayed,60,65,app,moderate,24.1,transfer
5477,on_track,long_term,on time,30,10,app,low,23.3,transfer
5478,on_track,early,on time,90,1,none,low,0.6,transfer
5479,on_track,stable,on time,30,2,app,moderate,3.5,transfer
5480,lapsing,early,delayed,90,128,none,high,0.2,hcp
5481,lapsed,early,missed,30,72,none,moderate,1.2,direct_rx
5482,on_track,stable,on time,60,44,app,moderate,9.7,hcp
5483,lapsing,early,delayed,30,41,app,high,0.7,hcp
5484,on_track,stable,on time,60,17,app,low,8.2,direct_rx
5485,on_track,stable,on time,30,18,app,low,9.1,direct_rx
5486,lapsing,early,delayed,90,136,none,high,0.7,transfer
5487,lapsing,long_term,delayed,30,37,app,moderate,23.6,hcp
5488,on_track,stable,on time,30,11,phone,low,10.9,direct_rx
5489,lapsing,early,delayed,30,31,app,moderate,0.9,direct_rx
5490,lapsing,long_term,delayed,30,47,app,high,20.4,direct_rx
5491,lapsing,stable,delayed,30,47,phone,moderate,8.7,direct_rx
5492,lapsing,early,delayed,30,43,app,moderate,1.8,direct_rx
5493,on_track,stable,on time,90,42,phone,low,10.8,hcp
5494,lapsed,long_term,missed,60,117,phone,high,24.6,direct_rx
5495,on_track,stable,on time,90,27,phone,moderate,8.9,hcp
5496,on_track,stable,on time,30,12,app,low,9.3,direct_rx
5497,on_track,stable,on time,30,17,app,low,5.5,hcp
5498,lapsing,stable,delayed,30,36,app,moderate,9.7,direct_rx
5499,lapsing,early,delayed,60,92,app,moderate,2.8,transfer
5500,on_track,long_term,on time,30,16,phone,low,18.1,hcp
5501,on_track,early,on time,30,0,app,low,2.1,direct_rx
5502,lapsed,early,missed,90,346,phone,high,2.4,direct_rx
5503,on_track,long_term,on time,30,23,app,low,29.8,hcp
5504,lapsing,early,delayed,30,45,phone,moderate,2.1,transfer
5505,on_track,stable,on time,30,4,phone,moderate,11.5,hcp
5506,on_track,early,on time,30,20,none,low,0.4,direct_rx
5507,on_track,long_term,on time,30,7,none,moderate,25.2,direct_rx
5508,lapsed,early,missed,30,75,app,moderate,2.1,hcp
5509,lapsing,early,delayed,30,30,phone,moderate,1.7,direct_rx
5510,on_track,long_term,on time,60,35,phone,low,28.7,transfer
5511,on_track,stable,on time,30,15,phone,low,8.6,hcp
5512,on_track,stable,on time,90,51,phone,moderate,11.4,direct_rx
5513,on_track,stable,on time,60,44,none,low,11.2,direct_rx
5514,lapsing,stable,delayed,90,100,app,high,9.4,direct_rx
5515,lapsed,stable,missed,90,358,none,high,4.4,direct_rx
5516,on_track,long_term,on time,30,0,app,moderate,30.4,direct_rx
5517,on_track,long_term,on time,90,43,app,low,22.5,transfer
5518,lapsing,early,delayed,90,100,app,moderate,2.1,direct_rx
5519,on_track,long_term,on time,30,20,phone,moderate,25.1,hcp
5520,lapsed,stable,missed,30,61,app,high,11.4,hcp
5521,on_track,stable,on time,30,20,none,low,6.0,transfer
5522,on_track,stable,on time,60,20,app,low,3.2,hcp
5523,on_track,stable,on time,90,40,phone,low,3.8,hcp
5524,on_track,stable,on time,30,19,none,low,4.8,direct_rx
5525,lapsing,early,delayed,30,31,app,high,1.0,direct_rx
5526,on_track,stable,on time,60,17,phone,moderate,11.9,transfer
5527,on_track,stable,on time,90,49,app,low,9.1,hcp
5528,on_track,stable,on time,30,20,app,low,4.1,direct_rx
5529,on_track,early,on time,90,44,phone,low,1.2,direct_rx
5530,on_track,long_term,on time,90,37,app,low,27.1,hcp
5531,lapsing,stable,delayed,30,31,phone,moderate,6.4,transfer
5532,on_track,stable,on time,60,45,phone,low,5.9,direct_rx
5533,on_track,long_term,on time,60,13,phone,moderate,30.5,direct_rx
5534,lapsing,early,delayed,30,47,phone,high,1.0,hcp
5535,on_track,long_term,on time,30,14,none,low,30.9,hcp
5536,on_track,long_term,on time,90,9,app,low,13.8,hcp
5537,on_track,stable,on time,30,1,phone,low,8.7,hcp
5538,lapsed,stable,missed,30,86,none,high,4.5,direct_rx
5539,on_track,long_term,on time,60,40,phone,low,22.5,direct_rx
5540,lapsed,early,missed,90,215,app,high,2.0,direct_rx
5541,on_track,early,on time,30,14,app,low,0.7,hcp
5542,on_track,stable,on time,30,2,app,low,11.8,direct_rx
5543,on_track,stable,on time,90,69,app,low,4.6,hcp
5544,on_track,stable,on time,90,0,phone,low,10.7,hcp
5545,on_track,stable,on time,30,11,phone,low,8.5,hcp
5546,on_track,early,on time,90,34,phone,moderate,1.8,direct_rx
5547,lapsing,early,delayed,30,35,app,moderate,2.4,direct_rx
5548,on_track,long_term,on time,90,11,none,low,25.0,hcp
5549,lapsing,early,delayed,30,41,phone,moderate,1.3,direct_rx
5550,on_track,stable,on time,60,38,app,low,8.3,transfer
5551,lapsing,early,delayed,30,48,app,high,1.7,direct_rx
5552,lapsing,long_term,delayed,30,38,app,moderate,19.0,direct_rx
5553,on_track,stable,on time,30,24,app,low,7.3,transfer
5554,on_track,early,on time,60,6,phone,low,0.3,direct_rx
5555,on_track,stable,on time,30,21,app,low,10.2,direct_rx
5556,on_track,stable,on time,30,22,app,low,4.9,hcp
5557,on_track,long_term,on time,60,3,app,low,31.5,hcp
5558,on_track,long_term,on time,90,45,app,low,33.2,direct_rx
5559,lapsing,early,delayed,30,38,phone,high,2.8,hcp
5560,on_track,long_term,on time,60,42,app,moderate,28.8,direct_rx
5561,on_track,early,on time,90,20,none,low,1.8,transfer
5562,on_track,long_term,on time,60,34,app,low,27.6,hcp
5563,on_track,long_term,on time,60,41,app,low,25.3,direct_rx
5564,on_track,stable,on time,90,40,none,low,8.7,transfer
5565,lapsing,stable,delayed,60,90,app,moderate,10.6,direct_rx
5566,on_track,stable,on time,60,17,phone,low,9.4,hcp
5567,on_track,stable,on time,30,4,phone,low,9.6,hcp
5568,on_track,early,on time,30,10,app,moderate,2.3,hcp
5569,on_track,stable,on time,30,14,none,moderate,5.4,direct_rx
5570,lapsed,stable,missed,30,65,none,high,11.4,direct_rx
5571,on_track,stable,on time,30,0,phone,moderate,7.8,hcp
5572,lapsed,early,missed,60,193,app,high,2.8,direct_rx
5573,on_track,stable,on time,90,51,app,low,8.8,direct_rx
5574,on_track,long_term,on time,30,18,app,low,30.6,transfer
5575,lapsing,early,delayed,30,42,app,moderate,2.5,direct_rx
5576,on_track,stable,on time,90,6,app,moderate,6.7,hcp
5577,on_track,long_term,on time,30,7,phone,low,27.9,direct_rx
5578,lapsing,long_term,delayed,60,70,app,moderate,32.3,hcp
5579,on_track,long_term,on time,90,39,none,low,26.0,direct_rx
5580,on_track,stable,on time,90,33,phone,moderate,10.3,hcp
5581,on_track,long_term,on time,90,51,app,low,12.1,direct_rx
5582,on_track,stable,on time,30,3,app,low,7.8,direct_rx
5583,lapsing,long_term,delayed,90,137,none,high,15.8,direct_rx
5584,lapsing,early,delayed,90,116,phone,high,1.9,transfer
5585,on_track,stable,on time,30,4,app,low,8.5,direct_rx
5586,on_track,long_term,on time,90,66,app,low,17.2,direct_rx
5587,on_track,stable,on time,30,7,app,moderate,11.4,hcp
5588,lapsing,long_term,delayed,90,91,phone,moderate,34.2,hcp
5589,on_track,stable,on time,30,15,phone,moderate,7.8,hcp
5590,on_track,stable,on time,30,12,phone,low,11.1,direct_rx
5591,on_track,stable,on time,30,15,app,low,11.0,hcp
5592,on_track,long_term,on time,30,12,phone,low,35.4,hcp
5593,on_track,stable,on time,30,9,none,low,11.4,direct_rx
5594,on_track,long_term,on time,60,35,app,low,24.2,hcp
5595,on_track,early,on time,30,5,phone,low,0.3,hcp
5596,on_track,stable,on time,30,19,app,moderate,5.2,hcp
5597,on_track,stable,on time,30,18,phone,moderate,6.6,hcp
5598,lapsing,early,delayed,60,88,none,high,0.1,direct_rx
5599,on_track,stable,on time,90,34,phone,low,9.3,direct_rx
5600,on_track,long_term,on time,30,15,phone,low,20.1,hcp
5601,lapsing,early,delayed,60,68,phone,high,1.6,hcp
5602,on_track,long_term,on time,90,37,app,low,29.6,transfer
5603,on_track,early,on time,30,14,phone,moderate,1.1,direct_rx
5604,on_track,long_term,on time,30,20,phone,low,34.9,hcp
5605,lapsing,early,delayed,30,34,none,high,0.5,transfer
5606,on_track,long_term,on time,30,5,app,low,30.9,direct_rx
5607,on_track,stable,on time,90,28,app,low,8.9,transfer
5608,lapsed,early,missed,30,99,none,high,1.9,direct_rx
5609,on_track,long_term,on time,60,27,phone,low,24.7,direct_rx
5610,on_track,long_term,on time,30,19,none,low,19.1,hcp
5611,on_track,stable,on time,30,13,phone,moderate,5.8,direct_rx
5612,on_track,stable,on time,30,17,phone,moderate,10.2,hcp
5613,lapsed,early,missed,30,117,app,moderate,2.4,direct_rx
5614,on_track,stable,on time,90,21,app,low,6.5,direct_rx
5615,lapsing,early,delayed,30,46,app,moderate,1.0,direct_rx
5616,on_track,stable,on time,30,1,phone,low,12.0,direct_rx
5617,on_track,long_term,on time,60,14,phone,low,19.9,direct_rx
5618,lapsed,early,missed,30,106,app,moderate,1.6,hcp
5619,on_track,stable,on time,60,9,app,moderate,11.0,direct_rx
5620,on_track,stable,on time,30,6,app,moderate,9.8,direct_rx
5621,on_track,stable,on time,30,22,none,moderate,5.4,direct_rx
5622,lapsed,early,missed,90,345,phone,high,2.1,hcp
5623,on_track,long_term,on time,90,69,app,low,14.7,direct_rx
5624,on_track,stable,on time,30,11,app,low,6.4,direct_rx
5625,on_track,long_term,on time,30,17,app,low,29.8,direct_rx
5626,lapsed,long_term,missed,30,63,none,high,34.7,hcp
5627,lapsing,early,delayed,60,70,app,moderate,1.9,hcp
5628,on_track,stable,on time,30,7,app,moderate,10.4,transfer
5629,on_track,long_term,on time,90,16,phone,low,29.5,hcp
5630,lapsing,early,delayed,30,33,phone,high,0.5,hcp
5631,on_track,stable,on time,30,10,phone,low,10.3,hcp
5632,on_track,long_term,on time,30,22,app,low,18.3,direct_rx
5633,on_track,early,on time,30,23,phone,low,2.4,hcp
5634,lapsing,early,delayed,30,39,phone,moderate,2.1,direct_rx
5635,lapsed,stable,missed,30,73,none,high,5.6,direct_rx
5636,on_track,long_term,on time,30,18,none,low,25.8,direct_rx
5637,lapsing,stable,delayed,30,40,phone,high,7.7,direct_rx
5638,lapsing,stable,delayed,30,40,phone,moderate,5.4,transfer
5639,on_track,stable,on time,90,30,none,low,11.2,direct_rx
5640,on_track,stable,on time,60,7,phone,low,8.6,hcp
5641,on_track,stable,on time,60,42,app,low,4.1,hcp
5642,lapsing,stable,delayed,60,79,phone,moderate,10.5,hcp
5643,lapsed,stable,missed,30,106,app,high,5.5,direct_rx
5644,on_track,long_term,on time,30,17,phone,moderate,22.4,direct_rx
5645,on_track,long_term,on time,30,23,phone,moderate,29.1,hcp
5646,on_track,stable,on time,30,23,app,moderate,10.6,transfer
5647,lapsing,early,delayed,30,30,app,high,0.7,direct_rx
5648,on_track,stable,on time,30,5,app,low,8.6,direct_rx
5649,lapsed,early,missed,30,97,app,high,2.3,hcp
5650,on_track,long_term,on time,30,0,app,low,30.2,hcp
5651,lapsing,early,delayed,90,121,app,moderate,2.6,hcp
5652,on_track,stable,on time,90,26,phone,moderate,3.1,hcp
5653,on_track,stable,on time,30,22,phone,low,11.4,hcp
5654,on_track,stable,on time,90,19,app,low,9.9,direct_rx
5655,on_track,stable,on time,30,16,none,low,11.2,hcp
5656,on_track,early,on time,30,5,app,low,2.1,direct_rx
5657,on_track,stable,on time,60,33,app,low,10.0,transfer
5658,lapsing,long_term,delayed,30,31,app,moderate,28.5,direct_rx
5659,on_track,early,on time,30,3,app,low,0.8,transfer
5660,on_track,long_term,on time,60,41,none,low,23.2,direct_rx
5661,on_track,stable,on time,30,3,app,low,5.1,hcp
5662,lapsing,early,delayed,30,34,app,high,0.2,direct_rx
5663,on_track,stable,on time,30,6,app,low,3.3,hcp
5664,on_track,long_term,on time,30,4,app,low,16.5,direct_rx
5665,on_track,stable,on time,60,7,phone,low,10.4,hcp
5666,lapsing,stable,delayed,60,66,phone,high,3.0,direct_rx
5667,on_track,early,on time,60,39,app,moderate,0.1,hcp
5668,on_track,stable,on time,60,35,app,low,6.0,direct_rx
5669,on_track,stable,on time,90,62,phone,moderate,8.6,direct_rx
5670,on_track,stable,on time,60,23,phone,moderate,9.5,direct_rx
5671,on_track,stable,on time,60,20,phone,moderate,11.6,hcp
5672,on_track,stable,on time,60,18,app,low,11.3,direct_rx
5673,lapsing,long_term,delayed,30,35,app,high,29.0,direct_rx
5674,on_track,stable,on time,30,12,none,low,8.1,hcp
5675,on_track,stable,on time,30,18,none,low,4.1,transfer
5676,on_track,stable,on time,30,20,app,low,8.4,direct_rx
5677,on_track,long_term,on time,90,1,none,low,22.2,direct_rx
5678,lapsed,early,missed,30,77,phone,moderate,0.5,hcp
5679,on_track,stable,on time,30,14,app,low,7.4,hcp
5680,lapsing,long_term,delayed,30,36,none,moderate,12.0,transfer
5681,on_track,stable,on time,30,16,none,low,10.2,direct_rx
5682,on_track,early,on time,30,6,phone,low,0.2,direct_rx
5683,lapsed,long_term,missed,30,115,phone,moderate,20.7,direct_rx
5684,on_track,stable,on time,90,48,phone,moderate,7.8,direct_rx
5685,on_track,long_term,on time,30,12,app,moderate,33.0,direct_rx
5686,lapsing,early,delayed,30,37,phone,moderate,1.6,hcp
5687,lapsing,long_term,delayed,30,37,phone,high,12.9,transfer
5688,lapsing,early,delayed,30,40,phone,high,0.9,direct_rx
5689,on_track,stable,on time,30,4,app,moderate,3.7,hcp
5690,on_track,stable,on time,60,5,none,moderate,11.3,direct_rx
5691,on_track,long_term,on time,30,23,phone,low,35.9,direct_rx
5692,on_track,stable,on time,30,8,phone,low,4.5,direct_rx
5693,on_track,early,on time,30,19,app,low,1.4,direct_rx
5694,on_track,long_term,on time,60,22,app,moderate,28.0,hcp
5695,on_track,stable,on time,90,48,app,moderate,5.9,hcp
5696,lapsed,early,missed,30,70,phone,high,1.4,transfer
5697,lapsing,early,delayed,30,35,phone,moderate,0.5,direct_rx
5698,on_track,long_term,on time,30,4,app,low,35.8,direct_rx
5699,on_track,stable,on time,30,1,phone,low,8.2,direct_rx
5700,on_track,long_term,on time,30,15,app,low,34.3,hcp
5701,lapsing,stable,delayed,30,36,phone,high,11.0,hcp
5702,lapsed,early,missed,30,116,app,high,0.4,direct_rx
5703,on_track,stable,on time,30,20,phone,moderate,3.3,direct_rx
5704,lapsed,early,missed,30,108,none,high,1.6,hcp
5705,lapsing,early,delayed,30,33,none,moderate,0.1,transfer
5706,lapsing,stable,delayed,60,91,phone,moderate,10.7,direct_rx
5707,on_track,stable,on time,60,37,phone,moderate,10.6,hcp
5708,on_track,long_term,on time,30,20,app,moderate,19.6,hcp
5709,on_track,long_term,on time,30,23,app,low,28.9,direct_rx
5710,on_track,stable,on time,30,4,phone,low,9.8,hcp
5711,on_track,stable,on time,30,18,app,low,8.0,transfer
5712,on_track,stable,on time,30,15,phone,low,5.1,direct_rx
5713,lapsed,early,missed,30,62,app,high,2.1,hcp
5714,on_track,early,on time,30,10,phone,low,0.2,hcp
5715,on_track,stable,on time,60,46,phone,moderate,8.2,hcp
5716,on_track,stable,on time,90,44,app,low,7.9,direct_rx
5717,lapsed,early,missed,30,91,none,moderate,2.6,direct_rx
5718,on_track,long_term,on time,90,24,app,low,16.7,direct_rx
5719,lapsed,early,missed,30,106,none,moderate,1.6,hcp
5720,on_track,long_term,on time,30,12,phone,moderate,19.3,hcp
5721,on_track,long_term,on time,30,9,app,moderate,35.0,direct_rx
5722,on_track,long_term,on time,30,21,app,low,15.3,hcp
5723,on_track,long_term,on time,30,24,none,moderate,34.0,direct_rx
5724,lapsing,early,delayed,30,38,app,moderate,2.6,transfer
5725,on_track,long_term,on time,60,6,phone,low,15.1,direct_rx
5726,on_track,stable,on time,30,13,app,moderate,9.8,transfer
5727,on_track,long_term,on time,30,10,phone,low,17.0,direct_rx
5728,on_track,stable,on time,60,9,phone,moderate,10.3,hcp
5729,lapsing,early,delayed,30,42,phone,moderate,2.1,direct_rx
5730,on_track,stable,on time,30,19,app,moderate,5.9,transfer
5731,on_track,long_term,on time,90,51,none,moderate,33.6,direct_rx
5732,on_track,long_term,on time,30,7,phone,low,22.3,hcp
5733,on_track,stable,on time,60,48,none,low,4.8,direct_rx
5734,on_track,stable,on time,60,14,phone,low,6.9,hcp
5735,on_track,long_term,on time,30,23,app,low,29.7,direct_rx
5736,on_track,early,on time,30,8,none,low,1.0,direct_rx
5737,on_track,stable,on time,30,22,app,low,8.2,hcp
5738,on_track,long_term,on time,30,4,phone,low,23.5,hcp
5739,lapsing,early,delayed,30,35,phone,moderate,0.2,hcp
5740,lapsing,stable,delayed,30,37,none,moderate,9.0,direct_rx
5741,lapsing,early,delayed,30,47,app,moderate,1.5,hcp
5742,on_track,long_term,on time,30,14,app,low,23.5,hcp
5743,on_track,long_term,on time,90,52,phone,low,14.7,hcp
5744,on_track,stable,on time,60,21,app,low,9.8,transfer
5745,on_track,stable,on time,90,31,app,moderate,7.2,hcp
5746,on_track,stable,on time,90,59,none,low,11.4,direct_rx
5747,on_track,long_term,on time,60,29,app,low,30.9,direct_rx
5748,on_track,stable,on time,30,21,phone,low,6.6,direct_rx
5749,on_track,stable,on time,30,2,app,low,11.3,hcp
5750,lapsed,early,missed,90,273,none,high,2.1,direct_rx
5751,lapsing,early,delayed,60,71,app,moderate,1.9,hcp
5752,on_track,stable,on time,30,18,phone,low,11.8,direct_rx
5753,on_track,stable,on time,90,69,phone,low,9.3,hcp
5754,lapsing,stable,delayed,90,99,app,moderate,9.8,hcp
5755,on_track,stable,on time,30,23,app,low,11.9,direct_rx
5756,lapsing,stable,delayed,30,40,app,moderate,10.2,transfer
5757,on_track,early,on time,90,49,phone,low,0.1,direct_rx
5758,on_track,long_term,on time,90,39,app,low,20.3,direct_rx
5759,on_track,stable,on time,60,31,app,low,10.1,hcp
5760,lapsing,early,delayed,30,32,none,moderate,2.4,direct_rx
5761,lapsed,early,missed,90,256,phone,high,1.6,direct_rx
5762,lapsing,early,delayed,90,95,phone,moderate,2.8,hcp
5763,on_track,stable,on time,90,36,phone,low,7.5,direct_rx
5764,on_track,long_term,on time,30,12,app,low,33.0,transfer
5765,on_track,early,on time,60,48,none,moderate,1.4,direct_rx
5766,on_track,stable,on time,90,29,app,low,9.8,hcp
5767,lapsed,early,missed,90,155,app,high,1.4,hcp
5768,lapsing,long_term,delayed,90,131,app,moderate,20.0,hcp
5769,on_track,stable,on time,30,6,app,moderate,4.5,direct_rx
5770,on_track,long_term,on time,30,2,phone,moderate,25.6,direct_rx
5771,lapsed,early,missed,90,329,app,moderate,1.7,hcp
5772,lapsed,early,missed,60,148,none,high,2.7,hcp
5773,lapsing,early,delayed,90,95,none,moderate,2.6,transfer
5774,lapsing,early,delayed,90,139,app,moderate,2.6,transfer
5775,on_track,stable,on time,60,15,phone,low,6.9,direct_rx
5776,on_track,stable,on time,30,6,app,low,8.0,direct_rx
5777,lapsed,long_term,missed,30,65,app,high,31.7,hcp
5778,lapsed,early,missed,30,80,app,moderate,1.3,direct_rx
5779,on_track,stable,on time,60,29,app,low,10.4,direct_rx
5780,lapsed,early,missed,30,79,none,moderate,2.2,transfer
5781,on_track,early,on time,90,56,app,moderate,0.8,direct_rx
5782,on_track,stable,on time,60,15,app,low,9.6,direct_rx
5783,on_track,stable,on time,30,11,app,low,3.5,transfer
5784,on_track,stable,on time,60,21,app,low,9.0,hcp
5785,on_track,long_term,on time,30,16,app,moderate,26.8,direct_rx
5786,lapsing,early,delayed,30,42,phone,moderate,1.7,direct_rx
5787,on_track,stable,on time,30,17,app,low,11.4,hcp
5788,on_track,stable,on time,30,18,app,low,10.1,direct_rx
5789,lapsing,early,delayed,90,133,none,high,1.9,direct_rx
5790,on_track,stable,on time,30,8,app,moderate,6.4,transfer
5791,lapsing,early,delayed,90,121,app,moderate,0.3,hcp
5792,on_track,early,on time,30,7,app,low,1.7,direct_rx
5793,on_track,stable,on time,30,11,app,moderate,11.9,transfer
5794,lapsed,early,missed,90,284,app,high,1.3,hcp
5795,on_track,early,on time,30,3,phone,low,1.5,direct_rx
5796,on_track,stable,on time,60,6,phone,moderate,5.8,direct_rx
5797,lapsed,early,missed,90,228,phone,high,0.2,direct_rx
5798,on_track,stable,on time,90,40,none,moderate,4.5,direct_rx
5799,on_track,stable,on time,30,0,app,moderate,10.6,hcp
5800,on_track,long_term,on time,60,25,none,low,21.6,direct_rx
5801,on_track,stable,on time,30,11,phone,low,9.2,direct_rx
5802,lapsing,early,delayed,60,77,phone,moderate,0.2,transfer
5803,on_track,long_term,on time,30,22,phone,low,16.2,direct_rx
5804,lapsing,early,delayed,30,41,app,moderate,2.2,direct_rx
5805,on_track,stable,on time,60,3,app,low,8.7,direct_rx
5806,on_track,stable,on time,30,1,phone,moderate,8.8,hcp
5807,lapsing,stable,delayed,30,36,app,moderate,10.4,transfer
5808,on_track,stable,on time,90,57,phone,low,11.4,hcp
5809,lapsing,early,delayed,30,44,app,moderate,0.5,hcp
5810,on_track,early,on time,30,12,app,low,2.5,direct_rx
5811,lapsed,early,missed,90,331,app,high,2.0,hcp
5812,lapsed,stable,missed,60,223,phone,high,7.9,transfer
5813,on_track,long_term,on time,30,16,app,moderate,31.0,hcp
5814,on_track,stable,on time,60,34,none,moderate,3.9,transfer
5815,on_track,stable,on time,90,62,app,low,8.3,hcp
5816,lapsing,stable,delayed,90,93,app,moderate,7.4,transfer
5817,lapsing,stable,delayed,60,90,none,moderate,6.2,direct_rx
5818,lapsing,early,delayed,30,47,phone,moderate,1.6,direct_rx
5819,on_track,stable,on time,60,10,app,low,7.4,hcp
5820,on_track,stable,on time,30,3,app,low,12.0,hcp
5821,on_track,early,on time,30,11,phone,low,2.4,direct_rx
5822,lapsed,long_term,missed,30,112,phone,high,17.0,hcp
5823,on_track,stable,on time,30,22,app,low,6.4,direct_rx
5824,on_track,stable,on time,30,12,app,low,8.0,transfer
5825,on_track,long_term,on time,30,1,none,low,24.0,direct_rx
5826,on_track,long_term,on time,30,2,phone,low,27.0,hcp
5827,lapsing,stable,delayed,60,60,app,moderate,11.0,direct_rx
5828,lapsing,long_term,delayed,90,126,app,moderate,27.9,direct_rx
5829,on_track,stable,on time,30,0,app,low,5.7,direct_rx
5830,on_track,stable,on time,30,4,app,low,9.9,hcp
5831,lapsed,stable,missed,30,94,phone,high,10.3,transfer
5832,on_track,stable,on time,30,16,none,low,8.8,hcp
5833,lapsed,early,missed,60,178,phone,high,1.2,direct_rx
5834,on_track,long_term,on time,90,71,app,moderate,18.5,direct_rx
5835,lapsing,long_term,delayed,30,34,app,moderate,15.3,direct_rx
5836,lapsed,long_term,missed,30,72,phone,high,28.8,hcp
5837,on_track,long_term,on time,30,22,phone,low,21.6,direct_rx
5838,lapsed,early,missed,30,100,phone,high,2.2,direct_rx
5839,lapsed,stable,missed,90,198,app,high,11.0,direct_rx
5840,on_track,stable,on time,60,29,none,low,7.6,direct_rx
5841,on_track,long_term,on time,90,72,app,low,22.1,direct_rx
5842,on_track,stable,on time,30,11,app,low,11.3,hcp
5843,lapsing,stable,delayed,90,136,app,moderate,7.9,direct_rx
5844,lapsing,early,delayed,90,118,none,moderate,1.8,direct_rx
5845,on_track,stable,on time,30,7,none,low,6.5,direct_rx
5846,on_track,long_term,on time,60,9,none,low,14.0,transfer
5847,lapsed,long_term,missed,30,99,app,moderate,14.3,direct_rx
5848,on_track,stable,on time,30,11,phone,moderate,7.7,hcp
5849,on_track,stable,on time,30,15,app,low,10.3,transfer
5850,lapsing,long_term,delayed,30,37,phone,high,29.7,direct_rx
5851,on_track,long_term,on time,30,3,app,low,34.5,hcp
5852,lapsed,early,missed,30,112,phone,high,0.8,transfer
5853,lapsed,early,missed,30,95,none,moderate,1.6,direct_rx
5854,on_track,early,on time,90,8,none,low,2.3,transfer
5855,lapsing,stable,delayed,90,133,app,moderate,9.7,transfer
5856,lapsing,stable,delayed,30,34,app,moderate,10.7,hcp
5857,lapsed,early,missed,60,171,none,high,2.2,hcp
5858,lapsed,stable,missed,90,218,app,high,8.4,direct_rx
5859,on_track,stable,on time,90,59,phone,low,5.9,direct_rx
5860,lapsed,long_term,missed,30,72,phone,high,12.5,hcp
5861,lapsed,stable,missed,60,191,app,high,9.3,direct_rx
5862,on_track,stable,on time,30,4,phone,moderate,8.7,direct_rx
5863,lapsed,early,missed,30,72,none,high,2.9,direct_rx
5864,on_track,stable,on time,60,27,none,low,8.0,hcp
5865,on_track,stable,on time,30,12,phone,low,9.3,direct_rx
5866,on_track,stable,on time,30,2,none,low,11.9,direct_rx
5867,on_track,stable,on time,30,11,phone,low,11.9,direct_rx
5868,on_track,stable,on time,30,19,phone,moderate,7.5,direct_rx
5869,on_track,stable,on time,30,0,phone,low,4.1,hcp
5870,on_track,long_term,on time,90,32,phone,low,27.7,direct_rx
5871,on_track,stable,on time,30,19,app,moderate,11.5,direct_rx
5872,on_track,stable,on time,30,21,app,low,8.9,direct_rx
5873,lapsing,early,delayed,30,46,app,moderate,0.5,hcp
5874,lapsed,early,missed,30,111,phone,high,2.2,hcp
5875,on_track,long_term,on time,60,29,phone,low,25.4,hcp
5876,on_track,long_term,on time,30,2,phone,moderate,23.6,hcp
5877,on_track,stable,on time,30,10,none,low,8.5,direct_rx
5878,on_track,stable,on time,30,21,phone,moderate,6.0,transfer
5879,lapsed,stable,missed,30,79,phone,moderate,8.7,direct_rx
5880,on_track,early,on time,30,23,app,low,0.4,direct_rx
5881,on_track,stable,on time,30,6,none,low,9.5,transfer
5882,on_track,stable,on time,30,22,app,low,10.9,transfer
5883,on_track,long_term,on time,30,11,app,moderate,17.9,direct_rx
5884,on_track,long_term,on time,60,1,phone,moderate,12.3,direct_rx
5885,on_track,early,on time,30,10,phone,moderate,1.7,direct_rx
5886,on_track,stable,on time,30,24,phone,low,6.8,direct_rx
5887,on_track,early,on time,90,51,none,moderate,0.5,direct_rx
5888,on_track,long_term,on time,30,5,app,low,15.7,direct_rx
5889,on_track,stable,on time,30,0,phone,low,6.0,direct_rx
5890,lapsing,early,delayed,30,42,phone,moderate,1.0,hcp
5891,lapsing,early,delayed,30,47,app,high,0.4,transfer
5892,on_track,long_term,on time,90,18,app,moderate,16.8,direct_rx
5893,on_track,stable,on time,30,15,phone,moderate,10.6,direct_rx
5894,on_track,stable,on time,60,34,none,moderate,8.4,direct_rx
5895,lapsed,early,missed,60,240,app,high,0.3,direct_rx
5896,on_track,stable,on time,30,12,app,moderate,11.1,direct_rx
5897,on_track,stable,on time,30,5,app,low,10.0,transfer
5898,on_track,stable,on time,30,2,phone,moderate,11.5,direct_rx
5899,on_track,stable,on time,30,11,phone,low,10.6,direct_rx
5900,lapsing,early,delayed,30,47,none,moderate,0.4,direct_rx
5901,on_track,stable,on time,90,25,none,low,10.1,hcp
5902,on_track,long_term,on time,30,3,app,low,27.6,direct_rx
5903,on_track,long_term,on time,30,13,app,low,13.6,transfer
5904,on_track,stable,on time,60,38,app,low,11.5,transfer
5905,on_track,stable,on time,90,61,none,low,10.2,hcp
5906,on_track,stable,on time,30,21,app,low,7.2,hcp
5907,lapsing,early,delayed,30,42,app,moderate,2.1,hcp
5908,lapsing,early,delayed,60,79,none,high,0.1,direct_rx
5909,on_track,stable,on time,30,4,app,low,7.4,direct_rx
5910,lapsing,early,delayed,60,67,app,high,2.2,hcp
5911,on_track,stable,on time,90,9,none,low,5.7,hcp
5912,lapsing,early,delayed,90,125,none,high,1.3,transfer
5913,lapsing,early,delayed,30,30,phone,high,1.2,direct_rx
5914,lapsed,early,missed,60,240,phone,high,1.3,direct_rx
5915,lapsed,early,missed,30,96,app,moderate,1.3,direct_rx
5916,lapsing,early,delayed,30,46,app,moderate,0.6,hcp
5917,on_track,stable,on time,30,8,app,low,9.8,direct_rx
5918,on_track,stable,on time,90,2,app,low,4.1,transfer
5919,lapsing,early,delayed,90,142,none,moderate,2.5,direct_rx
5920,lapsing,stable,delayed,30,37,app,high,9.9,direct_rx
5921,on_track,stable,on time,30,15,app,moderate,9.7,direct_rx
5922,lapsed,stable,missed,30,112,app,high,11.1,direct_rx
5923,on_track,stable,on time,30,15,none,low,9.7,direct_rx
5924,on_track,stable,on time,30,11,app,low,6.3,direct_rx
5925,lapsed,long_term,missed,30,75,phone,high,33.8,hcp
5926,lapsing,long_term,delayed,30,33,phone,moderate,28.1,hcp
5927,on_track,early,on time,60,13,phone,moderate,1.0,direct_rx
5928,on_track,long_term,on time,30,2,app,moderate,18.8,hcp
5929,on_track,stable,on time,60,14,none,low,9.7,hcp
5930,on_track,stable,on time,30,24,app,low,8.9,direct_rx
5931,lapsed,early,missed,30,100,app,high,0.3,transfer
5932,on_track,stable,on time,60,26,app,moderate,7.9,hcp
5933,on_track,long_term,on time,60,15,app,low,16.6,direct_rx
5934,on_track,stable,on time,30,0,app,low,8.6,hcp
5935,on_track,stable,on time,90,11,phone,low,8.6,hcp
5936,lapsing,early,delayed,60,82,none,high,2.5,direct_rx
5937,on_track,long_term,on time,60,0,phone,moderate,31.5,direct_rx
5938,on_track,long_term,on time,30,10,none,low,25.6,direct_rx
5939,lapsed,stable,missed,60,169,app,moderate,11.7,hcp
5940,on_track,stable,on time,30,7,phone,low,9.1,transfer
5941,on_track,long_term,on time,30,5,phone,low,16.3,direct_rx
5942,lapsing,long_term,delayed,30,38,none,high,27.8,direct_rx
5943,lapsing,stable,delayed,30,42,app,moderate,11.8,hcp
5944,lapsed,stable,missed,30,64,phone,high,3.6,transfer
5945,on_track,stable,on time,30,12,phone,low,11.0,direct_rx
5946,lapsing,early,delayed,30,44,none,moderate,1.8,direct_rx
5947,lapsing,stable,delayed,30,30,none,moderate,8.8,hcp
5948,lapsing,long_term,delayed,30,31,phone,high,25.0,direct_rx
5949,lapsed,early,missed,90,344,app,high,1.6,direct_rx
5950,on_track,long_term,on time,90,32,app,low,31.9,hcp
5951,lapsed,early,missed,30,76,app,moderate,2.5,direct_rx
5952,on_track,long_term,on time,90,68,app,moderate,26.7,direct_rx
5953,on_track,long_term,on time,30,8,none,low,32.4,hcp
5954,on_track,stable,on time,90,3,none,low,7.3,direct_rx
5955,lapsing,long_term,delayed,30,48,app,high,34.1,direct_rx
5956,lapsed,long_term,missed,30,115,app,moderate,25.9,direct_rx
5957,lapsing,long_term,delayed,30,31,phone,moderate,35.1,direct_rx
5958,lapsing,early,delayed,30,41,app,moderate,0.5,direct_rx
5959,lapsed,stable,missed,30,53,phone,moderate,4.3,hcp
5960,lapsed,long_term,missed,60,187,app,high,35.0,hcp
5961,lapsing,long_term,delayed,30,40,phone,moderate,19.0,direct_rx
5962,on_track,long_term,on time,60,10,app,moderate,15.5,direct_rx
5963,lapsing,stable,delayed,30,44,phone,moderate,10.6,transfer
5964,lapsed,long_term,missed,90,327,none,high,29.7,hcp
5965,lapsing,early,delayed,30,33,app,moderate,1.5,direct_rx
5966,on_track,stable,on time,90,47,none,low,7.7,direct_rx
5967,on_track,stable,on time,90,1,app,low,4.4,direct_rx
5968,on_track,long_term,on time,90,56,phone,moderate,25.4,direct_rx
5969,lapsing,early,delayed,30,47,app,high,2.8,hcp
5970,on_track,stable,on time,90,14,app,low,11.8,hcp
5971,lapsed,stable,missed,30,112,none,moderate,10.9,direct_rx
5972,on_track,stable,on time,60,20,phone,low,11.3,transfer
5973,on_track,long_term,on time,90,23,app,low,32.2,hcp
5974,on_track,long_term,on time,30,18,none,low,21.8,hcp
5975,on_track,early,on time,30,9,phone,moderate,1.3,hcp
5976,lapsed,early,missed,60,133,phone,high,2.4,direct_rx
5977,on_track,long_term,on time,60,5,phone,low,16.7,direct_rx
5978,on_track,stable,on time,90,68,phone,moderate,8.6,hcp
5979,lapsed,early,missed,30,108,none,moderate,0.4,direct_rx
5980,on_track,long_term,on time,60,38,none,low,16.2,direct_rx
5981,on_track,long_term,on time,30,4,phone,low,31.4,hcp
5982,lapsing,stable,delayed,30,31,app,moderate,11.6,direct_rx
5983,on_track,stable,on time,30,3,phone,moderate,8.4,direct_rx
5984,on_track,stable,on time,30,15,app,low,6.8,direct_rx
5985,lapsed,long_term,missed,30,56,app,high,35.5,hcp
5986,on_track,stable,on time,60,18,app,low,4.7,hcp
5987,on_track,long_term,on time,90,57,none,moderate,27.1,transfer
5988,on_track,stable,on time,30,22,app,low,5.0,direct_rx
5989,lapsed,stable,missed,30,61,app,moderate,10.5,direct_rx
5990,lapsing,early,delayed,30,30,none,high,0.3,hcp
5991,on_track,long_term,on time,30,5,app,low,22.7,direct_rx
5992,on_track,long_term,on time,30,9,app,moderate,34.7,direct_rx
5993,lapsed,early,missed,30,92,app,high,0.4,transfer
5994,on_track,stable,on time,90,59,app,low,4.6,direct_rx
5995,on_track,long_term,on time,60,8,app,low,28.0,hcp
5996,on_track,long_term,on time,30,23,phone,low,20.4,hcp
5997,on_track,long_term,on time,90,52,app,low,23.9,hcp
5998,on_track,stable,on time,30,6,none,low,5.3,direct_rx
5999,lapsed,stable,missed,30,92,app,high,9.6,transfer
6000,on_track,stable,on time,90,56,none,moderate,4.8,direct_rx
6001,lapsing,long_term,delayed,30,31,phone,moderate,29.1,hcp
6002,lapsed,early,missed,30,57,app,high,2.4,direct_rx
6003,on_track,long_term,on time,30,14,none,moderate,17.3,transfer
6004,on_track,long_term,on time,30,22,phone,low,26.3,direct_rx
6005,on_track,stable,on time,90,52,app,low,11.2,hcp
6006,lapsed,early,missed,30,91,app,moderate,0.5,direct_rx
6007,on_track,early,on time,90,50,phone,moderate,2.0,direct_rx
6008,lapsing,stable,delayed,90,135,phone,high,11.3,hcp
6009,on_track,stable,on time,90,23,app,low,10.3,direct_rx
6010,on_track,stable,on time,30,0,app,moderate,8.9,hcp
6011,on_track,stable,on time,30,21,app,moderate,4.9,hcp
6012,lapsing,early,delayed,60,92,phone,high,0.1,direct_rx
6013,lapsing,early,delayed,90,122,phone,high,1.2,direct_rx
6014,on_track,stable,on time,90,27,app,moderate,6.5,direct_rx
6015,on_track,long_term,on time,30,16,phone,low,28.5,hcp
6016,on_track,stable,on time,90,23,phone,low,10.5,direct_rx
6017,on_track,stable,on time,30,20,none,low,8.1,transfer
6018,on_track,stable,on time,30,17,phone,moderate,10.3,hcp
6019,on_track,stable,on time,60,8,phone,low,7.9,direct_rx
6020,lapsing,long_term,delayed,30,31,phone,high,25.6,hcp
6021,lapsing,early,delayed,30,32,app,high,2.6,direct_rx
6022,on_track,long_term,on time,30,6,none,low,12.6,hcp
6023,lapsing,early,delayed,30,36,none,moderate,2.8,hcp
6024,lapsing,stable,delayed,30,31,app,high,9.0,direct_rx
6025,lapsed,long_term,missed,60,228,app,high,22.4,direct_rx
6026,on_track,long_term,on time,30,7,none,moderate,17.2,direct_rx
6027,on_track,long_term,on time,60,13,phone,low,21.9,transfer
6028,on_track,stable,on time,30,7,app,moderate,9.0,direct_rx
6029,on_track,stable,on time,90,36,app,low,12.0,direct_rx
6030,lapsing,early,delayed,30,40,phone,moderate,0.9,transfer
6031,on_track,stable,on time,60,19,phone,low,8.1,hcp
6032,on_track,long_term,on time,30,21,none,low,14.8,direct_rx
6033,on_track,stable,on time,30,8,phone,low,9.0,hcp
6034,on_track,early,on time,60,20,phone,low,2.3,direct_rx
6035,on_track,long_term,on time,30,4,app,low,29.2,hcp
6036,on_track,long_term,on time,30,3,app,moderate,25.1,transfer
6037,lapsing,early,delayed,60,76,none,moderate,0.8,transfer
6038,on_track,stable,on time,90,8,phone,low,8.2,direct_rx
6039,on_track,long_term,on time,90,22,none,moderate,23.4,direct_rx
6040,on_track,stable,on time,60,22,phone,low,6.0,direct_rx
6041,on_track,early,on time,30,15,none,low,2.3,direct_rx
6042,on_track,stable,on time,30,12,none,low,8.5,direct_rx
6043,lapsing,early,delayed,30,31,phone,moderate,1.9,direct_rx
6044,on_track,long_term,on time,30,5,phone,low,25.2,direct_rx
6045,on_track,long_term,on time,60,21,app,moderate,13.7,hcp
6046,on_track,early,on time,30,17,app,low,0.3,transfer
6047,on_track,long_term,on time,60,36,phone,low,29.0,transfer
6048,lapsing,early,delayed,60,60,phone,moderate,3.0,hcp
6049,on_track,stable,on time,90,57,app,low,11.6,direct_rx
6050,lapsing,early,delayed,90,127,none,moderate,0.4,transfer
6051,on_track,stable,on time,30,7,phone,low,8.1,hcp
6052,lapsing,long_term,delayed,30,43,app,high,20.8,direct_rx
6053,lapsing,early,delayed,90,118,none,moderate,2.4,direct_rx
6054,on_track,long_term,on time,90,54,none,moderate,26.3,direct_rx
6055,on_track,stable,on time,90,21,none,low,7.1,direct_rx
6056,on_track,long_term,on time,30,5,app,low,31.5,hcp
6057,lapsing,early,delayed,90,97,phone,moderate,1.7,transfer
6058,on_track,stable,on time,90,3,phone,moderate,7.8,hcp
6059,lapsing,early,delayed,90,115,app,high,2.5,transfer
6060,on_track,long_term,on time,30,4,app,low,30.0,hcp
6061,on_track,stable,on time,30,14,none,moderate,8.0,direct_rx
6062,lapsing,early,delayed,30,38,phone,moderate,2.3,direct_rx
6063,lapsed,long_term,missed,30,74,phone,high,24.7,transfer
6064,lapsing,long_term,delayed,30,38,phone,moderate,16.4,direct_rx
6065,on_track,stable,on time,30,1,app,low,6.2,direct_rx
6066,on_track,long_term,on time,30,1,none,low,15.4,direct_rx
6067,on_track,stable,on time,30,21,none,low,3.8,direct_rx
6068,lapsing,early,delayed,60,64,phone,moderate,1.9,direct_rx
6069,on_track,stable,on time,30,23,app,low,4.9,direct_rx
6070,on_track,stable,on time,30,1,phone,low,9.8,direct_rx
6071,on_track,long_term,on time,30,1,app,low,33.4,direct_rx
6072,on_track,long_term,on time,30,4,app,moderate,29.4,hcp
6073,on_track,long_term,on time,30,12,app,moderate,27.3,hcp
6074,lapsed,early,missed,30,116,app,moderate,1.5,transfer
6075,on_track,long_term,on time,30,18,phone,low,25.4,hcp
6076,on_track,long_term,on time,60,27,app,low,33.2,direct_rx
6077,on_track,long_term,on time,30,3,phone,moderate,12.6,direct_rx
6078,lapsing,long_term,delayed,30,32,app,moderate,26.3,direct_rx
6079,on_track,long_term,on time,90,25,phone,low,15.0,transfer
6080,on_track,stable,on time,30,3,app,low,5.4,direct_rx
6081,on_track,stable,on time,30,20,phone,low,3.1,direct_rx
6082,lapsing,stable,delayed,30,35,app,moderate,11.0,transfer
6083,on_track,long_term,on time,30,11,app,low,23.2,direct_rx
6084,on_track,stable,on time,90,57,none,low,11.8,hcp
6085,lapsed,early,missed,30,64,phone,moderate,0.4,direct_rx
6086,on_track,stable,on time,60,9,phone,low,5.9,hcp
6087,lapsed,early,missed,30,53,phone,high,1.1,direct_rx
6088,on_track,long_term,on time,30,9,phone,low,13.0,direct_rx
6089,lapsed,early,missed,90,290,phone,high,0.8,direct_rx
6090,on_track,long_term,on time,90,35,app,moderate,18.4,hcp
6091,on_track,long_term,on time,30,11,phone,low,13.2,direct_rx
6092,lapsing,early,delayed,30,32,phone,moderate,1.8,transfer
6093,on_track,early,on time,90,65,app,low,2.0,direct_rx
6094,on_track,long_term,on time,60,2,app,moderate,29.7,direct_rx
6095,on_track,long_term,on time,90,40,app,low,14.9,direct_rx
6096,lapsing,early,delayed,30,38,phone,moderate,1.1,transfer
6097,lapsing,early,delayed,30,39,app,moderate,2.4,hcp
6098,lapsed,long_term,missed,90,264,app,high,24.8,hcp
6099,on_track,long_term,on time,60,11,app,low,14.1,direct_rx
6100,on_track,stable,on time,60,30,app,low,5.3,hcp
6101,on_track,stable,on time,30,5,app,low,3.1,hcp
6102,lapsing,early,delayed,30,33,app,moderate,2.6,hcp
6103,lapsing,stable,delayed,30,30,app,moderate,7.3,hcp
6104,on_track,early,on time,60,45,phone,low,1.3,hcp
6105,on_track,stable,on time,30,9,app,low,10.2,direct_rx
6106,on_track,early,on time,90,60,app,low,2.9,hcp
6107,lapsing,stable,delayed,60,71,phone,high,9.5,direct_rx
6108,on_track,stable,on time,90,64,app,low,7.8,direct_rx
6109,lapsing,stable,delayed,60,64,app,high,5.6,direct_rx
6110,lapsed,stable,missed,30,74,app,high,7.6,direct_rx
6111,lapsing,stable,delayed,60,89,app,moderate,5.8,hcp
6112,lapsing,early,delayed,90,126,none,moderate,2.2,direct_rx
6113,on_track,long_term,on time,30,16,none,moderate,27.9,direct_rx
6114,on_track,long_term,on time,60,46,phone,low,23.2,direct_rx
6115,on_track,stable,on time,30,4,app,low,8.7,hcp
6116,lapsing,early,delayed,30,32,app,moderate,0.1,hcp
6117,lapsing,stable,delayed,30,31,app,moderate,10.8,direct_rx
6118,lapsing,stable,delayed,90,143,app,moderate,8.5,direct_rx
6119,lapsed,early,missed,30,89,app,high,2.0,direct_rx
6120,on_track,stable,on time,60,45,phone,moderate,6.8,direct_rx
6121,on_track,stable,on time,90,22,app,low,8.9,direct_rx
6122,lapsing,early,delayed,90,117,app,moderate,2.3,hcp
6123,lapsing,early,delayed,30,42,phone,moderate,1.6,hcp
6124,on_track,long_term,on time,90,35,none,low,23.9,hcp
6125,lapsing,early,delayed,30,40,app,high,1.3,direct_rx
6126,on_track,stable,on time,90,11,app,low,6.2,hcp
6127,lapsing,early,delayed,30,44,app,moderate,0.8,direct_rx
6128,on_track,long_term,on time,60,33,app,moderate,21.8,transfer
6129,on_track,stable,on time,30,24,phone,low,7.4,hcp
6130,lapsing,early,delayed,30,45,none,high,0.4,direct_rx
6131,on_track,long_term,on time,30,14,none,low,24.9,direct_rx
6132,lapsing,long_term,delayed,30,35,app,moderate,34.8,hcp
6133,lapsing,early,delayed,30,38,none,high,2.9,direct_rx
6134,lapsed,early,missed,60,179,app,high,1.9,direct_rx
6135,lapsing,long_term,delayed,90,121,phone,moderate,18.0,transfer
6136,on_track,early,on time,90,12,app,moderate,0.2,hcp
6137,on_track,stable,on time,60,22,phone,low,11.5,direct_rx
6138,lapsed,early,missed,30,113,none,moderate,1.4,direct_rx
6139,on_track,stable,on time,30,11,none,low,8.5,transfer
6140,on_track,long_term,on time,60,17,app,low,28.6,direct_rx
6141,on_track,stable,on time,30,17,app,low,8.1,direct_rx
6142,lapsing,stable,delayed,30,32,none,moderate,9.6,direct_rx
6143,lapsed,long_term,missed,60,149,app,high,22.7,hcp
6144,lapsing,long_term,delayed,90,94,none,moderate,29.7,hcp
6145,on_track,stable,on time,60,5,none,moderate,7.6,hcp
6146,lapsed,stable,missed,30,62,app,high,8.7,direct_rx
6147,on_track,early,on time,30,6,app,moderate,2.0,direct_rx
6148,on_track,long_term,on time,60,11,app,moderate,12.7,direct_rx
6149,on_track,long_term,on time,60,0,phone,low,24.6,hcp
6150,lapsing,early,delayed,30,42,phone,moderate,0.1,hcp
6151,lapsing,early,delayed,30,41,app,moderate,1.3,hcp
6152,lapsing,early,delayed,30,47,app,moderate,1.7,hcp
6153,lapsing,early,delayed,30,32,none,high,0.6,hcp
6154,on_track,long_term,on time,30,3,app,low,16.1,transfer
6155,on_track,stable,on time,30,3,none,moderate,11.5,transfer
6156,lapsed,stable,missed,30,111,none,moderate,11.4,direct_rx
6157,on_track,long_term,on time,30,22,phone,low,23.3,hcp
6158,on_track,stable,on time,30,23,phone,moderate,4.6,hcp
6159,on_track,stable,on time,30,15,app,moderate,5.5,direct_rx
6160,on_track,stable,on time,90,0,none,moderate,7.3,direct_rx
6161,on_track,long_term,on time,30,3,none,low,31.3,hcp
6162,on_track,stable,on time,30,18,phone,low,6.9,hcp
6163,on_track,stable,on time,30,14,app,moderate,4.1,hcp
6164,on_track,stable,on time,30,16,none,moderate,10.1,direct_rx
6165,lapsed,long_term,missed,30,104,app,high,26.4,transfer
6166,lapsing,early,delayed,30,37,none,moderate,1.7,hcp
6167,lapsing,early,delayed,30,41,app,high,1.0,transfer
6168,lapsing,early,delayed,60,67,app,high,1.3,hcp
6169,lapsed,early,missed,90,282,app,high,1.4,direct_rx
6170,lapsing,long_term,delayed,30,37,app,moderate,34.7,direct_rx
6171,lapsing,stable,delayed,90,122,none,high,10.4,hcp
6172,on_track,stable,on time,60,42,app,low,12.0,hcp
6173,on_track,long_term,on time,60,4,app,moderate,18.1,direct_rx
6174,lapsed,early,missed,30,72,app,moderate,1.5,direct_rx
6175,on_track,stable,on time,30,11,app,moderate,6.2,direct_rx
6176,lapsing,early,delayed,90,107,phone,moderate,0.3,direct_rx
6177,on_track,early,on time,30,14,app,low,2.2,direct_rx
6178,on_track,stable,on time,60,3,phone,moderate,9.4,direct_rx
6179,on_track,stable,on time,30,6,app,low,11.0,hcp
6180,lapsing,early,delayed,30,31,app,moderate,1.5,direct_rx
6181,on_track,stable,on time,60,43,phone,low,4.0,direct_rx
6182,lapsing,stable,delayed,30,45,app,moderate,4.5,direct_rx
6183,on_track,long_term,on time,30,13,app,low,16.2,hcp
6184,on_track,early,on time,30,6,none,low,2.0,direct_rx
6185,on_track,long_term,on time,60,6,phone,moderate,28.7,direct_rx
6186,on_track,stable,on time,60,30,app,low,9.3,direct_rx
6187,on_track,long_term,on time,60,37,app,low,28.7,transfer
6188,on_track,stable,on time,60,8,app,moderate,7.0,direct_rx
6189,on_track,long_term,on time,30,24,none,low,31.3,hcp
6190,on_track,long_term,on time,30,12,app,low,15.7,hcp
6191,lapsing,early,delayed,90,140,app,moderate,1.9,hcp
6192,lapsing,stable,delayed,30,36,phone,high,4.0,direct_rx
6193,lapsing,early,delayed,60,77,phone,moderate,1.4,direct_rx
6194,lapsed,early,missed,30,60,app,high,3.0,direct_rx
6195,on_track,stable,on time,60,4,none,low,8.8,direct_rx
6196,lapsing,long_term,delayed,60,74,app,moderate,26.4,direct_rx
6197,on_track,long_term,on time,60,38,phone,moderate,18.5,direct_rx
6198,on_track,early,on time,30,12,phone,low,0.9,direct_rx
6199,lapsed,early,missed,30,54,app,high,0.6,hcp
6200,lapsed,long_term,missed,60,162,app,high,33.2,direct_rx
6201,on_track,long_term,on time,30,6,phone,low,19.9,hcp
6202,on_track,stable,on time,60,17,app,moderate,10.7,direct_rx
6203,lapsing,early,delayed,30,43,app,moderate,1.3,direct_rx
6204,on_track,stable,on time,30,22,app,low,10.8,transfer
6205,lapsing,stable,delayed,90,111,none,moderate,6.0,direct_rx
6206,on_track,stable,on time,90,17,phone,low,7.0,hcp
6207,lapsing,early,delayed,30,34,phone,moderate,2.5,direct_rx
6208,on_track,long_term,on time,30,0,app,low,33.9,direct_rx
6209,on_track,long_term,on time,60,22,app,moderate,34.1,direct_rx
6210,lapsing,early,delayed,30,40,phone,moderate,1.8,hcp
6211,lapsed,early,missed,30,87,app,high,2.3,direct_rx
6212,lapsed,stable,missed,30,91,phone,high,10.9,hcp
6213,lapsed,early,missed,30,60,app,high,1.9,direct_rx
6214,on_track,stable,on time,30,13,none,low,6.6,transfer
6215,lapsing,early,delayed,90,119,app,moderate,1.1,hcp
6216,on_track,long_term,on time,30,19,app,low,15.3,transfer
6217,on_track,long_term,on time,90,21,none,low,24.4,direct_rx
6218,lapsed,early,missed,30,52,app,moderate,0.1,direct_rx
6219,lapsing,early,delayed,30,40,none,moderate,1.4,direct_rx
6220,lapsing,stable,delayed,30,35,none,moderate,9.0,direct_rx
6221,on_track,long_term,on time,30,8,phone,low,14.3,hcp
6222,lapsed,long_term,missed,30,72,app,high,21.5,transfer
6223,on_track,long_term,on time,90,65,app,low,16.5,hcp
6224,lapsing,stable,delayed,30,45,phone,moderate,7.2,hcp
6225,lapsing,early,delayed,60,73,app,moderate,2.1,direct_rx
6226,on_track,early,on time,90,44,none,low,1.1,direct_rx
6227,lapsed,early,missed,60,233,phone,high,1.0,hcp
6228,on_track,long_term,on time,30,2,phone,low,21.7,direct_rx
6229,on_track,stable,on time,30,9,app,moderate,11.3,hcp
6230,lapsing,early,delayed,30,39,none,moderate,1.3,direct_rx
6231,on_track,early,on time,30,19,app,moderate,0.3,direct_rx
6232,lapsed,stable,missed,30,101,app,moderate,3.6,transfer
6233,lapsing,early,delayed,90,135,phone,high,0.5,transfer
6234,on_track,stable,on time,30,8,phone,low,5.2,direct_rx
6235,on_track,stable,on time,30,22,app,low,8.1,direct_rx
6236,on_track,stable,on time,30,7,app,low,11.9,direct_rx
6237,on_track,long_term,on time,90,68,phone,low,28.2,transfer
6238,on_track,long_term,on time,30,10,phone,moderate,16.2,transfer
6239,on_track,long_term,on time,30,17,phone,low,15.3,hcp
6240,lapsing,early,delayed,30,30,phone,moderate,1.8,direct_rx
6241,lapsed,long_term,missed,30,112,none,moderate,12.5,direct_rx
6242,lapsing,stable,delayed,90,143,none,high,11.6,direct_rx
6243,lapsing,early,delayed,30,33,app,high,0.8,direct_rx
6244,on_track,early,on time,90,8,app,moderate,1.9,hcp
6245,on_track,stable,on time,30,7,app,low,6.4,direct_rx
6246,lapsed,early,missed,30,69,app,high,1.0,direct_rx
6247,lapsed,long_term,missed,90,321,app,high,30.7,transfer
6248,on_track,early,on time,30,23,phone,low,0.1,hcp
6249,lapsing,early,delayed,90,138,phone,moderate,2.4,direct_rx
6250,lapsing,stable,delayed,30,32,phone,high,11.9,direct_rx
6251,on_track,long_term,on time,30,18,phone,low,33.9,direct_rx
6252,on_track,stable,on time,30,0,none,low,6.9,hcp
6253,on_track,stable,on time,60,4,app,low,10.6,hcp
6254,on_track,long_term,on time,30,18,none,low,29.1,direct_rx
6255,on_track,stable,on time,30,4,none,moderate,9.1,direct_rx
6256,lapsed,stable,missed,60,207,app,high,9.7,direct_rx
6257,lapsing,early,delayed,30,46,none,moderate,2.7,direct_rx
6258,lapsing,long_term,delayed,30,41,phone,moderate,32.1,direct_rx
6259,on_track,stable,on time,30,8,phone,low,10.8,direct_rx
6260,lapsing,early,delayed,30,31,app,moderate,1.7,direct_rx
6261,on_track,long_term,on time,30,22,phone,low,22.7,direct_rx
6262,lapsing,stable,delayed,60,94,none,moderate,8.3,hcp
6263,lapsing,early,delayed,90,131,app,moderate,2.5,direct_rx
6264,on_track,early,on time,30,5,app,moderate,2.8,hcp
6265,on_track,early,on time,90,26,none,low,1.1,direct_rx
6266,on_track,long_term,on time,60,28,phone,moderate,23.2,hcp
6267,on_track,stable,on time,30,11,phone,low,4.3,hcp
6268,lapsed,early,missed,30,53,phone,moderate,1.2,direct_rx
6269,on_track,long_term,on time,60,13,phone,low,27.9,direct_rx
6270,on_track,long_term,on time,90,69,phone,low,33.0,direct_rx
6271,on_track,early,on time,90,17,phone,low,2.7,hcp
6272,on_track,long_term,on time,60,26,phone,moderate,14.8,direct_rx
6273,on_track,stable,on time,30,18,phone,low,11.4,direct_rx
6274,on_track,stable,on time,60,13,none,moderate,11.9,direct_rx
6275,on_track,stable,on time,30,19,none,moderate,9.7,direct_rx
6276,lapsing,early,delayed,90,137,app,moderate,2.4,hcp
6277,lapsed,stable,missed,30,62,app,high,8.0,direct_rx
6278,on_track,stable,on time,30,5,app,moderate,10.2,hcp
6279,on_track,stable,on time,30,7,app,moderate,10.0,direct_rx
6280,lapsing,early,delayed,30,34,phone,moderate,3.0,hcp
6281,on_track,early,on time,90,31,phone,low,2.0,direct_rx
6282,lapsed,early,missed,30,117,none,moderate,2.6,hcp
6283,lapsing,stable,delayed,30,38,phone,high,6.8,hcp
6284,on_track,long_term,on time,30,19,none,low,22.1,hcp
6285,lapsed,stable,missed,60,132,phone,high,5.2,direct_rx
6286,on_track,stable,on time,30,23,app,moderate,8.5,hcp
6287,on_track,stable,on time,30,6,app,low,6.7,transfer
6288,lapsed,long_term,missed,30,119,phone,high,34.3,hcp
6289,lapsing,stable,delayed,30,36,app,moderate,4.2,direct_rx
6290,on_track,stable,on time,60,3,app,low,10.1,direct_rx
6291,lapsed,stable,missed,60,230,app,high,7.0,hcp
6292,on_track,long_term,on time,30,13,none,moderate,13.8,hcp
6293,on_track,long_term,on time,60,43,app,low,30.5,direct_rx
6294,on_track,early,on time,30,6,app,low,0.5,direct_rx
6295,lapsing,early,delayed,90,130,none,moderate,0.2,direct_rx
6296,on_track,stable,on time,90,10,app,moderate,10.5,hcp
6297,lapsed,stable,missed,90,188,phone,high,5.9,direct_rx
6298,lapsing,early,delayed,60,65,app,moderate,0.5,direct_rx
6299,on_track,stable,on time,30,21,phone,low,5.1,hcp
6300,on_track,stable,on time,30,14,phone,low,9.4,direct_rx
6301,on_track,stable,on time,30,6,app,low,7.1,direct_rx
6302,on_track,long_term,on time,60,14,phone,low,31.9,direct_rx
6303,on_track,long_term,on time,30,21,app,moderate,30.4,direct_rx
6304,lapsed,early,missed,30,60,app,high,1.7,hcp
6305,lapsing,early,delayed,60,89,phone,moderate,2.5,direct_rx
6306,lapsing,early,delayed,30,48,app,moderate,2.7,hcp
6307,on_track,stable,on time,30,4,none,low,5.9,direct_rx
6308,on_track,long_term,on time,30,4,phone,low,30.4,direct_rx
6309,on_track,stable,on time,60,42,app,moderate,3.3,transfer
6310,lapsing,early,delayed,30,45,phone,moderate,1.1,direct_rx
6311,on_track,stable,on time,30,3,app,low,6.2,direct_rx
6312,lapsed,stable,missed,30,107,app,high,11.4,direct_rx
6313,lapsed,early,missed,60,213,app,high,2.2,hcp
6314,lapsed,stable,missed,30,99,phone,moderate,3.8,transfer
6315,on_track,stable,on time,90,15,phone,moderate,9.5,direct_rx
6316,lapsing,early,delayed,30,38,phone,moderate,0.8,hcp
6317,on_track,stable,on time,30,14,none,low,9.6,transfer
6318,on_track,stable,on time,60,35,app,moderate,11.9,hcp
6319,lapsing,stable,delayed,30,33,app,moderate,4.9,hcp
6320,lapsing,early,delayed,30,37,app,high,3.0,direct_rx
6321,lapsing,stable,delayed,90,99,phone,moderate,11.1,hcp
6322,on_track,stable,on time,30,22,phone,low,10.5,transfer
6323,on_track,long_term,on time,90,27,app,moderate,24.0,direct_rx
6324,on_track,stable,on time,30,9,app,moderate,4.4,direct_rx
6325,on_track,long_term,on time,60,29,app,low,21.4,direct_rx
6326,on_track,stable,on time,30,19,phone,low,11.6,direct_rx
6327,lapsed,early,missed,60,115,app,moderate,0.8,hcp
6328,on_track,stable,on time,30,0,app,low,10.4,direct_rx
6329,on_track,stable,on time,30,8,phone,moderate,11.8,direct_rx
6330,on_track,stable,on time,90,31,none,moderate,8.2,direct_rx
6331,on_track,long_term,on time,60,16,phone,low,24.2,hcp
6332,on_track,early,on time,90,22,app,low,0.8,direct_rx
6333,lapsing,early,delayed,30,31,phone,high,2.9,direct_rx
6334,on_track,stable,on time,30,15,app,moderate,6.3,hcp
6335,on_track,stable,on time,30,2,app,low,6.8,direct_rx
6336,lapsing,early,delayed,90,101,none,high,1.6,hcp
6337,on_track,long_term,on time,90,2,none,moderate,15.4,transfer
6338,on_track,stable,on time,60,31,none,moderate,10.7,transfer
6339,on_track,stable,on time,90,28,phone,low,9.8,hcp
6340,on_track,long_term,on time,60,0,phone,moderate,16.4,direct_rx
6341,on_track,stable,on time,30,1,phone,low,6.4,direct_rx
6342,lapsing,early,delayed,30,41,phone,moderate,1.1,direct_rx
6343,lapsing,early,delayed,30,39,app,moderate,1.8,direct_rx
6344,lapsing,stable,delayed,30,38,phone,moderate,8.1,hcp
6345,on_track,long_term,on time,90,61,app,low,24.1,direct_rx
6346,lapsed,early,missed,60,148,app,moderate,0.2,direct_rx
6347,on_track,long_term,on time,60,15,app,low,13.2,direct_rx
6348,on_track,stable,on time,90,5,none,moderate,10.4,hcp
6349,on_track,stable,on time,30,21,app,moderate,8.7,direct_rx
6350,on_track,early,on time,30,14,app,low,1.3,hcp
6351,on_track,long_term,on time,30,17,app,low,14.6,hcp
6352,on_track,stable,on time,30,9,phone,moderate,11.2,direct_rx
6353,on_track,stable,on time,90,69,phone,low,6.6,hcp
6354,on_track,stable,on time,30,16,app,moderate,4.7,transfer
6355,on_track,long_term,on time,90,7,none,low,25.0,direct_rx
6356,on_track,stable,on time,30,6,phone,low,11.6,hcp
6357,on_track,stable,on time,30,4,app,low,4.5,hcp
6358,on_track,long_term,on time,60,9,phone,moderate,22.4,transfer
6359,on_track,stable,on time,90,63,app,low,11.7,hcp
6360,lapsing,long_term,delayed,30,31,phone,moderate,24.8,transfer
6361,on_track,stable,on time,30,10,none,moderate,5.5,direct_rx
6362,lapsing,early,delayed,90,96,phone,moderate,1.8,direct_rx
6363,lapsed,early,missed,30,73,phone,high,2.1,hcp
6364,on_track,long_term,on time,90,67,none,moderate,18.1,direct_rx
6365,on_track,stable,on time,30,10,app,low,7.4,direct_rx
6366,on_track,long_term,on time,30,12,phone,low,13.9,hcp
6367,on_track,stable,on time,30,24,app,low,9.6,direct_rx
6368,lapsed,early,missed,30,115,phone,high,1.3,direct_rx
6369,lapsing,stable,delayed,30,31,app,high,6.4,transfer
6370,lapsing,stable,delayed,30,46,app,high,8.4,direct_rx
6371,on_track,long_term,on time,60,22,none,low,18.8,direct_rx
6372,lapsed,early,missed,30,100,app,high,0.0,direct_rx
6373,lapsing,early,delayed,90,143,app,moderate,1.2,hcp
6374,on_track,stable,on time,30,7,app,low,5.1,direct_rx
6375,on_track,long_term,on time,90,20,phone,low,26.7,direct_rx
6376,lapsed,long_term,missed,90,236,app,moderate,27.2,hcp
6377,on_track,long_term,on time,30,23,app,low,28.7,transfer
6378,on_track,early,on time,30,8,app,low,0.7,hcp
6379,on_track,stable,on time,30,16,app,moderate,5.3,direct_rx
6380,on_track,stable,on time,60,8,app,moderate,9.4,hcp
6381,on_track,stable,on time,90,48,app,low,6.6,direct_rx
6382,on_track,long_term,on time,30,13,app,moderate,27.7,direct_rx
6383,lapsing,early,delayed,30,43,phone,high,1.3,hcp
6384,on_track,stable,on time,30,10,app,moderate,8.7,direct_rx
6385,lapsed,early,missed,30,86,app,moderate,1.6,hcp
6386,on_track,stable,on time,30,3,phone,low,11.8,direct_rx
6387,lapsed,long_term,missed,30,101,app,high,24.6,hcp
6388,lapsed,early,missed,60,206,phone,high,0.1,direct_rx
6389,on_track,stable,on time,30,24,app,low,7.9,direct_rx
6390,on_track,stable,on time,30,9,app,moderate,9.4,direct_rx
6391,on_track,long_term,on time,90,59,app,low,31.5,direct_rx
6392,on_track,stable,on time,30,13,none,low,6.9,hcp
6393,on_track,stable,on time,60,16,none,moderate,11.6,hcp
6394,lapsing,early,delayed,60,96,none,high,0.7,hcp
6395,on_track,long_term,on time,90,63,app,low,19.3,direct_rx
6396,on_track,stable,on time,30,17,phone,low,7.0,direct_rx
6397,on_track,long_term,on time,30,21,none,low,19.8,hcp
6398,on_track,long_term,on time,90,24,app,moderate,35.9,direct_rx
6399,lapsing,stable,delayed,30,35,phone,high,11.1,hcp
6400,on_track,stable,on time,30,21,phone,low,7.1,direct_rx
6401,on_track,early,on time,60,12,phone,moderate,2.1,direct_rx
6402,on_track,stable,on time,90,60,none,moderate,11.2,hcp
6403,on_track,stable,on time,30,13,app,moderate,4.9,hcp
6404,on_track,long_term,on time,30,20,phone,moderate,32.8,direct_rx
6405,on_track,long_term,on time,90,31,app,moderate,20.4,direct_rx
6406,lapsing,stable,delayed,30,48,app,moderate,5.2,hcp
6407,on_track,stable,on time,30,1,phone,low,9.6,direct_rx
6408,on_track,early,on time,30,19,phone,low,2.3,direct_rx
6409,lapsing,stable,delayed,30,32,none,moderate,10.7,transfer
6410,on_track,long_term,on time,90,51,app,moderate,27.9,direct_rx
6411,on_track,stable,on time,30,14,phone,low,11.5,direct_rx
6412,lapsing,early,delayed,60,66,phone,high,1.0,direct_rx
6413,on_track,long_term,on time,30,17,app,low,21.0,direct_rx
6414,on_track,long_term,on time,90,59,phone,low,19.0,hcp
6415,on_track,long_term,on time,30,10,app,moderate,27.5,hcp
6416,on_track,stable,on time,30,18,app,moderate,8.3,direct_rx
6417,on_track,long_term,on time,90,35,none,low,23.6,direct_rx
6418,on_track,stable,on time,30,12,phone,moderate,6.7,direct_rx
6419,lapsed,stable,missed,30,120,app,moderate,9.5,transfer
6420,on_track,stable,on time,90,43,none,low,5.8,direct_rx
6421,on_track,stable,on time,30,2,none,low,7.0,direct_rx
6422,lapsing,early,delayed,30,38,app,moderate,0.3,direct_rx
6423,on_track,early,on time,90,67,none,moderate,0.9,hcp
6424,on_track,long_term,on time,30,2,phone,moderate,13.2,direct_rx
6425,on_track,long_term,on time,90,1,app,low,14.2,hcp
6426,lapsing,long_term,delayed,30,36,none,high,32.4,direct_rx
6427,lapsing,stable,delayed,60,93,phone,moderate,8.1,direct_rx
6428,lapsed,long_term,missed,30,51,phone,high,35.5,transfer
6429,on_track,stable,on time,30,20,app,moderate,10.2,direct_rx
6430,on_track,long_term,on time,30,3,none,moderate,21.8,hcp
6431,lapsed,long_term,missed,30,80,phone,high,14.9,transfer
6432,on_track,stable,on time,30,16,none,low,4.5,direct_rx
6433,on_track,long_term,on time,30,6,app,moderate,23.2,direct_rx
6434,on_track,stable,on time,30,14,phone,low,11.9,direct_rx
6435,on_track,long_term,on time,60,44,app,moderate,29.7,direct_rx
6436,on_track,early,on time,30,14,phone,low,1.3,transfer
6437,lapsed,early,missed,30,74,phone,high,1.5,direct_rx
6438,on_track,long_term,on time,90,44,app,low,30.5,transfer
6439,on_track,long_term,on time,90,0,app,low,32.1,hcp
6440,on_track,stable,on time,30,20,phone,moderate,9.4,transfer
6441,on_track,early,on time,90,11,phone,low,2.6,hcp
6442,on_track,stable,on time,30,11,app,low,8.8,direct_rx
6443,on_track,stable,on time,60,21,none,low,8.1,direct_rx
6444,on_track,long_term,on time,30,18,app,low,16.4,direct_rx
6445,lapsing,early,delayed,30,35,app,high,2.0,hcp
6446,lapsing,early,delayed,30,33,phone,high,1.2,hcp
6447,on_track,long_term,on time,90,14,phone,low,21.8,hcp
6448,lapsed,early,missed,30,81,phone,high,1.3,direct_rx
6449,on_track,stable,on time,30,15,app,moderate,5.0,direct_rx
6450,on_track,early,on time,30,14,app,low,1.0,hcp
6451,on_track,stable,on time,60,30,app,moderate,12.0,direct_rx
6452,on_track,stable,on time,30,19,none,moderate,4.9,hcp
6453,lapsing,long_term,delayed,30,46,none,moderate,27.0,hcp
6454,on_track,long_term,on time,30,19,none,low,14.8,transfer
6455,lapsing,early,delayed,30,42,app,high,0.2,hcp
6456,lapsed,early,missed,60,193,none,high,2.3,direct_rx
6457,on_track,stable,on time,90,22,phone,moderate,3.2,hcp
6458,on_track,long_term,on time,90,16,phone,moderate,20.0,direct_rx
6459,lapsing,early,delayed,90,122,app,high,1.2,direct_rx
6460,lapsing,stable,delayed,30,47,app,moderate,5.6,hcp
6461,lapsing,early,delayed,30,31,phone,high,2.9,direct_rx
6462,lapsed,long_term,missed,30,110,phone,high,34.2,direct_rx
6463,on_track,long_term,on time,30,20,app,low,16.5,transfer
6464,lapsed,early,missed,30,106,none,high,1.4,direct_rx
6465,on_track,stable,on time,30,13,phone,low,8.9,direct_rx
6466,on_track,stable,on time,60,36,app,low,9.7,direct_rx
6467,on_track,long_term,on time,90,44,app,moderate,34.8,direct_rx
6468,on_track,long_term,on time,30,3,none,low,22.9,direct_rx
6469,on_track,stable,on time,30,9,phone,low,9.6,transfer
6470,on_track,stable,on time,30,7,app,low,10.1,direct_rx
6471,on_track,long_term,on time,30,2,app,low,14.2,hcp
6472,on_track,stable,on time,30,18,none,low,8.5,direct_rx
6473,lapsed,long_term,missed,60,139,app,moderate,32.3,direct_rx
6474,on_track,stable,on time,30,9,phone,moderate,10.3,direct_rx
6475,on_track,stable,on time,90,55,app,low,6.6,hcp
6476,lapsing,early,delayed,30,35,app,moderate,1.8,direct_rx
6477,on_track,stable,on time,60,45,app,low,8.2,hcp
6478,on_track,stable,on time,30,10,none,low,10.2,direct_rx
6479,on_track,long_term,on time,90,27,app,low,18.5,direct_rx
6480,on_track,long_term,on time,30,13,phone,low,26.6,hcp
6481,on_track,long_term,on time,30,19,app,moderate,18.0,hcp
6482,lapsing,early,delayed,90,141,app,high,0.8,hcp
6483,on_track,stable,on time,30,2,app,moderate,9.1,direct_rx
6484,lapsed,early,missed,60,178,app,moderate,0.1,direct_rx
6485,on_track,stable,on time,30,8,app,moderate,5.6,direct_rx
6486,on_track,stable,on time,90,43,app,low,10.8,hcp
6487,on_track,stable,on time,60,2,app,low,9.5,direct_rx
6488,on_track,stable,on time,30,10,phone,low,11.0,direct_rx
6489,on_track,long_term,on time,30,4,app,low,18.4,hcp
6490,lapsing,early,delayed,60,62,phone,moderate,2.3,direct_rx
6491,on_track,stable,on time,90,72,app,low,8.9,direct_rx
6492,lapsed,early,missed,90,180,app,high,2.3,hcp
6493,lapsed,stable,missed,30,53,phone,moderate,11.6,hcp
6494,lapsed,long_term,missed,90,290,phone,high,13.3,direct_rx
6495,on_track,long_term,on time,30,9,none,moderate,30.8,direct_rx
6496,on_track,stable,on time,30,8,none,moderate,10.2,hcp
6497,lapsed,early,missed,60,205,phone,high,2.5,hcp
6498,on_track,long_term,on time,30,5,app,low,27.7,direct_rx
6499,lapsed,stable,missed,30,89,app,high,11.2,direct_rx
6500,lapsed,early,missed,30,83,app,high,0.3,hcp
6501,lapsed,early,missed,30,87,app,high,1.8,direct_rx
6502,on_track,stable,on time,30,19,app,low,6.1,direct_rx
6503,on_track,stable,on time,30,23,phone,low,7.1,direct_rx
6504,on_track,stable,on time,60,24,app,low,7.3,direct_rx
6505,on_track,stable,on time,60,1,phone,moderate,11.1,direct_rx
6506,lapsed,early,missed,90,203,none,high,1.1,transfer
6507,lapsing,stable,delayed,30,31,phone,high,10.8,direct_rx
6508,on_track,stable,on time,30,12,phone,moderate,11.0,direct_rx
6509,on_track,stable,on time,90,64,phone,low,5.4,hcp
6510,on_track,long_term,on time,90,61,app,low,32.2,direct_rx
6511,on_track,stable,on time,90,8,app,low,9.5,direct_rx
6512,on_track,long_term,on time,30,19,app,low,25.2,direct_rx
6513,on_track,long_term,on time,30,10,none,low,26.3,direct_rx
6514,on_track,stable,on time,90,65,app,moderate,7.2,hcp
6515,on_track,stable,on time,60,3,phone,moderate,3.3,direct_rx
6516,lapsing,stable,delayed,90,140,app,high,7.0,direct_rx
6517,on_track,long_term,on time,30,10,none,moderate,32.4,direct_rx
6518,lapsed,stable,missed,90,353,app,high,8.0,direct_rx
6519,lapsing,long_term,delayed,90,92,phone,moderate,21.8,hcp
6520,on_track,long_term,on time,60,10,phone,low,17.1,direct_rx
6521,on_track,long_term,on time,30,1,app,moderate,34.9,direct_rx
6522,lapsed,early,missed,30,96,app,moderate,1.1,transfer
6523,lapsed,early,missed,90,289,phone,high,1.1,hcp
6524,on_track,long_term,on time,30,18,none,low,21.8,direct_rx
6525,on_track,early,on time,60,23,app,low,1.9,direct_rx
6526,on_track,long_term,on time,30,24,phone,low,26.1,transfer
6527,lapsed,early,missed,30,116,none,high,2.1,hcp
6528,on_track,stable,on time,30,7,app,moderate,10.8,hcp
6529,on_track,stable,on time,30,14,app,low,4.6,direct_rx
6530,on_track,stable,on time,30,12,none,moderate,7.7,direct_rx
6531,on_track,stable,on time,30,4,app,low,11.5,transfer
6532,lapsed,long_term,missed,60,199,app,moderate,19.1,direct_rx
6533,lapsing,early,delayed,90,121,phone,moderate,0.8,direct_rx
6534,on_track,stable,on time,60,14,app,moderate,11.9,hcp
6535,lapsed,early,missed,30,74,app,high,3.0,transfer
6536,lapsing,early,delayed,30,43,app,moderate,2.5,direct_rx
6537,lapsing,early,delayed,90,128,app,moderate,1.9,hcp
6538,lapsing,early,delayed,90,124,none,moderate,0.3,direct_rx
6539,on_track,stable,on time,30,12,app,low,4.6,hcp
6540,on_track,long_term,on time,30,4,none,low,20.8,hcp
6541,on_track,stable,on time,90,72,phone,low,10.6,hcp
6542,on_track,long_term,on time,30,12,phone,moderate,30.7,direct_rx
6543,lapsing,early,delayed,30,40,app,moderate,0.3,direct_rx
6544,lapsing,early,delayed,30,44,phone,moderate,1.6,direct_rx
6545,lapsing,stable,delayed,30,37,phone,high,8.0,hcp
6546,on_track,stable,on time,90,28,app,low,5.2,hcp
6547,on_track,stable,on time,60,43,app,low,9.0,hcp
6548,on_track,early,on time,60,26,phone,moderate,2.5,direct_rx
6549,lapsing,long_term,delayed,30,41,phone,moderate,26.6,hcp
6550,lapsed,stable,missed,30,73,app,high,5.4,direct_rx
6551,on_track,long_term,on time,30,17,app,low,31.8,direct_rx
6552,on_track,stable,on time,30,1,app,moderate,9.2,hcp
6553,on_track,long_term,on time,60,21,app,low,27.8,hcp
6554,on_track,early,on time,30,2,app,moderate,2.8,hcp
6555,on_track,stable,on time,30,18,phone,low,6.6,direct_rx
6556,on_track,stable,on time,30,9,none,low,9.6,direct_rx
6557,lapsing,early,delayed,60,66,app,high,0.4,hcp
6558,lapsed,stable,missed,30,112,phone,moderate,8.6,direct_rx
6559,lapsed,early,missed,60,143,app,moderate,2.0,transfer
6560,lapsed,stable,missed,30,106,phone,high,5.6,hcp
6561,on_track,long_term,on time,60,24,none,moderate,21.5,transfer
6562,on_track,long_term,on time,30,9,app,moderate,15.2,direct_rx
6563,lapsed,stable,missed,30,120,app,moderate,7.8,direct_rx
6564,on_track,stable,on time,30,4,app,low,9.9,hcp
6565,on_track,stable,on time,30,21,phone,moderate,6.1,direct_rx
6566,lapsing,early,delayed,30,34,phone,moderate,3.0,hcp
6567,on_track,early,on time,30,8,none,low,0.0,transfer
6568,lapsed,early,missed,30,73,app,high,0.7,direct_rx
6569,on_track,early,on time,90,27,app,low,1.4,hcp
6570,on_track,long_term,on time,90,50,app,moderate,23.5,direct_rx
6571,on_track,stable,on time,90,44,none,low,10.9,hcp
6572,on_track,long_term,on time,60,46,app,low,33.3,direct_rx
6573,lapsing,long_term,delayed,30,47,app,moderate,34.7,direct_rx
6574,on_track,stable,on time,30,0,app,low,7.6,hcp
6575,on_track,early,on time,90,38,none,moderate,2.1,transfer
6576,on_track,stable,on time,30,13,none,low,6.1,transfer
6577,on_track,long_term,on time,30,9,none,low,25.4,hcp
6578,on_track,early,on time,30,8,phone,low,1.4,direct_rx
6579,lapsed,stable,missed,30,57,app,high,4.9,direct_rx
6580,lapsed,stable,missed,30,70,app,high,7.0,hcp
6581,on_track,early,on time,90,22,app,low,0.2,hcp
6582,lapsed,early,missed,60,114,phone,high,2.5,hcp
6583,lapsing,stable,delayed,30,30,phone,moderate,10.3,direct_rx
6584,on_track,stable,on time,30,6,phone,low,4.9,direct_rx
6585,lapsed,early,missed,30,107,phone,high,1.4,hcp
6586,on_track,stable,on time,30,5,phone,low,3.4,direct_rx
6587,on_track,stable,on time,60,6,phone,low,5.9,hcp
6588,on_track,stable,on time,30,22,phone,low,8.7,hcp
6589,on_track,stable,on time,30,3,none,low,11.3,hcp
6590,lapsing,early,delayed,30,30,app,high,1.8,direct_rx
6591,on_track,long_term,on time,60,41,none,low,30.6,direct_rx
6592,lapsed,stable,missed,90,318,none,high,8.5,direct_rx
6593,on_track,long_term,on time,90,29,app,low,18.7,hcp
6594,lapsing,long_term,delayed,60,75,app,high,26.2,direct_rx
6595,lapsing,stable,delayed,30,37,phone,moderate,8.9,direct_rx
6596,on_track,stable,on time,60,41,app,low,12.0,direct_rx
6597,lapsing,long_term,delayed,30,39,app,moderate,33.1,hcp
6598,on_track,long_term,on time,30,8,phone,low,17.6,transfer
6599,on_track,stable,on time,60,23,none,low,7.7,direct_rx
6600,lapsing,early,delayed,60,70,app,moderate,0.0,direct_rx
6601,lapsed,long_term,missed,30,53,app,high,17.6,hcp
6602,lapsing,early,delayed,30,39,app,moderate,2.7,direct_rx
6603,lapsed,early,missed,30,79,app,moderate,2.2,transfer
6604,lapsing,early,delayed,30,30,phone,moderate,0.4,hcp
6605,on_track,long_term,on time,30,4,app,low,15.7,direct_rx
6606,on_track,long_term,on time,30,23,none,low,36.0,direct_rx
6607,on_track,long_term,on time,90,13,app,low,13.7,hcp
6608,lapsed,early,missed,30,79,phone,moderate,1.9,hcp
6609,lapsing,early,delayed,30,47,app,moderate,1.1,hcp
6610,on_track,stable,on time,30,6,app,moderate,10.4,transfer
6611,on_track,stable,on time,30,14,app,moderate,4.8,hcp
6612,on_track,stable,on time,30,20,app,low,10.2,direct_rx
6613,on_track,long_term,on time,60,5,phone,low,31.5,hcp
6614,on_track,stable,on time,30,22,app,moderate,10.0,direct_rx
6615,on_track,long_term,on time,30,12,app,low,20.8,direct_rx
6616,on_track,long_term,on time,90,17,none,low,19.3,hcp
6617,on_track,stable,on time,30,6,app,low,4.8,direct_rx
6618,lapsed,early,missed,60,223,app,high,2.1,direct_rx
6619,on_track,stable,on time,30,4,phone,low,7.9,direct_rx
6620,on_track,long_term,on time,30,21,none,low,35.5,direct_rx
6621,lapsed,early,missed,30,87,app,high,1.3,transfer
6622,on_track,long_term,on time,30,1,none,low,25.1,hcp
6623,on_track,stable,on time,90,23,app,low,11.5,direct_rx
6624,on_track,stable,on time,30,24,none,moderate,10.9,direct_rx
6625,on_track,stable,on time,90,53,phone,moderate,5.8,hcp
6626,on_track,stable,on time,30,2,none,moderate,5.3,direct_rx
6627,lapsed,long_term,missed,90,235,phone,high,12.5,direct_rx
6628,on_track,long_term,on time,30,19,app,low,31.1,direct_rx
6629,on_track,long_term,on time,90,14,none,moderate,22.4,hcp
6630,lapsing,early,delayed,30,37,app,moderate,2.2,direct_rx
6631,on_track,long_term,on time,30,17,app,low,27.3,hcp
6632,lapsing,early,delayed,90,94,app,moderate,0.6,transfer
6633,on_track,long_term,on time,30,15,app,low,26.7,hcp
6634,on_track,stable,on time,60,30,phone,low,10.7,direct_rx
6635,on_track,stable,on time,90,49,phone,low,4.1,transfer
6636,on_track,stable,on time,30,8,phone,low,10.3,direct_rx
6637,lapsing,early,delayed,60,70,none,high,2.9,direct_rx
6638,lapsing,early,delayed,30,39,phone,moderate,2.9,direct_rx
6639,lapsing,stable,delayed,90,115,phone,moderate,3.8,direct_rx
6640,on_track,long_term,on time,30,3,none,low,21.5,direct_rx
6641,lapsed,early,missed,30,97,phone,high,2.7,transfer
6642,on_track,stable,on time,90,40,app,moderate,10.4,hcp
6643,lapsing,early,delayed,60,79,none,moderate,0.9,hcp
6644,on_track,long_term,on time,60,43,app,low,29.4,hcp
6645,lapsing,early,delayed,30,32,app,high,1.3,direct_rx
6646,lapsed,long_term,missed,30,52,none,high,26.6,direct_rx
6647,on_track,early,on time,30,3,phone,low,0.5,direct_rx
6648,on_track,long_term,on time,30,6,app,low,23.0,transfer
6649,on_track,stable,on time,30,24,app,low,10.5,transfer
6650,lapsing,long_term,delayed,30,32,none,moderate,14.5,direct_rx
6651,lapsing,early,delayed,90,110,phone,moderate,1.4,direct_rx
6652,on_track,stable,on time,30,5,phone,low,11.0,hcp
6653,on_track,early,on time,90,13,app,moderate,2.0,direct_rx
6654,on_track,long_term,on time,90,56,none,low,28.3,hcp
6655,on_track,long_term,on time,30,19,app,low,33.9,hcp
6656,lapsing,early,delayed,60,64,app,high,0.2,direct_rx
6657,on_track,stable,on time,60,32,phone,low,6.9,direct_rx
6658,lapsed,early,missed,30,101,app,high,0.9,hcp
6659,on_track,long_term,on time,90,26,phone,low,20.0,direct_rx
6660,on_track,stable,on time,90,19,app,low,5.3,direct_rx
6661,lapsed,early,missed,30,84,none,moderate,0.1,direct_rx
6662,on_track,stable,on time,60,45,none,low,5.5,direct_rx
6663,lapsing,early,delayed,30,48,app,high,1.8,transfer
6664,lapsing,stable,delayed,90,114,phone,moderate,7.0,hcp
6665,lapsing,early,delayed,60,85,phone,moderate,1.8,transfer
6666,on_track,long_term,on time,60,12,phone,low,26.4,direct_rx
6667,on_track,stable,on time,60,18,phone,low,6.8,transfer
6668,lapsing,long_term,delayed,30,33,phone,moderate,15.2,direct_rx
6669,on_track,stable,on time,30,15,phone,moderate,8.3,hcp
6670,on_track,long_term,on time,60,15,none,low,17.4,hcp
6671,lapsing,long_term,delayed,30,30,app,moderate,29.0,hcp
6672,lapsed,early,missed,30,62,phone,high,1.1,hcp
6673,on_track,stable,on time,30,21,app,moderate,8.9,transfer
6674,on_track,stable,on time,30,19,phone,low,10.5,hcp
6675,on_track,stable,on time,30,6,phone,moderate,7.2,direct_rx
6676,on_track,stable,on time,60,1,app,moderate,6.6,hcp
6677,on_track,stable,on time,60,13,phone,low,5.1,direct_rx
6678,on_track,stable,on time,60,16,phone,low,5.8,direct_rx
6679,on_track,stable,on time,30,15,none,moderate,4.4,hcp
6680,on_track,long_term,on time,30,24,phone,low,22.2,direct_rx
6681,on_track,stable,on time,30,21,phone,moderate,8.2,direct_rx
6682,on_track,stable,on time,60,17,none,low,7.2,direct_rx
6683,on_track,stable,on time,30,1,phone,low,10.0,direct_rx
6684,lapsing,early,delayed,30,37,app,moderate,1.0,hcp
6685,lapsing,long_term,delayed,60,87,app,moderate,20.9,hcp
6686,lapsing,early,delayed,30,47,phone,moderate,2.8,hcp
6687,on_track,long_term,on time,90,17,app,low,30.1,direct_rx
6688,lapsed,early,missed,60,171,none,moderate,1.6,direct_rx
6689,lapsed,early,missed,30,91,app,high,1.7,direct_rx
6690,on_track,early,on time,30,1,app,low,1.3,direct_rx
6691,lapsed,stable,missed,60,168,phone,moderate,6.7,direct_rx
6692,on_track,long_term,on time,30,8,phone,low,27.2,direct_rx
6693,on_track,long_term,on time,60,39,app,low,12.0,direct_rx
6694,on_track,long_term,on time,30,0,none,moderate,28.1,direct_rx
6695,lapsed,early,missed,90,261,app,high,2.3,transfer
6696,on_track,long_term,on time,60,22,none,moderate,33.6,transfer
6697,on_track,long_term,on time,30,24,none,low,14.2,hcp
6698,lapsing,stable,delayed,60,87,app,moderate,5.6,hcp
6699,lapsing,long_term,delayed,90,142,phone,moderate,15.5,hcp
6700,lapsing,stable,delayed,30,43,app,high,8.6,transfer
6701,on_track,long_term,on time,30,6,phone,low,28.2,direct_rx
6702,on_track,stable,on time,30,5,app,low,11.1,direct_rx
6703,on_track,long_term,on time,30,4,app,low,23.2,hcp
6704,on_track,stable,on time,90,20,phone,moderate,10.3,hcp
6705,on_track,stable,on time,30,16,phone,low,11.2,direct_rx
6706,on_track,long_term,on time,30,17,phone,low,19.7,hcp
6707,on_track,stable,on time,90,13,none,moderate,5.1,hcp
6708,lapsing,early,delayed,30,34,phone,moderate,0.4,transfer
6709,lapsing,early,delayed,30,35,phone,moderate,1.9,direct_rx
6710,lapsed,early,missed,30,98,phone,high,1.7,direct_rx
6711,lapsed,long_term,missed,30,80,phone,high,15.6,hcp
6712,on_track,stable,on time,60,44,phone,low,8.3,hcp
6713,lapsed,stable,missed,30,82,app,high,5.4,hcp
6714,on_track,stable,on time,30,24,none,moderate,10.2,hcp
6715,on_track,long_term,on time,30,20,phone,moderate,21.5,hcp
6716,on_track,stable,on time,30,3,app,low,9.8,direct_rx
6717,lapsing,stable,delayed,90,128,app,moderate,8.7,hcp
6718,on_track,stable,on time,60,38,app,low,8.0,transfer
6719,on_track,stable,on time,30,7,none,low,5.5,direct_rx
6720,lapsing,early,delayed,30,48,phone,moderate,2.9,direct_rx
6721,on_track,early,on time,30,13,phone,low,2.7,hcp
6722,on_track,long_term,on time,60,44,phone,moderate,27.4,hcp
6723,on_track,long_term,on time,90,53,app,moderate,20.9,hcp
6724,on_track,stable,on time,90,5,app,low,9.4,transfer
6725,on_track,stable,on time,30,20,phone,low,11.3,direct_rx
6726,lapsing,early,delayed,90,117,none,high,0.0,hcp
6727,on_track,stable,on time,30,24,app,low,10.8,direct_rx
6728,on_track,stable,on time,30,22,phone,moderate,7.7,direct_rx
6729,lapsed,long_term,missed,60,182,phone,moderate,28.8,direct_rx
6730,lapsing,early,delayed,90,102,app,moderate,0.7,hcp
6731,lapsed,long_term,missed,60,198,phone,high,32.4,direct_rx
6732,on_track,stable,on time,60,42,phone,low,8.3,hcp
6733,on_track,early,on time,90,8,app,low,1.1,hcp
6734,on_track,stable,on time,30,17,app,low,9.2,hcp
6735,lapsed,stable,missed,30,80,app,high,4.3,direct_rx
6736,on_track,stable,on time,90,11,app,low,10.4,direct_rx
6737,on_track,stable,on time,30,19,phone,low,5.1,hcp
6738,on_track,early,on time,60,35,app,low,0.7,transfer
6739,on_track,early,on time,30,10,none,low,0.2,direct_rx
6740,lapsed,early,missed,90,232,app,high,2.9,direct_rx
6741,on_track,early,on time,30,8,phone,low,1.1,direct_rx
6742,on_track,long_term,on time,30,5,phone,low,30.8,direct_rx
6743,on_track,stable,on time,60,37,app,low,10.4,direct_rx
6744,lapsing,stable,delayed,30,48,app,high,11.0,hcp
6745,lapsed,early,missed,60,239,phone,moderate,1.1,transfer
6746,on_track,long_term,on time,30,6,phone,moderate,35.5,transfer
6747,on_track,stable,on time,30,3,app,moderate,11.4,direct_rx
6748,on_track,stable,on time,90,42,app,low,7.0,direct_rx
6749,on_track,stable,on time,30,20,none,moderate,9.1,direct_rx
6750,lapsed,early,missed,90,332,phone,high,0.9,direct_rx
6751,on_track,long_term,on time,90,16,phone,low,25.3,hcp
6752,on_track,stable,on time,60,16,none,low,9.0,direct_rx
6753,on_track,stable,on time,60,20,none,low,10.1,direct_rx
6754,lapsed,stable,missed,90,232,app,high,5.6,direct_rx
6755,lapsed,early,missed,30,95,phone,high,1.0,hcp
6756,lapsed,stable,missed,30,75,app,high,11.2,direct_rx
6757,lapsing,early,delayed,30,33,app,moderate,0.3,direct_rx
6758,lapsing,stable,delayed,60,62,app,moderate,10.4,direct_rx
6759,on_track,stable,on time,30,20,none,low,11.5,hcp
6760,on_track,stable,on time,30,8,app,low,4.9,hcp
6761,on_track,stable,on time,30,16,app,low,4.2,direct_rx
6762,on_track,long_term,on time,30,22,phone,moderate,29.7,direct_rx
6763,on_track,long_term,on time,30,5,none,low,20.9,hcp
6764,on_track,stable,on time,30,13,phone,low,8.3,hcp
6765,on_track,stable,on time,60,15,none,moderate,5.7,direct_rx
6766,lapsing,long_term,delayed,60,71,phone,high,22.6,hcp
6767,on_track,long_term,on time,30,16,app,low,30.1,hcp
6768,on_track,long_term,on time,30,7,app,moderate,20.2,direct_rx
6769,lapsing,early,delayed,60,60,app,high,2.8,transfer
6770,on_track,stable,on time,30,7,phone,low,6.4,transfer
6771,on_track,long_term,on time,60,4,phone,low,30.6,direct_rx
6772,lapsed,early,missed,90,319,app,high,0.6,transfer
6773,on_track,long_term,on time,30,16,phone,moderate,14.6,hcp
6774,lapsed,early,missed,30,86,none,moderate,2.5,direct_rx
6775,lapsing,early,delayed,60,65,none,moderate,2.2,direct_rx
6776,on_track,stable,on time,30,7,phone,low,4.8,direct_rx
6777,on_track,stable,on time,30,5,app,low,8.6,direct_rx
6778,lapsing,early,delayed,30,32,app,moderate,2.4,direct_rx
6779,on_track,long_term,on time,60,17,phone,moderate,26.0,direct_rx
6780,on_track,stable,on time,30,19,none,low,9.3,transfer
6781,lapsing,stable,delayed,30,38,app,moderate,3.7,direct_rx
6782,on_track,stable,on time,30,10,app,low,10.7,transfer
6783,on_track,long_term,on time,90,53,app,low,25.7,transfer
6784,on_track,long_term,on time,30,19,app,moderate,18.5,direct_rx
6785,on_track,stable,on time,60,29,app,low,3.4,hcp
6786,lapsed,early,missed,90,300,app,high,2.5,direct_rx
6787,on_track,stable,on time,60,17,none,low,5.3,hcp
6788,on_track,long_term,on time,60,4,none,moderate,18.0,transfer
6789,on_track,stable,on time,30,4,phone,low,9.2,hcp
6790,on_track,stable,on time,30,15,none,low,8.6,direct_rx
6791,lapsed,long_term,missed,30,56,app,moderate,17.5,direct_rx
6792,lapsed,early,missed,30,113,app,high,2.3,hcp
6793,on_track,stable,on time,30,11,phone,low,11.9,direct_rx
6794,on_track,early,on time,30,23,app,low,2.4,hcp
6795,on_track,stable,on time,90,8,app,low,9.8,direct_rx
6796,lapsing,early,delayed,90,128,none,moderate,2.9,transfer
6797,on_track,stable,on time,30,17,none,low,11.6,direct_rx
6798,on_track,stable,on time,90,59,phone,low,7.6,transfer
6799,lapsed,stable,missed,60,237,app,high,11.8,direct_rx
6800,lapsed,early,missed,30,115,phone,high,2.4,hcp
6801,on_track,early,on time,60,40,phone,low,0.0,direct_rx
6802,on_track,stable,on time,60,39,app,low,3.8,direct_rx
6803,on_track,long_term,on time,30,13,phone,low,27.8,direct_rx
6804,lapsed,stable,missed,90,353,app,moderate,11.7,direct_rx
6805,on_track,stable,on time,90,59,phone,moderate,3.4,hcp
6806,lapsed,stable,missed,30,119,none,high,10.5,hcp
6807,on_track,stable,on time,30,24,app,moderate,9.9,direct_rx
6808,lapsed,stable,missed,30,105,phone,moderate,10.2,direct_rx
6809,lapsing,stable,delayed,30,35,none,moderate,8.1,hcp
6810,on_track,long_term,on time,90,52,phone,moderate,16.1,direct_rx
6811,on_track,long_term,on time,90,27,phone,low,23.1,direct_rx
6812,lapsed,stable,missed,30,79,none,moderate,6.0,direct_rx
6813,on_track,long_term,on time,30,11,app,low,20.8,direct_rx
6814,lapsing,early,delayed,90,130,app,moderate,2.4,hcp
6815,lapsed,stable,missed,90,158,none,moderate,9.2,direct_rx
6816,on_track,long_term,on time,30,18,phone,low,29.4,direct_rx
6817,on_track,stable,on time,90,42,app,moderate,4.9,direct_rx
6818,on_track,long_term,on time,30,3,app,moderate,23.7,direct_rx
6819,on_track,stable,on time,90,70,phone,low,4.5,transfer
6820,lapsed,early,missed,90,296,app,high,2.0,hcp
6821,lapsing,long_term,delayed,30,48,app,moderate,19.2,direct_rx
6822,on_track,early,on time,60,16,app,low,1.1,hcp
6823,on_track,stable,on time,60,35,app,low,6.8,direct_rx
6824,on_track,stable,on time,60,31,app,moderate,4.6,hcp
6825,on_track,stable,on time,30,4,app,moderate,10.2,hcp
6826,lapsing,early,delayed,30,42,app,moderate,1.9,direct_rx
6827,on_track,long_term,on time,30,14,app,low,22.2,hcp
6828,lapsed,long_term,missed,30,119,app,high,21.0,transfer
6829,lapsing,early,delayed,30,37,app,moderate,0.6,hcp
6830,on_track,stable,on time,30,17,app,moderate,3.9,transfer
6831,lapsed,long_term,missed,90,212,phone,high,22.7,direct_rx
6832,on_track,long_term,on time,30,19,app,moderate,13.4,direct_rx
6833,on_track,long_term,on time,90,41,phone,low,22.2,direct_rx
6834,on_track,long_term,on time,60,44,app,moderate,31.1,hcp
6835,on_track,long_term,on time,90,4,none,moderate,33.2,hcp
6836,lapsing,long_term,delayed,30,46,app,moderate,19.9,hcp
6837,on_track,stable,on time,30,2,app,low,3.7,direct_rx
6838,lapsed,stable,missed,30,100,app,moderate,8.0,hcp
6839,on_track,stable,on time,30,12,app,low,8.4,direct_rx
6840,on_track,stable,on time,30,9,app,moderate,11.5,direct_rx
6841,lapsed,early,missed,30,90,phone,high,2.8,hcp
6842,on_track,stable,on time,60,14,app,low,6.4,direct_rx
6843,lapsed,early,missed,90,235,app,high,2.5,direct_rx
6844,lapsed,stable,missed,30,80,app,moderate,10.6,hcp
6845,lapsing,stable,delayed,30,45,app,high,10.0,hcp
6846,lapsed,stable,missed,30,62,app,high,5.9,hcp
6847,on_track,long_term,on time,30,24,app,low,14.2,direct_rx
6848,lapsed,early,missed,60,179,phone,high,1.3,hcp
6849,lapsing,early,delayed,30,43,app,moderate,1.8,direct_rx
6850,on_track,stable,on time,30,4,phone,low,6.4,hcp
6851,on_track,early,on time,90,19,phone,moderate,2.5,direct_rx
6852,on_track,stable,on time,90,40,phone,low,10.5,hcp
6853,lapsing,early,delayed,30,36,phone,high,1.0,direct_rx
6854,on_track,long_term,on time,30,12,phone,moderate,27.8,transfer
6855,lapsed,early,missed,30,114,none,high,1.5,direct_rx
6856,lapsing,early,delayed,30,47,app,moderate,1.9,direct_rx
6857,on_track,long_term,on time,30,17,none,low,19.3,direct_rx
6858,on_track,stable,on time,90,17,phone,low,11.4,direct_rx
6859,on_track,stable,on time,30,20,phone,moderate,10.6,direct_rx
6860,on_track,stable,on time,30,23,app,low,10.0,direct_rx
6861,on_track,long_term,on time,60,4,app,low,12.5,transfer
6862,lapsed,stable,missed,30,119,app,high,7.2,direct_rx
6863,on_track,long_term,on time,90,46,phone,low,22.2,direct_rx
6864,on_track,long_term,on time,30,16,none,low,35.3,direct_rx
6865,on_track,stable,on time,30,7,app,moderate,6.5,direct_rx
6866,on_track,early,on time,30,7,phone,moderate,2.0,hcp
6867,lapsed,long_term,missed,30,107,none,high,12.4,direct_rx
6868,on_track,early,on time,90,3,none,low,2.4,direct_rx
6869,on_track,stable,on time,90,37,phone,low,11.4,direct_rx
6870,lapsed,early,missed,60,172,app,high,0.1,transfer
6871,on_track,long_term,on time,90,35,app,low,34.4,direct_rx
6872,on_track,stable,on time,60,5,app,moderate,5.7,hcp
6873,lapsing,stable,delayed,90,131,app,moderate,10.4,hcp
6874,on_track,stable,on time,30,17,app,low,9.6,hcp
6875,on_track,early,on time,30,8,none,low,2.3,hcp
6876,lapsing,early,delayed,30,32,none,moderate,1.6,hcp
6877,on_track,stable,on time,60,39,none,low,11.9,direct_rx
6878,on_track,stable,on time,60,19,none,moderate,4.9,direct_rx
6879,on_track,stable,on time,30,4,phone,low,11.1,direct_rx
6880,on_track,stable,on time,30,15,app,low,9.9,direct_rx
6881,on_track,long_term,on time,30,10,phone,moderate,21.6,direct_rx
6882,lapsing,early,delayed,30,47,phone,moderate,2.6,direct_rx
6883,lapsed,early,missed,30,99,none,moderate,2.4,direct_rx
6884,on_track,stable,on time,30,5,app,moderate,8.1,direct_rx
6885,on_track,long_term,on time,30,4,app,moderate,24.2,hcp
6886,lapsing,early,delayed,30,47,phone,moderate,0.4,hcp
6887,lapsed,early,missed,30,94,phone,high,0.2,direct_rx
6888,lapsing,early,delayed,30,39,app,high,2.2,hcp
6889,lapsing,long_term,delayed,30,47,app,moderate,27.8,direct_rx
6890,on_track,stable,on time,30,7,phone,low,3.8,hcp
6891,on_track,long_term,on time,30,1,phone,low,20.3,hcp
6892,on_track,stable,on time,30,16,app,low,11.1,direct_rx
6893,lapsing,stable,delayed,30,38,none,moderate,11.5,direct_rx
6894,lapsed,early,missed,60,237,none,moderate,1.9,direct_rx
6895,lapsed,long_term,missed,30,69,app,high,23.1,transfer
6896,on_track,stable,on time,60,8,app,low,5.7,direct_rx
6897,on_track,stable,on time,30,19,phone,low,11.9,direct_rx
6898,lapsed,early,missed,30,68,app,moderate,0.0,hcp
6899,on_track,stable,on time,30,18,phone,low,5.8,direct_rx
6900,lapsed,early,missed,30,53,app,moderate,0.1,direct_rx
6901,on_track,long_term,on time,60,24,phone,low,18.1,direct_rx
6902,on_track,long_term,on time,30,5,app,moderate,28.7,direct_rx
6903,lapsing,early,delayed,30,33,phone,moderate,0.2,transfer
6904,on_track,stable,on time,90,36,none,low,8.6,direct_rx
6905,on_track,long_term,on time,90,21,phone,moderate,18.4,hcp
6906,on_track,stable,on time,30,13,phone,low,10.6,direct_rx
6907,lapsing,early,delayed,30,44,app,moderate,1.9,direct_rx
6908,lapsed,early,missed,30,78,app,high,0.0,hcp
6909,on_track,stable,on time,30,14,phone,low,10.5,hcp
6910,on_track,stable,on time,60,38,app,low,8.3,hcp
6911,on_track,stable,on time,30,7,app,low,7.0,direct_rx
6912,on_track,stable,on time,30,7,app,low,9.2,transfer
6913,on_track,stable,on time,30,7,app,low,11.2,direct_rx
6914,lapsed,stable,missed,30,86,app,moderate,10.6,hcp
6915,on_track,early,on time,90,11,app,moderate,2.6,direct_rx
6916,on_track,long_term,on time,90,34,app,low,34.8,direct_rx
6917,lapsing,early,delayed,30,33,phone,moderate,2.3,transfer
6918,lapsed,early,missed,90,322,phone,moderate,0.3,hcp
6919,on_track,early,on time,30,8,app,low,1.9,hcp
6920,on_track,stable,on time,30,9,app,low,8.5,hcp
6921,lapsing,early,delayed,30,40,phone,moderate,0.6,hcp
6922,on_track,stable,on time,60,7,phone,low,9.2,direct_rx
6923,on_track,long_term,on time,30,14,none,low,12.6,hcp
6924,lapsing,stable,delayed,30,41,none,moderate,10.4,hcp
6925,on_track,stable,on time,30,0,app,low,9.6,direct_rx
6926,lapsing,early,delayed,30,39,app,moderate,1.0,direct_rx
6927,lapsed,early,missed,30,87,none,high,0.1,direct_rx
6928,on_track,long_term,on time,30,24,none,moderate,15.0,hcp
6929,on_track,long_term,on time,30,8,app,moderate,21.4,direct_rx
6930,lapsing,early,delayed,90,136,none,high,2.2,hcp
6931,on_track,long_term,on time,30,10,app,low,27.8,transfer
6932,lapsed,stable,missed,90,301,app,moderate,6.5,hcp
6933,on_track,stable,on time,90,16,phone,moderate,8.4,transfer
6934,lapsing,early,delayed,30,36,phone,moderate,1.6,hcp
6935,on_track,long_term,on time,60,41,app,moderate,32.7,hcp
6936,lapsed,stable,missed,90,322,app,high,10.9,direct_rx
6937,lapsed,stable,missed,60,134,phone,high,10.6,direct_rx
6938,on_track,stable,on time,90,23,phone,low,8.2,direct_rx
6939,lapsing,early,delayed,90,95,none,moderate,0.0,direct_rx
6940,on_track,long_term,on time,60,32,app,low,30.7,direct_rx
6941,on_track,stable,on time,60,12,app,low,8.7,hcp
6942,on_track,long_term,on time,30,13,phone,low,28.2,hcp
6943,on_track,stable,on time,90,34,app,moderate,10.1,hcp
6944,on_track,stable,on time,60,33,app,low,9.2,direct_rx
6945,lapsing,early,delayed,30,31,none,moderate,0.2,direct_rx
6946,on_track,stable,on time,60,16,app,moderate,7.4,hcp
6947,on_track,stable,on time,30,11,app,low,7.7,hcp
6948,on_track,long_term,on time,60,7,app,low,22.1,direct_rx
6949,on_track,stable,on time,60,3,app,low,4.9,hcp
6950,lapsing,early,delayed,30,43,app,high,0.7,hcp
6951,on_track,stable,on time,90,60,none,moderate,5.5,direct_rx
6952,on_track,stable,on time,90,59,app,moderate,8.0,hcp
6953,lapsing,early,delayed,30,37,app,moderate,2.6,direct_rx
6954,lapsing,early,delayed,30,37,app,high,0.2,direct_rx
6955,lapsing,stable,delayed,60,63,none,moderate,6.0,direct_rx
6956,on_track,long_term,on time,60,17,phone,moderate,18.3,direct_rx
6957,lapsing,long_term,delayed,30,46,none,moderate,25.9,transfer
6958,on_track,long_term,on time,30,7,none,moderate,21.2,direct_rx
6959,lapsed,early,missed,30,64,app,moderate,0.3,hcp
6960,on_track,long_term,on time,90,6,app,low,34.5,direct_rx
6961,on_track,long_term,on time,30,6,phone,low,24.0,direct_rx
6962,lapsing,long_term,delayed,60,67,app,high,33.8,hcp
6963,on_track,early,on time,90,5,phone,moderate,2.1,direct_rx
6964,on_track,long_term,on time,60,9,app,low,34.0,transfer
6965,on_track,long_term,on time,30,14,app,low,30.3,direct_rx
6966,on_track,stable,on time,30,10,phone,low,7.7,transfer
6967,lapsed,long_term,missed,90,258,none,moderate,33.0,direct_rx
6968,on_track,long_term,on time,60,12,phone,low,21.0,hcp
6969,on_track,long_term,on time,60,46,app,moderate,22.4,transfer
6970,on_track,stable,on time,30,4,none,low,11.4,direct_rx
6971,on_track,early,on time,30,18,app,low,0.1,direct_rx
6972,on_track,stable,on time,90,33,none,low,10.2,direct_rx
6973,lapsed,early,missed,30,54,app,high,0.1,direct_rx
6974,on_track,long_term,on time,90,58,app,low,25.3,direct_rx
6975,on_track,long_term,on time,90,66,phone,low,17.5,direct_rx
6976,on_track,early,on time,30,13,app,moderate,2.8,direct_rx
6977,on_track,long_term,on time,30,2,phone,low,33.1,direct_rx
6978,lapsed,early,missed,90,159,none,high,1.0,direct_rx
6979,on_track,long_term,on time,30,8,app,moderate,33.1,direct_rx
6980,lapsing,early,delayed,30,43,phone,moderate,0.6,hcp
6981,lapsed,stable,missed,90,329,app,moderate,5.8,direct_rx
6982,lapsing,stable,delayed,30,33,none,moderate,7.6,direct_rx
6983,lapsing,long_term,delayed,30,30,app,moderate,33.4,direct_rx
6984,on_track,stable,on time,30,22,phone,low,8.9,hcp
6985,on_track,long_term,on time,30,2,none,moderate,22.7,direct_rx
6986,on_track,long_term,on time,30,16,app,moderate,21.9,hcp
6987,on_track,early,on time,60,1,app,low,0.2,direct_rx
6988,lapsed,early,missed,60,135,phone,moderate,0.1,direct_rx
6989,on_track,stable,on time,30,10,phone,low,6.9,direct_rx
6990,lapsing,long_term,delayed,90,91,phone,moderate,27.9,hcp
6991,lapsing,early,delayed,90,122,app,high,0.2,direct_rx
6992,on_track,stable,on time,30,16,app,moderate,4.7,hcp
6993,on_track,long_term,on time,30,0,app,low,13.6,direct_rx
6994,lapsing,long_term,delayed,90,92,phone,moderate,13.3,direct_rx
6995,on_track,early,on time,30,10,phone,low,1.1,hcp
6996,lapsing,early,delayed,30,45,none,high,1.9,hcp
6997,lapsed,early,missed,60,198,app,high,0.9,direct_rx
6998,on_track,stable,on time,30,4,phone,low,8.2,direct_rx
6999,on_track,stable,on time,30,20,phone,low,10.5,direct_rx
7000,on_track,long_term,on time,30,19,app,low,35.2,direct_rx
7001,on_track,stable,on time,30,4,phone,low,4.5,direct_rx
7002,on_track,long_term,on time,90,27,app,low,28.4,hcp
7003,on_track,early,on time,90,41,none,low,2.5,hcp
7004,lapsing,early,delayed,30,43,app,high,1.0,direct_rx
7005,lapsed,long_term,missed,30,52,none,high,17.7,direct_rx
7006,on_track,long_term,on time,30,17,app,moderate,16.8,direct_rx
7007,on_track,long_term,on time,30,0,none,moderate,28.4,direct_rx
7008,on_track,stable,on time,30,5,app,low,10.4,direct_rx
7009,on_track,stable,on time,90,1,none,moderate,9.4,direct_rx
7010,on_track,long_term,on time,60,20,none,low,28.3,direct_rx
7011,on_track,long_term,on time,60,40,phone,low,32.2,direct_rx
7012,lapsed,early,missed,60,102,phone,moderate,1.9,transfer
7013,on_track,stable,on time,30,19,phone,low,3.1,direct_rx
7014,on_track,long_term,on time,90,11,phone,low,20.9,hcp
7015,on_track,long_term,on time,30,15,app,moderate,16.8,hcp
7016,on_track,long_term,on time,90,34,app,moderate,17.0,direct_rx
7017,on_track,long_term,on time,30,0,app,low,29.5,hcp
7018,on_track,long_term,on time,30,15,app,moderate,18.2,direct_rx
7019,lapsed,early,missed,90,154,app,moderate,1.4,direct_rx
7020,on_track,stable,on time,30,2,app,low,10.8,direct_rx
7021,on_track,stable,on time,90,4,phone,moderate,10.0,direct_rx
7022,on_track,stable,on time,30,20,app,low,8.7,hcp
7023,on_track,long_term,on time,30,2,app,moderate,28.6,hcp
7024,on_track,stable,on time,60,45,phone,low,11.9,direct_rx
7025,lapsing,early,delayed,30,40,phone,moderate,1.4,direct_rx
7026,lapsing,stable,delayed,30,42,phone,moderate,10.8,direct_rx
7027,on_track,early,on time,30,19,none,low,1.0,direct_rx
7028,on_track,early,on time,30,1,none,moderate,1.1,transfer
7029,on_track,long_term,on time,30,21,app,low,35.2,hcp
7030,on_track,stable,on time,30,21,phone,low,9.1,direct_rx
7031,on_track,long_term,on time,30,19,phone,moderate,15.0,transfer
7032,lapsed,early,missed,60,118,phone,high,2.6,direct_rx
7033,on_track,stable,on time,90,24,app,low,10.6,hcp
7034,on_track,long_term,on time,60,23,phone,moderate,17.1,hcp
7035,on_track,stable,on time,30,7,app,moderate,5.4,hcp
7036,on_track,early,on time,90,48,none,moderate,2.5,direct_rx
7037,lapsed,early,missed,30,87,app,high,0.2,direct_rx
7038,on_track,stable,on time,30,20,app,moderate,7.0,direct_rx
7039,on_track,long_term,on time,30,17,app,moderate,16.0,direct_rx
7040,lapsed,early,missed,60,187,app,moderate,0.6,hcp
7041,on_track,stable,on time,60,25,none,low,8.4,hcp
7042,on_track,early,on time,30,5,phone,low,2.9,hcp
7043,on_track,long_term,on time,90,70,phone,moderate,30.6,direct_rx
7044,on_track,early,on time,90,7,none,moderate,0.7,direct_rx
7045,lapsing,early,delayed,60,88,app,moderate,2.6,transfer
7046,on_track,early,on time,30,18,phone,moderate,2.9,hcp
7047,lapsed,early,missed,30,56,app,moderate,1.2,direct_rx
7048,lapsing,early,delayed,30,41,none,high,1.0,direct_rx
7049,lapsing,long_term,delayed,30,34,phone,high,26.5,transfer
7050,lapsed,early,missed,30,61,app,high,0.4,direct_rx
7051,lapsing,early,delayed,30,36,app,moderate,2.0,direct_rx
7052,lapsing,stable,delayed,30,41,none,high,8.3,hcp
7053,on_track,stable,on time,90,44,none,low,11.2,direct_rx
7054,on_track,early,on time,30,9,phone,low,1.0,hcp
7055,on_track,early,on time,30,2,app,low,0.8,direct_rx
7056,on_track,stable,on time,30,21,phone,moderate,5.1,direct_rx
7057,lapsing,early,delayed,30,43,app,moderate,1.4,direct_rx
7058,on_track,long_term,on time,60,4,app,low,28.8,hcp
7059,on_track,long_term,on time,60,41,app,low,13.1,hcp
7060,on_track,long_term,on time,30,10,phone,low,24.5,hcp
7061,on_track,long_term,on time,90,43,none,low,16.0,direct_rx
7062,on_track,long_term,on time,30,7,none,low,14.7,hcp
7063,on_track,long_term,on time,60,24,phone,low,14.2,direct_rx
7064,on_track,long_term,on time,60,13,app,low,32.1,direct_rx
7065,on_track,stable,on time,90,15,none,moderate,9.2,hcp
7066,on_track,stable,on time,30,8,phone,moderate,10.8,direct_rx
7067,on_track,early,on time,60,14,phone,low,1.6,direct_rx
7068,lapsed,early,missed,30,73,phone,moderate,1.9,hcp
7069,lapsing,early,delayed,30,31,app,high,0.6,hcp
7070,on_track,long_term,on time,60,29,app,moderate,21.3,transfer
7071,on_track,long_term,on time,60,8,app,low,24.9,direct_rx
7072,lapsed,long_term,missed,30,66,phone,moderate,22.2,direct_rx
7073,on_track,stable,on time,30,2,phone,moderate,4.2,direct_rx
7074,on_track,long_term,on time,90,21,phone,low,33.1,hcp
7075,on_track,long_term,on time,90,61,app,moderate,20.0,direct_rx
7076,lapsing,early,delayed,30,33,app,moderate,2.6,direct_rx
7077,on_track,stable,on time,30,15,phone,moderate,5.4,direct_rx
7078,on_track,stable,on time,60,5,app,low,4.9,hcp
7079,on_track,stable,on time,30,2,phone,moderate,6.6,direct_rx
7080,on_track,long_term,on time,90,30,app,moderate,17.5,direct_rx
7081,on_track,stable,on time,30,21,app,moderate,9.9,direct_rx
7082,on_track,stable,on time,90,69,app,moderate,10.2,hcp
7083,on_track,stable,on time,30,22,phone,low,11.1,transfer
7084,on_track,early,on time,30,21,phone,low,2.3,direct_rx
7085,on_track,stable,on time,30,6,app,low,7.5,direct_rx
7086,on_track,stable,on time,30,2,phone,moderate,6.2,direct_rx
7087,on_track,stable,on time,30,24,app,low,7.9,direct_rx
7088,lapsing,long_term,delayed,90,143,phone,moderate,30.6,hcp
7089,on_track,stable,on time,30,20,app,moderate,11.2,transfer
7090,on_track,stable,on time,90,14,app,moderate,10.6,direct_rx
7091,lapsed,early,missed,30,73,app,high,2.6,direct_rx
7092,on_track,stable,on time,30,19,none,low,7.2,direct_rx
7093,on_track,long_term,on time,30,10,none,low,20.0,direct_rx
7094,on_track,long_term,on time,30,10,app,low,35.8,hcp
7095,on_track,stable,on time,90,8,none,moderate,7.4,direct_rx
7096,on_track,long_term,on time,30,10,phone,low,29.9,transfer
7097,on_track,stable,on time,60,30,none,moderate,7.0,direct_rx
7098,on_track,stable,on time,30,19,app,low,6.9,direct_rx
7099,lapsing,stable,delayed,90,127,phone,moderate,9.0,direct_rx
7100,lapsing,long_term,delayed,30,47,phone,moderate,31.4,direct_rx
7101,lapsing,early,delayed,30,41,phone,moderate,0.7,hcp
7102,lapsing,early,delayed,30,46,phone,moderate,1.1,direct_rx
7103,on_track,long_term,on time,30,3,app,moderate,20.8,direct_rx
7104,lapsing,stable,delayed,30,39,none,moderate,7.4,direct_rx
7105,on_track,stable,on time,30,4,phone,low,10.6,direct_rx
7106,on_track,stable,on time,30,22,phone,moderate,6.9,hcp
7107,on_track,long_term,on time,30,15,app,low,33.6,direct_rx
7108,lapsed,long_term,missed,30,69,phone,high,16.2,hcp
7109,on_track,long_term,on time,60,22,none,low,12.6,hcp
7110,lapsing,early,delayed,30,46,app,high,2.3,hcp
7111,lapsing,early,delayed,30,31,app,moderate,1.3,direct_rx
7112,on_track,long_term,on time,30,2,app,low,31.4,direct_rx
7113,on_track,stable,on time,30,11,phone,low,5.9,direct_rx
7114,on_track,stable,on time,30,22,app,low,11.3,direct_rx
7115,lapsing,early,delayed,30,45,phone,high,2.7,transfer
7116,on_track,stable,on time,30,18,phone,low,6.4,hcp
7117,lapsed,stable,missed,60,182,none,high,10.3,direct_rx
7118,on_track,long_term,on time,30,24,none,low,33.1,hcp
7119,lapsing,stable,delayed,90,109,app,moderate,11.5,direct_rx
7120,lapsing,long_term,delayed,60,82,app,high,32.6,direct_rx
7121,lapsed,early,missed,30,61,app,high,1.5,direct_rx
7122,lapsing,stable,delayed,60,77,app,moderate,8.4,direct_rx
7123,on_track,stable,on time,90,12,none,low,9.6,hcp
7124,on_track,stable,on time,30,5,app,moderate,6.5,hcp
7125,on_track,long_term,on time,30,22,none,moderate,35.8,direct_rx
7126,on_track,stable,on time,30,9,app,moderate,8.3,direct_rx
7127,on_track,stable,on time,30,9,app,low,7.4,hcp
7128,on_track,stable,on time,30,16,app,low,7.0,direct_rx
7129,on_track,long_term,on time,30,24,app,low,13.7,hcp
7130,on_track,stable,on time,30,0,app,low,5.8,direct_rx
7131,on_track,stable,on time,90,69,phone,low,5.7,direct_rx
7132,on_track,long_term,on time,60,37,phone,low,34.4,hcp
7133,lapsing,early,delayed,30,47,app,moderate,0.6,direct_rx
7134,on_track,stable,on time,30,11,phone,low,5.1,direct_rx
7135,on_track,early,on time,30,2,phone,low,1.4,hcp
7136,on_track,stable,on time,60,19,app,low,7.2,direct_rx
7137,lapsing,early,delayed,30,45,none,moderate,2.4,direct_rx
7138,on_track,stable,on time,90,61,none,moderate,11.9,hcp
7139,on_track,early,on time,30,16,phone,low,0.2,direct_rx
7140,lapsing,stable,delayed,60,78,app,high,5.5,hcp
7141,on_track,stable,on time,30,1,phone,low,11.5,direct_rx
7142,lapsed,early,missed,90,310,phone,moderate,2.2,hcp
7143,on_track,early,on time,30,15,app,low,2.0,transfer
7144,on_track,long_term,on time,30,22,app,low,16.2,hcp
7145,on_track,stable,on time,90,31,none,moderate,10.5,direct_rx
7146,lapsing,early,delayed,30,48,app,moderate,2.0,hcp
7147,lapsed,early,missed,30,104,none,high,2.5,hcp
7148,on_track,stable,on time,60,34,app,moderate,6.5,direct_rx
7149,lapsing,early,delayed,90,102,app,moderate,1.6,transfer
7150,on_track,stable,on time,30,9,phone,low,6.7,direct_rx
7151,on_track,stable,on time,30,21,app,moderate,6.0,hcp
7152,on_track,stable,on time,60,14,app,low,8.2,hcp
7153,on_track,stable,on time,30,2,phone,moderate,8.5,direct_rx
7154,lapsing,early,delayed,90,136,none,moderate,0.7,hcp
7155,on_track,stable,on time,30,21,phone,moderate,5.7,direct_rx
7156,on_track,stable,on time,30,15,app,moderate,10.9,direct_rx
7157,on_track,stable,on time,30,16,app,low,6.7,transfer
7158,on_track,stable,on time,60,6,phone,moderate,9.2,transfer
7159,on_track,long_term,on time,60,47,phone,low,17.9,hcp
7160,lapsing,early,delayed,30,33,app,moderate,2.9,hcp
7161,lapsing,long_term,delayed,90,106,phone,moderate,30.7,hcp
7162,on_track,long_term,on time,30,22,app,low,23.4,direct_rx
7163,on_track,stable,on time,30,24,app,low,10.8,transfer
7164,lapsing,early,delayed,30,47,phone,moderate,1.2,direct_rx
7165,on_track,long_term,on time,30,19,none,moderate,16.5,direct_rx
7166,on_track,stable,on time,30,9,phone,moderate,11.7,direct_rx
7167,lapsing,early,delayed,30,38,phone,high,2.5,direct_rx
7168,on_track,long_term,on time,60,30,app,moderate,34.1,direct_rx
7169,lapsed,early,missed,30,78,none,high,0.6,hcp
7170,on_track,stable,on time,60,39,app,low,7.5,hcp
7171,lapsing,early,delayed,30,38,phone,moderate,2.5,direct_rx
7172,lapsing,early,delayed,30,30,app,moderate,0.8,direct_rx
7173,on_track,long_term,on time,60,18,none,low,24.6,direct_rx
7174,on_track,stable,on time,30,14,phone,moderate,9.7,direct_rx
7175,lapsing,early,delayed,30,35,app,moderate,0.1,hcp
7176,lapsed,early,missed,30,79,app,moderate,1.3,hcp
7177,on_track,long_term,on time,30,12,app,low,14.7,direct_rx
7178,on_track,stable,on time,30,12,app,low,8.5,hcp
7179,lapsing,stable,delayed,30,42,none,moderate,6.1,direct_rx
7180,on_track,stable,on time,30,11,phone,low,7.6,hcp
7181,on_track,long_term,on time,60,18,none,moderate,23.0,hcp
7182,on_track,stable,on time,30,19,app,moderate,3.3,direct_rx
7183,lapsing,early,delayed,30,33,app,moderate,1.7,hcp
7184,on_track,long_term,on time,60,42,app,low,21.7,hcp
7185,on_track,stable,on time,60,12,app,low,5.9,direct_rx
7186,on_track,long_term,on time,60,16,phone,moderate,22.7,direct_rx
7187,on_track,stable,on time,60,8,phone,low,10.6,hcp
7188,lapsed,long_term,missed,60,188,none,high,35.8,direct_rx
7189,on_track,long_term,on time,30,16,phone,low,27.2,direct_rx
7190,lapsing,early,delayed,60,91,phone,moderate,2.6,hcp
7191,on_track,stable,on time,30,0,app,low,6.6,direct_rx
7192,lapsing,long_term,delayed,30,41,none,moderate,20.6,hcp
7193,on_track,stable,on time,60,28,app,moderate,9.1,direct_rx
7194,lapsing,early,delayed,60,81,none,moderate,0.6,direct_rx
7195,lapsed,long_term,missed,30,61,app,moderate,17.1,direct_rx
7196,on_track,stable,on time,30,8,none,low,11.7,direct_rx
7197,on_track,long_term,on time,90,8,phone,low,16.1,direct_rx
7198,on_track,stable,on time,30,16,app,low,7.0,hcp
7199,on_track,stable,on time,30,12,phone,low,11.0,hcp
7200,on_track,stable,on time,90,67,phone,moderate,8.6,direct_rx
7201,on_track,long_term,on time,30,7,phone,low,21.3,direct_rx
7202,on_track,stable,on time,90,32,phone,low,8.5,direct_rx
7203,on_track,stable,on time,30,15,app,low,9.5,direct_rx
7204,on_track,stable,on time,60,46,none,low,9.9,hcp
7205,lapsed,early,missed,30,82,app,high,0.3,direct_rx
7206,on_track,stable,on time,30,9,app,moderate,7.6,hcp
7207,on_track,stable,on time,30,22,phone,low,11.6,hcp
7208,on_track,long_term,on time,60,28,phone,low,31.5,direct_rx
7209,on_track,stable,on time,60,5,none,low,10.8,direct_rx
7210,on_track,early,on time,30,22,app,low,3.0,hcp
7211,on_track,stable,on time,30,24,app,low,8.3,direct_rx
7212,on_track,stable,on time,30,12,phone,low,4.8,transfer
7213,lapsing,early,delayed,90,129,app,moderate,0.2,direct_rx
7214,on_track,stable,on time,30,14,app,moderate,10.5,hcp
7215,on_track,long_term,on time,60,3,app,moderate,34.0,direct_rx
7216,on_track,long_term,on time,60,16,app,low,35.9,hcp
7217,on_track,long_term,on time,30,16,phone,low,24.7,direct_rx
7218,on_track,stable,on time,30,21,app,low,7.8,hcp
7219,lapsing,early,delayed,30,30,phone,moderate,0.4,hcp
7220,lapsed,early,missed,30,52,phone,moderate,1.6,direct_rx
7221,on_track,long_term,on time,30,2,phone,low,19.5,hcp
7222,lapsing,early,delayed,60,66,app,high,0.1,direct_rx
7223,on_track,stable,on time,90,29,phone,low,11.6,direct_rx
7224,lapsing,early,delayed,90,99,app,moderate,1.4,direct_rx
7225,on_track,stable,on time,30,20,app,low,6.3,direct_rx
7226,on_track,stable,on time,60,5,app,moderate,6.5,direct_rx
7227,on_track,stable,on time,30,7,phone,moderate,10.9,direct_rx
7228,on_track,stable,on time,30,1,app,low,6.3,direct_rx
7229,on_track,stable,on time,90,58,app,moderate,9.7,direct_rx
7230,on_track,stable,on time,90,1,app,low,4.3,direct_rx
7231,on_track,early,on time,60,34,app,low,1.9,hcp
7232,on_track,long_term,on time,30,4,none,moderate,29.5,hcp
7233,on_track,long_term,on time,30,8,phone,low,15.8,direct_rx
7234,on_track,stable,on time,30,3,app,moderate,5.8,direct_rx
7235,on_track,stable,on time,30,21,phone,moderate,10.4,hcp
7236,lapsing,early,delayed,30,31,app,moderate,2.1,transfer
7237,on_track,stable,on time,30,2,phone,moderate,8.1,hcp
7238,on_track,long_term,on time,30,18,none,low,35.9,direct_rx
7239,lapsing,early,delayed,30,44,none,moderate,1.6,direct_rx
7240,on_track,early,on time,30,23,app,low,1.7,direct_rx
7241,lapsed,early,missed,30,110,phone,high,1.8,hcp
7242,on_track,stable,on time,30,18,app,low,11.0,hcp
7243,on_track,early,on time,30,3,app,low,1.5,direct_rx
7244,lapsed,early,missed,30,96,phone,high,0.9,direct_rx
7245,on_track,long_term,on time,30,0,app,moderate,24.8,transfer
7246,lapsing,stable,delayed,30,38,app,high,3.8,direct_rx
7247,on_track,stable,on time,60,15,phone,moderate,11.9,direct_rx
7248,on_track,long_term,on time,90,61,phone,low,32.8,direct_rx
7249,on_track,long_term,on time,60,5,app,low,23.5,transfer
7250,on_track,early,on time,30,3,phone,moderate,1.8,direct_rx
7251,on_track,stable,on time,30,11,phone,low,11.9,direct_rx
7252,on_track,long_term,on time,90,13,none,low,13.3,direct_rx
7253,lapsed,long_term,missed,60,232,app,high,22.6,hcp
7254,on_track,long_term,on time,30,3,app,low,17.7,hcp
7255,lapsed,early,missed,60,142,app,moderate,2.3,direct_rx
7256,lapsing,long_term,delayed,30,43,app,high,22.3,direct_rx
7257,on_track,stable,on time,30,4,phone,moderate,8.2,direct_rx
7258,on_track,early,on time,90,50,app,low,2.2,direct_rx
7259,lapsed,early,missed,30,100,phone,high,0.4,hcp
7260,on_track,long_term,on time,90,10,phone,low,19.1,direct_rx
7261,on_track,long_term,on time,30,1,none,low,33.4,transfer
7262,lapsed,early,missed,30,70,none,moderate,1.3,hcp
7263,on_track,stable,on time,30,11,phone,low,3.4,hcp
7264,on_track,stable,on time,30,4,phone,low,7.0,direct_rx
7265,on_track,stable,on time,30,8,phone,low,7.5,hcp
7266,lapsing,early,delayed,30,34,app,high,1.8,direct_rx
7267,on_track,long_term,on time,30,0,phone,low,12.8,direct_rx
7268,on_track,stable,on time,90,59,app,low,6.7,direct_rx
7269,on_track,long_term,on time,60,48,none,low,19.3,hcp
7270,lapsed,early,missed,30,72,app,high,2.4,direct_rx
7271,on_track,stable,on time,90,12,app,moderate,10.9,direct_rx
7272,lapsed,long_term,missed,30,66,phone,high,17.2,direct_rx
7273,lapsing,early,delayed,90,92,app,high,0.2,hcp
7274,lapsed,early,missed,60,212,phone,high,2.4,direct_rx
7275,on_track,stable,on time,30,15,none,low,5.3,direct_rx
7276,on_track,stable,on time,60,17,phone,low,3.2,direct_rx
7277,on_track,early,on time,30,23,none,moderate,2.4,hcp
7278,on_track,stable,on time,60,18,app,low,10.3,direct_rx
7279,on_track,stable,on time,60,9,none,low,7.3,direct_rx
7280,lapsed,stable,missed,30,103,app,high,7.5,direct_rx
7281,lapsed,early,missed,60,146,phone,high,2.8,transfer
7282,on_track,long_term,on time,30,20,app,low,20.2,direct_rx
7283,lapsing,long_term,delayed,30,31,none,moderate,29.4,direct_rx
7284,on_track,stable,on time,60,43,app,moderate,4.6,hcp
7285,on_track,stable,on time,30,1,phone,low,11.2,hcp
7286,lapsing,early,delayed,30,43,app,high,2.0,direct_rx
7287,on_track,stable,on time,90,17,app,low,9.6,transfer
7288,on_track,early,on time,90,62,app,moderate,2.2,direct_rx
7289,on_track,long_term,on time,30,0,app,low,15.2,direct_rx
7290,lapsed,early,missed,30,100,phone,moderate,1.2,direct_rx
7291,on_track,long_term,on time,60,34,none,low,34.8,direct_rx
7292,on_track,long_term,on time,30,2,phone,low,32.7,direct_rx
7293,on_track,long_term,on time,30,24,none,low,14.1,direct_rx
7294,on_track,stable,on time,30,16,phone,low,10.1,direct_rx
7295,on_track,long_term,on time,60,15,phone,moderate,28.8,hcp
7296,on_track,stable,on time,30,1,app,moderate,11.5,direct_rx
7297,lapsed,early,missed,30,69,app,moderate,2.5,hcp
7298,on_track,stable,on time,30,24,phone,low,7.1,hcp
7299,on_track,stable,on time,30,8,none,low,4.5,hcp
7300,lapsing,early,delayed,60,60,phone,high,2.1,hcp
7301,on_track,long_term,on time,30,2,app,low,17.0,direct_rx
7302,on_track,stable,on time,30,10,none,moderate,5.9,direct_rx
7303,on_track,early,on time,60,47,app,moderate,0.7,hcp
7304,on_track,stable,on time,90,22,none,low,10.1,direct_rx
7305,on_track,stable,on time,30,6,none,low,7.2,transfer
7306,lapsed,stable,missed,30,55,none,high,4.4,direct_rx
7307,lapsing,early,delayed,30,31,app,moderate,1.3,direct_rx
7308,on_track,stable,on time,30,23,app,moderate,8.4,hcp
7309,lapsed,early,missed,30,94,phone,moderate,3.0,direct_rx
7310,lapsed,stable,missed,30,74,phone,high,10.7,direct_rx
7311,on_track,long_term,on time,30,5,none,low,21.6,hcp
7312,on_track,stable,on time,90,64,app,low,10.8,transfer
7313,on_track,stable,on time,30,14,app,moderate,11.5,hcp
7314,on_track,long_term,on time,90,72,none,low,22.2,transfer
7315,lapsing,stable,delayed,90,101,app,moderate,7.8,hcp
7316,on_track,long_term,on time,30,8,app,low,14.6,direct_rx
7317,on_track,stable,on time,30,24,app,low,7.0,hcp
7318,lapsed,early,missed,30,93,none,high,0.8,direct_rx
7319,on_track,long_term,on time,60,22,app,low,26.7,hcp
7320,lapsed,long_term,missed,30,68,phone,high,35.1,direct_rx
7321,on_track,stable,on time,30,24,app,low,10.7,direct_rx
7322,lapsing,early,delayed,30,33,phone,high,2.3,direct_rx
7323,on_track,long_term,on time,90,31,phone,low,16.9,hcp
7324,on_track,long_term,on time,30,6,phone,moderate,32.4,transfer
7325,lapsing,early,delayed,90,125,app,moderate,0.6,direct_rx
7326,on_track,stable,on time,30,11,app,low,5.7,hcp
7327,on_track,long_term,on time,90,1,app,moderate,12.7,transfer
7328,lapsing,stable,delayed,60,61,app,high,11.9,direct_rx
7329,on_track,stable,on time,90,0,phone,low,5.9,direct_rx
7330,lapsed,early,missed,30,68,phone,high,1.6,direct_rx
7331,lapsing,early,delayed,30,43,phone,moderate,0.2,hcp
7332,on_track,stable,on time,30,12,phone,moderate,8.9,hcp
7333,on_track,long_term,on time,30,24,app,low,14.3,direct_rx
7334,lapsed,early,missed,90,344,none,high,0.9,direct_rx
7335,lapsed,early,missed,90,284,app,high,2.3,direct_rx
7336,on_track,long_term,on time,30,14,app,moderate,13.8,direct_rx
7337,lapsed,long_term,missed,60,212,phone,high,20.4,transfer
7338,on_track,long_term,on time,60,47,app,low,23.7,direct_rx
7339,on_track,long_term,on time,30,10,none,low,13.3,direct_rx
7340,lapsing,early,delayed,30,30,phone,moderate,2.2,direct_rx
7341,on_track,long_term,on time,90,12,app,low,16.2,hcp
7342,lapsed,early,missed,30,63,phone,high,2.8,hcp
7343,on_track,long_term,on time,30,1,phone,moderate,17.3,transfer
7344,lapsed,early,missed,60,232,app,high,2.0,hcp
7345,lapsing,early,delayed,30,34,none,moderate,0.3,direct_rx
7346,lapsed,long_term,missed,90,208,app,moderate,30.5,hcp
7347,lapsed,stable,missed,60,164,phone,high,11.4,hcp
7348,on_track,long_term,on time,30,1,app,low,28.5,direct_rx
7349,on_track,stable,on time,90,22,app,low,10.7,direct_rx
7350,lapsed,stable,missed,30,117,phone,high,4.0,direct_rx
7351,on_track,stable,on time,30,15,app,low,9.5,hcp
7352,on_track,stable,on time,30,10,app,low,9.9,hcp
7353,lapsing,stable,delayed,30,48,app,high,9.7,direct_rx
7354,on_track,long_term,on time,30,11,none,low,13.8,direct_rx
7355,on_track,long_term,on time,30,23,none,low,24.7,direct_rx
7356,lapsed,early,missed,30,110,phone,high,1.5,hcp
7357,on_track,stable,on time,30,10,none,moderate,6.6,hcp
7358,on_track,early,on time,30,23,phone,moderate,2.6,direct_rx
7359,on_track,long_term,on time,30,11,phone,low,23.8,direct_rx
7360,on_track,long_term,on time,30,14,app,low,28.3,direct_rx
7361,lapsed,early,missed,30,73,none,moderate,0.5,direct_rx
7362,on_track,early,on time,60,33,app,low,1.8,transfer
7363,lapsed,early,missed,30,56,none,moderate,2.9,hcp
7364,on_track,stable,on time,30,17,none,moderate,9.7,direct_rx
7365,lapsed,early,missed,90,228,app,high,0.5,hcp
7366,lapsed,early,missed,90,184,app,high,0.4,direct_rx
7367,on_track,stable,on time,90,21,phone,moderate,7.7,transfer
7368,on_track,stable,on time,30,18,none,low,5.3,hcp
7369,on_track,stable,on time,90,68,app,moderate,10.4,direct_rx
7370,on_track,long_term,on time,60,41,app,low,17.3,direct_rx
7371,lapsed,long_term,missed,90,353,phone,high,14.0,direct_rx
7372,on_track,early,on time,30,22,app,low,1.9,hcp
7373,lapsed,early,missed,30,81,phone,high,2.8,direct_rx
7374,on_track,long_term,on time,90,50,app,low,24.4,direct_rx
7375,on_track,stable,on time,30,8,none,low,11.1,hcp
7376,on_track,early,on time,30,1,phone,low,1.3,direct_rx
7377,lapsing,long_term,delayed,90,119,phone,moderate,18.4,direct_rx
7378,lapsing,stable,delayed,30,39,none,moderate,6.4,direct_rx
7379,lapsing,long_term,delayed,30,38,none,moderate,27.9,direct_rx
7380,on_track,long_term,on time,60,10,none,low,25.4,direct_rx
7381,on_track,stable,on time,30,12,none,moderate,11.1,direct_rx
7382,lapsing,early,delayed,60,81,phone,high,2.4,transfer
7383,lapsed,stable,missed,30,58,none,high,7.2,hcp
7384,on_track,stable,on time,30,24,none,low,5.1,direct_rx
7385,on_track,long_term,on time,60,4,app,moderate,14.4,transfer
7386,on_track,early,on time,30,7,app,low,2.6,hcp
7387,on_track,stable,on time,60,38,app,low,9.8,hcp
7388,on_track,stable,on time,30,21,app,moderate,5.0,direct_rx
7389,on_track,long_term,on time,30,14,none,moderate,31.0,direct_rx
7390,on_track,stable,on time,30,3,phone,moderate,10.0,direct_rx
7391,lapsing,early,delayed,30,37,app,moderate,0.4,direct_rx
7392,on_track,stable,on time,30,18,none,low,11.6,direct_rx
7393,on_track,long_term,on time,30,13,phone,low,35.1,direct_rx
7394,lapsed,early,missed,90,189,app,high,1.5,direct_rx
7395,on_track,long_term,on time,30,5,app,low,31.7,transfer
7396,on_track,long_term,on time,30,7,app,moderate,15.9,transfer
7397,on_track,stable,on time,90,21,app,low,5.7,hcp
7398,lapsing,early,delayed,30,39,none,high,2.8,direct_rx
7399,on_track,early,on time,90,61,phone,low,0.4,direct_rx
7400,on_track,stable,on time,60,40,app,low,11.8,direct_rx
7401,on_track,stable,on time,90,52,none,moderate,10.7,direct_rx
7402,on_track,stable,on time,30,23,phone,moderate,8.5,hcp
7403,on_track,stable,on time,90,64,app,low,11.1,direct_rx
7404,lapsing,early,delayed,30,35,none,moderate,0.3,hcp
7405,on_track,stable,on time,30,12,phone,moderate,8.5,hcp
7406,on_track,stable,on time,60,44,app,moderate,5.2,direct_rx
7407,on_track,stable,on time,90,53,none,low,10.7,hcp
7408,on_track,stable,on time,30,0,none,low,7.1,hcp
7409,on_track,long_term,on time,30,15,none,low,22.2,hcp
7410,on_track,stable,on time,90,55,phone,low,4.8,direct_rx
7411,lapsing,early,delayed,30,34,phone,moderate,0.1,direct_rx
7412,lapsed,early,missed,90,199,phone,high,1.7,direct_rx
7413,on_track,long_term,on time,30,14,none,low,23.1,transfer
7414,on_track,stable,on time,90,9,phone,low,10.5,hcp
7415,on_track,stable,on time,90,41,none,moderate,7.4,hcp
7416,lapsing,early,delayed,30,39,app,moderate,2.7,transfer
7417,lapsing,early,delayed,30,33,phone,high,0.3,transfer
7418,on_track,stable,on time,30,10,phone,moderate,8.1,direct_rx
7419,on_track,early,on time,30,17,app,moderate,2.2,transfer
7420,on_track,stable,on time,30,17,app,low,10.7,direct_rx
7421,on_track,stable,on time,60,30,app,low,6.9,hcp
7422,lapsing,long_term,delayed,90,114,app,moderate,22.0,direct_rx
7423,on_track,stable,on time,30,4,app,low,5.5,direct_rx
7424,on_track,stable,on time,30,17,app,moderate,5.7,hcp
7425,lapsing,early,delayed,60,62,phone,moderate,0.8,hcp
7426,on_track,stable,on time,90,45,app,low,6.3,hcp
7427,on_track,long_term,on time,90,35,app,low,27.9,hcp
7428,on_track,long_term,on time,30,17,app,moderate,17.6,direct_rx
7429,on_track,stable,on time,30,13,phone,moderate,3.2,hcp
7430,on_track,stable,on time,30,0,app,moderate,6.8,transfer
7431,on_track,stable,on time,30,24,none,low,7.3,direct_rx
7432,on_track,stable,on time,60,9,phone,low,6.8,hcp
7433,on_track,stable,on time,30,23,phone,low,3.0,direct_rx
7434,on_track,stable,on time,30,8,app,low,9.6,direct_rx
7435,on_track,stable,on time,30,20,app,low,5.8,hcp
7436,lapsing,early,delayed,90,137,app,moderate,2.8,transfer
7437,on_track,stable,on time,60,30,none,low,5.2,hcp
7438,on_track,long_term,on time,30,10,none,low,26.1,direct_rx
7439,on_track,stable,on time,30,22,phone,moderate,4.5,transfer
7440,on_track,stable,on time,60,43,phone,low,10.6,direct_rx
7441,on_track,stable,on time,90,10,app,low,10.9,hcp
7442,lapsed,early,missed,30,70,app,high,0.3,direct_rx
7443,lapsing,early,delayed,90,115,app,moderate,2.3,hcp
7444,on_track,stable,on time,90,10,app,moderate,11.0,direct_rx
7445,lapsing,stable,delayed,30,38,app,moderate,10.2,hcp
7446,on_track,long_term,on time,30,23,none,low,18.7,hcp
7447,lapsing,early,delayed,90,106,none,moderate,0.3,transfer
7448,on_track,long_term,on time,30,15,phone,low,22.3,direct_rx
7449,on_track,long_term,on time,30,5,app,low,32.3,direct_rx
7450,lapsed,early,missed,30,61,none,high,0.4,direct_rx
7451,on_track,long_term,on time,60,18,none,low,34.6,direct_rx
7452,on_track,stable,on time,60,9,none,moderate,8.2,direct_rx
7453,on_track,early,on time,90,41,phone,moderate,2.0,direct_rx
7454,on_track,stable,on time,60,12,none,low,8.1,hcp
7455,on_track,early,on time,30,0,phone,low,2.4,hcp
7456,on_track,stable,on time,90,46,phone,low,7.9,direct_rx
7457,on_track,stable,on time,30,11,app,low,11.0,direct_rx
7458,on_track,long_term,on time,30,13,none,low,31.6,hcp
7459,lapsing,early,delayed,30,32,app,moderate,2.2,transfer
7460,lapsed,early,missed,30,73,none,moderate,1.0,direct_rx
7461,lapsing,early,delayed,90,132,none,moderate,0.4,hcp
7462,on_track,stable,on time,90,6,app,low,9.3,hcp
7463,on_track,stable,on time,60,28,app,low,6.0,hcp
7464,on_track,early,on time,60,36,none,low,2.7,direct_rx
7465,lapsing,long_term,delayed,30,34,phone,moderate,21.3,direct_rx
7466,lapsed,early,missed,30,80,app,high,0.3,direct_rx
7467,lapsing,early,delayed,30,36,phone,moderate,1.0,transfer
7468,on_track,stable,on time,30,13,phone,low,10.4,direct_rx
7469,lapsing,early,delayed,90,132,phone,moderate,1.5,direct_rx
7470,on_track,long_term,on time,90,66,app,low,12.5,direct_rx
7471,lapsing,early,delayed,60,63,app,moderate,2.6,transfer
7472,on_track,stable,on time,60,35,none,moderate,3.1,hcp
7473,on_track,long_term,on time,60,21,phone,low,22.8,direct_rx
7474,on_track,long_term,on time,90,6,app,low,29.7,direct_rx
7475,lapsing,stable,delayed,60,91,none,high,9.5,hcp
7476,on_track,long_term,on time,60,21,none,low,33.4,direct_rx
7477,on_track,long_term,on time,30,19,app,moderate,20.5,direct_rx
7478,on_track,stable,on time,30,19,none,low,9.1,hcp
7479,on_track,long_term,on time,60,32,phone,low,33.8,transfer
7480,on_track,stable,on time,30,6,app,low,11.6,direct_rx
7481,lapsing,early,delayed,30,30,none,high,2.1,direct_rx
7482,lapsed,early,missed,60,163,app,high,1.3,transfer
7483,on_track,stable,on time,30,17,phone,low,6.5,direct_rx
7484,on_track,long_term,on time,30,6,app,low,33.0,direct_rx
7485,on_track,long_term,on time,30,18,app,moderate,25.5,hcp
7486,lapsing,early,delayed,30,46,app,moderate,2.7,direct_rx
7487,on_track,stable,on time,30,1,phone,low,8.4,direct_rx
7488,on_track,early,on time,30,6,app,low,1.3,hcp
7489,on_track,long_term,on time,30,6,none,low,15.5,hcp
7490,on_track,stable,on time,90,21,none,low,11.6,transfer
7491,lapsed,early,missed,30,102,app,moderate,0.4,transfer
7492,on_track,early,on time,30,0,none,moderate,1.0,direct_rx
7493,lapsing,long_term,delayed,30,44,app,high,18.3,transfer
7494,lapsing,early,delayed,60,91,app,high,1.0,direct_rx
7495,lapsing,long_term,delayed,30,30,phone,moderate,34.8,hcp
7496,on_track,stable,on time,30,0,phone,low,10.5,hcp
7497,on_track,long_term,on time,30,13,app,low,27.3,transfer
7498,on_track,long_term,on time,90,19,app,moderate,19.2,direct_rx
7499,on_track,long_term,on time,60,15,app,low,35.1,transfer
7500,on_track,stable,on time,60,32,phone,low,4.4,direct_rx
7501,lapsing,early,delayed,90,91,app,moderate,1.7,direct_rx
7502,lapsed,early,missed,90,338,app,high,2.4,direct_rx
7503,lapsing,early,delayed,60,96,phone,high,2.5,transfer
7504,lapsing,early,delayed,30,42,app,moderate,2.6,direct_rx
7505,lapsing,stable,delayed,30,36,app,moderate,6.8,hcp
7506,on_track,stable,on time,60,26,app,low,5.8,direct_rx
7507,lapsed,early,missed,30,73,none,moderate,2.4,direct_rx
7508,on_track,stable,on time,30,14,none,moderate,7.3,direct_rx
7509,on_track,stable,on time,30,16,phone,low,10.3,direct_rx
7510,lapsed,early,missed,90,171,phone,moderate,2.3,direct_rx
7511,lapsed,stable,missed,30,79,phone,high,10.5,hcp
7512,on_track,stable,on time,90,57,app,moderate,9.5,direct_rx
7513,on_track,long_term,on time,60,10,phone,moderate,12.3,direct_rx
7514,on_track,long_term,on time,30,18,phone,moderate,25.1,direct_rx
7515,lapsing,early,delayed,30,43,app,high,0.4,direct_rx
7516,lapsed,early,missed,90,312,none,high,1.2,hcp
7517,lapsing,early,delayed,30,44,app,high,2.2,direct_rx
7518,on_track,long_term,on time,90,22,phone,moderate,13.9,hcp
7519,on_track,long_term,on time,30,19,none,moderate,12.2,direct_rx
7520,on_track,long_term,on time,30,16,phone,moderate,31.7,direct_rx
7521,on_track,long_term,on time,30,7,none,low,31.8,hcp
7522,on_track,stable,on time,60,37,app,low,4.4,direct_rx
7523,lapsing,early,delayed,30,35,app,moderate,2.4,transfer
7524,lapsing,early,delayed,90,107,app,moderate,1.1,hcp
7525,lapsing,early,delayed,60,75,app,moderate,2.4,direct_rx
7526,on_track,stable,on time,60,4,app,moderate,9.1,transfer
7527,on_track,long_term,on time,30,19,app,moderate,20.4,hcp
7528,lapsing,early,delayed,60,90,app,moderate,0.9,direct_rx
7529,lapsed,long_term,missed,90,226,none,moderate,18.5,direct_rx
7530,lapsed,early,missed,30,113,phone,high,1.8,direct_rx
7531,on_track,long_term,on time,30,13,none,moderate,28.1,direct_rx
7532,on_track,stable,on time,90,65,phone,low,6.6,direct_rx
7533,on_track,stable,on time,30,7,none,low,6.7,direct_rx
7534,on_track,long_term,on time,90,18,phone,moderate,24.0,direct_rx
7535,on_track,long_term,on time,30,14,app,low,23.6,hcp
7536,lapsing,early,delayed,30,31,none,high,1.1,hcp
7537,on_track,long_term,on time,90,30,app,moderate,20.0,hcp
7538,on_track,long_term,on time,90,47,app,low,19.0,hcp
7539,lapsing,early,delayed,30,44,phone,high,0.1,direct_rx
7540,on_track,stable,on time,60,12,app,low,5.1,direct_rx
7541,on_track,long_term,on time,90,69,phone,low,16.6,direct_rx
7542,on_track,long_term,on time,30,11,phone,low,26.2,direct_rx
7543,lapsing,long_term,delayed,90,121,app,moderate,17.7,direct_rx
7544,lapsing,stable,delayed,30,33,phone,high,3.9,hcp
7545,lapsing,early,delayed,30,30,phone,moderate,0.4,hcp
7546,on_track,stable,on time,90,28,phone,low,8.7,transfer
7547,on_track,stable,on time,60,1,app,low,8.9,direct_rx
7548,lapsing,early,delayed,60,64,phone,moderate,1.9,direct_rx
7549,on_track,stable,on time,30,18,app,moderate,10.5,direct_rx
7550,on_track,stable,on time,30,24,none,moderate,10.2,hcp
7551,lapsing,stable,delayed,60,74,app,moderate,7.0,direct_rx
7552,on_track,stable,on time,30,14,app,low,11.9,transfer
7553,on_track,stable,on time,30,20,none,moderate,11.4,direct_rx
7554,on_track,stable,on time,30,2,app,moderate,5.4,direct_rx
7555,on_track,stable,on time,30,11,app,moderate,10.3,hcp
7556,on_track,early,on time,30,15,app,low,2.8,direct_rx
7557,on_track,early,on time,30,2,phone,low,2.2,direct_rx
7558,on_track,long_term,on time,90,35,app,moderate,14.1,hcp
7559,on_track,early,on time,60,15,phone,low,2.5,direct_rx
7560,lapsed,stable,missed,30,77,none,moderate,8.0,hcp
7561,on_track,early,on time,30,14,app,low,2.3,direct_rx
7562,on_track,stable,on time,30,15,app,moderate,11.9,direct_rx
7563,on_track,long_term,on time,30,15,app,low,30.7,hcp
7564,on_track,long_term,on time,30,1,none,low,15.3,direct_rx
7565,lapsing,early,delayed,60,63,app,moderate,2.0,direct_rx
7566,lapsing,early,delayed,30,39,phone,moderate,1.0,direct_rx
7567,lapsed,stable,missed,30,77,app,moderate,8.0,direct_rx
7568,on_track,long_term,on time,90,33,app,low,31.8,hcp
7569,on_track,long_term,on time,60,47,app,low,29.9,hcp
7570,lapsed,stable,missed,30,114,app,high,6.2,direct_rx
7571,on_track,stable,on time,30,24,none,moderate,8.1,direct_rx
7572,on_track,long_term,on time,60,30,app,moderate,28.5,direct_rx
7573,on_track,stable,on time,30,11,phone,moderate,9.6,direct_rx
7574,on_track,long_term,on time,30,15,phone,low,14.4,direct_rx
7575,on_track,stable,on time,30,14,phone,low,9.1,direct_rx
7576,lapsing,early,delayed,90,96,phone,moderate,2.6,hcp
7577,on_track,long_term,on time,90,57,phone,moderate,31.1,hcp
7578,on_track,stable,on time,30,19,phone,low,10.6,direct_rx
7579,on_track,long_term,on time,30,0,app,low,35.4,hcp
7580,lapsing,early,delayed,30,36,phone,moderate,1.2,direct_rx
7581,on_track,stable,on time,30,24,app,moderate,11.9,transfer
7582,lapsing,early,delayed,60,91,phone,high,2.2,direct_rx
7583,lapsing,stable,delayed,30,30,none,moderate,6.9,direct_rx
7584,lapsing,stable,delayed,60,81,none,moderate,10.4,direct_rx
7585,lapsed,early,missed,60,234,app,high,1.8,direct_rx
7586,lapsed,early,missed,30,84,app,high,1.2,direct_rx
7587,on_track,long_term,on time,30,14,none,low,24.2,direct_rx
7588,on_track,early,on time,30,22,phone,moderate,0.3,hcp
7589,on_track,stable,on time,90,42,phone,low,9.2,direct_rx
7590,lapsed,early,missed,30,96,app,high,2.0,direct_rx
7591,on_track,stable,on time,30,17,app,low,7.9,direct_rx
7592,lapsed,stable,missed,30,101,phone,moderate,11.4,direct_rx
7593,on_track,early,on time,30,6,phone,low,2.5,hcp
7594,lapsing,early,delayed,30,40,app,high,0.3,direct_rx
7595,on_track,stable,on time,30,8,app,low,7.1,direct_rx
7596,lapsing,stable,delayed,30,36,phone,moderate,9.9,direct_rx
7597,on_track,long_term,on time,30,10,app,low,15.5,hcp
7598,on_track,early,on time,30,0,phone,low,0.2,direct_rx
7599,on_track,long_term,on time,30,13,phone,low,29.6,hcp
7600,on_track,stable,on time,90,16,phone,low,5.2,direct_rx
7601,on_track,long_term,on time,30,1,phone,low,23.2,direct_rx
7602,on_track,long_term,on time,30,2,phone,moderate,14.4,direct_rx
7603,on_track,stable,on time,30,17,app,low,9.2,hcp
7604,lapsing,early,delayed,90,110,app,moderate,2.8,direct_rx
7605,lapsed,early,missed,30,74,phone,high,0.3,direct_rx
7606,on_track,long_term,on time,90,23,app,low,31.8,hcp
7607,lapsing,early,delayed,60,61,app,moderate,0.8,direct_rx
7608,lapsed,early,missed,30,78,none,high,2.9,direct_rx
7609,lapsing,early,delayed,90,111,phone,moderate,0.1,direct_rx
7610,on_track,long_term,on time,30,18,app,moderate,21.3,direct_rx
7611,lapsing,long_term,delayed,90,138,app,moderate,12.3,direct_rx
7612,on_track,stable,on time,90,71,app,low,8.4,direct_rx
7613,lapsed,long_term,missed,30,98,app,moderate,18.0,hcp
7614,lapsing,stable,delayed,60,76,app,high,11.9,direct_rx
7615,on_track,early,on time,90,63,app,low,1.3,hcp
7616,on_track,stable,on time,30,18,app,moderate,10.2,hcp
7617,on_track,long_term,on time,30,19,phone,low,23.6,direct_rx
7618,lapsing,stable,delayed,60,69,app,moderate,11.9,direct_rx
7619,on_track,stable,on time,30,19,none,low,5.5,transfer
7620,lapsing,stable,delayed,90,112,phone,moderate,5.9,transfer
7621,on_track,long_term,on time,30,18,app,low,15.7,hcp
7622,on_track,stable,on time,30,6,phone,low,11.3,direct_rx
7623,on_track,stable,on time,90,20,phone,moderate,11.8,direct_rx
7624,lapsed,stable,missed,30,63,app,high,11.9,direct_rx
7625,on_track,stable,on time,30,22,phone,low,3.1,transfer
7626,on_track,stable,on time,60,42,app,low,9.3,direct_rx
7627,lapsing,early,delayed,60,77,app,high,0.6,direct_rx
7628,on_track,early,on time,30,0,phone,low,2.8,direct_rx
7629,on_track,long_term,on time,30,10,app,low,24.5,direct_rx
7630,on_track,long_term,on time,90,29,app,low,26.3,direct_rx
7631,lapsed,early,missed,30,86,phone,moderate,1.8,direct_rx
7632,on_track,long_term,on time,60,11,phone,moderate,24.6,hcp
7633,on_track,early,on time,60,33,phone,low,0.9,direct_rx
7634,on_track,long_term,on time,60,31,none,moderate,32.9,hcp
7635,on_track,stable,on time,30,23,phone,low,4.4,hcp
7636,on_track,stable,on time,60,44,phone,moderate,7.5,transfer
7637,on_track,long_term,on time,30,5,none,low,35.9,direct_rx
7638,on_track,long_term,on time,90,69,none,low,32.4,hcp
7639,on_track,stable,on time,60,40,app,low,5.3,transfer
7640,lapsing,early,delayed,90,119,app,high,2.2,direct_rx
7641,on_track,long_term,on time,30,16,app,low,34.4,hcp
7642,on_track,stable,on time,30,16,app,moderate,8.6,direct_rx
7643,on_track,long_term,on time,30,12,none,low,30.6,direct_rx
7644,on_track,stable,on time,30,10,phone,low,9.2,direct_rx
7645,lapsing,early,delayed,30,46,app,high,2.1,direct_rx
7646,lapsed,stable,missed,30,107,phone,high,8.0,transfer
7647,lapsing,early,delayed,90,138,phone,high,2.5,direct_rx
7648,on_track,stable,on time,90,24,app,low,6.1,direct_rx
7649,lapsed,early,missed,30,58,none,high,1.9,direct_rx
7650,on_track,stable,on time,60,41,none,moderate,9.9,direct_rx
7651,on_track,long_term,on time,30,22,phone,moderate,30.1,hcp
7652,on_track,long_term,on time,30,0,phone,low,33.0,direct_rx
7653,on_track,long_term,on time,30,5,phone,moderate,32.2,hcp
7654,lapsing,stable,delayed,30,44,phone,high,4.2,direct_rx
7655,on_track,stable,on time,90,42,phone,low,8.9,direct_rx
7656,on_track,stable,on time,30,6,app,low,9.3,direct_rx
7657,on_track,long_term,on time,30,7,app,low,19.8,hcp
7658,on_track,stable,on time,30,23,phone,low,8.7,direct_rx
7659,on_track,long_term,on time,60,6,phone,moderate,25.5,direct_rx
7660,lapsed,early,missed,60,210,app,high,1.6,direct_rx
7661,on_track,long_term,on time,30,19,none,low,20.5,direct_rx
7662,lapsed,early,missed,60,212,app,high,0.1,hcp
7663,on_track,stable,on time,60,48,phone,moderate,9.4,direct_rx
7664,on_track,long_term,on time,30,23,app,low,33.7,direct_rx
7665,lapsing,early,delayed,90,130,phone,moderate,1.5,direct_rx
7666,lapsing,early,delayed,30,30,none,moderate,0.9,direct_rx
7667,lapsing,early,delayed,30,30,app,moderate,1.6,direct_rx
7668,on_track,stable,on time,60,29,none,moderate,11.0,direct_rx
7669,on_track,long_term,on time,30,7,none,low,14.2,direct_rx
7670,on_track,long_term,on time,60,31,app,moderate,32.1,direct_rx
7671,on_track,stable,on time,30,24,none,moderate,7.0,direct_rx
7672,lapsing,early,delayed,90,121,phone,moderate,1.0,hcp
7673,on_track,long_term,on time,60,16,app,low,16.5,direct_rx
7674,lapsing,early,delayed,30,45,phone,high,1.5,direct_rx
7675,on_track,long_term,on time,30,21,app,low,27.4,direct_rx
7676,on_track,stable,on time,30,3,app,moderate,7.2,direct_rx
7677,on_track,stable,on time,30,20,app,moderate,9.8,hcp
7678,lapsing,early,delayed,90,93,app,moderate,0.2,direct_rx
7679,on_track,early,on time,90,9,phone,low,0.2,direct_rx
7680,on_track,long_term,on time,30,22,none,moderate,25.1,direct_rx
7681,on_track,stable,on time,30,14,none,low,7.9,direct_rx
7682,on_track,stable,on time,60,40,phone,moderate,9.1,hcp
7683,lapsed,stable,missed,30,97,app,high,3.9,direct_rx
7684,on_track,stable,on time,30,5,app,moderate,10.2,direct_rx
7685,lapsing,stable,delayed,60,77,app,moderate,4.2,transfer
7686,lapsed,long_term,missed,30,63,phone,moderate,23.6,direct_rx
7687,lapsing,stable,delayed,90,100,app,moderate,8.1,hcp
7688,lapsing,stable,delayed,60,71,phone,moderate,6.1,direct_rx
7689,on_track,long_term,on time,30,1,phone,low,31.3,hcp
7690,on_track,long_term,on time,90,47,phone,low,13.8,hcp
7691,lapsing,early,delayed,30,36,app,moderate,2.2,direct_rx
7692,lapsing,stable,delayed,60,75,app,moderate,8.6,direct_rx
7693,on_track,stable,on time,30,15,phone,low,4.3,direct_rx
7694,on_track,stable,on time,90,33,phone,low,8.7,direct_rx
7695,on_track,stable,on time,30,15,app,low,9.2,direct_rx
7696,lapsing,stable,delayed,30,31,app,moderate,3.3,hcp
7697,on_track,stable,on time,30,0,app,low,6.6,transfer
7698,on_track,stable,on time,30,0,app,moderate,8.9,hcp
7699,on_track,stable,on time,30,14,app,low,7.4,direct_rx
7700,lapsed,early,missed,60,136,app,high,1.9,direct_rx
7701,on_track,stable,on time,60,27,phone,low,4.2,direct_rx
7702,on_track,early,on time,60,17,app,low,2.3,hcp
7703,on_track,long_term,on time,60,9,phone,low,24.6,hcp
7704,lapsed,stable,missed,90,207,none,high,7.8,direct_rx
7705,on_track,stable,on time,60,15,phone,low,6.4,direct_rx
7706,lapsing,long_term,delayed,60,73,phone,moderate,24.8,direct_rx
7707,on_track,long_term,on time,30,14,app,low,18.2,hcp
7708,on_track,long_term,on time,30,23,none,low,18.8,direct_rx
7709,lapsed,early,missed,60,174,phone,high,0.9,hcp
7710,on_track,stable,on time,60,43,none,moderate,8.4,direct_rx
7711,lapsing,early,delayed,90,103,app,moderate,1.4,hcp
7712,on_track,early,on time,30,24,app,low,2.3,transfer
7713,on_track,long_term,on time,60,24,phone,low,18.2,direct_rx
7714,lapsed,early,missed,90,304,none,moderate,1.8,hcp
7715,lapsing,early,delayed,30,31,app,moderate,1.1,hcp
7716,on_track,stable,on time,90,39,app,low,8.8,direct_rx
7717,on_track,long_term,on time,60,33,phone,low,18.4,direct_rx
7718,on_track,stable,on time,30,20,app,moderate,7.5,direct_rx
7719,on_track,long_term,on time,60,15,phone,moderate,28.5,direct_rx
7720,lapsed,early,missed,30,95,phone,high,0.8,hcp
7721,on_track,stable,on time,30,4,app,low,10.2,direct_rx
7722,on_track,stable,on time,30,19,phone,low,5.8,direct_rx
7723,lapsing,stable,delayed,30,42,app,moderate,9.6,hcp
7724,on_track,stable,on time,30,10,phone,low,8.2,hcp
7725,lapsing,early,delayed,30,30,app,high,1.4,direct_rx
7726,lapsed,early,missed,30,58,phone,moderate,0.2,hcp
7727,lapsed,early,missed,90,185,app,moderate,0.3,hcp
7728,lapsed,early,missed,30,93,none,high,2.8,transfer
7729,on_track,long_term,on time,30,13,phone,low,18.7,direct_rx
7730,lapsing,early,delayed,30,45,none,high,2.0,direct_rx
7731,on_track,early,on time,30,2,none,low,1.7,hcp
7732,on_track,stable,on time,90,61,app,low,6.2,direct_rx
7733,on_track,early,on time,30,16,none,low,1.8,hcp
7734,on_track,stable,on time,90,37,app,moderate,5.3,hcp
7735,lapsing,long_term,delayed,30,30,phone,moderate,23.7,direct_rx
7736,on_track,stable,on time,30,9,app,low,11.1,hcp
7737,on_track,early,on time,60,10,app,moderate,0.7,hcp
7738,lapsed,early,missed,30,120,none,moderate,2.6,direct_rx
7739,on_track,stable,on time,60,10,app,moderate,11.5,direct_rx
7740,on_track,long_term,on time,60,35,app,low,21.5,direct_rx
7741,on_track,stable,on time,30,14,phone,low,6.2,hcp
7742,on_track,stable,on time,60,6,none,low,7.3,direct_rx
7743,lapsing,early,delayed,30,47,phone,moderate,2.3,hcp
7744,lapsing,early,delayed,60,89,none,high,1.4,direct_rx
7745,on_track,long_term,on time,60,4,phone,moderate,23.2,hcp
7746,on_track,long_term,on time,30,18,app,moderate,17.3,direct_rx
7747,on_track,early,on time,60,6,phone,moderate,0.2,direct_rx
7748,lapsing,early,delayed,30,41,app,high,2.1,direct_rx
7749,lapsing,early,delayed,60,91,app,high,0.9,direct_rx
7750,on_track,stable,on time,30,20,app,low,11.3,hcp
7751,on_track,early,on time,30,2,phone,low,1.0,direct_rx
7752,lapsed,early,missed,30,64,phone,moderate,0.2,direct_rx
7753,lapsed,long_term,missed,90,352,app,moderate,18.9,hcp
7754,on_track,long_term,on time,30,1,none,low,31.7,hcp
7755,lapsed,early,missed,30,95,phone,moderate,1.2,hcp
7756,on_track,long_term,on time,30,15,phone,low,26.4,direct_rx
7757,lapsing,early,delayed,30,39,app,high,2.1,direct_rx
7758,lapsing,early,delayed,30,41,app,moderate,1.3,direct_rx
7759,lapsed,early,missed,30,106,phone,high,2.6,direct_rx
7760,on_track,stable,on time,90,44,phone,low,7.5,direct_rx
7761,on_track,stable,on time,30,23,none,low,11.8,direct_rx
7762,lapsed,stable,missed,90,183,app,high,8.4,hcp
7763,lapsing,early,delayed,30,47,phone,moderate,0.6,hcp
7764,on_track,stable,on time,30,18,app,low,5.5,hcp
7765,on_track,stable,on time,30,0,phone,moderate,11.9,hcp
7766,lapsing,early,delayed,90,134,app,high,2.5,direct_rx
7767,on_track,stable,on time,30,22,app,low,8.9,direct_rx
7768,on_track,long_term,on time,30,22,phone,low,13.7,direct_rx
7769,on_track,long_term,on time,30,20,app,low,34.1,direct_rx
7770,on_track,long_term,on time,30,8,app,low,14.0,hcp
7771,lapsed,long_term,missed,30,100,app,high,22.0,hcp
7772,lapsed,early,missed,60,189,app,high,2.0,direct_rx
7773,on_track,long_term,on time,30,5,phone,low,20.1,direct_rx
7774,on_track,stable,on time,60,7,none,moderate,10.6,direct_rx
7775,lapsed,early,missed,60,213,app,high,1.9,direct_rx
7776,on_track,early,on time,30,19,phone,low,2.6,direct_rx
7777,on_track,stable,on time,30,4,phone,moderate,5.4,hcp
7778,on_track,stable,on time,60,28,app,moderate,5.6,hcp
7779,on_track,stable,on time,60,12,app,low,9.2,direct_rx
7780,on_track,long_term,on time,30,3,none,low,14.6,direct_rx
7781,on_track,stable,on time,30,22,app,low,10.4,direct_rx
7782,on_track,stable,on time,30,11,app,low,9.5,direct_rx
7783,on_track,stable,on time,30,19,app,low,5.9,direct_rx
7784,on_track,stable,on time,30,1,none,moderate,11.0,direct_rx
7785,on_track,early,on time,30,9,app,low,2.6,direct_rx
7786,on_track,stable,on time,60,25,none,low,10.3,hcp
7787,on_track,stable,on time,30,3,app,low,8.2,transfer
7788,on_track,stable,on time,90,14,phone,moderate,7.1,hcp
7789,on_track,long_term,on time,90,57,phone,moderate,24.2,hcp
7790,on_track,stable,on time,90,13,phone,low,9.8,hcp
7791,on_track,stable,on time,30,6,phone,low,6.7,hcp
7792,lapsing,early,delayed,60,90,app,moderate,3.0,hcp
7793,lapsing,long_term,delayed,90,99,phone,moderate,28.8,direct_rx
7794,on_track,stable,on time,90,25,phone,low,4.3,hcp
7795,on_track,early,on time,30,6,phone,moderate,1.9,direct_rx
7796,on_track,early,on time,60,6,none,low,2.3,transfer
7797,lapsing,early,delayed,30,45,app,high,2.4,direct_rx
7798,on_track,stable,on time,30,17,phone,moderate,8.1,direct_rx
7799,lapsed,early,missed,30,53,app,high,0.3,hcp
7800,lapsed,stable,missed,30,59,app,high,9.3,transfer
7801,lapsed,early,missed,60,145,phone,high,2.2,direct_rx
7802,lapsed,early,missed,90,248,app,moderate,1.4,hcp
7803,on_track,long_term,on time,30,18,phone,low,15.2,hcp
7804,lapsed,early,missed,30,60,phone,high,1.6,hcp
7805,on_track,stable,on time,30,8,app,moderate,5.0,hcp
7806,on_track,long_term,on time,30,18,phone,low,14.2,direct_rx
7807,on_track,stable,on time,90,37,phone,low,9.7,direct_rx
7808,lapsing,stable,delayed,30,41,app,moderate,3.4,direct_rx
7809,on_track,long_term,on time,60,15,app,moderate,18.5,hcp
7810,lapsing,early,delayed,30,40,app,moderate,0.5,direct_rx
7811,on_track,long_term,on time,90,44,app,moderate,25.4,hcp
7812,on_track,stable,on time,30,5,app,low,6.0,direct_rx
7813,on_track,long_term,on time,30,2,phone,moderate,32.8,transfer
7814,on_track,stable,on time,30,23,app,moderate,4.5,direct_rx
7815,on_track,long_term,on time,90,37,phone,moderate,17.1,transfer
7816,lapsed,long_term,missed,90,295,app,high,24.9,transfer
7817,lapsed,long_term,missed,30,113,phone,high,31.1,hcp
7818,on_track,early,on time,90,69,app,moderate,0.5,direct_rx
7819,on_track,early,on time,30,6,phone,moderate,2.9,direct_rx
7820,on_track,stable,on time,30,1,none,low,5.3,direct_rx
7821,on_track,stable,on time,90,63,app,low,5.8,direct_rx
7822,on_track,early,on time,90,15,app,low,1.8,direct_rx
7823,on_track,early,on time,30,22,phone,moderate,0.8,hcp
7824,lapsing,early,delayed,30,39,phone,high,1.7,direct_rx
7825,on_track,long_term,on time,30,3,phone,low,24.0,hcp
7826,on_track,long_term,on time,30,16,phone,low,32.4,hcp
7827,on_track,long_term,on time,90,23,app,low,14.0,transfer
7828,on_track,long_term,on time,30,16,none,low,25.3,direct_rx
7829,lapsing,early,delayed,30,42,app,high,0.0,direct_rx
7830,lapsing,early,delayed,30,39,phone,high,2.3,hcp
7831,on_track,stable,on time,30,24,app,moderate,10.3,transfer
7832,on_track,stable,on time,60,25,phone,low,8.5,direct_rx
7833,lapsed,early,missed,30,116,app,high,0.4,transfer
7834,on_track,stable,on time,90,55,app,low,11.1,direct_rx
7835,on_track,stable,on time,30,3,app,low,9.8,direct_rx
7836,lapsing,early,delayed,90,100,none,high,0.4,direct_rx
7837,on_track,long_term,on time,60,8,phone,low,30.7,direct_rx
7838,lapsing,early,delayed,60,80,none,high,3.0,transfer
7839,on_track,stable,on time,60,8,app,moderate,9.3,direct_rx
7840,lapsing,stable,delayed,30,48,phone,moderate,5.5,direct_rx
7841,on_track,stable,on time,90,65,phone,low,11.1,direct_rx
7842,lapsed,early,missed,30,85,app,high,1.5,direct_rx
7843,on_track,stable,on time,30,1,none,low,5.3,direct_rx
7844,on_track,long_term,on time,30,3,none,moderate,34.2,direct_rx
7845,on_track,early,on time,30,18,phone,low,2.5,hcp
7846,on_track,stable,on time,30,9,app,low,10.2,direct_rx
7847,on_track,long_term,on time,30,7,phone,moderate,25.6,hcp
7848,lapsed,early,missed,30,71,phone,moderate,1.8,direct_rx
7849,on_track,stable,on time,30,7,app,moderate,6.9,direct_rx
7850,on_track,long_term,on time,30,2,none,low,24.3,direct_rx
7851,on_track,early,on time,30,20,app,low,1.3,direct_rx
7852,on_track,long_term,on time,30,3,phone,moderate,35.9,hcp
7853,on_track,stable,on time,90,51,none,low,7.5,hcp
7854,on_track,stable,on time,30,20,phone,moderate,6.8,hcp
7855,on_track,long_term,on time,90,56,none,moderate,19.3,direct_rx
7856,on_track,long_term,on time,60,27,phone,low,19.6,direct_rx
7857,lapsing,stable,delayed,60,65,app,high,10.2,hcp
7858,on_track,stable,on time,60,36,phone,low,11.8,direct_rx
7859,on_track,stable,on time,90,50,app,low,11.2,hcp
7860,lapsed,early,missed,60,113,none,moderate,1.6,direct_rx
7861,lapsing,early,delayed,30,47,app,moderate,0.0,direct_rx
7862,on_track,stable,on time,60,39,app,low,8.3,transfer
7863,lapsed,stable,missed,30,112,phone,moderate,10.2,hcp
7864,on_track,stable,on time,60,14,app,moderate,8.0,hcp
7865,on_track,stable,on time,30,1,none,low,3.9,hcp
7866,lapsing,stable,delayed,30,30,app,moderate,5.9,direct_rx
7867,on_track,long_term,on time,30,9,app,moderate,27.9,transfer
7868,lapsing,early,delayed,90,118,app,moderate,2.4,hcp
7869,on_track,long_term,on time,60,37,none,moderate,23.2,hcp
7870,lapsing,early,delayed,30,37,phone,moderate,0.2,hcp
7871,lapsing,long_term,delayed,30,45,app,high,31.6,direct_rx
7872,on_track,early,on time,30,1,app,moderate,0.5,transfer
7873,on_track,long_term,on time,60,2,app,moderate,31.0,direct_rx
7874,lapsing,early,delayed,30,44,phone,moderate,1.9,direct_rx
7875,on_track,stable,on time,60,19,app,low,9.7,direct_rx
7876,lapsed,long_term,missed,30,103,app,high,20.4,direct_rx
7877,on_track,stable,on time,30,24,none,low,8.4,direct_rx
7878,lapsed,early,missed,30,56,none,high,1.4,direct_rx
7879,on_track,long_term,on time,30,7,phone,moderate,27.3,hcp
7880,on_track,long_term,on time,30,0,app,low,29.9,direct_rx
7881,lapsed,early,missed,30,120,phone,high,3.0,hcp
7882,on_track,stable,on time,60,47,app,low,4.0,hcp
7883,on_track,stable,on time,30,19,phone,low,4.5,direct_rx
7884,on_track,stable,on time,60,17,app,low,9.9,hcp
7885,lapsed,long_term,missed,30,104,app,high,20.2,transfer
7886,on_track,stable,on time,30,5,none,moderate,11.8,transfer
7887,lapsing,early,delayed,30,39,phone,moderate,2.1,transfer
7888,on_track,long_term,on time,30,4,none,low,33.5,direct_rx
7889,on_track,stable,on time,90,19,phone,moderate,7.3,hcp
7890,on_track,stable,on time,90,12,app,low,10.0,direct_rx
7891,on_track,long_term,on time,30,1,none,moderate,26.6,hcp
7892,lapsing,early,delayed,30,43,app,moderate,1.5,direct_rx
7893,on_track,long_term,on time,90,22,phone,low,17.9,direct_rx
7894,lapsing,early,delayed,30,30,app,moderate,2.2,direct_rx
7895,on_track,long_term,on time,30,19,app,low,12.9,direct_rx
7896,on_track,stable,on time,30,13,app,low,9.1,direct_rx
7897,on_track,long_term,on time,30,15,app,moderate,27.8,direct_rx
7898,on_track,stable,on time,30,13,phone,low,10.0,direct_rx
7899,on_track,stable,on time,30,6,app,low,6.3,hcp
7900,lapsing,early,delayed,30,45,phone,moderate,2.0,direct_rx
7901,on_track,stable,on time,30,7,phone,low,4.4,transfer
7902,lapsed,early,missed,60,141,app,moderate,0.1,hcp
7903,on_track,long_term,on time,60,14,phone,low,18.6,hcp
7904,lapsing,long_term,delayed,30,44,phone,moderate,17.9,direct_rx
7905,lapsed,stable,missed,30,54,phone,high,5.1,hcp
7906,on_track,long_term,on time,30,17,phone,low,25.4,hcp
7907,on_track,stable,on time,60,0,none,low,11.5,hcp
7908,on_track,stable,on time,90,67,none,low,9.8,hcp
7909,on_track,long_term,on time,60,6,app,moderate,27.5,transfer
7910,on_track,long_term,on time,30,4,phone,low,30.8,transfer
7911,lapsing,stable,delayed,90,111,app,high,3.8,hcp
7912,lapsed,long_term,missed,60,222,phone,high,26.3,direct_rx
7913,on_track,stable,on time,90,44,none,moderate,5.8,direct_rx
7914,on_track,stable,on time,60,24,phone,low,5.0,direct_rx
7915,on_track,long_term,on time,30,12,phone,low,13.9,direct_rx
7916,lapsing,early,delayed,30,45,app,moderate,1.3,direct_rx
7917,on_track,long_term,on time,30,7,app,low,33.4,direct_rx
7918,lapsing,early,delayed,30,36,app,high,0.4,hcp
7919,on_track,long_term,on time,60,35,phone,moderate,25.6,transfer
7920,lapsed,early,missed,30,81,app,high,2.1,transfer
7921,on_track,stable,on time,30,10,app,low,6.9,transfer
7922,on_track,long_term,on time,30,1,app,moderate,22.7,hcp
7923,on_track,stable,on time,90,42,none,moderate,8.0,direct_rx
7924,on_track,early,on time,30,11,none,low,1.1,hcp
7925,lapsed,early,missed,90,329,phone,high,1.6,transfer
7926,on_track,stable,on time,30,24,phone,low,7.4,direct_rx
7927,lapsed,early,missed,60,104,app,high,0.2,hcp
7928,lapsed,early,missed,30,110,app,high,2.6,hcp
7929,on_track,long_term,on time,90,68,none,low,32.5,hcp
7930,on_track,stable,on time,60,37,none,low,8.1,hcp
7931,lapsed,long_term,missed,90,323,app,high,16.6,direct_rx
7932,lapsing,early,delayed,30,31,app,moderate,1.5,direct_rx
7933,lapsing,stable,delayed,30,35,app,high,5.8,direct_rx
7934,on_track,stable,on time,30,16,app,low,7.8,direct_rx
7935,lapsed,long_term,missed,60,214,phone,high,31.4,hcp
7936,on_track,early,on time,30,0,phone,moderate,1.6,hcp
7937,lapsing,stable,delayed,30,39,phone,moderate,10.8,direct_rx
7938,on_track,stable,on time,90,6,app,moderate,5.3,hcp
7939,on_track,stable,on time,60,33,phone,low,9.1,direct_rx
7940,on_track,stable,on time,30,5,app,low,8.1,direct_rx
7941,lapsed,stable,missed,30,115,app,moderate,10.6,hcp
7942,on_track,long_term,on time,30,21,app,low,13.1,hcp
7943,on_track,stable,on time,60,9,app,low,6.2,hcp
7944,on_track,stable,on time,30,1,app,moderate,11.6,hcp
7945,on_track,stable,on time,30,11,app,low,8.5,hcp
7946,lapsing,early,delayed,60,93,phone,moderate,1.4,hcp
7947,on_track,stable,on time,30,3,app,low,3.8,hcp
7948,on_track,stable,on time,30,2,phone,low,9.4,direct_rx
7949,on_track,stable,on time,60,31,phone,low,9.8,transfer
7950,on_track,stable,on time,30,10,app,low,11.7,direct_rx
7951,on_track,stable,on time,30,15,app,low,3.6,hcp
7952,lapsed,early,missed,60,227,none,moderate,1.6,hcp
7953,lapsed,early,missed,90,335,none,moderate,2.3,direct_rx
7954,on_track,long_term,on time,60,8,app,low,21.9,direct_rx
7955,on_track,stable,on time,90,48,none,low,5.3,direct_rx
7956,lapsed,early,missed,30,70,none,high,2.8,direct_rx
7957,on_track,stable,on time,90,48,app,low,7.6,direct_rx
7958,on_track,long_term,on time,90,31,app,moderate,29.3,direct_rx
7959,on_track,stable,on time,30,9,none,low,9.2,direct_rx
7960,on_track,long_term,on time,30,17,phone,low,19.4,direct_rx
7961,lapsing,stable,delayed,30,44,app,moderate,10.4,hcp
7962,on_track,long_term,on time,60,19,phone,low,12.3,direct_rx
7963,on_track,long_term,on time,30,6,phone,low,32.1,direct_rx
7964,on_track,long_term,on time,30,18,app,low,18.0,direct_rx
7965,on_track,stable,on time,30,0,app,low,6.2,transfer
7966,lapsing,early,delayed,30,35,phone,high,2.8,direct_rx
7967,on_track,long_term,on time,90,58,phone,low,14.3,direct_rx
7968,on_track,stable,on time,60,8,app,moderate,7.7,direct_rx
7969,lapsed,early,missed,30,72,none,moderate,2.8,direct_rx
7970,on_track,long_term,on time,60,19,app,low,21.1,direct_rx
7971,lapsing,long_term,delayed,30,33,none,moderate,15.2,direct_rx
7972,on_track,long_term,on time,90,36,app,low,35.0,hcp
7973,on_track,long_term,on time,30,21,app,moderate,35.4,direct_rx
7974,on_track,long_term,on time,30,0,phone,low,28.6,direct_rx
7975,lapsed,early,missed,60,132,phone,high,0.5,direct_rx
7976,on_track,stable,on time,30,22,phone,low,7.3,direct_rx
7977,on_track,stable,on time,30,16,app,moderate,9.8,direct_rx
7978,on_track,long_term,on time,30,6,app,low,14.6,direct_rx
7979,on_track,stable,on time,30,15,app,low,8.7,direct_rx
7980,lapsing,early,delayed,90,124,none,high,1.3,transfer
7981,lapsing,early,delayed,30,33,phone,moderate,2.0,direct_rx
7982,on_track,stable,on time,30,15,none,moderate,5.3,hcp
7983,on_track,long_term,on time,60,25,phone,moderate,36.0,hcp
7984,on_track,long_term,on time,30,22,phone,moderate,18.9,direct_rx
7985,lapsed,early,missed,90,312,phone,high,0.4,direct_rx
7986,lapsing,long_term,delayed,30,36,app,high,34.2,direct_rx
7987,lapsing,early,delayed,60,63,phone,moderate,2.9,direct_rx
7988,lapsed,early,missed,30,84,app,moderate,1.1,hcp
7989,on_track,stable,on time,30,5,none,low,10.7,transfer
7990,lapsing,long_term,delayed,90,108,phone,high,15.5,direct_rx
7991,on_track,stable,on time,30,9,none,low,10.2,hcp
7992,on_track,long_term,on time,90,57,app,moderate,33.2,direct_rx
7993,on_track,stable,on time,90,46,none,low,7.9,direct_rx
7994,on_track,long_term,on time,90,33,phone,low,20.8,direct_rx
7995,lapsed,early,missed,30,92,app,moderate,0.5,hcp
7996,lapsing,early,delayed,30,36,app,high,2.4,transfer
7997,on_track,stable,on time,90,37,phone,low,6.7,hcp
7998,on_track,stable,on time,60,10,app,low,9.5,transfer
7999,on_track,long_term,on time,30,5,app,low,29.8,direct_rx
8000,on_track,stable,on time,30,23,none,moderate,9.4,hcp
8001,on_track,stable,on time,60,26,app,low,10.7,hcp
8002,on_track,stable,on time,60,25,app,low,8.9,hcp
8003,on_track,stable,on time,90,65,phone,low,6.0,direct_rx
8004,on_track,stable,on time,30,21,app,low,8.4,direct_rx
8005,on_track,stable,on time,30,9,app,moderate,5.0,hcp
8006,lapsing,early,delayed,60,68,app,moderate,1.8,direct_rx
8007,on_track,stable,on time,60,9,phone,low,11.4,transfer
8008,on_track,stable,on time,90,28,phone,low,10.1,transfer
8009,on_track,stable,on time,90,12,phone,low,9.1,direct_rx
8010,on_track,long_term,on time,30,20,none,low,30.4,hcp
8011,lapsing,early,delayed,30,42,none,moderate,0.3,direct_rx
8012,on_track,stable,on time,30,9,phone,low,8.3,direct_rx
8013,on_track,long_term,on time,30,14,phone,moderate,27.0,direct_rx
8014,lapsing,early,delayed,30,32,app,moderate,2.4,direct_rx
8015,lapsed,early,missed,30,55,none,high,1.7,direct_rx
8016,on_track,stable,on time,90,11,app,moderate,9.8,hcp
8017,lapsing,early,delayed,90,129,none,moderate,2.4,direct_rx
8018,on_track,stable,on time,30,11,app,low,9.3,direct_rx
8019,lapsed,early,missed,60,126,app,high,2.5,direct_rx
8020,lapsing,early,delayed,30,39,none,moderate,1.9,direct_rx
8021,on_track,long_term,on time,90,72,phone,low,19.4,hcp
8022,lapsing,early,delayed,60,67,phone,moderate,2.3,transfer
8023,lapsing,stable,delayed,30,38,phone,high,7.0,direct_rx
8024,on_track,long_term,on time,30,19,none,low,28.5,direct_rx
8025,on_track,long_term,on time,60,21,app,low,14.3,direct_rx
8026,on_track,early,on time,60,32,none,low,0.5,direct_rx
8027,on_track,long_term,on time,30,14,app,low,18.2,direct_rx
8028,on_track,stable,on time,30,13,phone,low,10.9,transfer
8029,lapsed,stable,missed,60,115,app,high,8.8,direct_rx
8030,lapsed,early,missed,60,229,app,moderate,0.0,direct_rx
8031,on_track,stable,on time,60,15,none,moderate,10.8,direct_rx
8032,on_track,stable,on time,60,0,phone,low,10.3,direct_rx
8033,lapsing,long_term,delayed,30,42,phone,high,13.2,direct_rx
8034,on_track,stable,on time,60,6,app,low,6.4,hcp
8035,lapsed,early,missed,30,102,app,moderate,0.4,hcp
8036,lapsed,early,missed,90,190,phone,high,2.9,direct_rx
8037,lapsed,early,missed,30,96,phone,high,0.5,direct_rx
8038,lapsing,stable,delayed,30,48,none,moderate,7.6,direct_rx
8039,on_track,stable,on time,30,3,phone,low,5.3,transfer
8040,on_track,early,on time,30,24,app,low,2.3,direct_rx
8041,on_track,long_term,on time,60,20,app,moderate,15.5,hcp
8042,on_track,long_term,on time,30,2,phone,low,34.8,transfer
8043,on_track,long_term,on time,30,24,app,low,14.5,direct_rx
8044,on_track,long_term,on time,60,21,phone,moderate,19.4,hcp
8045,lapsing,early,delayed,90,120,app,high,0.4,direct_rx
8046,on_track,stable,on time,30,8,none,low,9.9,transfer
8047,on_track,stable,on time,30,3,phone,moderate,11.9,hcp
8048,on_track,stable,on time,30,16,app,low,7.9,direct_rx
8049,on_track,long_term,on time,90,62,none,low,22.8,direct_rx
8050,on_track,stable,on time,30,3,none,low,9.6,direct_rx
8051,lapsing,early,delayed,30,32,phone,moderate,1.4,direct_rx
8052,on_track,long_term,on time,60,44,app,low,30.6,hcp
8053,lapsing,early,delayed,30,32,app,moderate,1.3,hcp
8054,on_track,early,on time,60,13,app,low,1.5,direct_rx
8055,on_track,long_term,on time,30,10,phone,low,21.8,hcp
8056,lapsing,long_term,delayed,30,32,none,high,26.3,hcp
8057,lapsed,stable,missed,60,225,none,moderate,11.6,direct_rx
8058,on_track,long_term,on time,90,24,none,low,27.1,direct_rx
8059,on_track,stable,on time,30,10,none,low,8.2,transfer
8060,lapsing,early,delayed,60,84,app,moderate,0.3,direct_rx
8061,on_track,stable,on time,30,16,none,moderate,3.4,direct_rx
8062,on_track,stable,on time,60,1,app,moderate,10.4,hcp
8063,lapsing,stable,delayed,30,38,phone,moderate,9.9,hcp
8064,lapsed,long_term,missed,90,178,phone,high,24.8,direct_rx
8065,on_track,long_term,on time,30,6,app,low,13.4,direct_rx
8066,on_track,stable,on time,30,13,app,moderate,11.8,hcp
8067,lapsing,long_term,delayed,30,38,app,moderate,34.7,direct_rx
8068,on_track,stable,on time,30,9,app,low,11.0,direct_rx
8069,lapsed,early,missed,30,92,app,high,3.0,transfer
8070,on_track,stable,on time,30,24,phone,moderate,5.8,direct_rx
8071,lapsed,long_term,missed,90,345,app,moderate,35.4,direct_rx
8072,lapsing,early,delayed,30,47,app,moderate,1.5,transfer
8073,on_track,stable,on time,90,57,app,low,8.6,direct_rx
8074,lapsing,stable,delayed,90,133,app,moderate,9.0,direct_rx
8075,lapsed,early,missed,30,100,app,high,0.8,direct_rx
8076,lapsing,early,delayed,30,35,phone,high,1.3,direct_rx
8077,on_track,stable,on time,90,57,none,low,11.1,direct_rx
8078,on_track,stable,on time,60,19,app,moderate,4.9,direct_rx
8079,on_track,stable,on time,30,23,app,low,10.7,direct_rx
8080,on_track,early,on time,60,13,app,low,0.1,hcp
8081,lapsing,early,delayed,90,109,phone,moderate,0.8,direct_rx
8082,lapsing,early,delayed,30,32,app,moderate,2.3,hcp
8083,on_track,stable,on time,30,23,phone,low,5.9,direct_rx
8084,on_track,stable,on time,60,16,app,low,3.9,direct_rx
8085,on_track,long_term,on time,30,16,none,low,34.5,hcp
8086,on_track,stable,on time,60,16,app,low,8.7,hcp
8087,on_track,long_term,on time,90,48,phone,low,20.6,direct_rx
8088,on_track,stable,on time,30,15,app,low,7.6,hcp
8089,on_track,early,on time,30,23,app,moderate,0.6,hcp
8090,on_track,long_term,on time,30,23,app,moderate,34.6,direct_rx
8091,on_track,stable,on time,60,4,phone,low,5.3,hcp
8092,on_track,long_term,on time,30,8,app,low,29.9,direct_rx
8093,on_track,early,on time,90,52,phone,low,1.1,transfer
8094,on_track,stable,on time,90,10,app,low,10.3,direct_rx
8095,lapsed,stable,missed,30,102,phone,high,10.7,hcp
8096,lapsed,early,missed,30,99,app,high,2.8,direct_rx
8097,on_track,stable,on time,30,2,app,moderate,7.2,direct_rx
8098,on_track,stable,on time,90,50,app,low,4.4,direct_rx
8099,on_track,stable,on time,30,5,phone,low,8.8,hcp
8100,on_track,stable,on time,30,9,app,low,10.9,hcp
8101,on_track,long_term,on time,30,16,phone,moderate,28.7,hcp
8102,on_track,stable,on time,60,46,app,moderate,7.4,hcp
8103,on_track,long_term,on time,30,19,phone,low,33.7,direct_rx
8104,on_track,stable,on time,90,52,none,moderate,7.5,hcp
8105,on_track,long_term,on time,90,7,none,low,33.1,hcp
8106,on_track,stable,on time,60,41,app,low,9.7,direct_rx
8107,lapsing,stable,delayed,90,112,none,moderate,7.5,hcp
8108,on_track,stable,on time,60,23,phone,low,11.5,hcp
8109,on_track,stable,on time,30,12,phone,low,6.0,direct_rx
8110,lapsed,stable,missed,90,153,app,high,9.3,hcp
8111,on_track,long_term,on time,90,54,none,moderate,28.0,direct_rx
8112,lapsing,early,delayed,30,30,none,moderate,2.1,direct_rx
8113,lapsing,early,delayed,60,84,phone,moderate,1.0,direct_rx
8114,on_track,stable,on time,60,21,phone,low,8.4,direct_rx
8115,lapsing,early,delayed,90,104,phone,moderate,0.9,direct_rx
8116,on_track,early,on time,90,53,none,low,2.7,hcp
8117,lapsed,long_term,missed,30,60,phone,high,13.9,direct_rx
8118,lapsed,early,missed,30,64,phone,high,2.6,direct_rx
8119,on_track,long_term,on time,60,43,app,low,19.3,hcp
8120,lapsing,early,delayed,30,34,phone,moderate,2.6,direct_rx
8121,on_track,stable,on time,30,7,app,low,10.1,hcp
8122,on_track,long_term,on time,90,0,none,moderate,12.8,hcp
8123,on_track,long_term,on time,60,2,app,low,12.3,direct_rx
8124,lapsing,early,delayed,60,76,app,moderate,0.6,direct_rx
8125,on_track,stable,on time,30,10,app,moderate,5.6,direct_rx
8126,lapsing,early,delayed,30,48,none,moderate,1.1,hcp
8127,lapsing,long_term,delayed,30,46,phone,moderate,12.2,direct_rx
8128,on_track,early,on time,60,19,app,moderate,0.5,hcp
8129,on_track,long_term,on time,30,1,app,low,25.4,direct_rx
8130,lapsing,stable,delayed,90,101,app,high,9.5,direct_rx
8131,on_track,stable,on time,60,16,phone,moderate,6.9,direct_rx
8132,on_track,long_term,on time,90,35,none,low,21.8,direct_rx
8133,on_track,long_term,on time,30,9,phone,low,24.7,direct_rx
8134,lapsing,early,delayed,90,104,app,moderate,2.9,hcp
8135,lapsed,early,missed,30,78,phone,moderate,0.9,hcp
8136,on_track,long_term,on time,30,19,none,low,34.0,hcp
8137,on_track,stable,on time,90,64,app,moderate,10.7,hcp
8138,on_track,long_term,on time,30,0,none,low,12.4,hcp
8139,lapsed,stable,missed,90,320,none,moderate,8.0,hcp
8140,on_track,stable,on time,60,4,app,low,10.1,direct_rx
8141,lapsed,early,missed,90,172,app,high,0.8,hcp
8142,on_track,stable,on time,30,15,app,low,7.8,direct_rx
8143,on_track,stable,on time,30,4,none,low,8.0,hcp
8144,lapsing,early,delayed,90,115,app,high,1.7,hcp
8145,on_track,long_term,on time,90,14,phone,moderate,32.6,direct_rx
8146,on_track,long_term,on time,30,8,app,low,27.1,hcp
8147,lapsing,early,delayed,30,39,none,moderate,1.3,hcp
8148,on_track,long_term,on time,90,59,none,moderate,15.5,direct_rx
8149,lapsing,stable,delayed,30,38,app,high,3.1,hcp
8150,on_track,stable,on time,30,20,app,moderate,11.6,direct_rx
8151,lapsing,stable,delayed,90,114,app,high,6.0,hcp
8152,on_track,stable,on time,30,24,app,moderate,9.9,direct_rx
8153,on_track,stable,on time,30,9,none,low,10.3,hcp
8154,lapsing,early,delayed,30,48,app,moderate,0.7,hcp
8155,on_track,stable,on time,60,30,phone,low,6.6,hcp
8156,lapsed,early,missed,30,108,none,high,1.9,hcp
8157,lapsed,early,missed,30,107,app,high,1.0,direct_rx
8158,on_track,stable,on time,60,40,phone,low,11.3,direct_rx
8159,on_track,long_term,on time,30,24,none,low,32.3,hcp
8160,on_track,stable,on time,90,1,app,moderate,5.0,direct_rx
8161,on_track,stable,on time,30,6,app,low,5.1,direct_rx
8162,lapsing,long_term,delayed,30,32,none,moderate,19.3,hcp
8163,lapsing,early,delayed,30,39,phone,moderate,1.5,hcp
8164,on_track,long_term,on time,30,9,phone,low,24.6,hcp
8165,on_track,stable,on time,30,11,app,low,11.0,hcp
8166,on_track,long_term,on time,30,4,phone,moderate,31.0,direct_rx
8167,on_track,early,on time,60,3,app,moderate,2.3,hcp
8168,on_track,long_term,on time,30,3,none,low,24.8,hcp
8169,on_track,stable,on time,30,3,phone,low,4.5,transfer
8170,lapsing,early,delayed,30,42,phone,moderate,1.7,transfer
8171,on_track,long_term,on time,30,10,phone,low,25.7,transfer
8172,lapsed,early,missed,30,87,none,high,1.3,direct_rx
8173,lapsing,stable,delayed,30,30,app,moderate,10.0,direct_rx
8174,on_track,long_term,on time,30,12,phone,moderate,19.0,hcp
8175,on_track,early,on time,60,26,app,low,2.5,transfer
8176,on_track,long_term,on time,30,19,phone,moderate,22.3,hcp
8177,on_track,stable,on time,60,43,phone,low,11.5,hcp
8178,on_track,long_term,on time,30,22,app,moderate,14.5,direct_rx
8179,on_track,long_term,on time,30,6,app,low,35.0,direct_rx
8180,on_track,stable,on time,30,0,phone,low,8.7,hcp
8181,on_track,long_term,on time,90,49,app,moderate,33.5,hcp
8182,lapsing,early,delayed,90,138,app,moderate,0.3,direct_rx
8183,on_track,early,on time,30,9,app,moderate,1.3,hcp
8184,lapsing,early,delayed,30,31,phone,moderate,3.0,hcp
8185,on_track,stable,on time,60,41,none,low,8.9,direct_rx
8186,lapsing,early,delayed,30,47,app,moderate,1.1,hcp
8187,lapsed,early,missed,30,59,none,high,1.7,direct_rx
8188,lapsing,early,delayed,30,30,app,moderate,0.3,direct_rx
8189,lapsing,early,delayed,90,93,phone,moderate,0.7,direct_rx
8190,lapsing,stable,delayed,90,107,app,moderate,6.2,direct_rx
8191,lapsing,early,delayed,60,70,app,moderate,1.8,direct_rx
8192,on_track,long_term,on time,30,11,app,low,24.8,hcp
8193,lapsing,early,delayed,30,42,phone,moderate,0.0,hcp
8194,lapsed,long_term,missed,30,51,app,high,30.7,hcp
8195,on_track,stable,on time,30,4,phone,low,10.4,direct_rx
8196,lapsing,long_term,delayed,90,116,app,moderate,14.1,direct_rx
8197,lapsing,early,delayed,30,31,app,moderate,0.3,direct_rx
8198,on_track,long_term,on time,30,18,app,low,29.3,direct_rx
8199,on_track,stable,on time,30,11,app,low,10.9,direct_rx
8200,on_track,stable,on time,30,18,app,moderate,7.4,transfer
8201,on_track,stable,on time,30,7,app,moderate,8.0,direct_rx
8202,on_track,stable,on time,30,16,phone,low,4.4,hcp
8203,on_track,stable,on time,30,0,app,low,7.9,direct_rx
8204,lapsing,early,delayed,60,95,phone,high,0.8,hcp
8205,on_track,stable,on time,60,48,app,moderate,9.6,hcp
8206,lapsed,early,missed,90,235,none,high,2.6,direct_rx
8207,on_track,stable,on time,30,9,app,moderate,7.9,direct_rx
8208,on_track,stable,on time,30,0,phone,moderate,10.3,transfer
8209,lapsed,stable,missed,30,116,none,high,4.9,direct_rx
8210,on_track,long_term,on time,30,14,app,moderate,20.3,hcp
8211,on_track,long_term,on time,60,30,app,moderate,34.7,hcp
8212,on_track,stable,on time,30,18,phone,moderate,3.1,direct_rx
8213,on_track,long_term,on time,30,6,app,moderate,35.6,direct_rx
8214,on_track,long_term,on time,90,13,phone,moderate,35.3,hcp
8215,on_track,stable,on time,30,0,phone,moderate,4.3,hcp
8216,on_track,long_term,on time,90,51,phone,moderate,16.0,direct_rx
8217,lapsing,long_term,delayed,30,38,app,moderate,21.4,hcp
8218,on_track,early,on time,30,24,none,low,2.8,direct_rx
8219,lapsing,early,delayed,60,65,phone,high,0.8,hcp
8220,on_track,long_term,on time,90,51,app,low,15.9,hcp
8221,lapsing,long_term,delayed,30,43,phone,moderate,23.1,direct_rx
8222,lapsing,early,delayed,30,45,app,high,2.5,transfer
8223,lapsed,stable,missed,30,68,phone,high,6.5,direct_rx
8224,on_track,long_term,on time,30,19,phone,moderate,31.4,transfer
8225,lapsing,early,delayed,30,36,phone,moderate,0.5,direct_rx
8226,on_track,stable,on time,30,20,phone,moderate,8.7,direct_rx
8227,lapsing,stable,delayed,60,75,app,high,7.1,direct_rx
8228,lapsing,early,delayed,60,64,none,high,2.1,direct_rx
8229,on_track,stable,on time,30,10,app,low,9.5,direct_rx
8230,on_track,long_term,on time,30,0,phone,moderate,12.8,direct_rx
8231,on_track,stable,on time,30,22,app,low,11.4,hcp
8232,on_track,stable,on time,30,4,phone,low,4.0,direct_rx
8233,on_track,stable,on time,30,9,none,low,7.2,hcp
8234,on_track,stable,on time,30,3,phone,low,8.3,hcp
8235,on_track,long_term,on time,90,35,phone,low,19.1,hcp
8236,lapsing,stable,delayed,30,34,app,high,6.5,direct_rx
8237,lapsing,early,delayed,60,88,phone,high,1.4,direct_rx
8238,on_track,stable,on time,60,3,none,moderate,7.9,direct_rx
8239,on_track,long_term,on time,90,70,phone,moderate,14.4,hcp
8240,on_track,stable,on time,90,33,app,moderate,7.9,direct_rx
8241,lapsing,early,delayed,90,134,phone,high,2.9,hcp
8242,lapsing,early,delayed,30,44,phone,moderate,1.8,hcp
8243,on_track,stable,on time,30,18,app,moderate,10.3,hcp
8244,on_track,stable,on time,90,4,none,low,7.9,direct_rx
8245,lapsing,early,delayed,30,41,phone,moderate,2.6,hcp
8246,on_track,stable,on time,90,28,app,low,4.9,transfer
8247,on_track,stable,on time,30,9,none,moderate,9.7,direct_rx
8248,on_track,stable,on time,60,24,app,moderate,8.8,hcp
8249,on_track,stable,on time,90,71,phone,low,9.5,direct_rx
8250,on_track,long_term,on time,90,42,phone,moderate,22.9,direct_rx
8251,lapsing,early,delayed,90,142,app,moderate,0.7,direct_rx
8252,lapsing,stable,delayed,30,43,none,moderate,4.7,direct_rx
8253,lapsed,early,missed,30,69,none,high,2.9,direct_rx
8254,lapsing,early,delayed,60,71,app,high,1.9,direct_rx
8255,on_track,stable,on time,30,0,phone,low,12.0,direct_rx
8256,on_track,stable,on time,30,5,none,low,7.3,hcp
8257,on_track,early,on time,30,20,none,low,1.1,hcp
8258,on_track,stable,on time,30,5,app,low,8.2,hcp
8259,on_track,stable,on time,30,3,app,moderate,5.0,transfer
8260,on_track,long_term,on time,60,37,phone,low,24.0,direct_rx
8261,lapsed,early,missed,30,66,none,moderate,0.0,direct_rx
8262,on_track,stable,on time,90,61,app,low,9.1,direct_rx
8263,on_track,stable,on time,90,68,none,moderate,4.1,direct_rx
8264,lapsing,early,delayed,30,37,app,moderate,2.1,transfer
8265,on_track,stable,on time,30,19,app,low,11.7,hcp
8266,on_track,stable,on time,90,61,app,low,12.0,transfer
8267,lapsing,stable,delayed,30,42,phone,moderate,7.7,direct_rx
8268,lapsing,stable,delayed,30,43,phone,high,9.3,hcp
8269,lapsing,long_term,delayed,30,48,phone,moderate,14.0,direct_rx
8270,lapsing,early,delayed,30,44,none,high,2.7,direct_rx
8271,on_track,stable,on time,30,6,app,low,11.5,hcp
8272,lapsing,early,delayed,30,36,phone,moderate,2.9,transfer
8273,on_track,stable,on time,30,20,app,moderate,6.5,direct_rx
8274,on_track,stable,on time,30,20,app,low,7.8,direct_rx
8275,lapsing,stable,delayed,30,47,app,moderate,10.3,direct_rx
8276,lapsed,early,missed,30,91,phone,high,0.2,direct_rx
8277,lapsed,early,missed,90,184,app,moderate,2.0,hcp
8278,on_track,stable,on time,30,14,app,low,8.9,hcp
8279,lapsed,early,missed,30,79,phone,moderate,0.3,transfer
8280,on_track,long_term,on time,30,8,phone,low,13.5,hcp
8281,lapsed,early,missed,90,277,app,high,2.8,hcp
8282,on_track,stable,on time,30,13,none,moderate,7.0,direct_rx
8283,on_track,stable,on time,90,29,none,low,4.7,direct_rx
8284,lapsing,early,delayed,90,135,phone,high,0.9,direct_rx
8285,on_track,stable,on time,90,26,app,low,9.3,hcp
8286,on_track,long_term,on time,30,24,none,moderate,16.1,direct_rx
8287,on_track,stable,on time,30,2,app,moderate,8.3,direct_rx
8288,on_track,stable,on time,60,22,app,low,9.9,transfer
8289,lapsed,early,missed,30,99,app,high,0.6,hcp
8290,on_track,long_term,on time,30,13,app,low,28.4,hcp
8291,lapsed,early,missed,30,114,none,high,0.6,direct_rx
8292,on_track,long_term,on time,30,13,app,low,16.4,direct_rx
8293,on_track,long_term,on time,60,26,none,moderate,18.5,hcp
8294,lapsing,stable,delayed,30,37,phone,moderate,9.1,direct_rx
8295,on_track,early,on time,30,6,none,low,0.7,hcp
8296,lapsed,early,missed,30,120,app,high,2.1,hcp
8297,on_track,stable,on time,60,12,none,low,10.2,direct_rx
8298,on_track,stable,on time,30,16,none,low,6.6,direct_rx
8299,on_track,stable,on time,60,33,none,moderate,7.8,direct_rx
8300,on_track,stable,on time,30,5,app,low,4.0,transfer
8301,lapsing,early,delayed,60,91,none,moderate,2.7,transfer
8302,on_track,stable,on time,90,55,none,moderate,3.3,transfer
8303,on_track,stable,on time,30,6,app,low,12.0,hcp
8304,on_track,long_term,on time,90,38,app,moderate,29.2,direct_rx
8305,on_track,long_term,on time,60,1,app,low,25.4,direct_rx
8306,on_track,long_term,on time,30,11,phone,moderate,31.0,hcp
8307,lapsing,long_term,delayed,30,42,app,high,23.6,direct_rx
8308,lapsing,long_term,delayed,30,37,phone,moderate,18.1,direct_rx
8309,on_track,long_term,on time,90,66,phone,low,20.4,hcp
8310,on_track,long_term,on time,30,22,app,low,21.2,direct_rx
8311,lapsing,early,delayed,30,36,app,moderate,0.2,transfer
8312,lapsing,stable,delayed,60,79,app,moderate,6.6,hcp
8313,on_track,early,on time,60,9,app,low,2.9,hcp
8314,on_track,stable,on time,30,13,phone,low,8.6,hcp
8315,on_track,stable,on time,30,7,phone,moderate,10.4,direct_rx
8316,on_track,long_term,on time,60,9,phone,low,22.3,direct_rx
8317,on_track,stable,on time,60,33,app,low,9.4,direct_rx
8318,on_track,long_term,on time,30,22,app,moderate,35.5,hcp
8319,on_track,stable,on time,30,17,app,low,5.3,hcp
8320,lapsed,stable,missed,30,82,phone,high,8.6,hcp
8321,on_track,early,on time,30,1,app,low,2.4,hcp
8322,on_track,long_term,on time,30,11,phone,moderate,17.6,hcp
8323,lapsing,early,delayed,90,91,app,moderate,0.9,direct_rx
8324,on_track,early,on time,30,21,phone,low,0.0,direct_rx
8325,lapsing,early,delayed,60,96,phone,high,1.7,direct_rx
8326,lapsed,early,missed,30,58,app,moderate,1.9,direct_rx
8327,on_track,early,on time,30,2,app,low,2.8,direct_rx
8328,on_track,stable,on time,30,19,none,low,8.9,direct_rx
8329,on_track,stable,on time,30,16,app,moderate,11.1,direct_rx
8330,on_track,stable,on time,90,16,none,low,6.8,direct_rx
8331,lapsing,early,delayed,90,106,app,moderate,2.9,direct_rx
8332,on_track,long_term,on time,30,23,app,low,18.6,transfer
8333,on_track,long_term,on time,90,9,phone,low,12.3,direct_rx
8334,lapsing,early,delayed,30,42,none,moderate,1.3,direct_rx
8335,lapsing,early,delayed,30,33,app,moderate,2.4,hcp
8336,on_track,long_term,on time,30,5,app,low,33.8,transfer
8337,on_track,long_term,on time,30,22,none,moderate,15.9,direct_rx
8338,lapsed,early,missed,90,174,none,high,2.8,direct_rx
8339,on_track,stable,on time,30,19,app,moderate,10.1,direct_rx
8340,on_track,long_term,on time,90,64,app,low,20.9,direct_rx
8341,on_track,long_term,on time,30,15,none,moderate,24.4,direct_rx
8342,on_track,long_term,on time,30,3,phone,low,18.3,direct_rx
8343,on_track,long_term,on time,30,16,phone,low,27.1,direct_rx
8344,lapsing,long_term,delayed,60,85,app,high,32.2,direct_rx
8345,on_track,stable,on time,90,44,app,moderate,10.6,direct_rx
8346,on_track,stable,on time,30,17,phone,moderate,11.8,direct_rx
8347,lapsed,stable,missed,30,52,phone,moderate,7.8,direct_rx
8348,on_track,long_term,on time,90,21,app,low,23.9,direct_rx
8349,lapsing,stable,delayed,30,38,app,moderate,5.8,transfer
8350,on_track,long_term,on time,30,17,app,low,30.8,direct_rx
8351,on_track,stable,on time,30,5,app,moderate,11.6,transfer
8352,lapsing,early,delayed,90,109,app,moderate,1.8,hcp
8353,on_track,long_term,on time,30,2,none,low,21.4,direct_rx
8354,lapsed,early,missed,60,216,app,high,2.8,hcp
8355,on_track,long_term,on time,90,31,none,moderate,21.5,direct_rx
8356,on_track,stable,on time,30,12,phone,low,10.1,transfer
8357,lapsing,stable,delayed,30,39,app,moderate,9.6,direct_rx
8358,on_track,stable,on time,30,2,none,low,10.5,direct_rx
8359,lapsed,early,missed,60,124,phone,high,1.4,transfer
8360,on_track,stable,on time,30,11,app,low,10.6,hcp
8361,on_track,long_term,on time,30,13,phone,low,26.0,hcp
8362,on_track,stable,on time,30,20,phone,low,11.6,direct_rx
8363,lapsing,early,delayed,30,45,app,high,1.1,hcp
8364,lapsed,early,missed,60,167,none,high,1.9,hcp
8365,on_track,stable,on time,90,48,none,low,9.6,direct_rx
8366,on_track,stable,on time,30,13,none,low,7.4,transfer
8367,on_track,stable,on time,30,7,app,moderate,7.5,hcp
8368,lapsed,early,missed,60,217,phone,high,0.9,direct_rx
8369,on_track,stable,on time,30,5,app,low,5.2,direct_rx
8370,lapsing,early,delayed,90,115,app,high,0.7,hcp
8371,on_track,long_term,on time,30,3,phone,low,22.8,direct_rx
8372,on_track,stable,on time,60,30,app,moderate,4.8,hcp
8373,on_track,long_term,on time,30,6,app,low,20.5,transfer
8374,lapsing,early,delayed,30,36,none,high,1.9,transfer
8375,on_track,stable,on time,90,14,phone,moderate,4.5,direct_rx
8376,lapsing,early,delayed,30,47,app,moderate,0.3,transfer
8377,on_track,long_term,on time,30,13,phone,low,20.9,direct_rx
8378,on_track,long_term,on time,30,15,app,low,29.1,direct_rx
8379,on_track,stable,on time,60,32,app,moderate,11.4,direct_rx
8380,on_track,long_term,on time,90,18,app,low,21.9,direct_rx
8381,on_track,stable,on time,30,21,app,low,9.8,direct_rx
8382,on_track,long_term,on time,60,44,phone,low,18.5,direct_rx
8383,lapsing,early,delayed,30,40,phone,high,2.1,hcp
8384,on_track,long_term,on time,30,4,phone,low,17.6,direct_rx
8385,lapsing,early,delayed,90,128,app,moderate,1.8,direct_rx
8386,lapsed,stable,missed,60,140,phone,high,9.6,direct_rx
8387,lapsing,early,delayed,30,42,app,moderate,2.0,direct_rx
8388,on_track,stable,on time,30,6,phone,low,10.6,direct_rx
8389,on_track,long_term,on time,30,7,phone,low,14.3,direct_rx
8390,on_track,stable,on time,30,5,app,low,7.2,transfer
8391,on_track,stable,on time,60,48,phone,moderate,7.7,hcp
8392,lapsing,stable,delayed,30,38,app,high,8.8,hcp
8393,on_track,stable,on time,30,24,app,low,9.4,hcp
8394,lapsed,early,missed,90,171,app,high,0.1,hcp
8395,on_track,long_term,on time,30,6,none,moderate,22.1,hcp
8396,on_track,long_term,on time,30,14,app,moderate,17.7,direct_rx
8397,on_track,long_term,on time,90,30,phone,low,24.9,direct_rx
8398,on_track,stable,on time,60,7,none,moderate,7.4,direct_rx
8399,on_track,long_term,on time,90,38,app,low,16.5,direct_rx
8400,on_track,long_term,on time,30,18,app,low,17.1,direct_rx
8401,lapsing,stable,delayed,90,94,phone,moderate,9.1,transfer
8402,lapsed,stable,missed,90,301,app,high,5.4,direct_rx
8403,on_track,long_term,on time,30,22,none,low,27.3,direct_rx
8404,on_track,long_term,on time,60,0,app,low,30.8,hcp
8405,on_track,stable,on time,60,12,app,low,8.4,hcp
8406,on_track,stable,on time,90,36,none,moderate,11.6,transfer
8407,on_track,long_term,on time,30,6,phone,low,22.4,direct_rx
8408,on_track,stable,on time,30,20,app,low,11.7,direct_rx
8409,on_track,stable,on time,90,35,app,low,11.0,direct_rx
8410,lapsing,early,delayed,30,43,phone,moderate,0.6,hcp
8411,on_track,long_term,on time,30,23,none,low,25.8,direct_rx
8412,on_track,stable,on time,30,0,phone,low,9.4,direct_rx
8413,on_track,stable,on time,30,17,app,moderate,7.7,direct_rx
8414,lapsed,early,missed,60,182,app,high,1.1,transfer
8415,lapsing,early,delayed,30,43,phone,high,0.8,direct_rx
8416,lapsed,early,missed,30,82,none,high,0.2,direct_rx
8417,on_track,long_term,on time,90,64,none,low,19.4,direct_rx
8418,on_track,long_term,on time,30,5,app,moderate,27.9,direct_rx
8419,on_track,stable,on time,30,2,phone,low,9.1,direct_rx
8420,on_track,stable,on time,30,0,phone,low,11.3,direct_rx
8421,lapsed,stable,missed,30,116,app,high,5.5,direct_rx
8422,on_track,stable,on time,30,15,none,moderate,9.4,direct_rx
8423,lapsing,long_term,delayed,90,98,app,moderate,31.4,transfer
8424,on_track,long_term,on time,30,17,none,moderate,12.3,hcp
8425,lapsing,early,delayed,60,61,phone,high,2.8,direct_rx
8426,lapsed,stable,missed,30,79,app,high,11.0,direct_rx
8427,on_track,stable,on time,30,14,app,low,5.0,direct_rx
8428,lapsing,early,delayed,30,41,app,moderate,1.4,direct_rx
8429,on_track,stable,on time,30,8,app,moderate,10.8,hcp
8430,on_track,long_term,on time,90,15,app,moderate,18.9,transfer
8431,on_track,long_term,on time,90,45,phone,low,20.6,direct_rx
8432,on_track,stable,on time,60,32,none,low,8.9,transfer
8433,on_track,long_term,on time,90,39,phone,moderate,18.2,direct_rx
8434,on_track,stable,on time,90,65,app,low,10.1,direct_rx
8435,lapsed,long_term,missed,60,197,none,moderate,31.9,hcp
8436,lapsing,early,delayed,90,103,phone,moderate,1.2,hcp
8437,on_track,stable,on time,30,18,none,low,5.3,hcp
8438,on_track,long_term,on time,90,32,phone,moderate,23.5,hcp
8439,lapsing,early,delayed,30,41,phone,moderate,2.5,direct_rx
8440,on_track,stable,on time,60,32,phone,low,4.7,direct_rx
8441,on_track,stable,on time,30,1,app,low,8.6,hcp
8442,lapsed,early,missed,30,77,none,high,1.1,transfer
8443,lapsed,stable,missed,60,156,app,moderate,8.9,hcp
8444,on_track,stable,on time,90,37,phone,low,7.1,hcp
8445,on_track,stable,on time,30,2,phone,low,9.4,hcp
8446,on_track,stable,on time,30,19,phone,low,4.7,direct_rx
8447,on_track,long_term,on time,90,10,none,moderate,27.2,hcp
8448,on_track,stable,on time,60,22,app,low,8.2,hcp
8449,on_track,stable,on time,30,13,none,low,10.0,transfer
8450,lapsing,early,delayed,30,34,phone,moderate,2.5,direct_rx
8451,on_track,long_term,on time,30,19,app,moderate,35.9,hcp
8452,on_track,stable,on time,30,6,none,low,11.0,hcp
8453,on_track,stable,on time,90,36,phone,moderate,4.3,direct_rx
8454,lapsed,early,missed,60,164,phone,high,2.2,direct_rx
8455,on_track,early,on time,60,14,app,low,2.6,hcp
8456,on_track,stable,on time,30,9,app,low,5.7,transfer
8457,lapsing,early,delayed,30,41,app,moderate,1.5,direct_rx
8458,lapsed,long_term,missed,30,90,app,high,21.5,hcp
8459,lapsing,stable,delayed,30,33,app,moderate,9.1,hcp
8460,on_track,long_term,on time,90,46,app,low,33.4,direct_rx
8461,lapsing,stable,delayed,30,34,app,moderate,10.2,direct_rx
8462,on_track,stable,on time,60,1,none,low,7.8,direct_rx
8463,lapsing,early,delayed,30,43,phone,moderate,1.5,hcp
8464,on_track,long_term,on time,60,42,app,moderate,15.3,hcp
8465,on_track,long_term,on time,90,69,none,moderate,15.6,direct_rx
8466,on_track,long_term,on time,90,10,none,low,24.9,direct_rx
8467,lapsed,early,missed,60,216,app,high,1.6,transfer
8468,on_track,long_term,on time,30,7,app,low,29.7,direct_rx
8469,on_track,stable,on time,30,16,app,low,7.6,hcp
8470,on_track,long_term,on time,90,34,none,low,28.6,direct_rx
8471,lapsing,stable,delayed,60,76,app,high,8.2,hcp
8472,on_track,stable,on time,30,7,phone,low,6.6,transfer
8473,on_track,early,on time,30,13,phone,low,0.1,direct_rx
8474,lapsing,early,delayed,30,41,phone,moderate,0.3,hcp
8475,lapsed,stable,missed,60,219,app,high,8.4,hcp
8476,lapsed,early,missed,30,59,phone,moderate,1.2,hcp
8477,lapsing,early,delayed,30,48,none,moderate,1.6,direct_rx
8478,lapsed,early,missed,30,110,phone,high,2.7,hcp
8479,on_track,stable,on time,30,20,phone,low,7.5,direct_rx
8480,on_track,stable,on time,30,14,phone,low,6.0,hcp
8481,lapsing,early,delayed,90,109,app,high,2.3,hcp
8482,on_track,stable,on time,30,13,none,low,11.8,direct_rx
8483,lapsing,long_term,delayed,90,132,phone,moderate,32.1,hcp
8484,on_track,long_term,on time,30,14,app,low,15.6,hcp
8485,lapsing,early,delayed,90,114,phone,high,2.1,transfer
8486,on_track,stable,on time,60,7,none,moderate,11.0,direct_rx
8487,lapsing,early,delayed,60,76,app,moderate,2.7,direct_rx
8488,lapsing,long_term,delayed,30,36,app,moderate,14.3,transfer
8489,lapsing,early,delayed,30,44,none,moderate,0.3,direct_rx
8490,lapsing,early,delayed,30,42,phone,high,1.7,direct_rx
8491,on_track,stable,on time,30,18,app,low,5.2,direct_rx
8492,on_track,long_term,on time,30,20,phone,moderate,26.1,transfer
8493,on_track,stable,on time,90,32,phone,moderate,5.5,direct_rx
8494,on_track,stable,on time,30,11,phone,low,10.9,direct_rx
8495,on_track,stable,on time,30,7,phone,moderate,6.2,hcp
8496,on_track,long_term,on time,30,11,app,low,28.7,direct_rx
8497,on_track,long_term,on time,60,0,app,moderate,21.2,hcp
8498,lapsing,early,delayed,90,122,phone,moderate,0.3,direct_rx
8499,on_track,long_term,on time,60,24,phone,low,24.1,direct_rx
8500,lapsing,early,delayed,30,46,app,moderate,3.0,direct_rx
8501,lapsing,stable,delayed,30,35,none,moderate,9.3,hcp
8502,on_track,stable,on time,90,37,app,low,12.0,direct_rx
8503,on_track,stable,on time,30,21,app,low,7.0,hcp
8504,on_track,long_term,on time,30,11,none,low,35.9,transfer
8505,on_track,long_term,on time,30,17,app,moderate,26.4,transfer
8506,on_track,stable,on time,30,24,app,low,6.3,hcp
8507,lapsing,early,delayed,60,64,none,high,1.3,direct_rx
8508,lapsing,long_term,delayed,60,76,app,moderate,20.9,direct_rx
8509,on_track,stable,on time,90,0,app,low,9.4,direct_rx
8510,lapsing,stable,delayed,30,43,phone,moderate,10.6,direct_rx
8511,on_track,long_term,on time,30,18,app,low,23.5,hcp
8512,on_track,stable,on time,60,23,app,low,11.0,direct_rx
8513,lapsing,early,delayed,60,72,none,moderate,1.5,direct_rx
8514,lapsed,long_term,missed,30,67,phone,moderate,14.0,hcp
8515,on_track,long_term,on time,60,15,phone,moderate,26.7,direct_rx
8516,on_track,long_term,on time,60,18,none,moderate,14.7,hcp
8517,on_track,stable,on time,30,10,phone,low,9.9,hcp
8518,on_track,long_term,on time,30,5,none,moderate,21.6,direct_rx
8519,on_track,long_term,on time,30,20,app,low,28.1,direct_rx
8520,lapsed,long_term,missed,30,69,phone,high,19.5,hcp
8521,lapsing,early,delayed,30,37,app,moderate,2.5,direct_rx
8522,lapsed,early,missed,30,72,phone,high,1.5,hcp
8523,lapsing,early,delayed,30,36,app,high,2.3,direct_rx
8524,lapsed,stable,missed,60,225,phone,high,4.7,hcp
8525,on_track,long_term,on time,60,39,phone,low,30.1,direct_rx
8526,on_track,stable,on time,30,15,app,low,4.2,direct_rx
8527,on_track,stable,on time,30,18,app,moderate,4.6,hcp
8528,on_track,stable,on time,30,13,app,low,9.9,direct_rx
8529,on_track,stable,on time,90,21,phone,low,3.6,hcp
8530,on_track,stable,on time,90,22,none,low,7.6,hcp
8531,on_track,long_term,on time,30,22,phone,low,30.8,direct_rx
8532,on_track,stable,on time,90,31,app,low,10.5,direct_rx
8533,on_track,long_term,on time,60,47,app,low,30.4,hcp
8534,lapsed,long_term,missed,30,119,app,moderate,13.1,hcp
8535,on_track,stable,on time,30,10,phone,low,5.3,direct_rx
8536,on_track,long_term,on time,30,10,app,moderate,35.0,hcp
8537,on_track,stable,on time,30,1,none,low,5.6,transfer
8538,on_track,stable,on time,30,17,app,low,10.6,transfer
8539,on_track,long_term,on time,90,33,app,low,14.5,hcp
8540,lapsing,long_term,delayed,30,36,none,moderate,27.3,direct_rx
8541,lapsed,stable,missed,60,144,app,moderate,10.8,transfer
8542,lapsing,early,delayed,90,123,phone,moderate,1.6,direct_rx
8543,on_track,stable,on time,30,9,none,moderate,11.6,direct_rx
8544,on_track,stable,on time,30,16,phone,moderate,8.4,direct_rx
8545,lapsed,long_term,missed,30,119,none,moderate,29.9,hcp
8546,on_track,stable,on time,30,19,none,moderate,6.8,hcp
8547,on_track,long_term,on time,90,31,phone,moderate,31.7,direct_rx
8548,on_track,stable,on time,30,7,none,moderate,7.0,hcp
8549,on_track,early,on time,60,41,none,low,2.5,hcp
8550,on_track,stable,on time,90,6,app,low,10.9,transfer
8551,on_track,stable,on time,90,0,app,low,5.1,direct_rx
8552,on_track,long_term,on time,30,1,app,low,34.0,hcp
8553,on_track,early,on time,30,18,none,low,2.2,direct_rx
8554,on_track,long_term,on time,60,23,phone,low,27.7,transfer
8555,lapsed,long_term,missed,60,139,phone,high,13.5,hcp
8556,lapsed,early,missed,60,231,none,high,0.9,transfer
8557,on_track,stable,on time,30,2,app,low,3.8,hcp
8558,on_track,stable,on time,30,23,phone,low,5.5,direct_rx
8559,on_track,stable,on time,30,24,app,moderate,9.5,direct_rx
8560,lapsing,early,delayed,90,112,app,moderate,2.5,hcp
8561,lapsing,early,delayed,60,88,phone,high,0.7,hcp
8562,on_track,stable,on time,30,6,phone,low,6.6,hcp
8563,on_track,long_term,on time,30,16,app,low,25.8,direct_rx
8564,on_track,long_term,on time,30,0,app,moderate,16.5,direct_rx
8565,on_track,long_term,on time,30,4,phone,low,25.8,direct_rx
8566,lapsing,long_term,delayed,30,32,app,high,17.8,direct_rx
8567,lapsing,early,delayed,90,127,app,high,2.7,hcp
8568,on_track,long_term,on time,30,0,phone,moderate,15.6,transfer
8569,on_track,stable,on time,90,26,app,low,8.2,direct_rx
8570,on_track,long_term,on time,30,13,app,moderate,32.8,transfer
8571,on_track,stable,on time,30,21,app,low,7.5,hcp
8572,on_track,long_term,on time,30,1,none,moderate,12.3,direct_rx
8573,on_track,stable,on time,60,22,phone,low,11.0,direct_rx
8574,lapsing,early,delayed,30,38,app,moderate,0.6,hcp
8575,on_track,stable,on time,90,35,none,low,8.7,hcp
8576,lapsing,early,delayed,90,106,phone,moderate,2.8,direct_rx
8577,on_track,long_term,on time,30,13,app,moderate,20.5,direct_rx
8578,on_track,long_term,on time,30,10,app,moderate,13.9,hcp
8579,on_track,long_term,on time,30,11,app,moderate,34.3,transfer
8580,on_track,stable,on time,30,19,app,moderate,5.7,hcp
8581,lapsing,early,delayed,30,38,phone,high,0.2,direct_rx
8582,lapsed,stable,missed,30,82,app,high,5.7,transfer
8583,lapsed,long_term,missed,30,73,app,high,25.5,transfer
8584,on_track,early,on time,30,10,app,low,0.2,hcp
8585,on_track,long_term,on time,90,19,app,low,12.6,direct_rx
8586,on_track,long_term,on time,30,18,phone,low,20.9,direct_rx
8587,on_track,long_term,on time,30,23,phone,moderate,34.6,hcp
8588,lapsed,long_term,missed,30,113,app,moderate,18.6,hcp
8589,on_track,long_term,on time,30,13,app,low,23.4,hcp
8590,lapsing,stable,delayed,30,37,none,high,9.8,direct_rx
8591,lapsing,early,delayed,90,106,phone,moderate,2.6,direct_rx
8592,on_track,long_term,on time,30,9,app,low,29.0,hcp
8593,lapsing,early,delayed,30,35,phone,high,2.8,direct_rx
8594,on_track,long_term,on time,60,12,none,low,26.1,hcp
8595,on_track,stable,on time,30,19,none,moderate,5.3,direct_rx
8596,on_track,stable,on time,30,22,app,low,6.5,direct_rx
8597,on_track,stable,on time,30,23,phone,low,10.4,direct_rx
8598,on_track,stable,on time,30,14,none,low,8.7,hcp
8599,on_track,long_term,on time,30,15,app,low,19.8,transfer
8600,on_track,stable,on time,30,12,phone,low,5.7,hcp
8601,lapsed,early,missed,30,89,phone,high,2.1,hcp
8602,on_track,stable,on time,60,0,none,low,10.0,hcp
8603,lapsing,stable,delayed,90,130,app,moderate,7.8,direct_rx
8604,on_track,long_term,on time,30,20,app,low,21.4,direct_rx
8605,on_track,long_term,on time,60,47,phone,low,13.5,hcp
8606,lapsing,stable,delayed,60,69,app,moderate,11.8,direct_rx
8607,lapsing,early,delayed,60,63,app,high,0.4,transfer
8608,lapsing,early,delayed,30,36,none,moderate,1.8,hcp
8609,on_track,long_term,on time,60,9,phone,moderate,13.9,transfer
8610,on_track,stable,on time,30,24,none,moderate,9.1,direct_rx
8611,lapsed,long_term,missed,90,190,phone,moderate,21.0,direct_rx
8612,lapsing,stable,delayed,30,39,none,high,6.1,direct_rx
8613,on_track,long_term,on time,60,14,app,moderate,29.9,transfer
8614,on_track,long_term,on time,30,3,none,low,19.2,direct_rx
8615,lapsed,stable,missed,90,223,phone,moderate,6.0,hcp
8616,lapsing,long_term,delayed,30,47,phone,high,35.1,hcp
8617,on_track,stable,on time,30,21,phone,moderate,10.4,hcp
8618,on_track,stable,on time,90,9,app,low,7.5,direct_rx
8619,lapsed,long_term,missed,90,298,app,moderate,16.6,direct_rx
8620,on_track,long_term,on time,90,60,phone,low,13.1,direct_rx
8621,on_track,stable,on time,30,1,phone,moderate,4.8,hcp
8622,on_track,stable,on time,90,14,phone,low,4.4,hcp
8623,on_track,stable,on time,30,9,phone,moderate,7.5,hcp
8624,lapsed,long_term,missed,90,309,app,high,27.2,hcp
8625,lapsed,stable,missed,30,105,app,high,11.7,direct_rx
8626,on_track,long_term,on time,30,2,phone,moderate,19.9,hcp
8627,on_track,early,on time,30,24,app,moderate,1.0,transfer
8628,on_track,stable,on time,60,34,app,low,7.0,hcp
8629,lapsing,stable,delayed,30,38,none,moderate,5.3,hcp
8630,lapsing,early,delayed,30,33,phone,high,1.4,transfer
8631,lapsing,early,delayed,60,73,none,moderate,2.1,direct_rx
8632,on_track,long_term,on time,60,23,app,moderate,14.9,direct_rx
8633,on_track,long_term,on time,60,47,none,low,23.3,transfer
8634,lapsing,early,delayed,60,93,phone,high,0.3,direct_rx
8635,lapsed,early,missed,30,118,app,high,0.6,hcp
8636,on_track,stable,on time,60,13,app,low,11.7,hcp
8637,lapsed,stable,missed,60,139,app,high,7.3,direct_rx
8638,on_track,stable,on time,90,25,app,low,8.6,hcp
8639,on_track,stable,on time,30,6,none,low,6.8,hcp
8640,on_track,long_term,on time,30,17,phone,moderate,28.1,transfer
8641,on_track,stable,on time,30,17,app,low,6.4,direct_rx
8642,on_track,long_term,on time,60,10,app,moderate,32.1,direct_rx
8643,on_track,long_term,on time,30,22,app,moderate,30.3,direct_rx
8644,on_track,long_term,on time,30,10,phone,low,19.3,direct_rx
8645,lapsing,long_term,delayed,90,94,app,high,31.8,direct_rx
8646,lapsed,long_term,missed,30,74,app,high,15.2,hcp
8647,on_track,stable,on time,30,15,phone,low,11.6,transfer
8648,on_track,stable,on time,30,5,app,low,8.9,direct_rx
8649,on_track,long_term,on time,30,2,phone,low,31.9,direct_rx
8650,lapsed,early,missed,60,138,app,moderate,0.8,direct_rx
8651,on_track,early,on time,30,17,app,low,1.4,direct_rx
8652,on_track,long_term,on time,90,14,app,low,35.5,transfer
8653,on_track,stable,on time,30,21,app,moderate,4.7,transfer
8654,on_track,stable,on time,90,3,phone,low,11.2,direct_rx
8655,on_track,stable,on time,30,16,phone,moderate,5.9,direct_rx
8656,lapsed,early,missed,30,55,none,high,1.7,direct_rx
8657,on_track,stable,on time,90,28,none,moderate,7.9,direct_rx
8658,lapsed,early,missed,30,102,app,high,1.2,direct_rx
8659,lapsing,early,delayed,30,31,none,high,1.5,hcp
8660,on_track,stable,on time,30,14,phone,low,8.9,direct_rx
8661,on_track,long_term,on time,90,54,app,low,25.7,direct_rx
8662,on_track,early,on time,30,19,none,low,0.6,hcp
8663,on_track,long_term,on time,90,45,none,low,26.6,direct_rx
8664,lapsing,early,delayed,30,32,none,moderate,0.0,direct_rx
8665,on_track,stable,on time,30,5,phone,low,10.6,direct_rx
8666,on_track,stable,on time,30,1,app,low,4.7,hcp
8667,on_track,stable,on time,30,6,phone,low,10.6,direct_rx
8668,on_track,long_term,on time,90,58,app,moderate,28.0,direct_rx
8669,on_track,long_term,on time,30,18,phone,moderate,20.0,direct_rx
8670,lapsing,early,delayed,30,35,phone,moderate,2.3,direct_rx
8671,on_track,long_term,on time,30,16,none,low,32.2,direct_rx
8672,on_track,stable,on time,90,38,none,moderate,5.6,transfer
8673,lapsed,stable,missed,30,89,app,high,10.1,hcp
8674,on_track,stable,on time,30,22,none,low,10.1,direct_rx
8675,on_track,long_term,on time,30,24,phone,moderate,34.3,hcp
8676,lapsed,long_term,missed,90,285,app,high,20.7,direct_rx
8677,on_track,stable,on time,90,9,none,low,7.0,hcp
8678,on_track,long_term,on time,30,2,app,low,14.8,direct_rx
8679,lapsing,early,delayed,30,32,phone,high,2.9,transfer
8680,on_track,stable,on time,30,16,none,low,9.2,hcp
8681,lapsing,stable,delayed,30,38,phone,moderate,9.9,direct_rx
8682,on_track,long_term,on time,90,43,app,low,23.0,direct_rx
8683,on_track,long_term,on time,30,7,app,low,21.7,direct_rx
8684,lapsing,early,delayed,30,33,app,moderate,2.1,transfer
8685,on_track,stable,on time,30,24,phone,low,11.5,direct_rx
8686,lapsing,stable,delayed,30,40,phone,moderate,10.0,transfer
8687,on_track,stable,on time,90,48,app,low,7.2,direct_rx
8688,on_track,long_term,on time,60,24,app,low,20.4,direct_rx
8689,on_track,stable,on time,30,11,phone,low,11.5,direct_rx
8690,on_track,stable,on time,30,3,phone,low,9.2,direct_rx
8691,lapsing,stable,delayed,30,43,phone,moderate,6.4,hcp
8692,lapsed,stable,missed,30,114,phone,high,9.3,direct_rx
8693,on_track,stable,on time,30,2,phone,low,8.2,direct_rx
8694,lapsed,early,missed,30,86,phone,high,2.8,direct_rx
8695,on_track,long_term,on time,30,21,app,moderate,13.7,hcp
8696,on_track,stable,on time,60,40,phone,low,8.1,direct_rx
8697,on_track,early,on time,30,17,phone,low,3.0,direct_rx
8698,lapsing,early,delayed,30,46,phone,high,2.1,transfer
8699,lapsing,early,delayed,30,44,none,high,1.9,direct_rx
8700,lapsing,early,delayed,30,38,app,moderate,1.9,direct_rx
8701,on_track,early,on time,30,19,app,low,0.4,transfer
8702,on_track,stable,on time,90,14,app,low,10.3,transfer
8703,on_track,stable,on time,30,16,phone,low,11.0,transfer
8704,on_track,stable,on time,90,16,app,low,4.4,direct_rx
8705,on_track,stable,on time,30,4,phone,low,9.7,direct_rx
8706,lapsed,early,missed,60,142,none,high,2.0,transfer
8707,lapsed,stable,missed,30,87,phone,high,8.7,direct_rx
8708,on_track,stable,on time,30,8,none,moderate,8.9,hcp
8709,lapsed,early,missed,30,104,phone,high,1.6,hcp
8710,on_track,long_term,on time,30,15,app,moderate,13.2,hcp
8711,on_track,stable,on time,30,8,app,moderate,10.0,direct_rx
8712,on_track,stable,on time,30,22,app,moderate,4.1,direct_rx
8713,on_track,stable,on time,30,18,app,low,9.5,hcp
8714,lapsed,early,missed,90,344,app,moderate,2.0,hcp
8715,on_track,long_term,on time,30,22,app,moderate,14.1,direct_rx
8716,lapsing,early,delayed,30,44,none,high,3.0,direct_rx
8717,lapsing,early,delayed,90,111,phone,moderate,1.4,direct_rx
8718,on_track,stable,on time,30,2,phone,low,9.0,hcp
8719,lapsed,early,missed,30,101,phone,high,2.8,hcp
8720,lapsing,early,delayed,60,71,phone,high,1.1,direct_rx
