patient_id,days_to_lapse_est,lapse_note,lapse_probability_band
0001,36,,low
0002,0,,elevated
0003,0,,elevated
0004,47,,low
0631,0,,elevated
0006,24,,low
0007,0,,elevated
0008,0,,elevated
0009,0,,elevated
0010,19,,low
0011,,lapsed 174 days,high
0012,53,,low
0013,0,,elevated
0014,,lapsed 48 days,high
0015,23,,low
0016,76,,low
0017,44,,low
0018,20,,low
0019,10,,low
0020,14,,low
0021,19,,low
0022,0,,elevated
0023,26,,low
0024,18,,low
0025,11,,low
0026,9,,low
0027,54,,low
0028,,lapsed 32 days,high
0029,0,,elevated
0030,8,,low
0031,24,,low
0032,79,,low
0033,51,,low
0034,13,,low
0035,0,,elevated
0036,58,,low
0037,18,,low
0038,39,,low
0039,9,,low
0040,18,,low
0041,27,,low
0042,0,,elevated
0043,19,,low
0044,29,,low
0045,10,,low
0046,,lapsed 61 days,high
0047,30,,low
0048,,lapsed 107 days,high
0049,43,,low
0050,0,,elevated
0051,0,,elevated
0052,39,,low
0053,,lapsed 61 days,high
0054,34,,low
0055,20,,low
0056,26,,low
0057,77,,low
0058,47,,low
0059,28,,low
0060,28,,low
0061,,lapsed 59 days,high
0062,14,,low
0063,26,,low
0064,20,,low
0065,10,,low
0066,0,,elevated
0067,0,,elevated
0068,15,,low
0069,29,,low
0070,,lapsed 264 days,high
0071,30,,low
0072,23,,low
0073,,lapsed 224 days,high
0074,0,,elevated
0075,,lapsed 115 days,high
0076,0,,elevated
0077,36,,low
0078,0,,elevated
0079,20,,low
0080,64,,low
0081,25,,low
0082,12,,low
0083,0,,elevated
0084,14,,low
0085,21,,low
0086,44,,low
0087,45,,low
0088,13,,low
0089,0,,elevated
0090,,lapsed 35 days,high
0091,0,,elevated
0092,7,,low
0093,0,,elevated
0094,6,,low
0095,,lapsed 39 days,high
0096,16,,low
0097,23,,low
0098,0,,elevated
0099,13,,low
0100,17,,low
0101,83,,low
0102,12,,low
0103,0,,elevated
0104,57,,low
0105,0,,elevated
0106,0,,elevated
0107,27,,low
0108,0,,elevated
0109,0,,elevated
0110,0,,elevated
0111,33,,low
0112,0,,elevated
0113,,lapsed 109 days,high
0114,26,,low
0115,59,,low
0116,28,,low
0117,,lapsed 68 days,high
0118,23,,low
0119,47,,low
0120,51,,low
0121,15,,low
0122,21,,low
0123,0,,elevated
0124,0,,elevated
0125,0,,elevated
0126,12,,low
0127,54,,low
0128,,lapsed 97 days,high
0129,0,,elevated
0130,76,,low
0131,27,,low
0132,49,,low
0133,10,,low
0134,0,,elevated
0135,28,,low
0136,17,,low
0137,,lapsed 26 days,high
0138,16,,low
0139,76,,low
0140,53,,low
0141,0,,elevated
0142,0,,elevated
0143,9,,low
0144,21,,low
0145,0,,elevated
0146,19,,low
0147,8,,low
0148,26,,low
0149,27,,low
0150,11,,low
0151,0,,elevated
0152,20,,low
0153,27,,low
0154,0,,elevated
0155,24,,low
0156,0,,elevated
0157,7,,low
0158,22,,low
0159,8,,low
0160,0,,elevated
0161,31,,low
0162,0,,elevated
0163,80,,low
0164,0,,elevated
0165,21,,low
0166,0,,elevated
0167,,lapsed 68 days,high
0168,79,,low
0169,25,,low
0170,7,,low
0171,39,,low
0172,,lapsed 84 days,high
0173,12,,low
0174,,lapsed 92 days,high
0175,23,,low
0176,9,,low
0177,7,,low
0178,37,,low
0179,6,,low
0180,40,,low
0181,0,,elevated
0182,,lapsed 48 days,high
0183,,lapsed 42 days,high
0184,18,,low
0185,12,,low
0186,13,,low
0187,18,,low
0188,20,,low
0189,29,,low
0190,0,,elevated
0191,20,,low
0192,11,,low
0193,23,,low
0194,30,,low
0195,,lapsed 186 days,high
0196,44,,low
0197,27,,low
0198,69,,low
0199,0,,elevated
0200,48,,low
0201,7,,low
0202,19,,low
0203,16,,low
0204,21,,low
0205,,lapsed 83 days,high
0206,0,,elevated
0207,25,,low
0208,16,,low
0209,27,,low
0210,,lapsed 68 days,high
0211,16,,low
0212,0,,elevated
0213,18,,low
0214,25,,low
0215,,lapsed 55 days,high
0216,7,,low
0217,0,,elevated
0218,8,,low
0219,13,,low
0220,46,,low
0221,,lapsed 36 days,high
0222,15,,low
0223,10,,low
0224,13,,low
0225,17,,low
0226,,lapsed 39 days,high
0227,0,,elevated
0228,0,,elevated
0229,87,,low
0230,29,,low
0231,0,,elevated
0232,17,,low
0233,0,,elevated
0234,28,,low
0235,16,,low
0236,27,,low
0237,23,,low
0238,0,,elevated
0239,24,,low
0240,0,,elevated
0241,0,,elevated
0242,49,,low
0243,22,,low
0244,14,,low
0245,0,,elevated
0246,0,,elevated
0247,10,,low
0248,0,,elevated
0249,,lapsed 29 days,high
0250,29,,low
0251,22,,low
0252,20,,low
0253,29,,low
0254,53,,low
0255,63,,low
0256,0,,elevated
0257,35,,low
0258,28,,low
0259,66,,low
0260,25,,low
0261,68,,low
0262,20,,low
0263,0,,elevated
0264,32,,low
0265,13,,low
0266,46,,low
0267,22,,low
0268,21,,low
0269,28,,low
0270,14,,low
0271,0,,elevated
0272,14,,low
0273,56,,low
0274,18,,low
0275,,lapsed 46 days,high
0276,,lapsed 26 days,high
0277,52,,low
0278,22,,low
0279,,lapsed 84 days,high
0280,17,,low
0281,14,,low
0282,,lapsed 91 days,high
0283,,lapsed 47 days,high
0284,40,,low
0285,0,,elevated
0286,36,,low
0287,20,,low
0288,0,,elevated
0289,0,,elevated
0290,0,,elevated
0291,24,,low
0292,50,,low
0293,25,,low
0294,7,,low
0295,,lapsed 59 days,high
0296,22,,low
0297,90,,low
0298,44,,low
0299,0,,elevated
0300,0,,elevated
0301,17,,low
0302,60,,low
0303,0,,elevated
0304,22,,low
0305,21,,low
0306,69,,low
0307,0,,elevated
0308,29,,low
0309,,lapsed 89 days,high
0310,10,,low
0311,20,,low
0312,21,,low
0313,70,,low
0314,,lapsed 89 days,high
0315,19,,low
0316,17,,low
0317,,lapsed 152 days,high
0318,35,,low
0319,21,,low
0320,66,,low
0321,0,,elevated
0322,61,,low
0323,80,,low
0324,39,,low
0325,0,,elevated
0326,14,,low
0327,14,,low
0328,47,,low
0329,23,,low
0330,17,,low
0331,49,,low
0332,18,,low
0333,19,,low
0334,60,,low
0335,28,,low
0336,0,,elevated
0337,15,,low
0338,38,,low
0339,11,,low
0340,7,,low
0341,,lapsed 88 days,high
0342,0,,elevated
0343,,lapsed 57 days,high
0344,7,,low
0345,58,,low
0346,8,,low
0347,0,,elevated
0348,,lapsed 31 days,high
0349,11,,low
0350,6,,low
0351,6,,low
0352,59,,low
0353,43,,low
0354,,lapsed 225 days,high
0355,0,,elevated
0356,25,,low
0357,0,,elevated
0358,54,,low
0359,0,,elevated
0360,11,,low
0361,0,,elevated
0362,,lapsed 25 days,high
0363,,lapsed 29 days,high
0364,37,,low
0365,0,,elevated
0366,0,,elevated
0367,41,,low
0368,27,,low
0369,24,,low
0370,,lapsed 82 days,high
0371,13,,low
0372,,lapsed 22 days,high
0373,45,,low
0374,11,,low
0375,13,,low
0376,86,,low
0377,13,,low
0378,0,,elevated
0379,69,,low
0380,,lapsed 135 days,high
0381,42,,low
0382,62,,low
0383,0,,elevated
0384,0,,elevated
0385,70,,low
0386,0,,elevated
0387,0,,elevated
0388,19,,low
0389,,lapsed 58 days,high
0390,14,,low
0391,54,,low
0392,,lapsed 81 days,high
0393,40,,low
0394,26,,low
0395,0,,elevated
0396,8,,low
0397,0,,elevated
0398,28,,low
0399,0,,elevated
0400,0,,elevated
0401,80,,low
0402,27,,low
0403,36,,low
0404,0,,elevated
0405,,lapsed 63 days,high
0406,13,,low
0407,7,,low
0408,0,,elevated
0409,9,,low
0410,59,,low
0411,9,,low
0412,29,,low
0413,0,,elevated
0414,0,,elevated
0415,12,,low
0416,,lapsed 82 days,high
0417,24,,low
0418,,lapsed 155 days,high
0419,0,,elevated
0420,21,,low
0421,29,,low
0422,22,,low
0423,13,,low
0424,,lapsed 47 days,high
0425,0,,elevated
0426,19,,low
0427,0,,elevated
0428,47,,low
0429,18,,low
0430,,lapsed 54 days,high
0431,11,,low
0432,0,,elevated
0433,9,,low
0434,0,,elevated
0435,0,,elevated
0436,23,,low
0437,,lapsed 58 days,high
0438,67,,low
0439,30,,low
0440,0,,elevated
0441,18,,low
0442,18,,low
0443,,lapsed 97 days,high
0444,10,,low
0445,28,,low
0446,,lapsed 66 days,high
0447,25,,low
0448,28,,low
0449,12,,low
0450,69,,low
0451,0,,elevated
0452,0,,elevated
0453,0,,elevated
0454,16,,low
0455,0,,elevated
0456,23,,low
0457,8,,low
0458,9,,low
0459,6,,low
0460,,lapsed 90 days,high
0461,,lapsed 264 days,high
0462,29,,low
0463,0,,elevated
0464,,lapsed 82 days,high
0465,0,,elevated
0466,57,,low
0467,12,,low
0468,0,,elevated
0469,19,,low
0470,45,,low
0471,32,,low
0472,20,,low
0473,0,,elevated
0474,6,,low
0475,28,,low
0476,78,,low
0477,0,,elevated
0478,20,,low
0479,10,,low
0480,0,,elevated
0481,25,,low
0482,34,,low
0483,18,,low
0484,27,,low
0485,61,,low
0486,0,,elevated
0487,0,,elevated
0488,42,,low
0489,41,,low
0490,28,,low
0491,23,,low
0492,25,,low
0493,0,,elevated
0494,0,,elevated
0495,0,,elevated
0496,18,,low
0497,0,,elevated
0498,27,,low
0499,28,,low
0500,,lapsed 88 days,high
0501,23,,low
0502,11,,low
0503,33,,low
0504,18,,low
0505,20,,low
0506,0,,elevated
0507,0,,elevated
0508,27,,low
0509,,lapsed 86 days,high
0510,64,,low
0511,54,,low
0512,14,,low
0513,36,,low
0514,0,,elevated
0515,11,,low
0516,10,,low
0517,,lapsed 67 days,high
0518,0,,elevated
0519,58,,low
0520,24,,low
0521,0,,elevated
0522,22,,low
0523,13,,low
0524,,lapsed 46 days,high
0525,,lapsed 50 days,high
0526,0,,elevated
0527,,lapsed 76 days,high
0528,15,,low
0529,29,,low
0530,0,,elevated
0531,29,,low
0532,49,,low
0533,26,,low
0534,84,,low
0535,46,,low
0536,6,,low
0537,10,,low
0538,23,,low
0539,44,,low
0540,17,,low
0541,8,,low
0542,41,,low
0543,0,,elevated
0544,0,,elevated
0545,62,,low
0546,0,,elevated
0547,6,,low
0548,28,,low
0549,9,,low
0550,16,,low
0551,16,,low
0552,0,,elevated
0553,55,,low
0554,52,,low
0555,19,,low
0556,0,,elevated
0557,22,,low
0558,71,,low
0559,21,,low
0560,48,,low
0561,30,,low
0562,0,,elevated
0563,80,,low
0564,0,,elevated
0565,28,,low
0566,13,,low
0567,,lapsed 24 days,high
0568,49,,low
0569,14,,low
0570,,lapsed 132 days,high
0571,,lapsed 80 days,high
0572,0,,elevated
0573,62,,low
0574,22,,low
0575,0,,elevated
0576,0,,elevated
0577,14,,low
0578,23,,low
0579,27,,low
0580,0,,elevated
0581,,lapsed 24 days,high
0582,0,,elevated
0583,46,,low
0584,16,,low
0585,8,,low
0586,,lapsed 66 days,high
0587,20,,low
0588,0,,elevated
0589,27,,low
0590,17,,low
0591,6,,low
0592,16,,low
0593,0,,elevated
0594,0,,elevated
0595,,lapsed 37 days,high
0596,0,,elevated
0597,21,,low
0598,64,,low
0599,,lapsed 101 days,high
0600,24,,low
0601,17,,low
0602,14,,low
0603,0,,elevated
0604,24,,low
0605,0,,elevated
0606,20,,low
0607,16,,low
0608,42,,low
0609,58,,low
0610,71,,low
0611,26,,low
0612,0,,elevated
0613,18,,low
0614,0,,elevated
0615,18,,low
0616,,lapsed 55 days,high
0617,0,,elevated
0618,19,,low
0619,7,,low
0620,24,,low
0621,6,,low
0622,,lapsed 42 days,high
0623,,lapsed 24 days,high
0624,33,,low
0625,29,,low
0626,28,,low
0627,29,,low
0628,23,,low
0629,20,,low
0630,50,,low
0005,13,,low
0632,0,,elevated
0633,0,,elevated
0634,13,,low
0635,15,,low
0636,28,,low
0637,30,,low
0638,16,,low
0639,14,,low
0640,0,,elevated
0641,17,,low
0642,0,,elevated
0643,16,,low
0644,6,,low
0645,,lapsed 21 days,high
0646,15,,low
0647,9,,low
0648,32,,low
0649,28,,low
0650,,lapsed 67 days,high
0651,14,,low
0652,,lapsed 75 days,high
0653,65,,low
0654,0,,elevated
0655,6,,low
0656,,lapsed 81 days,high
0657,15,,low
0658,24,,low
0659,0,,elevated
0660,13,,low
0661,66,,low
0662,0,,elevated
0663,0,,elevated
0664,25,,low
0665,,lapsed 91 days,high
0666,,lapsed 85 days,high
0667,,lapsed 63 days,high
0668,0,,elevated
0669,0,,elevated
0670,30,,low
0671,18,,low
0672,22,,low
0673,10,,low
0674,23,,low
0675,20,,low
0676,50,,low
0677,0,,elevated
0678,,lapsed 51 days,high
0679,19,,low
0680,0,,elevated
0681,25,,low
0682,16,,low
0683,0,,elevated
0684,0,,elevated
0685,14,,low
0686,64,,low
0687,59,,low
0688,0,,elevated
0689,13,,low
0690,16,,low
0691,28,,low
0692,21,,low
0693,17,,low
0694,15,,low
0695,38,,low
0696,,lapsed 103 days,high
0697,21,,low
0698,12,,low
0699,12,,low
0700,25,,low
0701,9,,low
0702,29,,low
0703,15,,low
0704,0,,elevated
0705,23,,low
0706,0,,elevated
0707,10,,low
0708,0,,elevated
0709,13,,low
0710,0,,elevated
0711,38,,low
0712,,lapsed 165 days,high
0713,28,,low
0714,10,,low
0715,85,,low
0716,0,,elevated
0717,0,,elevated
0718,42,,low
0719,39,,low
0720,18,,low
0721,0,,elevated
0722,11,,low
0723,,lapsed 85 days,high
0724,37,,low
0725,75,,low
0726,45,,low
0727,0,,elevated
0728,0,,elevated
0729,0,,elevated
0730,84,,low
0731,0,,elevated
0732,0,,elevated
0733,,lapsed 166 days,high
0734,0,,elevated
0735,53,,low
0736,24,,low
0737,13,,low
0738,17,,low
0739,55,,low
0740,14,,low
0741,,lapsed 40 days,high
0742,,lapsed 71 days,high
0743,28,,low
0744,28,,low
0745,73,,low
0746,,lapsed 79 days,high
0747,,lapsed 74 days,high
0748,9,,low
0749,0,,elevated
0750,52,,low
0751,39,,low
0752,0,,elevated
0753,10,,low
0754,16,,low
0755,20,,low
0756,6,,low
0757,16,,low
0758,24,,low
0759,23,,low
0760,0,,elevated
0761,46,,low
0762,11,,low
0763,60,,low
0764,22,,low
0765,0,,elevated
0766,27,,low
0767,17,,low
0768,0,,elevated
0769,11,,low
0770,22,,low
0771,,lapsed 93 days,high
0772,0,,elevated
0773,0,,elevated
0774,30,,low
0775,8,,low
0776,23,,low
0777,,lapsed 61 days,high
0778,6,,low
0779,,lapsed 27 days,high
0780,,lapsed 35 days,high
0781,69,,low
0782,29,,low
0783,28,,low
0784,28,,low
0785,11,,low
0786,14,,low
0787,9,,low
0788,,lapsed 67 days,high
0789,0,,elevated
0790,21,,low
0791,21,,low
0792,0,,elevated
0793,88,,low
0794,29,,low
0795,7,,low
0796,0,,elevated
0797,89,,low
0798,42,,low
0799,6,,low
0800,,lapsed 91 days,high
0801,12,,low
0802,18,,low
0803,,lapsed 80 days,high
0804,0,,elevated
0805,53,,low
0806,10,,low
0807,0,,elevated
0808,22,,low
0809,6,,low
0810,16,,low
0811,17,,low
0812,21,,low
0813,22,,low
0814,0,,elevated
0815,20,,low
0816,0,,elevated
0817,16,,low
0818,87,,low
0819,0,,elevated
0820,0,,elevated
0821,0,,elevated
0822,11,,low
0823,33,,low
0824,17,,low
0825,13,,low
0826,,lapsed 72 days,high
0827,30,,low
0828,10,,low
0829,29,,low
0830,,lapsed 67 days,high
0831,21,,low
0832,57,,low
0833,6,,low
0834,56,,low
0835,60,,low
0836,0,,elevated
0837,17,,low
0838,20,,low
0839,,lapsed 43 days,high
0840,11,,low
0841,10,,low
0842,0,,elevated
0843,30,,low
0844,14,,low
0845,,lapsed 159 days,high
0846,28,,low
0847,29,,low
0848,0,,elevated
0849,18,,low
0850,0,,elevated
0851,30,,low
0852,,lapsed 92 days,high
0853,14,,low
0854,,lapsed 35 days,high
0855,25,,low
0856,18,,low
0857,8,,low
0858,29,,low
0859,0,,elevated
0860,21,,low
0861,0,,elevated
0862,65,,low
0863,14,,low
0864,36,,low
0865,,lapsed 45 days,high
0866,15,,low
0867,0,,elevated
0868,,lapsed 58 days,high
0869,28,,low
0870,19,,low
0871,6,,low
0872,28,,low
0873,90,,low
0874,9,,low
0875,17,,low
0876,26,,low
0877,19,,low
0878,0,,elevated
0879,26,,low
0880,0,,elevated
0881,26,,low
0882,0,,elevated
0883,13,,low
0884,14,,low
0885,57,,low
0886,8,,low
0887,,lapsed 89 days,high
0888,21,,low
0889,0,,elevated
0890,20,,low
0891,22,,low
0892,,lapsed 28 days,high
0893,0,,elevated
0894,44,,low
0895,11,,low
0896,12,,low
0897,6,,low
0898,14,,low
0899,0,,elevated
0900,59,,low
0901,,lapsed 29 days,high
0902,90,,low
0903,45,,low
0904,22,,low
0905,0,,elevated
0906,15,,low
0907,25,,low
0908,84,,low
0909,13,,low
0910,0,,elevated
0911,0,,elevated
0912,,lapsed 70 days,high
0913,23,,low
0914,,lapsed 98 days,high
0915,7,,low
0916,10,,low
0917,,lapsed 50 days,high
0918,,lapsed 31 days,high
0919,58,,low
0920,29,,low
0921,25,,low
0922,30,,low
0923,52,,low
0924,0,,elevated
0925,13,,low
0926,15,,low
0927,0,,elevated
0928,15,,low
0929,0,,elevated
0930,6,,low
0931,0,,elevated
0932,32,,low
0933,,lapsed 24 days,high
0934,0,,elevated
0935,0,,elevated
0936,28,,low
0937,75,,low
0938,51,,low
0939,44,,low
0940,10,,low
0941,11,,low
0942,82,,low
0943,16,,low
0944,50,,low
0945,0,,elevated
0946,0,,elevated
0947,,lapsed 87 days,high
0948,,lapsed 267 days,high
0949,14,,low
0950,9,,low
0951,25,,low
0952,24,,low
0953,30,,low
0954,0,,elevated
0955,28,,low
0956,25,,low
0957,29,,low
0958,27,,low
0959,,lapsed 153 days,high
0960,77,,low
0961,54,,low
0962,28,,low
0963,24,,low
0964,29,,low
0965,11,,low
0966,0,,elevated
0967,0,,elevated
0968,7,,low
0969,23,,low
0970,25,,low
0971,13,,low
0972,13,,low
0973,20,,low
0974,0,,elevated
0975,,lapsed 77 days,high
0976,27,,low
0977,0,,elevated
0978,11,,low
0979,9,,low
0980,46,,low
0981,14,,low
0982,12,,low
0983,,lapsed 86 days,high
0984,18,,low
0985,13,,low
0986,0,,elevated
0987,48,,low
0988,,lapsed 51 days,high
0989,0,,elevated
0990,20,,low
0991,16,,low
0992,0,,elevated
0993,0,,elevated
0994,,lapsed 32 days,high
0995,11,,low
0996,27,,low
0997,83,,low
0998,17,,low
0999,,lapsed 42 days,high
1000,15,,low
1001,,lapsed 136 days,high
1002,24,,low
1003,12,,low
1004,0,,elevated
1005,21,,low
1006,0,,elevated
1007,20,,low
1008,0,,elevated
1009,18,,low
1010,0,,elevated
1011,28,,low
1012,16,,low
1013,20,,low
1014,,lapsed 67 days,high
1015,30,,low
1016,11,,low
1017,21,,low
1018,13,,low
1019,0,,elevated
1020,,lapsed 63 days,high
1021,,lapsed 80 days,high
1022,70,,low
1023,49,,low
1024,0,,elevated
1025,23,,low
1026,0,,elevated
1027,11,,low
1028,0,,elevated
1029,0,,elevated
1030,25,,low
1031,58,,low
1032,17,,low
1033,0,,elevated
1034,30,,low
1035,0,,elevated
1036,20,,low
1037,0,,elevated
1038,46,,low
1039,29,,low
1040,28,,low
1041,,lapsed 98 days,high
1042,,lapsed 35 days,high
1043,38,,low
1044,0,,elevated
1045,0,,elevated
1046,,lapsed 85 days,high
1047,21,,low
1048,29,,low
1049,,lapsed 89 days,high
1050,0,,elevated
1051,49,,low
1052,,lapsed 28 days,high
1053,24,,low
1054,24,,low
1055,35,,low
1056,8,,low
1057,0,,elevated
1058,26,,low
1059,14,,low
1060,0,,elevated
1061,19,,low
1062,26,,low
1063,27,,low
1064,79,,low
1065,0,,elevated
1066,38,,low
1067,34,,low
1068,16,,low
1069,0,,elevated
1070,43,,low
1071,58,,low
1072,27,,low
1073,57,,low
1074,28,,low
1075,18,,low
1076,,lapsed 24 days,high
1077,24,,low
1078,,lapsed 52 days,high
1079,0,,elevated
1080,,lapsed 81 days,high
1081,0,,elevated
1082,12,,low
1083,,lapsed 146 days,high
1084,19,,low
1085,,lapsed 79 days,high
1086,85,,low
1087,30,,low
1088,0,,elevated
1089,7,,low
1090,0,,elevated
1091,0,,elevated
1092,0,,elevated
1093,24,,low
1094,18,,low
1095,41,,low
1096,0,,elevated
1097,17,,low
1098,28,,low
1099,52,,low
1100,11,,low
1101,35,,low
1102,9,,low
1103,30,,low
1104,30,,low
1105,0,,elevated
1106,12,,low
1107,8,,low
1108,24,,low
1109,27,,low
1110,46,,low
1111,19,,low
1112,,lapsed 23 days,high
1113,25,,low
1114,0,,elevated
1115,0,,elevated
1116,0,,elevated
1117,0,,elevated
1118,21,,low
1119,23,,low
1120,,lapsed 268 days,high
1121,,lapsed 38 days,high
1122,21,,low
1123,29,,low
1124,8,,low
1125,20,,low
1126,35,,low
1127,0,,elevated
1128,18,,low
1129,29,,low
1130,82,,low
1131,,lapsed 76 days,high
1132,0,,elevated
1133,40,,low
1134,0,,elevated
1135,28,,low
1136,6,,low
1137,20,,low
1138,23,,low
1139,0,,elevated
1140,9,,low
1141,0,,elevated
1142,23,,low
1143,,lapsed 61 days,high
1144,7,,low
1145,16,,low
1146,,lapsed 148 days,high
1147,0,,elevated
1148,19,,low
1149,20,,low
1150,,lapsed 71 days,high
1151,,lapsed 39 days,high
1152,10,,low
1153,17,,low
1154,,lapsed 43 days,high
1155,0,,elevated
1156,,lapsed 37 days,high
1157,0,,elevated
1158,25,,low
1159,14,,low
1160,24,,low
1161,0,,elevated
1162,51,,low
1163,51,,low
1164,38,,low
1165,20,,low
1166,23,,low
1167,55,,low
1168,0,,elevated
1169,0,,elevated
1170,16,,low
1171,,lapsed 44 days,high
1172,0,,elevated
1173,0,,elevated
1174,0,,elevated
1175,6,,low
1176,12,,low
1177,,lapsed 131 days,high
1178,22,,low
1179,,lapsed 63 days,high
1180,34,,low
1181,0,,elevated
1182,83,,low
1183,16,,low
1184,,lapsed 53 days,high
1185,14,,low
1186,0,,elevated
1187,11,,low
1188,14,,low
1189,10,,low
1190,50,,low
1191,0,,elevated
1192,17,,low
1193,29,,low
1194,0,,elevated
1195,34,,low
1196,15,,low
1197,0,,elevated
1198,11,,low
1199,17,,low
1200,,lapsed 212 days,high
1201,0,,elevated
1202,,lapsed 53 days,high
1203,26,,low
1204,,lapsed 135 days,high
1205,25,,low
1206,59,,low
1207,0,,elevated
1208,19,,low
1209,52,,low
1210,29,,low
1211,38,,low
1212,10,,low
1213,27,,low
1214,,lapsed 63 days,high
1215,26,,low
1216,23,,low
1217,,lapsed 78 days,high
1218,,lapsed 22 days,high
1219,26,,low
1220,0,,elevated
1221,63,,low
1222,12,,low
1223,71,,low
1224,0,,elevated
1225,18,,low
1226,46,,low
1227,0,,elevated
1228,0,,elevated
1229,50,,low
1230,0,,elevated
1231,20,,low
1232,17,,low
1233,25,,low
1234,14,,low
1235,0,,elevated
1236,6,,low
1237,14,,low
1238,,lapsed 66 days,high
1239,0,,elevated
1240,21,,low
1241,9,,low
1242,0,,elevated
1243,7,,low
1244,47,,low
1245,0,,elevated
1246,,lapsed 67 days,high
1247,63,,low
1248,0,,elevated
1249,67,,low
1250,28,,low
1251,18,,low
1252,12,,low
1253,,lapsed 42 days,high
1254,79,,low
1255,,lapsed 32 days,high
1256,51,,low
1257,28,,low
1258,27,,low
1259,10,,low
1260,25,,low
1261,0,,elevated
1262,0,,elevated
1263,16,,low
1264,19,,low
1265,9,,low
1266,0,,elevated
1267,26,,low
1268,0,,elevated
1269,,lapsed 173 days,high
1270,0,,elevated
1271,28,,low
1272,,lapsed 76 days,high
1273,13,,low
1274,30,,low
1275,24,,low
1276,,lapsed 64 days,high
1277,,lapsed 32 days,high
1278,29,,low
1279,76,,low
1280,0,,elevated
1281,0,,elevated
1282,29,,low
1283,,lapsed 84 days,high
1284,23,,low
1285,0,,elevated
1286,22,,low
1287,24,,low
1288,83,,low
1289,0,,elevated
1290,70,,low
1291,0,,elevated
1292,20,,low
1293,23,,low
1294,29,,low
1295,29,,low
1296,9,,low
1297,6,,low
1298,0,,elevated
1299,0,,elevated
1300,18,,low
1301,11,,low
1302,53,,low
1303,18,,low
1304,0,,elevated
1305,26,,low
1306,18,,low
1307,0,,elevated
1308,22,,low
1309,15,,low
1310,9,,low
1311,0,,elevated
1312,29,,low
1313,26,,low
1314,,lapsed 142 days,high
1315,0,,elevated
1316,10,,low
1317,0,,elevated
1318,0,,elevated
1319,,lapsed 98 days,high
1320,,lapsed 121 days,high
1321,0,,elevated
1322,0,,elevated
1323,0,,elevated
1324,55,,low
1325,48,,low
1326,77,,low
1327,0,,elevated
1328,31,,low
1329,10,,low
1330,17,,low
1331,0,,elevated
1332,0,,elevated
1333,0,,elevated
1334,69,,low
1335,0,,elevated
1336,26,,low
1337,0,,elevated
1338,12,,low
1339,59,,low
1340,11,,low
1341,7,,low
1342,54,,low
1343,,lapsed 83 days,high
1344,,lapsed 250 days,high
1345,52,,low
1346,25,,low
1347,0,,elevated
1348,0,,elevated
1349,0,,elevated
1350,,lapsed 56 days,high
1351,30,,low
1352,,lapsed 21 days,high
1353,0,,elevated
1354,0,,elevated
1355,0,,elevated
1356,82,,low
1357,18,,low
1358,,lapsed 90 days,high
1359,0,,elevated
1360,0,,elevated
1361,0,,elevated
1362,66,,low
1363,18,,low
1364,39,,low
1365,30,,low
1366,0,,elevated
1367,21,,low
1368,17,,low
1369,19,,low
1370,0,,elevated
1371,,lapsed 62 days,high
1372,0,,elevated
1373,6,,low
1374,13,,low
1375,18,,low
1376,,lapsed 78 days,high
1377,16,,low
1378,25,,low
1379,0,,elevated
1380,0,,elevated
1381,,lapsed 33 days,high
1382,0,,elevated
1383,17,,low
1384,44,,low
1385,73,,low
1386,13,,low
1387,71,,low
1388,16,,low
1389,0,,elevated
1390,0,,elevated
1391,30,,low
1392,0,,elevated
1393,19,,low
1394,0,,elevated
1395,39,,low
1396,24,,low
1397,0,,elevated
1398,23,,low
1399,26,,low
1400,7,,low
1401,22,,low
1402,43,,low
1403,58,,low
1404,0,,elevated
1405,0,,elevated
1406,,lapsed 45 days,high
1407,0,,elevated
1408,,lapsed 60 days,high
1409,0,,elevated
1410,17,,low
1411,30,,low
1412,29,,low
1413,0,,elevated
1414,8,,low
1415,0,,elevated
1416,0,,elevated
1417,86,,low
1418,30,,low
1419,,lapsed 24 days,high
1420,32,,low
1421,25,,low
1422,7,,low
1423,0,,elevated
1424,24,,low
1425,52,,low
1426,0,,elevated
1427,0,,elevated
1428,22,,low
1429,13,,low
1430,73,,low
1431,25,,low
1432,9,,low
1433,28,,low
1434,22,,low
1435,,lapsed 149 days,high
1436,13,,low
1437,0,,elevated
1438,26,,low
1439,0,,elevated
1440,25,,low
1441,26,,low
1442,,lapsed 141 days,high
1443,60,,low
1444,32,,low
1445,0,,elevated
1446,15,,low
1447,32,,low
1448,57,,low
1449,18,,low
1450,27,,low
1451,11,,low
1452,52,,low
1453,0,,elevated
1454,18,,low
1455,23,,low
1456,28,,low
1457,0,,elevated
1458,0,,elevated
1459,,lapsed 176 days,high
1460,0,,elevated
1461,13,,low
1462,21,,low
1463,24,,low
1464,11,,low
1465,,lapsed 50 days,high
1466,73,,low
1467,83,,low
1468,0,,elevated
1469,27,,low
1470,16,,low
1471,,lapsed 32 days,high
1472,55,,low
1473,44,,low
1474,0,,elevated
1475,55,,low
1476,26,,low
1477,22,,low
1478,17,,low
1479,23,,low
1480,,lapsed 249 days,high
1481,,lapsed 128 days,high
1482,57,,low
1483,14,,low
1484,17,,low
1485,26,,low
1486,15,,low
1487,54,,low
1488,56,,low
1489,26,,low
1490,17,,low
1491,,lapsed 41 days,high
1492,11,,low
1493,0,,elevated
1494,27,,low
1495,10,,low
1496,9,,low
1497,6,,low
1498,24,,low
1499,41,,low
1500,21,,low
1501,22,,low
1502,51,,low
1503,9,,low
1504,0,,elevated
1505,,lapsed 61 days,high
1506,17,,low
1507,11,,low
1508,0,,elevated
1509,31,,low
1510,41,,low
1511,14,,low
1512,0,,elevated
1513,0,,elevated
1514,29,,low
1515,11,,low
1516,22,,low
1517,0,,elevated
1518,30,,low
1519,15,,low
1520,,lapsed 201 days,high
1521,,lapsed 65 days,high
1522,51,,low
1523,29,,low
1524,,lapsed 32 days,high
1525,78,,low
1526,36,,low
1527,12,,low
1528,25,,low
1529,0,,elevated
1530,22,,low
1531,,lapsed 76 days,high
1532,11,,low
1533,45,,low
1534,17,,low
1535,28,,low
1536,,lapsed 29 days,high
1537,13,,low
1538,22,,low
1539,22,,low
1540,53,,low
1541,48,,low
1542,0,,elevated
1543,0,,elevated
1544,,lapsed 64 days,high
1545,9,,low
1546,0,,elevated
1547,21,,low
1548,38,,low
1549,25,,low
1550,47,,low
1551,,lapsed 176 days,high
1552,0,,elevated
1553,,lapsed 62 days,high
1554,46,,low
1555,27,,low
1556,,lapsed 196 days,high
1557,26,,low
1558,11,,low
1559,30,,low
1560,15,,low
1561,0,,elevated
1562,27,,low
1563,33,,low
1564,,lapsed 26 days,high
1565,12,,low
1566,18,,low
1567,28,,low
1568,6,,low
1569,,lapsed 169 days,high
1570,18,,low
1571,10,,low
1572,52,,low
1573,15,,low
1574,7,,low
1575,43,,low
1576,7,,low
1577,23,,low
1578,,lapsed 42 days,high
1579,17,,low
1580,0,,elevated
1581,39,,low
1582,26,,low
1583,12,,low
1584,12,,low
1585,24,,low
1586,78,,low
1587,0,,elevated
1588,14,,low
1589,56,,low
1590,31,,low
1591,59,,low
1592,,lapsed 143 days,high
1593,22,,low
1594,18,,low
1595,11,,low
1596,31,,low
1597,0,,elevated
1598,17,,low
1599,14,,low
1600,10,,low
1601,16,,low
1602,23,,low
1603,22,,low
1604,77,,low
1605,37,,low
1606,0,,elevated
1607,,lapsed 25 days,high
1608,13,,low
1609,0,,elevated
1610,23,,low
1611,73,,low
1612,24,,low
1613,0,,elevated
1614,0,,elevated
1615,23,,low
1616,17,,low
1617,0,,elevated
1618,23,,low
1619,73,,low
1620,10,,low
1621,0,,elevated
1622,0,,elevated
1623,,lapsed 58 days,high
1624,19,,low
1625,18,,low
1626,15,,low
1627,42,,low
1628,42,,low
1629,28,,low
1630,,lapsed 81 days,high
1631,24,,low
1632,,lapsed 78 days,high
1633,70,,low
1634,9,,low
1635,,lapsed 106 days,high
1636,30,,low
1637,29,,low
1638,0,,elevated
1639,0,,elevated
1640,18,,low
1641,24,,low
1642,29,,low
1643,0,,elevated
1644,35,,low
1645,17,,low
1646,28,,low
1647,43,,low
1648,19,,low
1649,18,,low
1650,,lapsed 89 days,high
1651,23,,low
1652,41,,low
1653,30,,low
1654,14,,low
1655,,lapsed 88 days,high
1656,0,,elevated
1657,0,,elevated
1658,,lapsed 170 days,high
1659,25,,low
1660,31,,low
1661,25,,low
1662,,lapsed 27 days,high
1663,29,,low
1664,0,,elevated
1665,26,,low
1666,29,,low
1667,0,,elevated
1668,30,,low
1669,0,,elevated
1670,0,,elevated
1671,0,,elevated
1672,9,,low
1673,,lapsed 79 days,high
1674,28,,low
1675,0,,elevated
1676,,lapsed 28 days,high
1677,,lapsed 62 days,high
1678,27,,low
1679,38,,low
1680,47,,low
1681,,lapsed 87 days,high
1682,25,,low
1683,71,,low
1684,13,,low
1685,51,,low
1686,79,,low
1687,46,,low
1688,,lapsed 265 days,high
1689,,lapsed 34 days,high
1690,41,,low
1691,0,,elevated
1692,27,,low
1693,28,,low
1694,,lapsed 76 days,high
1695,9,,low
1696,0,,elevated
1697,25,,low
1698,71,,low
1699,14,,low
1700,0,,elevated
1701,0,,elevated
1702,42,,low
1703,13,,low
1704,0,,elevated
1705,49,,low
1706,14,,low
1707,,lapsed 173 days,high
1708,14,,low
1709,9,,low
1710,29,,low
1711,10,,low
1712,0,,elevated
1713,,lapsed 175 days,high
1714,0,,elevated
1715,12,,low
1716,28,,low
1717,,lapsed 87 days,high
1718,43,,low
1719,0,,elevated
1720,29,,low
1721,0,,elevated
1722,,lapsed 82 days,high
1723,16,,low
1724,53,,low
1725,8,,low
1726,8,,low
1727,27,,low
1728,52,,low
1729,20,,low
1730,7,,low
1731,27,,low
1732,60,,low
1733,30,,low
1734,,lapsed 75 days,high
1735,20,,low
1736,52,,low
1737,58,,low
1738,74,,low
1739,6,,low
1740,35,,low
1741,18,,low
1742,22,,low
1743,,lapsed 151 days,high
1744,69,,low
1745,16,,low
1746,,lapsed 217 days,high
1747,0,,elevated
1748,30,,low
1749,20,,low
1750,,lapsed 217 days,high
1751,15,,low
1752,44,,low
1753,13,,low
1754,0,,elevated
1755,23,,low
1756,24,,low
1757,16,,low
1758,54,,low
1759,9,,low
1760,53,,low
1761,23,,low
1762,0,,elevated
1763,24,,low
1764,29,,low
1765,,lapsed 99 days,high
1766,0,,elevated
1767,,lapsed 50 days,high
1768,40,,low
1769,22,,low
1770,17,,low
1771,0,,elevated
1772,80,,low
1773,0,,elevated
1774,,lapsed 83 days,high
1775,,lapsed 31 days,high
1776,24,,low
1777,19,,low
1778,19,,low
1779,27,,low
1780,21,,low
1781,18,,low
1782,,lapsed 76 days,high
1783,13,,low
1784,46,,low
1785,45,,low
1786,17,,low
1787,7,,low
1788,74,,low
1789,0,,elevated
1790,10,,low
1791,23,,low
1792,13,,low
1793,,lapsed 21 days,high
1794,0,,elevated
1795,20,,low
1796,11,,low
1797,0,,elevated
1798,27,,low
1799,,lapsed 98 days,high
1800,30,,low
1801,22,,low
1802,30,,low
1803,25,,low
1804,24,,low
1805,31,,low
1806,27,,low
1807,84,,low
1808,12,,low
1809,34,,low
1810,0,,elevated
1811,29,,low
1812,8,,low
1813,26,,low
1814,0,,elevated
1815,0,,elevated
1816,17,,low
1817,22,,low
1818,0,,elevated
1819,15,,low
1820,36,,low
1821,56,,low
1822,17,,low
1823,88,,low
1824,26,,low
1825,21,,low
1826,23,,low
1827,17,,low
1828,0,,elevated
1829,6,,low
1830,,lapsed 268 days,high
1831,0,,elevated
1832,13,,low
1833,32,,low
1834,,lapsed 23 days,high
1835,16,,low
1836,0,,elevated
1837,26,,low
1838,27,,low
1839,0,,elevated
1840,42,,low
1841,,lapsed 65 days,high
1842,0,,elevated
1843,,lapsed 33 days,high
1844,55,,low
1845,16,,low
1846,0,,elevated
1847,27,,low
1848,0,,elevated
1849,21,,low
1850,77,,low
1851,18,,low
1852,75,,low
1853,,lapsed 42 days,high
1854,16,,low
1855,,lapsed 85 days,high
1856,0,,elevated
1857,0,,elevated
1858,0,,elevated
1859,8,,low
1860,0,,elevated
1861,28,,low
1862,0,,elevated
1863,0,,elevated
1864,24,,low
1865,28,,low
1866,18,,low
1867,0,,elevated
1868,47,,low
1869,19,,low
1870,0,,elevated
1871,,lapsed 36 days,high
1872,0,,elevated
1873,18,,low
1874,24,,low
1875,27,,low
1876,0,,elevated
1877,8,,low
1878,53,,low
1879,8,,low
1880,27,,low
1881,22,,low
1882,17,,low
1883,17,,low
1884,18,,low
1885,56,,low
1886,26,,low
1887,24,,low
1888,52,,low
1889,0,,elevated
1890,57,,low
1891,,lapsed 116 days,high
1892,24,,low
1893,28,,low
1894,0,,elevated
1895,29,,low
1896,28,,low
1897,0,,elevated
1898,0,,elevated
1899,0,,elevated
1900,0,,elevated
1901,34,,low
1902,0,,elevated
1903,0,,elevated
1904,9,,low
1905,45,,low
1906,0,,elevated
1907,,lapsed 24 days,high
1908,11,,low
1909,,lapsed 131 days,high
1910,18,,low
1911,26,,low
1912,26,,low
1913,,lapsed 53 days,high
1914,,lapsed 253 days,high
1915,0,,elevated
1916,16,,low
1917,,lapsed 85 days,high
1918,19,,low
1919,0,,elevated
1920,23,,low
1921,47,,low
1922,,lapsed 89 days,high
1923,0,,elevated
1924,,lapsed 31 days,high
1925,35,,low
1926,0,,elevated
1927,0,,elevated
1928,6,,low
1929,20,,low
1930,73,,low
1931,25,,low
1932,25,,low
1933,60,,low
1934,65,,low
1935,10,,low
1936,7,,low
1937,17,,low
1938,18,,low
1939,16,,low
1940,,lapsed 112 days,high
1941,20,,low
1942,21,,low
1943,0,,elevated
1944,9,,low
1945,35,,low
1946,0,,elevated
1947,35,,low
1948,16,,low
1949,,lapsed 54 days,high
1950,25,,low
1951,16,,low
1952,,lapsed 23 days,high
1953,25,,low
1954,28,,low
1955,25,,low
1956,43,,low
1957,8,,low
1958,0,,elevated
1959,0,,elevated
1960,88,,low
1961,,lapsed 79 days,high
1962,0,,elevated
1963,28,,low
1964,,lapsed 40 days,high
1965,0,,elevated
1966,14,,low
1967,41,,low
1968,45,,low
1969,14,,low
1970,17,,low
1971,24,,low
1972,10,,low
1973,19,,low
1974,12,,low
1975,30,,low
1976,40,,low
1977,0,,elevated
1978,13,,low
1979,17,,low
1980,24,,low
1981,,lapsed 82 days,high
1982,48,,low
1983,31,,low
1984,37,,low
1985,85,,low
1986,52,,low
1987,43,,low
1988,13,,low
1989,65,,low
1990,27,,low
1991,17,,low
1992,22,,low
1993,19,,low
1994,10,,low
1995,6,,low
1996,24,,low
1997,7,,low
1998,0,,elevated
1999,17,,low
2000,0,,elevated
2001,0,,elevated
2002,8,,low
2003,6,,low
2004,,lapsed 62 days,high
2005,,lapsed 127 days,high
2006,52,,low
2007,27,,low
2008,7,,low
2009,0,,elevated
2010,12,,low
2011,49,,low
2012,11,,low
2013,24,,low
2014,0,,elevated
2015,16,,low
2016,14,,low
2017,,lapsed 53 days,high
2018,,lapsed 170 days,high
2019,10,,low
2020,0,,elevated
2021,14,,low
2022,55,,low
2023,13,,low
2024,9,,low
2025,24,,low
2026,,lapsed 72 days,high
2027,,lapsed 253 days,high
2028,71,,low
2029,,lapsed 35 days,high
2030,59,,low
2031,0,,elevated
2032,11,,low
2033,0,,elevated
2034,19,,low
2035,12,,low
2036,,lapsed 59 days,high
2037,,lapsed 28 days,high
2038,73,,low
2039,0,,elevated
2040,,lapsed 24 days,high
2041,9,,low
2042,29,,low
2043,20,,low
2044,0,,elevated
2045,36,,low
2046,27,,low
2047,0,,elevated
2048,12,,low
2049,27,,low
2050,0,,elevated
2051,0,,elevated
2052,7,,low
2053,0,,elevated
2054,17,,low
2055,0,,elevated
2056,30,,low
2057,23,,low
2058,16,,low
2059,60,,low
2060,72,,low
2061,24,,low
2062,89,,low
2063,54,,low
2064,0,,elevated
2065,20,,low
2066,13,,low
2067,,lapsed 87 days,high
2068,16,,low
2069,80,,low
2070,83,,low
2071,17,,low
2072,69,,low
2073,,lapsed 47 days,high
2074,,lapsed 75 days,high
2075,0,,elevated
2076,0,,elevated
2077,,lapsed 54 days,high
2078,0,,elevated
2079,6,,low
2080,,lapsed 43 days,high
2081,15,,low
2082,19,,low
2083,8,,low
2084,0,,elevated
2085,25,,low
2086,0,,elevated
2087,23,,low
2088,26,,low
2089,79,,low
2090,0,,elevated
2091,13,,low
2092,0,,elevated
2093,21,,low
2094,59,,low
2095,25,,low
2096,20,,low
2097,63,,low
2098,54,,low
2099,,lapsed 46 days,high
2100,16,,low
2101,25,,low
2102,29,,low
2103,10,,low
2104,73,,low
2105,,lapsed 77 days,high
2106,0,,elevated
2107,,lapsed 168 days,high
2108,66,,low
2109,6,,low
2110,24,,low
2111,11,,low
2112,27,,low
2113,21,,low
2114,,lapsed 87 days,high
2115,0,,elevated
2116,28,,low
2117,0,,elevated
2118,0,,elevated
2119,,lapsed 111 days,high
2120,9,,low
2121,0,,elevated
2122,25,,low
2123,44,,low
2124,68,,low
2125,9,,low
2126,76,,low
2127,11,,low
2128,,lapsed 106 days,high
2129,0,,elevated
2130,17,,low
2131,0,,elevated
2132,6,,low
2133,,lapsed 63 days,high
2134,,lapsed 41 days,high
2135,15,,low
2136,,lapsed 72 days,high
2137,0,,elevated
2138,,lapsed 87 days,high
2139,20,,low
2140,25,,low
2141,41,,low
2142,21,,low
2143,55,,low
2144,26,,low
2145,23,,low
2146,19,,low
2147,22,,low
2148,38,,low
2149,10,,low
2150,8,,low
2151,,lapsed 157 days,high
2152,8,,low
2153,0,,elevated
2154,31,,low
2155,22,,low
2156,0,,elevated
2157,,lapsed 44 days,high
2158,0,,elevated
2159,7,,low
2160,0,,elevated
2161,0,,elevated
2162,,lapsed 172 days,high
2163,0,,elevated
2164,23,,low
2165,,lapsed 21 days,high
2166,23,,low
2167,13,,low
2168,10,,low
2169,13,,low
2170,0,,elevated
2171,,lapsed 52 days,high
2172,,lapsed 62 days,high
2173,13,,low
2174,14,,low
2175,,lapsed 44 days,high
2176,,lapsed 242 days,high
2177,0,,elevated
2178,0,,elevated
2179,15,,low
2180,26,,low
2181,14,,low
2182,28,,low
2183,11,,low
2184,52,,low
2185,0,,elevated
2186,,lapsed 73 days,high
2187,13,,low
2188,,lapsed 64 days,high
2189,,lapsed 170 days,high
2190,73,,low
2191,8,,low
2192,,lapsed 28 days,high
2193,20,,low
2194,58,,low
2195,79,,low
2196,26,,low
2197,20,,low
2198,22,,low
2199,0,,elevated
2200,6,,low
2201,27,,low
2202,0,,elevated
2203,0,,elevated
2204,29,,low
2205,0,,elevated
2206,0,,elevated
2207,0,,elevated
2208,0,,elevated
2209,73,,low
2210,,lapsed 44 days,high
2211,65,,low
2212,0,,elevated
2213,7,,low
2214,0,,elevated
2215,0,,elevated
2216,13,,low
2217,0,,elevated
2218,6,,low
2219,0,,elevated
2220,12,,low
2221,15,,low
2222,26,,low
2223,19,,low
2224,,lapsed 86 days,high
2225,,lapsed 24 days,high
2226,0,,elevated
2227,62,,low
2228,30,,low
2229,8,,low
2230,6,,low
2231,58,,low
2232,0,,elevated
2233,,lapsed 75 days,high
2234,,lapsed 67 days,high
2235,30,,low
2236,,lapsed 67 days,high
2237,19,,low
2238,0,,elevated
2239,0,,elevated
2240,12,,low
2241,80,,low
2242,0,,elevated
2243,24,,low
2244,63,,low
2245,30,,low
2246,30,,low
2247,0,,elevated
2248,13,,low
2249,0,,elevated
2250,14,,low
2251,86,,low
2252,21,,low
2253,60,,low
2254,19,,low
2255,25,,low
2256,7,,low
2257,,lapsed 58 days,high
2258,14,,low
2259,0,,elevated
2260,20,,low
2261,30,,low
2262,0,,elevated
2263,7,,low
2264,49,,low
2265,20,,low
2266,24,,low
2267,17,,low
2268,23,,low
2269,27,,low
2270,15,,low
2271,56,,low
2272,10,,low
2273,17,,low
2274,26,,low
2275,43,,low
2276,,lapsed 49 days,high
2277,62,,low
2278,15,,low
2279,20,,low
2280,22,,low
2281,,lapsed 84 days,high
2282,,lapsed 140 days,high
2283,,lapsed 39 days,high
2284,29,,low
2285,15,,low
2286,0,,elevated
2287,57,,low
2288,34,,low
2289,16,,low
2290,,lapsed 77 days,high
2291,17,,low
2292,35,,low
2293,46,,low
2294,0,,elevated
2295,22,,low
2296,13,,low
2297,0,,elevated
2298,19,,low
2299,,lapsed 68 days,high
2300,0,,elevated
2301,25,,low
2302,53,,low
2303,27,,low
2304,7,,low
2305,22,,low
2306,,lapsed 52 days,high
2307,22,,low
2308,0,,elevated
2309,12,,low
2310,81,,low
2311,,lapsed 182 days,high
2312,16,,low
2313,0,,elevated
2314,26,,low
2315,22,,low
2316,17,,low
2317,12,,low
2318,20,,low
2319,0,,elevated
2320,0,,elevated
2321,,lapsed 40 days,high
2322,24,,low
2323,,lapsed 165 days,high
2324,,lapsed 21 days,high
2325,29,,low
2326,37,,low
2327,0,,elevated
2328,6,,low
2329,,lapsed 38 days,high
2330,62,,low
2331,0,,elevated
2332,25,,low
2333,0,,elevated
2334,24,,low
2335,13,,low
2336,30,,low
2337,,lapsed 43 days,high
2338,22,,low
2339,15,,low
2340,18,,low
2341,,lapsed 146 days,high
2342,6,,low
2343,16,,low
2344,27,,low
2345,28,,low
2346,14,,low
2347,53,,low
2348,22,,low
2349,18,,low
2350,8,,low
2351,,lapsed 171 days,high
2352,22,,low
2353,,lapsed 34 days,high
2354,19,,low
2355,0,,elevated
2356,35,,low
2357,22,,low
2358,0,,elevated
2359,20,,low
2360,18,,low
2361,48,,low
2362,27,,low
2363,68,,low
2364,8,,low
2365,,lapsed 155 days,high
2366,14,,low
2367,87,,low
2368,10,,low
2369,,lapsed 122 days,high
2370,7,,low
2371,22,,low
2372,18,,low
2373,23,,low
2374,12,,low
2375,7,,low
2376,0,,elevated
2377,0,,elevated
2378,18,,low
2379,13,,low
2380,0,,elevated
2381,53,,low
2382,52,,low
2383,8,,low
2384,27,,low
2385,,lapsed 88 days,high
2386,22,,low
2387,47,,low
2388,20,,low
2389,,lapsed 159 days,high
2390,34,,low
2391,38,,low
2392,69,,low
2393,0,,elevated
2394,60,,low
2395,30,,low
2396,11,,low
2397,,lapsed 52 days,high
2398,19,,low
2399,14,,low
2400,70,,low
2401,59,,low
2402,17,,low
2403,0,,elevated
2404,,lapsed 89 days,high
2405,35,,low
2406,,lapsed 59 days,high
2407,15,,low
2408,0,,elevated
2409,22,,low
2410,48,,low
2411,21,,low
2412,0,,elevated
2413,25,,low
2414,29,,low
2415,35,,low
2416,30,,low
2417,43,,low
2418,78,,low
2419,0,,elevated
2420,26,,low
2421,,lapsed 78 days,high
2422,0,,elevated
2423,23,,low
2424,30,,low
2425,,lapsed 81 days,high
2426,24,,low
2427,10,,low
2428,10,,low
2429,17,,low
2430,0,,elevated
2431,,lapsed 226 days,high
2432,54,,low
2433,0,,elevated
2434,27,,low
2435,34,,low
2436,6,,low
2437,89,,low
2438,17,,low
2439,23,,low
2440,0,,elevated
2441,19,,low
2442,20,,low
2443,21,,low
2444,19,,low
2445,36,,low
2446,,lapsed 59 days,high
2447,45,,low
2448,37,,low
2449,,lapsed 80 days,high
2450,54,,low
2451,0,,elevated
2452,,lapsed 260 days,high
2453,0,,elevated
2454,16,,low
2455,41,,low
2456,20,,low
2457,9,,low
2458,28,,low
2459,11,,low
2460,0,,elevated
2461,0,,elevated
2462,,lapsed 86 days,high
2463,13,,low
2464,0,,elevated
2465,75,,low
2466,27,,low
2467,35,,low
2468,49,,low
2469,,lapsed 66 days,high
2470,11,,low
2471,44,,low
2472,0,,elevated
2473,0,,elevated
2474,30,,low
2475,13,,low
2476,,lapsed 117 days,high
2477,39,,low
2478,31,,low
2479,0,,elevated
2480,13,,low
2481,0,,elevated
2482,0,,elevated
2483,14,,low
2484,7,,low
2485,22,,low
2486,0,,elevated
2487,14,,low
2488,0,,elevated
2489,,lapsed 37 days,high
2490,15,,low
2491,53,,low
2492,66,,low
2493,0,,elevated
2494,18,,low
2495,,lapsed 45 days,high
2496,0,,elevated
2497,24,,low
2498,26,,low
2499,29,,low
2500,20,,low
2501,52,,low
2502,27,,low
2503,77,,low
2504,,lapsed 67 days,high
2505,26,,low
2506,89,,low
2507,16,,low
2508,8,,low
2509,0,,elevated
2510,34,,low
2511,19,,low
2512,0,,elevated
2513,24,,low
2514,18,,low
2515,29,,low
2516,52,,low
2517,,lapsed 72 days,high
2518,0,,elevated
2519,,lapsed 99 days,high
2520,20,,low
2521,18,,low
2522,25,,low
2523,22,,low
2524,,lapsed 31 days,high
2525,0,,elevated
2526,0,,elevated
2527,57,,low
2528,13,,low
2529,39,,low
2530,0,,elevated
2531,16,,low
2532,,lapsed 113 days,high
2533,14,,low
2534,,lapsed 26 days,high
2535,52,,low
2536,28,,low
2537,28,,low
2538,37,,low
2539,0,,elevated
2540,14,,low
2541,0,,elevated
2542,26,,low
2543,21,,low
2544,0,,elevated
2545,17,,low
2546,,lapsed 78 days,high
2547,16,,low
2548,0,,elevated
2549,0,,elevated
2550,14,,low
2551,25,,low
2552,,lapsed 151 days,high
2553,0,,elevated
2554,6,,low
2555,43,,low
2556,,lapsed 27 days,high
2557,9,,low
2558,0,,elevated
2559,,lapsed 67 days,high
2560,16,,low
2561,8,,low
2562,,lapsed 88 days,high
2563,56,,low
2564,0,,elevated
2565,0,,elevated
2566,,lapsed 75 days,high
2567,20,,low
2568,13,,low
2569,7,,low
2570,0,,elevated
2571,0,,elevated
2572,28,,low
2573,7,,low
2574,21,,low
2575,0,,elevated
2576,29,,low
2577,0,,elevated
2578,83,,low
2579,13,,low
2580,0,,elevated
2581,9,,low
2582,,lapsed 26 days,high
2583,12,,low
2584,49,,low
2585,56,,low
2586,61,,low
2587,,lapsed 71 days,high
2588,11,,low
2589,21,,low
2590,,lapsed 142 days,high
2591,,lapsed 63 days,high
2592,6,,low
2593,6,,low
2594,12,,low
2595,0,,elevated
2596,,lapsed 67 days,high
2597,27,,low
2598,19,,low
2599,55,,low
2600,,lapsed 40 days,high
2601,23,,low
2602,7,,low
2603,23,,low
2604,0,,elevated
2605,0,,elevated
2606,25,,low
2607,48,,low
2608,6,,low
2609,27,,low
2610,,lapsed 55 days,high
2611,27,,low
2612,0,,elevated
2613,,lapsed 77 days,high
2614,44,,low
2615,20,,low
2616,69,,low
2617,8,,low
2618,,lapsed 38 days,high
2619,,lapsed 64 days,high
2620,27,,low
2621,0,,elevated
2622,30,,low
2623,0,,elevated
2624,25,,low
2625,13,,low
2626,39,,low
2627,19,,low
2628,0,,elevated
2629,7,,low
2630,22,,low
2631,25,,low
2632,12,,low
2633,22,,low
2634,,lapsed 29 days,high
2635,26,,low
2636,16,,low
2637,,lapsed 46 days,high
2638,,lapsed 84 days,high
2639,47,,low
2640,27,,low
2641,,lapsed 236 days,high
2642,14,,low
2643,22,,low
2644,0,,elevated
2645,30,,low
2646,19,,low
2647,,lapsed 31 days,high
2648,52,,low
2649,,lapsed 127 days,high
2650,,lapsed 103 days,high
2651,60,,low
2652,0,,elevated
2653,13,,low
2654,24,,low
2655,,lapsed 40 days,high
2656,0,,elevated
2657,50,,low
2658,21,,low
2659,0,,elevated
2660,0,,elevated
2661,9,,low
2662,20,,low
2663,76,,low
2664,41,,low
2665,0,,elevated
2666,43,,low
2667,,lapsed 172 days,high
2668,10,,low
2669,24,,low
2670,,lapsed 68 days,high
2671,0,,elevated
2672,26,,low
2673,85,,low
2674,56,,low
2675,0,,elevated
2676,,lapsed 182 days,high
2677,50,,low
2678,30,,low
2679,47,,low
2680,14,,low
2681,19,,low
2682,37,,low
2683,8,,low
2684,0,,elevated
2685,79,,low
2686,0,,elevated
2687,11,,low
2688,29,,low
2689,60,,low
2690,0,,elevated
2691,,lapsed 27 days,high
2692,,lapsed 117 days,high
2693,21,,low
2694,27,,low
2695,21,,low
2696,0,,elevated
2697,,lapsed 97 days,high
2698,31,,low
2699,0,,elevated
2700,19,,low
2701,49,,low
2702,17,,low
2703,20,,low
2704,0,,elevated
2705,22,,low
2706,0,,elevated
2707,20,,low
2708,18,,low
2709,0,,elevated
2710,0,,elevated
2711,,lapsed 113 days,high
2712,0,,elevated
2713,27,,low
2714,14,,low
2715,,lapsed 182 days,high
2716,25,,low
2717,6,,low
2718,32,,low
2719,0,,elevated
2720,,lapsed 61 days,high
2721,6,,low
2722,22,,low
2723,25,,low
2724,,lapsed 49 days,high
2725,,lapsed 55 days,high
2726,0,,elevated
2727,,lapsed 88 days,high
2728,29,,low
2729,23,,low
2730,,lapsed 205 days,high
2731,13,,low
2732,0,,elevated
2733,0,,elevated
2734,12,,low
2735,11,,low
2736,0,,elevated
2737,29,,low
2738,0,,elevated
2739,51,,low
2740,,lapsed 68 days,high
2741,10,,low
2742,21,,low
2743,0,,elevated
2744,,lapsed 79 days,high
2745,55,,low
2746,0,,elevated
2747,0,,elevated
2748,9,,low
2749,,lapsed 28 days,high
2750,11,,low
2751,27,,low
2752,42,,low
2753,63,,low
2754,23,,low
2755,0,,elevated
2756,11,,low
2757,40,,low
2758,0,,elevated
2759,26,,low
2760,,lapsed 31 days,high
2761,0,,elevated
2762,26,,low
2763,0,,elevated
2764,6,,low
2765,59,,low
2766,30,,low
2767,56,,low
2768,,lapsed 116 days,high
2769,0,,elevated
2770,,lapsed 87 days,high
2771,0,,elevated
2772,9,,low
2773,46,,low
2774,0,,elevated
2775,37,,low
2776,51,,low
2777,29,,low
2778,45,,low
2779,43,,low
2780,19,,low
2781,0,,elevated
2782,0,,elevated
2783,8,,low
2784,,lapsed 149 days,high
2785,0,,elevated
2786,57,,low
2787,7,,low
2788,36,,low
2789,20,,low
2790,30,,low
2791,0,,elevated
2792,27,,low
2793,0,,elevated
2794,13,,low
2795,14,,low
2796,13,,low
2797,20,,low
2798,60,,low
2799,0,,elevated
2800,0,,elevated
2801,15,,low
2802,29,,low
2803,61,,low
2804,0,,elevated
2805,24,,low
2806,26,,low
2807,43,,low
2808,15,,low
2809,18,,low
2810,88,,low
2811,59,,low
2812,53,,low
2813,29,,low
2814,38,,low
2815,17,,low
2816,66,,low
2817,10,,low
2818,47,,low
2819,12,,low
2820,0,,elevated
2821,,lapsed 49 days,high
2822,0,,elevated
2823,25,,low
2824,19,,low
2825,0,,elevated
2826,24,,low
2827,20,,low
2828,35,,low
2829,0,,elevated
2830,24,,low
2831,59,,low
2832,84,,low
2833,29,,low
2834,,lapsed 83 days,high
2835,8,,low
2836,6,,low
2837,13,,low
2838,58,,low
2839,32,,low
2840,36,,low
2841,0,,elevated
2842,0,,elevated
2843,18,,low
2844,,lapsed 44 days,high
2845,87,,low
2846,,lapsed 105 days,high
2847,18,,low
2848,,lapsed 89 days,high
2849,0,,elevated
2850,0,,elevated
2851,35,,low
2852,30,,low
2853,19,,low
2854,0,,elevated
2855,87,,low
2856,72,,low
2857,22,,low
2858,7,,low
2859,26,,low
2860,15,,low
2861,26,,low
2862,,lapsed 100 days,high
2863,,lapsed 105 days,high
2864,15,,low
2865,30,,low
2866,90,,low
2867,62,,low
2868,8,,low
2869,,lapsed 131 days,high
2870,53,,low
2871,16,,low
2872,22,,low
2873,79,,low
2874,0,,elevated
2875,,lapsed 61 days,high
2876,8,,low
2877,,lapsed 83 days,high
2878,19,,low
2879,81,,low
2880,,lapsed 76 days,high
2881,22,,low
2882,14,,low
2883,0,,elevated
2884,0,,elevated
2885,16,,low
2886,0,,elevated
2887,37,,low
2888,26,,low
2889,20,,low
2890,23,,low
2891,23,,low
2892,0,,elevated
2893,13,,low
2894,29,,low
2895,19,,low
2896,21,,low
2897,14,,low
2898,0,,elevated
2899,29,,low
2900,23,,low
2901,34,,low
2902,,lapsed 219 days,high
2903,,lapsed 160 days,high
2904,19,,low
2905,55,,low
2906,49,,low
2907,13,,low
2908,27,,low
2909,27,,low
2910,24,,low
2911,43,,low
2912,30,,low
2913,18,,low
2914,29,,low
2915,43,,low
2916,11,,low
2917,0,,elevated
2918,0,,elevated
2919,41,,low
2920,,lapsed 99 days,high
2921,,lapsed 67 days,high
2922,10,,low
2923,0,,elevated
2924,24,,low
2925,,lapsed 63 days,high
2926,0,,elevated
2927,0,,elevated
2928,0,,elevated
2929,13,,low
2930,0,,elevated
2931,,lapsed 37 days,high
2932,,lapsed 77 days,high
2933,29,,low
2934,0,,elevated
2935,13,,low
2936,,lapsed 84 days,high
2937,0,,elevated
2938,0,,elevated
2939,0,,elevated
2940,11,,low
2941,41,,low
2942,15,,low
2943,,lapsed 97 days,high
2944,19,,low
2945,,lapsed 23 days,high
2946,0,,elevated
2947,25,,low
2948,26,,low
2949,9,,low
2950,0,,elevated
2951,0,,elevated
2952,,lapsed 56 days,high
2953,20,,low
2954,62,,low
2955,0,,elevated
2956,0,,elevated
2957,30,,low
2958,,lapsed 150 days,high
2959,0,,elevated
2960,60,,low
2961,0,,elevated
2962,29,,low
2963,0,,elevated
2964,0,,elevated
2965,80,,low
2966,0,,elevated
2967,47,,low
2968,0,,elevated
2969,0,,elevated
2970,23,,low
2971,0,,elevated
2972,,lapsed 51 days,high
2973,54,,low
2974,46,,low
2975,10,,low
2976,30,,low
2977,0,,elevated
2978,7,,low
2979,0,,elevated
2980,,lapsed 72 days,high
2981,0,,elevated
2982,48,,low
2983,6,,low
2984,0,,elevated
2985,7,,low
2986,11,,low
2987,11,,low
2988,25,,low
2989,,lapsed 70 days,high
2990,,lapsed 77 days,high
2991,16,,low
2992,26,,low
2993,20,,low
2994,75,,low
2995,17,,low
2996,0,,elevated
2997,24,,low
2998,58,,low
2999,13,,low
3000,32,,low
3001,53,,low
3002,7,,low
3003,7,,low
3004,6,,low
3005,21,,low
3006,0,,elevated
3007,24,,low
3008,50,,low
3009,27,,low
3010,30,,low
3011,52,,low
3012,20,,low
3013,45,,low
3014,23,,low
3015,0,,elevated
3016,30,,low
3017,54,,low
3018,,lapsed 41 days,high
3019,22,,low
3020,,lapsed 73 days,high
3021,55,,low
3022,43,,low
3023,59,,low
3024,0,,elevated
3025,48,,low
3026,0,,elevated
3027,,lapsed 49 days,high
3028,,lapsed 152 days,high
3029,27,,low
3030,17,,low
3031,,lapsed 56 days,high
3032,22,,low
3033,8,,low
3034,51,,low
3035,7,,low
3036,0,,elevated
3037,,lapsed 30 days,high
3038,0,,elevated
3039,65,,low
3040,74,,low
3041,,lapsed 30 days,high
3042,81,,low
3043,11,,low
3044,16,,low
3045,,lapsed 168 days,high
3046,14,,low
3047,9,,low
3048,10,,low
3049,15,,low
3050,25,,low
3051,21,,low
3052,18,,low
3053,17,,low
3054,0,,elevated
3055,17,,low
3056,14,,low
3057,25,,low
3058,0,,elevated
3059,6,,low
3060,0,,elevated
3061,8,,low
3062,0,,elevated
3063,64,,low
3064,46,,low
3065,14,,low
3066,,lapsed 50 days,high
3067,22,,low
3068,28,,low
3069,21,,low
3070,18,,low
3071,0,,elevated
3072,,lapsed 60 days,high
3073,6,,low
3074,0,,elevated
3075,0,,elevated
3076,13,,low
3077,,lapsed 79 days,high
3078,,lapsed 109 days,high
3079,25,,low
3080,,lapsed 145 days,high
3081,21,,low
3082,25,,low
3083,0,,elevated
3084,0,,elevated
3085,32,,low
3086,0,,elevated
3087,,lapsed 85 days,high
3088,,lapsed 83 days,high
3089,21,,low
3090,0,,elevated
3091,12,,low
3092,50,,low
3093,0,,elevated
3094,54,,low
3095,0,,elevated
3096,,lapsed 84 days,high
3097,0,,elevated
3098,0,,elevated
3099,0,,elevated
3100,33,,low
3101,30,,low
3102,,lapsed 56 days,high
3103,8,,low
3104,0,,elevated
3105,10,,low
3106,,lapsed 86 days,high
3107,0,,elevated
3108,30,,low
3109,47,,low
3110,6,,low
3111,,lapsed 102 days,high
3112,28,,low
3113,21,,low
3114,9,,low
3115,84,,low
3116,0,,elevated
3117,26,,low
3118,8,,low
3119,0,,elevated
3120,7,,low
3121,0,,elevated
3122,,lapsed 53 days,high
3123,7,,low
3124,,lapsed 45 days,high
3125,0,,elevated
3126,38,,low
3127,83,,low
3128,17,,low
3129,,lapsed 154 days,high
3130,0,,elevated
3131,0,,elevated
3132,75,,low
3133,8,,low
3134,0,,elevated
3135,,lapsed 77 days,high
3136,10,,low
3137,,lapsed 108 days,high
3138,0,,elevated
3139,0,,elevated
3140,61,,low
3141,28,,low
3142,28,,low
3143,0,,elevated
3144,,lapsed 37 days,high
3145,8,,low
3146,0,,elevated
3147,0,,elevated
3148,0,,elevated
3149,22,,low
3150,8,,low
3151,0,,elevated
3152,9,,low
3153,26,,low
3154,28,,low
3155,,lapsed 76 days,high
3156,19,,low
3157,21,,low
3158,18,,low
3159,0,,elevated
3160,0,,elevated
3161,50,,low
3162,,lapsed 81 days,high
3163,50,,low
3164,53,,low
3165,31,,low
3166,,lapsed 45 days,high
3167,29,,low
3168,30,,low
3169,,lapsed 82 days,high
3170,0,,elevated
3171,19,,low
3172,21,,low
3173,12,,low
3174,25,,low
3175,16,,low
3176,8,,low
3177,14,,low
3178,17,,low
3179,,lapsed 135 days,high
3180,56,,low
3181,27,,low
3182,0,,elevated
3183,29,,low
3184,90,,low
3185,0,,elevated
3186,15,,low
3187,22,,low
3188,24,,low
3189,27,,low
3190,56,,low
3191,26,,low
3192,14,,low
3193,15,,low
3194,42,,low
3195,31,,low
3196,29,,low
3197,,lapsed 46 days,high
3198,18,,low
3199,31,,low
3200,19,,low
3201,60,,low
3202,54,,low
3203,0,,elevated
3204,0,,elevated
3205,0,,elevated
3206,0,,elevated
3207,22,,low
3208,0,,elevated
3209,27,,low
3210,0,,elevated
3211,6,,low
3212,30,,low
3213,29,,low
3214,8,,low
3215,11,,low
3216,49,,low
3217,17,,low
3218,8,,low
3219,,lapsed 78 days,high
3220,0,,elevated
3221,13,,low
3222,31,,low
3223,48,,low
3224,0,,elevated
3225,66,,low
3226,45,,low
3227,20,,low
3228,60,,low
3229,58,,low
3230,29,,low
3231,43,,low
3232,23,,low
3233,,lapsed 57 days,high
3234,0,,elevated
3235,65,,low
3236,15,,low
3237,0,,elevated
3238,23,,low
3239,12,,low
3240,,lapsed 34 days,high
3241,,lapsed 70 days,high
3242,44,,low
3243,81,,low
3244,41,,low
3245,,lapsed 61 days,high
3246,0,,elevated
3247,84,,low
3248,51,,low
3249,14,,low
3250,0,,elevated
3251,0,,elevated
3252,0,,elevated
3253,,lapsed 261 days,high
3254,64,,low
3255,59,,low
3256,,lapsed 23 days,high
3257,0,,elevated
3258,0,,elevated
3259,82,,low
3260,0,,elevated
3261,20,,low
3262,,lapsed 75 days,high
3263,,lapsed 34 days,high
3264,11,,low
3265,29,,low
3266,0,,elevated
3267,0,,elevated
3268,43,,low
3269,,lapsed 69 days,high
3270,24,,low
3271,0,,elevated
3272,16,,low
3273,34,,low
3274,28,,low
3275,14,,low
3276,89,,low
3277,0,,elevated
3278,20,,low
3279,39,,low
3280,,lapsed 90 days,high
3281,21,,low
3282,90,,low
3283,0,,elevated
3284,6,,low
3285,56,,low
3286,0,,elevated
3287,0,,elevated
3288,28,,low
3289,20,,low
3290,22,,low
3291,0,,elevated
3292,,lapsed 111 days,high
3293,25,,low
3294,25,,low
3295,19,,low
3296,30,,low
3297,0,,elevated
3298,23,,low
3299,0,,elevated
3300,14,,low
3301,63,,low
3302,21,,low
3303,0,,elevated
3304,,lapsed 86 days,high
3305,31,,low
3306,10,,low
3307,24,,low
3308,0,,elevated
3309,6,,low
3310,,lapsed 73 days,high
3311,,lapsed 67 days,high
3312,49,,low
3313,,lapsed 107 days,high
3314,0,,elevated
3315,57,,low
3316,12,,low
3317,21,,low
3318,24,,low
3319,6,,low
3320,16,,low
3321,25,,low
3322,0,,elevated
3323,21,,low
3324,15,,low
3325,0,,elevated
3326,89,,low
3327,11,,low
3328,,lapsed 99 days,high
3329,0,,elevated
3330,38,,low
3331,30,,low
3332,,lapsed 160 days,high
3333,10,,low
3334,28,,low
3335,19,,low
3336,12,,low
3337,0,,elevated
3338,,lapsed 35 days,high
3339,0,,elevated
3340,20,,low
3341,0,,elevated
3342,0,,elevated
3343,0,,elevated
3344,24,,low
3345,,lapsed 159 days,high
3346,32,,low
3347,64,,low
3348,42,,low
3349,,lapsed 140 days,high
3350,19,,low
3351,,lapsed 68 days,high
3352,26,,low
3353,57,,low
3354,19,,low
3355,29,,low
3356,0,,elevated
3357,25,,low
3358,38,,low
3359,22,,low
3360,22,,low
3361,21,,low
3362,18,,low
3363,8,,low
3364,49,,low
3365,0,,elevated
3366,0,,elevated
3367,19,,low
3368,,lapsed 136 days,high
3369,20,,low
3370,7,,low
3371,30,,low
3372,11,,low
3373,0,,elevated
3374,44,,low
3375,43,,low
3376,16,,low
3377,,lapsed 28 days,high
3378,13,,low
3379,27,,low
3380,51,,low
3381,0,,elevated
3382,30,,low
3383,7,,low
3384,27,,low
3385,,lapsed 78 days,high
3386,22,,low
3387,0,,elevated
3388,7,,low
3389,,lapsed 256 days,high
3390,0,,elevated
3391,,lapsed 39 days,high
3392,11,,low
3393,0,,elevated
3394,,lapsed 45 days,high
3395,0,,elevated
3396,0,,elevated
3397,14,,low
3398,,lapsed 62 days,high
3399,0,,elevated
3400,6,,low
3401,19,,low
3402,18,,low
3403,13,,low
3404,52,,low
3405,29,,low
3406,0,,elevated
3407,70,,low
3408,19,,low
3409,57,,low
3410,0,,elevated
3411,0,,elevated
3412,41,,low
3413,,lapsed 76 days,high
3414,14,,low
3415,0,,elevated
3416,,lapsed 49 days,high
3417,11,,low
3418,,lapsed 43 days,high
3419,13,,low
3420,30,,low
3421,86,,low
3422,,lapsed 45 days,high
3423,0,,elevated
3424,28,,low
3425,9,,low
3426,0,,elevated
3427,,lapsed 24 days,high
3428,37,,low
3429,73,,low
3430,81,,low
3431,17,,low
3432,,lapsed 130 days,high
3433,,lapsed 35 days,high
3434,,lapsed 167 days,high
3435,,lapsed 50 days,high
3436,22,,low
3437,0,,elevated
3438,,lapsed 176 days,high
3439,57,,low
3440,16,,low
3441,58,,low
3442,9,,low
3443,,lapsed 138 days,high
3444,0,,elevated
3445,0,,elevated
3446,0,,elevated
3447,64,,low
3448,30,,low
3449,13,,low
3450,30,,low
3451,6,,low
3452,0,,elevated
3453,10,,low
3454,0,,elevated
3455,0,,elevated
3456,0,,elevated
3457,24,,low
3458,22,,low
3459,10,,low
3460,7,,low
3461,21,,low
3462,12,,low
3463,23,,low
3464,19,,low
3465,26,,low
3466,,lapsed 27 days,high
3467,,lapsed 102 days,high
3468,72,,low
3469,38,,low
3470,14,,low
3471,26,,low
3472,10,,low
3473,11,,low
3474,28,,low
3475,79,,low
3476,0,,elevated
3477,0,,elevated
3478,9,,low
3479,63,,low
3480,12,,low
3481,17,,low
3482,,lapsed 26 days,high
3483,0,,elevated
3484,,lapsed 60 days,high
3485,16,,low
3486,57,,low
3487,0,,elevated
3488,14,,low
3489,30,,low
3490,29,,low
3491,0,,elevated
3492,,lapsed 77 days,high
3493,0,,elevated
3494,0,,elevated
3495,8,,low
3496,0,,elevated
3497,23,,low
3498,10,,low
3499,,lapsed 156 days,high
3500,22,,low
3501,10,,low
3502,26,,low
3503,,lapsed 164 days,high
3504,19,,low
3505,0,,elevated
3506,20,,low
3507,14,,low
3508,14,,low
3509,75,,low
3510,18,,low
3511,0,,elevated
3512,10,,low
3513,22,,low
3514,8,,low
3515,48,,low
3516,0,,elevated
3517,0,,elevated
3518,28,,low
3519,18,,low
3520,51,,low
3521,27,,low
3522,15,,low
3523,68,,low
3524,29,,low
3525,28,,low
3526,0,,elevated
3527,,lapsed 85 days,high
3528,28,,low
3529,57,,low
3530,,lapsed 45 days,high
3531,,lapsed 217 days,high
3532,52,,low
3533,0,,elevated
3534,0,,elevated
3535,9,,low
3536,25,,low
3537,43,,low
3538,0,,elevated
3539,24,,low
3540,,lapsed 28 days,high
3541,53,,low
3542,0,,elevated
3543,48,,low
3544,22,,low
3545,11,,low
3546,59,,low
3547,13,,low
3548,17,,low
3549,28,,low
3550,0,,elevated
3551,0,,elevated
3552,9,,low
3553,10,,low
3554,24,,low
3555,0,,elevated
3556,,lapsed 32 days,high
3557,21,,low
3558,21,,low
3559,14,,low
3560,,lapsed 120 days,high
3561,0,,elevated
3562,19,,low
3563,36,,low
3564,,lapsed 58 days,high
3565,38,,low
3566,6,,low
3567,30,,low
3568,39,,low
3569,50,,low
3570,13,,low
3571,0,,elevated
3572,13,,low
3573,0,,elevated
3574,0,,elevated
3575,36,,low
3576,52,,low
3577,0,,elevated
3578,,lapsed 76 days,high
3579,8,,low
3580,,lapsed 164 days,high
3581,18,,low
3582,23,,low
3583,0,,elevated
3584,0,,elevated
3585,23,,low
3586,25,,low
3587,0,,elevated
3588,0,,elevated
3589,22,,low
3590,12,,low
3591,14,,low
3592,37,,low
3593,0,,elevated
3594,29,,low
3595,0,,elevated
3596,39,,low
3597,35,,low
3598,60,,low
3599,22,,low
3600,27,,low
3601,75,,low
3602,0,,elevated
3603,28,,low
3604,0,,elevated
3605,49,,low
3606,0,,elevated
3607,0,,elevated
3608,7,,low
3609,,lapsed 80 days,high
3610,,lapsed 139 days,high
3611,23,,low
3612,0,,elevated
3613,30,,low
3614,89,,low
3615,80,,low
3616,27,,low
3617,50,,low
3618,0,,elevated
3619,,lapsed 58 days,high
3620,56,,low
3621,43,,low
3622,83,,low
3623,,lapsed 51 days,high
3624,25,,low
3625,0,,elevated
3626,25,,low
3627,27,,low
3628,29,,low
3629,0,,elevated
3630,,lapsed 25 days,high
3631,20,,low
3632,55,,low
3633,25,,low
3634,0,,elevated
3635,21,,low
3636,0,,elevated
3637,,lapsed 175 days,high
3638,22,,low
3639,6,,low
3640,,lapsed 45 days,high
3641,7,,low
3642,7,,low
3643,18,,low
3644,,lapsed 45 days,high
3645,10,,low
3646,61,,low
3647,0,,elevated
3648,85,,low
3649,46,,low
3650,18,,low
3651,21,,low
3652,0,,elevated
3653,9,,low
3654,0,,elevated
3655,52,,low
3656,0,,elevated
3657,0,,elevated
3658,28,,low
3659,88,,low
3660,23,,low
3661,0,,elevated
3662,23,,low
3663,7,,low
3664,19,,low
3665,18,,low
3666,29,,low
3667,25,,low
3668,13,,low
3669,6,,low
3670,,lapsed 54 days,high
3671,25,,low
3672,15,,low
3673,10,,low
3674,19,,low
3675,16,,low
3676,,lapsed 91 days,high
3677,24,,low
3678,7,,low
3679,38,,low
3680,,lapsed 70 days,high
3681,48,,low
3682,0,,elevated
3683,,lapsed 119 days,high
3684,0,,elevated
3685,0,,elevated
3686,0,,elevated
3687,82,,low
3688,6,,low
3689,,lapsed 57 days,high
3690,17,,low
3691,16,,low
3692,74,,low
3693,0,,elevated
3694,27,,low
3695,19,,low
3696,10,,low
3697,0,,elevated
3698,11,,low
3699,75,,low
3700,27,,low
3701,38,,low
3702,30,,low
3703,33,,low
3704,39,,low
3705,24,,low
3706,62,,low
3707,,lapsed 166 days,high
3708,16,,low
3709,26,,low
3710,13,,low
3711,22,,low
3712,30,,low
3713,,lapsed 65 days,high
3714,25,,low
3715,13,,low
3716,0,,elevated
3717,18,,low
3718,6,,low
3719,19,,low
3720,56,,low
3721,15,,low
3722,,lapsed 42 days,high
3723,0,,elevated
3724,0,,elevated
3725,45,,low
3726,16,,low
3727,12,,low
3728,,lapsed 65 days,high
3729,33,,low
3730,12,,low
3731,0,,elevated
3732,0,,elevated
3733,0,,elevated
3734,62,,low
3735,60,,low
3736,54,,low
3737,7,,low
3738,35,,low
3739,0,,elevated
3740,0,,elevated
3741,,lapsed 91 days,high
3742,15,,low
3743,11,,low
3744,7,,low
3745,39,,low
3746,14,,low
3747,0,,elevated
3748,23,,low
3749,,lapsed 78 days,high
3750,19,,low
3751,83,,low
3752,0,,elevated
3753,0,,elevated
3754,0,,elevated
3755,26,,low
3756,11,,low
3757,26,,low
3758,0,,elevated
3759,0,,elevated
3760,9,,low
3761,0,,elevated
3762,,lapsed 85 days,high
3763,0,,elevated
3764,15,,low
3765,10,,low
3766,39,,low
3767,11,,low
3768,,lapsed 103 days,high
3769,17,,low
3770,21,,low
3771,26,,low
3772,30,,low
3773,,lapsed 45 days,high
3774,,lapsed 52 days,high
3775,32,,low
3776,26,,low
3777,9,,low
3778,14,,low
3779,,lapsed 146 days,high
3780,25,,low
3781,66,,low
3782,26,,low
3783,26,,low
3784,6,,low
3785,11,,low
3786,9,,low
3787,7,,low
3788,11,,low
3789,7,,low
3790,28,,low
3791,,lapsed 253 days,high
3792,26,,low
3793,80,,low
3794,,lapsed 55 days,high
3795,82,,low
3796,0,,elevated
3797,0,,elevated
3798,56,,low
3799,0,,elevated
3800,21,,low
3801,15,,low
3802,28,,low
3803,8,,low
3804,0,,elevated
3805,46,,low
3806,25,,low
3807,,lapsed 234 days,high
3808,29,,low
3809,,lapsed 105 days,high
3810,27,,low
3811,23,,low
3812,19,,low
3813,,lapsed 92 days,high
3814,30,,low
3815,49,,low
3816,23,,low
3817,69,,low
3818,,lapsed 27 days,high
3819,,lapsed 78 days,high
3820,27,,low
3821,0,,elevated
3822,26,,low
3823,0,,elevated
3824,41,,low
3825,0,,elevated
3826,40,,low
3827,37,,low
3828,23,,low
3829,0,,elevated
3830,41,,low
3831,52,,low
3832,19,,low
3833,0,,elevated
3834,15,,low
3835,37,,low
3836,24,,low
3837,,lapsed 235 days,high
3838,14,,low
3839,31,,low
3840,71,,low
3841,27,,low
3842,6,,low
3843,14,,low
3844,25,,low
3845,15,,low
3846,0,,elevated
3847,0,,elevated
3848,0,,elevated
3849,0,,elevated
3850,,lapsed 102 days,high
3851,49,,low
3852,49,,low
3853,30,,low
3854,17,,low
3855,20,,low
3856,20,,low
3857,,lapsed 253 days,high
3858,10,,low
3859,25,,low
3860,40,,low
3861,,lapsed 82 days,high
3862,0,,elevated
3863,0,,elevated
3864,17,,low
3865,,lapsed 26 days,high
3866,24,,low
3867,22,,low
3868,,lapsed 68 days,high
3869,40,,low
3870,83,,low
3871,,lapsed 22 days,high
3872,8,,low
3873,47,,low
3874,64,,low
3875,0,,elevated
3876,,lapsed 138 days,high
3877,0,,elevated
3878,0,,elevated
3879,0,,elevated
3880,18,,low
3881,53,,low
3882,14,,low
3883,53,,low
3884,,lapsed 117 days,high
3885,23,,low
3886,22,,low
3887,16,,low
3888,23,,low
3889,52,,low
3890,,lapsed 64 days,high
3891,15,,low
3892,39,,low
3893,30,,low
3894,,lapsed 75 days,high
3895,0,,elevated
3896,36,,low
3897,29,,low
3898,0,,elevated
3899,29,,low
3900,35,,low
3901,30,,low
3902,0,,elevated
3903,20,,low
3904,21,,low
3905,8,,low
3906,18,,low
3907,26,,low
3908,36,,low
3909,,lapsed 34 days,high
3910,20,,low
3911,,lapsed 28 days,high
3912,8,,low
3913,81,,low
3914,0,,elevated
3915,27,,low
3916,20,,low
3917,45,,low
3918,0,,elevated
3919,0,,elevated
3920,,lapsed 88 days,high
3921,25,,low
3922,0,,elevated
3923,0,,elevated
3924,0,,elevated
3925,28,,low
3926,26,,low
3927,14,,low
3928,24,,low
3929,0,,elevated
3930,0,,elevated
3931,7,,low
3932,0,,elevated
3933,25,,low
3934,0,,elevated
3935,0,,elevated
3936,76,,low
3937,14,,low
3938,26,,low
3939,10,,low
3940,53,,low
3941,,lapsed 55 days,high
3942,16,,low
3943,49,,low
3944,0,,elevated
3945,29,,low
3946,15,,low
3947,21,,low
3948,,lapsed 150 days,high
3949,9,,low
3950,0,,elevated
3951,47,,low
3952,9,,low
3953,0,,elevated
3954,26,,low
3955,59,,low
3956,,lapsed 263 days,high
3957,30,,low
3958,23,,low
3959,23,,low
3960,21,,low
3961,0,,elevated
3962,23,,low
3963,11,,low
3964,27,,low
3965,27,,low
3966,,lapsed 77 days,high
3967,0,,elevated
3968,55,,low
3969,83,,low
3970,10,,low
3971,30,,low
3972,45,,low
3973,13,,low
3974,,lapsed 213 days,high
3975,0,,elevated
3976,48,,low
3977,10,,low
3978,6,,low
3979,0,,elevated
3980,,lapsed 76 days,high
3981,12,,low
3982,,lapsed 60 days,high
3983,,lapsed 27 days,high
3984,,lapsed 49 days,high
3985,58,,low
3986,,lapsed 39 days,high
3987,,lapsed 125 days,high
3988,9,,low
3989,0,,elevated
3990,22,,low
3991,0,,elevated
3992,27,,low
3993,0,,elevated
3994,10,,low
3995,14,,low
3996,19,,low
3997,0,,elevated
3998,51,,low
3999,7,,low
4000,19,,low
4001,0,,elevated
4002,26,,low
4003,17,,low
4004,22,,low
4005,31,,low
4006,,lapsed 43 days,high
4007,30,,low
4008,40,,low
4009,0,,elevated
4010,59,,low
4011,,lapsed 35 days,high
4012,,lapsed 80 days,high
4013,15,,low
4014,23,,low
4015,51,,low
4016,18,,low
4017,43,,low
4018,7,,low
4019,16,,low
4020,,lapsed 119 days,high
4021,13,,low
4022,0,,elevated
4023,0,,elevated
4024,0,,elevated
4025,,lapsed 42 days,high
4026,30,,low
4027,29,,low
4028,29,,low
4029,10,,low
4030,28,,low
4031,42,,low
4032,17,,low
4033,15,,low
4034,51,,low
4035,0,,elevated
4036,18,,low
4037,,lapsed 25 days,high
4038,30,,low
4039,26,,low
4040,,lapsed 38 days,high
4041,0,,elevated
4042,7,,low
4043,52,,low
4044,,lapsed 23 days,high
4045,15,,low
4046,24,,low
4047,8,,low
4048,63,,low
4049,0,,elevated
4050,22,,low
4051,26,,low
4052,30,,low
4053,0,,elevated
4054,0,,elevated
4055,21,,low
4056,8,,low
4057,17,,low
4058,0,,elevated
4059,55,,low
4060,48,,low
4061,22,,low
4062,13,,low
4063,0,,elevated
4064,42,,low
4065,30,,low
4066,18,,low
4067,27,,low
4068,,lapsed 29 days,high
4069,63,,low
4070,,lapsed 25 days,high
4071,18,,low
4072,46,,low
4073,18,,low
4074,19,,low
4075,15,,low
4076,0,,elevated
4077,28,,low
4078,8,,low
4079,29,,low
4080,22,,low
4081,40,,low
4082,,lapsed 169 days,high
4083,21,,low
4084,,lapsed 78 days,high
4085,31,,low
4086,11,,low
4087,38,,low
4088,41,,low
4089,8,,low
4090,9,,low
4091,87,,low
4092,27,,low
4093,0,,elevated
4094,0,,elevated
4095,0,,elevated
4096,0,,elevated
4097,48,,low
4098,0,,elevated
4099,,lapsed 49 days,high
4100,22,,low
4101,25,,low
4102,66,,low
4103,19,,low
4104,24,,low
4105,0,,elevated
4106,0,,elevated
4107,29,,low
4108,19,,low
4109,25,,low
4110,29,,low
4111,35,,low
4112,0,,elevated
4113,0,,elevated
4114,0,,elevated
4115,34,,low
4116,29,,low
4117,60,,low
4118,15,,low
4119,0,,elevated
4120,,lapsed 29 days,high
4121,7,,low
4122,52,,low
4123,12,,low
4124,73,,low
4125,0,,elevated
4126,0,,elevated
4127,0,,elevated
4128,0,,elevated
4129,,lapsed 51 days,high
4130,23,,low
4131,27,,low
4132,23,,low
4133,16,,low
4134,8,,low
4135,12,,low
4136,0,,elevated
4137,62,,low
4138,0,,elevated
4139,10,,low
4140,12,,low
4141,21,,low
4142,,lapsed 108 days,high
4143,22,,low
4144,25,,low
4145,0,,elevated
4146,41,,low
4147,0,,elevated
4148,56,,low
4149,53,,low
4150,37,,low
4151,47,,low
4152,0,,elevated
4153,17,,low
4154,57,,low
4155,54,,low
4156,0,,elevated
4157,,lapsed 90 days,high
4158,0,,elevated
4159,9,,low
4160,20,,low
4161,,lapsed 60 days,high
4162,0,,elevated
4163,,lapsed 38 days,high
4164,0,,elevated
4165,,lapsed 72 days,high
4166,15,,low
4167,0,,elevated
4168,7,,low
4169,42,,low
4170,10,,low
4171,0,,elevated
4172,0,,elevated
4173,13,,low
4174,29,,low
4175,15,,low
4176,,lapsed 80 days,high
4177,73,,low
4178,0,,elevated
4179,24,,low
4180,17,,low
4181,,lapsed 191 days,high
4182,,lapsed 92 days,high
4183,0,,elevated
4184,40,,low
4185,,lapsed 122 days,high
4186,20,,low
4187,18,,low
4188,35,,low
4189,21,,low
4190,90,,low
4191,0,,elevated
4192,51,,low
4193,50,,low
4194,,lapsed 23 days,high
4195,0,,elevated
4196,21,,low
4197,10,,low
4198,0,,elevated
4199,14,,low
4200,,lapsed 82 days,high
4201,7,,low
4202,0,,elevated
4203,28,,low
4204,57,,low
4205,26,,low
4206,,lapsed 39 days,high
4207,33,,low
4208,8,,low
4209,26,,low
4210,47,,low
4211,20,,low
4212,24,,low
4213,16,,low
4214,29,,low
4215,0,,elevated
4216,14,,low
4217,,lapsed 31 days,high
4218,17,,low
4219,28,,low
4220,0,,elevated
4221,0,,elevated
4222,0,,elevated
4223,26,,low
4224,0,,elevated
4225,15,,low
4226,6,,low
4227,16,,low
4228,85,,low
4229,25,,low
4230,0,,elevated
4231,57,,low
4232,6,,low
4233,13,,low
4234,29,,low
4235,8,,low
4236,0,,elevated
4237,33,,low
4238,0,,elevated
4239,38,,low
4240,68,,low
4241,,lapsed 132 days,high
4242,25,,low
4243,18,,low
4244,21,,low
4245,13,,low
4246,21,,low
4247,55,,low
4248,,lapsed 157 days,high
4249,0,,elevated
4250,,lapsed 112 days,high
4251,13,,low
4252,44,,low
4253,6,,low
4254,22,,low
4255,,lapsed 161 days,high
4256,8,,low
4257,0,,elevated
4258,21,,low
4259,,lapsed 85 days,high
4260,24,,low
4261,,lapsed 166 days,high
4262,51,,low
4263,12,,low
4264,0,,elevated
4265,44,,low
4266,20,,low
4267,31,,low
4268,0,,elevated
4269,22,,low
4270,0,,elevated
4271,12,,low
4272,22,,low
4273,18,,low
4274,41,,low
4275,89,,low
4276,23,,low
4277,19,,low
4278,0,,elevated
4279,0,,elevated
4280,0,,elevated
4281,13,,low
4282,0,,elevated
4283,17,,low
4284,42,,low
4285,28,,low
4286,0,,elevated
4287,0,,elevated
4288,90,,low
4289,16,,low
4290,46,,low
4291,0,,elevated
4292,23,,low
4293,0,,elevated
4294,26,,low
4295,31,,low
4296,15,,low
4297,12,,low
4298,10,,low
4299,,lapsed 150 days,high
4300,11,,low
4301,11,,low
4302,23,,low
4303,20,,low
4304,27,,low
4305,29,,low
4306,15,,low
4307,7,,low
4308,45,,low
4309,25,,low
4310,,lapsed 72 days,high
4311,0,,elevated
4312,15,,low
4313,30,,low
4314,18,,low
4315,76,,low
4316,17,,low
4317,0,,elevated
4318,19,,low
4319,0,,elevated
4320,0,,elevated
4321,8,,low
4322,6,,low
4323,57,,low
4324,0,,elevated
4325,28,,low
4326,0,,elevated
4327,0,,elevated
4328,20,,low
4329,0,,elevated
4330,16,,low
4331,0,,elevated
4332,0,,elevated
4333,59,,low
4334,20,,low
4335,0,,elevated
4336,50,,low
4337,7,,low
4338,,lapsed 154 days,high
4339,,lapsed 55 days,high
4340,29,,low
4341,25,,low
4342,14,,low
4343,11,,low
4344,,lapsed 259 days,high
4345,0,,elevated
4346,0,,elevated
4347,22,,low
4348,21,,low
4349,0,,elevated
4350,20,,low
4351,0,,elevated
4352,17,,low
4353,0,,elevated
4354,0,,elevated
4355,0,,elevated
4356,22,,low
4357,17,,low
4358,29,,low
4359,8,,low
4360,0,,elevated
4361,49,,low
4362,,lapsed 29 days,high
4363,19,,low
4364,0,,elevated
4365,10,,low
4366,27,,low
4367,27,,low
4368,10,,low
4369,53,,low
4370,,lapsed 54 days,high
4371,10,,low
4372,0,,elevated
4373,55,,low
4374,,lapsed 181 days,high
4375,0,,elevated
4376,24,,low
4377,24,,low
4378,0,,elevated
4379,0,,elevated
4380,15,,low
4381,7,,low
4382,23,,low
4383,0,,elevated
4384,0,,elevated
4385,29,,low
4386,17,,low
4387,26,,low
4388,21,,low
4389,23,,low
4390,21,,low
4391,21,,low
4392,0,,elevated
4393,25,,low
4394,,lapsed 76 days,high
4395,28,,low
4396,0,,elevated
4397,26,,low
4398,55,,low
4399,60,,low
4400,0,,elevated
4401,,lapsed 30 days,high
4402,45,,low
4403,,lapsed 82 days,high
4404,,lapsed 234 days,high
4405,0,,elevated
4406,11,,low
4407,52,,low
4408,44,,low
4409,9,,low
4410,45,,low
4411,0,,elevated
4412,,lapsed 124 days,high
4413,22,,low
4414,0,,elevated
4415,24,,low
4416,28,,low
4417,30,,low
4418,19,,low
4419,56,,low
4420,0,,elevated
4421,10,,low
4422,21,,low
4423,16,,low
4424,,lapsed 22 days,high
4425,0,,elevated
4426,16,,low
4427,18,,low
4428,27,,low
4429,,lapsed 56 days,high
4430,63,,low
4431,54,,low
4432,,lapsed 104 days,high
4433,22,,low
4434,7,,low
4435,,lapsed 46 days,high
4436,24,,low
4437,28,,low
4438,30,,low
4439,6,,low
4440,27,,low
4441,0,,elevated
4442,18,,low
4443,0,,elevated
4444,55,,low
4445,,lapsed 65 days,high
4446,,lapsed 57 days,high
4447,0,,elevated
4448,49,,low
4449,0,,elevated
4450,38,,low
4451,0,,elevated
4452,12,,low
4453,17,,low
4454,,lapsed 88 days,high
4455,,lapsed 60 days,high
4456,26,,low
4457,,lapsed 44 days,high
4458,,lapsed 62 days,high
4459,32,,low
4460,0,,elevated
4461,0,,elevated
4462,33,,low
4463,0,,elevated
4464,70,,low
4465,51,,low
4466,0,,elevated
4467,28,,low
4468,0,,elevated
4469,25,,low
4470,54,,low
4471,25,,low
4472,9,,low
4473,25,,low
4474,59,,low
4475,24,,low
4476,0,,elevated
4477,85,,low
4478,14,,low
4479,15,,low
4480,0,,elevated
4481,,lapsed 80 days,high
4482,7,,low
4483,15,,low
4484,58,,low
4485,,lapsed 54 days,high
4486,0,,elevated
4487,0,,elevated
4488,33,,low
4489,9,,low
4490,0,,elevated
4491,0,,elevated
4492,67,,low
4493,30,,low
4494,42,,low
4495,44,,low
4496,48,,low
4497,0,,elevated
4498,23,,low
4499,21,,low
4500,29,,low
4501,42,,low
4502,41,,low
4503,37,,low
4504,12,,low
4505,33,,low
4506,0,,elevated
4507,30,,low
4508,0,,elevated
4509,,lapsed 58 days,high
4510,23,,low
4511,7,,low
4512,,lapsed 165 days,high
4513,12,,low
4514,0,,elevated
4515,40,,low
4516,14,,low
4517,25,,low
4518,9,,low
4519,35,,low
4520,12,,low
4521,0,,elevated
4522,8,,low
4523,0,,elevated
4524,15,,low
4525,11,,low
4526,,lapsed 162 days,high
4527,,lapsed 24 days,high
4528,0,,elevated
4529,7,,low
4530,27,,low
4531,24,,low
4532,50,,low
4533,52,,low
4534,,lapsed 77 days,high
4535,0,,elevated
4536,17,,low
4537,18,,low
4538,26,,low
4539,,lapsed 242 days,high
4540,10,,low
4541,7,,low
4542,,lapsed 39 days,high
4543,54,,low
4544,11,,low
4545,71,,low
4546,14,,low
4547,0,,elevated
4548,14,,low
4549,,lapsed 72 days,high
4550,0,,elevated
4551,18,,low
4552,,lapsed 115 days,high
4553,0,,elevated
4554,,lapsed 132 days,high
4555,21,,low
4556,0,,elevated
4557,,lapsed 153 days,high
4558,19,,low
4559,,lapsed 49 days,high
4560,0,,elevated
4561,0,,elevated
4562,56,,low
4563,0,,elevated
4564,26,,low
4565,23,,low
4566,0,,elevated
4567,13,,low
4568,0,,elevated
4569,55,,low
4570,26,,low
4571,,lapsed 39 days,high
4572,30,,low
4573,10,,low
4574,48,,low
4575,0,,elevated
4576,53,,low
4577,25,,low
4578,,lapsed 146 days,high
4579,0,,elevated
4580,23,,low
4581,21,,low
4582,60,,low
4583,59,,low
4584,14,,low
4585,,lapsed 35 days,high
4586,0,,elevated
4587,29,,low
4588,29,,low
4589,25,,low
4590,0,,elevated
4591,25,,low
4592,0,,elevated
4593,23,,low
4594,10,,low
4595,0,,elevated
4596,59,,low
4597,6,,low
4598,0,,elevated
4599,27,,low
4600,0,,elevated
4601,19,,low
4602,27,,low
4603,83,,low
4604,0,,elevated
4605,0,,elevated
4606,,lapsed 86 days,high
4607,22,,low
4608,25,,low
4609,39,,low
4610,18,,low
4611,24,,low
4612,18,,low
4613,,lapsed 38 days,high
4614,9,,low
4615,,lapsed 76 days,high
4616,8,,low
4617,0,,elevated
4618,23,,low
4619,25,,low
4620,81,,low
4621,20,,low
4622,0,,elevated
4623,,lapsed 23 days,high
4624,45,,low
4625,13,,low
4626,25,,low
4627,35,,low
4628,51,,low
4629,45,,low
4630,0,,elevated
4631,0,,elevated
4632,,lapsed 257 days,high
4633,18,,low
4634,14,,low
4635,24,,low
4636,0,,elevated
4637,30,,low
4638,25,,low
4639,0,,elevated
4640,,lapsed 79 days,high
4641,14,,low
4642,35,,low
4643,12,,low
4644,0,,elevated
4645,48,,low
4646,62,,low
4647,22,,low
4648,26,,low
4649,0,,elevated
4650,,lapsed 25 days,high
4651,,lapsed 270 days,high
4652,,lapsed 175 days,high
4653,0,,elevated
4654,0,,elevated
4655,29,,low
4656,0,,elevated
4657,,lapsed 52 days,high
4658,85,,low
4659,18,,low
4660,0,,elevated
4661,39,,low
4662,0,,elevated
4663,,lapsed 67 days,high
4664,12,,low
4665,13,,low
4666,26,,low
4667,16,,low
4668,30,,low
4669,0,,elevated
4670,12,,low
4671,0,,elevated
4672,7,,low
4673,58,,low
4674,0,,elevated
4675,37,,low
4676,37,,low
4677,,lapsed 76 days,high
4678,23,,low
4679,83,,low
4680,28,,low
4681,45,,low
4682,,lapsed 227 days,high
4683,0,,elevated
4684,29,,low
4685,23,,low
4686,15,,low
4687,0,,elevated
4688,10,,low
4689,34,,low
4690,28,,low
4691,35,,low
4692,,lapsed 167 days,high
4693,,lapsed 79 days,high
4694,23,,low
4695,30,,low
4696,,lapsed 79 days,high
4697,16,,low
4698,0,,elevated
4699,22,,low
4700,86,,low
4701,0,,elevated
4702,21,,low
4703,39,,low
4704,17,,low
4705,0,,elevated
4706,0,,elevated
4707,25,,low
4708,59,,low
4709,18,,low
4710,0,,elevated
4711,25,,low
4712,17,,low
4713,30,,low
4714,28,,low
4715,0,,elevated
4716,12,,low
4717,21,,low
4718,76,,low
4719,0,,elevated
4720,29,,low
4721,67,,low
4722,0,,elevated
4723,,lapsed 142 days,high
4724,29,,low
4725,26,,low
4726,0,,elevated
4727,0,,elevated
4728,0,,elevated
4729,20,,low
4730,35,,low
4731,20,,low
4732,71,,low
4733,24,,low
4734,0,,elevated
4735,0,,elevated
4736,35,,low
4737,,lapsed 103 days,high
4738,30,,low
4739,43,,low
4740,27,,low
4741,26,,low
4742,11,,low
4743,11,,low
4744,0,,elevated
4745,20,,low
4746,,lapsed 47 days,high
4747,0,,elevated
4748,12,,low
4749,0,,elevated
4750,7,,low
4751,19,,low
4752,26,,low
4753,,lapsed 31 days,high
4754,11,,low
4755,27,,low
4756,11,,low
4757,,lapsed 39 days,high
4758,,lapsed 206 days,high
4759,20,,low
4760,68,,low
4761,,lapsed 126 days,high
4762,52,,low
4763,15,,low
4764,0,,elevated
4765,23,,low
4766,13,,low
4767,26,,low
4768,54,,low
4769,27,,low
4770,,lapsed 63 days,high
4771,19,,low
4772,,lapsed 50 days,high
4773,59,,low
4774,12,,low
4775,0,,elevated
4776,,lapsed 40 days,high
4777,19,,low
4778,0,,elevated
4779,25,,low
4780,36,,low
4781,27,,low
4782,,lapsed 60 days,high
4783,0,,elevated
4784,22,,low
4785,40,,low
4786,28,,low
4787,,lapsed 79 days,high
4788,0,,elevated
4789,25,,low
4790,16,,low
4791,14,,low
4792,12,,low
4793,20,,low
4794,30,,low
4795,,lapsed 230 days,high
4796,24,,low
4797,19,,low
4798,30,,low
4799,0,,elevated
4800,0,,elevated
4801,28,,low
4802,53,,low
4803,21,,low
4804,34,,low
4805,11,,low
4806,20,,low
4807,0,,elevated
4808,16,,low
4809,58,,low
4810,22,,low
4811,30,,low
4812,,lapsed 184 days,high
4813,16,,low
4814,29,,low
4815,,lapsed 219 days,high
4816,0,,elevated
4817,0,,elevated
4818,6,,low
4819,29,,low
4820,,lapsed 125 days,high
4821,,lapsed 89 days,high
4822,48,,low
4823,11,,low
4824,10,,low
4825,25,,low
4826,18,,low
4827,24,,low
4828,,lapsed 86 days,high
4829,,lapsed 80 days,high
4830,14,,low
4831,0,,elevated
4832,29,,low
4833,0,,elevated
4834,11,,low
4835,,lapsed 64 days,high
4836,36,,low
4837,6,,low
4838,72,,low
4839,0,,elevated
4840,17,,low
4841,,lapsed 59 days,high
4842,16,,low
4843,11,,low
4844,36,,low
4845,24,,low
4846,38,,low
4847,12,,low
4848,0,,elevated
4849,28,,low
4850,,lapsed 39 days,high
4851,0,,elevated
4852,34,,low
4853,26,,low
4854,20,,low
4855,0,,elevated
4856,16,,low
4857,10,,low
4858,0,,elevated
4859,15,,low
4860,30,,low
4861,52,,low
4862,80,,low
4863,77,,low
4864,12,,low
4865,13,,low
4866,71,,low
4867,,lapsed 45 days,high
4868,21,,low
4869,26,,low
4870,67,,low
4871,10,,low
4872,27,,low
4873,48,,low
4874,0,,elevated
4875,6,,low
4876,7,,low
4877,89,,low
4878,9,,low
4879,6,,low
4880,24,,low
4881,59,,low
4882,16,,low
4883,,lapsed 82 days,high
4884,0,,elevated
4885,,lapsed 102 days,high
4886,22,,low
4887,14,,low
4888,13,,low
4889,,lapsed 261 days,high
4890,24,,low
4891,,lapsed 104 days,high
4892,0,,elevated
4893,0,,elevated
4894,9,,low
4895,0,,elevated
4896,36,,low
4897,59,,low
4898,24,,low
4899,,lapsed 33 days,high
4900,,lapsed 101 days,high
4901,30,,low
4902,0,,elevated
4903,43,,low
4904,27,,low
4905,22,,low
4906,11,,low
4907,89,,low
4908,0,,elevated
4909,10,,low
4910,0,,elevated
4911,28,,low
4912,0,,elevated
4913,86,,low
4914,0,,elevated
4915,10,,low
4916,22,,low
4917,25,,low
4918,68,,low
4919,0,,elevated
4920,0,,elevated
4921,8,,low
4922,58,,low
4923,0,,elevated
4924,54,,low
4925,0,,elevated
4926,56,,low
4927,,lapsed 152 days,high
4928,37,,low
4929,88,,low
4930,9,,low
4931,24,,low
4932,0,,elevated
4933,0,,elevated
4934,8,,low
4935,7,,low
4936,,lapsed 75 days,high
4937,18,,low
4938,,lapsed 85 days,high
4939,0,,elevated
4940,72,,low
4941,38,,low
4942,34,,low
4943,30,,low
4944,28,,low
4945,0,,elevated
4946,8,,low
4947,0,,elevated
4948,26,,low
4949,24,,low
4950,0,,elevated
4951,83,,low
4952,0,,elevated
4953,0,,elevated
4954,0,,elevated
4955,0,,elevated
4956,18,,low
4957,0,,elevated
4958,16,,low
4959,,lapsed 45 days,high
4960,54,,low
4961,29,,low
4962,12,,low
4963,,lapsed 114 days,high
4964,21,,low
4965,14,,low
4966,0,,elevated
4967,11,,low
4968,16,,low
4969,,lapsed 169 days,high
4970,23,,low
4971,15,,low
4972,16,,low
4973,0,,elevated
4974,19,,low
4975,,lapsed 49 days,high
4976,29,,low
4977,32,,low
4978,20,,low
4979,36,,low
4980,12,,low
4981,0,,elevated
4982,,lapsed 121 days,high
4983,52,,low
4984,49,,low
4985,70,,low
4986,26,,low
4987,19,,low
4988,21,,low
4989,24,,low
4990,15,,low
4991,,lapsed 85 days,high
4992,0,,elevated
4993,27,,low
4994,,lapsed 159 days,high
4995,0,,elevated
4996,57,,low
4997,8,,low
4998,18,,low
4999,0,,elevated
5000,60,,low
5001,0,,elevated
5002,27,,low
5003,,lapsed 33 days,high
5004,,lapsed 76 days,high
5005,,lapsed 24 days,high
5006,13,,low
5007,18,,low
5008,86,,low
5009,21,,low
5010,16,,low
5011,59,,low
5012,14,,low
5013,0,,elevated
5014,0,,elevated
5015,21,,low
5016,31,,low
5017,18,,low
5018,,lapsed 161 days,high
5019,23,,low
5020,25,,low
5021,80,,low
5022,0,,elevated
5023,30,,low
5024,0,,elevated
5025,30,,low
5026,14,,low
5027,29,,low
5028,27,,low
5029,0,,elevated
5030,,lapsed 42 days,high
5031,18,,low
5032,12,,low
5033,10,,low
5034,0,,elevated
5035,8,,low
5036,28,,low
5037,0,,elevated
5038,55,,low
5039,10,,low
5040,8,,low
5041,45,,low
5042,56,,low
5043,21,,low
5044,0,,elevated
5045,78,,low
5046,12,,low
5047,,lapsed 42 days,high
5048,0,,elevated
5049,,lapsed 73 days,high
5050,15,,low
5051,18,,low
5052,22,,low
5053,17,,low
5054,19,,low
5055,24,,low
5056,22,,low
5057,34,,low
5058,24,,low
5059,30,,low
5060,,lapsed 72 days,high
5061,26,,low
5062,,lapsed 86 days,high
5063,0,,elevated
5064,15,,low
5065,17,,low
5066,,lapsed 236 days,high
5067,0,,elevated
5068,0,,elevated
5069,26,,low
5070,15,,low
5071,0,,elevated
5072,,lapsed 257 days,high
5073,0,,elevated
5074,10,,low
5075,,lapsed 54 days,high
5076,63,,low
5077,55,,low
5078,9,,low
5079,0,,elevated
5080,38,,low
5081,6,,low
5082,29,,low
5083,20,,low
5084,78,,low
5085,0,,elevated
5086,,lapsed 31 days,high
5087,23,,low
5088,9,,low
5089,14,,low
5090,23,,low
5091,26,,low
5092,0,,elevated
5093,6,,low
5094,0,,elevated
5095,0,,elevated
5096,23,,low
5097,23,,low
5098,0,,elevated
5099,43,,low
5100,0,,elevated
5101,19,,low
5102,23,,low
5103,21,,low
5104,11,,low
5105,0,,elevated
5106,29,,low
5107,6,,low
5108,12,,low
5109,0,,elevated
5110,37,,low
5111,17,,low
5112,22,,low
5113,0,,elevated
5114,18,,low
5115,34,,low
5116,29,,low
5117,23,,low
5118,17,,low
5119,24,,low
5120,41,,low
5121,0,,elevated
5122,12,,low
5123,0,,elevated
5124,11,,low
5125,10,,low
5126,,lapsed 51 days,high
5127,28,,low
5128,17,,low
5129,,lapsed 64 days,high
5130,41,,low
5131,68,,low
5132,27,,low
5133,27,,low
5134,28,,low
5135,,lapsed 74 days,high
5136,47,,low
5137,,lapsed 87 days,high
5138,56,,low
5139,26,,low
5140,41,,low
5141,0,,elevated
5142,0,,elevated
5143,0,,elevated
5144,,lapsed 171 days,high
5145,26,,low
5146,22,,low
5147,75,,low
5148,0,,elevated
5149,0,,elevated
5150,19,,low
5151,66,,low
5152,27,,low
5153,87,,low
5154,0,,elevated
5155,29,,low
5156,0,,elevated
5157,19,,low
5158,0,,elevated
5159,0,,elevated
5160,20,,low
5161,13,,low
5162,0,,elevated
5163,21,,low
5164,13,,low
5165,21,,low
5166,28,,low
5167,24,,low
5168,0,,elevated
5169,17,,low
5170,0,,elevated
5171,,lapsed 86 days,high
5172,72,,low
5173,10,,low
5174,14,,low
5175,,lapsed 161 days,high
5176,0,,elevated
5177,0,,elevated
5178,,lapsed 73 days,high
5179,15,,low
5180,21,,low
5181,18,,low
5182,6,,low
5183,90,,low
5184,28,,low
5185,22,,low
5186,14,,low
5187,0,,elevated
5188,45,,low
5189,26,,low
5190,0,,elevated
5191,19,,low
5192,0,,elevated
5193,30,,low
5194,0,,elevated
5195,17,,low
5196,0,,elevated
5197,25,,low
5198,0,,elevated
5199,33,,low
5200,6,,low
5201,0,,elevated
5202,0,,elevated
5203,43,,low
5204,,lapsed 54 days,high
5205,26,,low
5206,74,,low
5207,17,,low
5208,11,,low
5209,0,,elevated
5210,0,,elevated
5211,16,,low
5212,12,,low
5213,0,,elevated
5214,12,,low
5215,6,,low
5216,20,,low
5217,33,,low
5218,19,,low
5219,15,,low
5220,24,,low
5221,17,,low
5222,9,,low
5223,10,,low
5224,13,,low
5225,,lapsed 128 days,high
5226,0,,elevated
5227,18,,low
5228,44,,low
5229,70,,low
5230,15,,low
5231,0,,elevated
5232,21,,low
5233,8,,low
5234,13,,low
5235,,lapsed 68 days,high
5236,0,,elevated
5237,,lapsed 108 days,high
5238,58,,low
5239,,lapsed 67 days,high
5240,57,,low
5241,27,,low
5242,,lapsed 31 days,high
5243,10,,low
5244,0,,elevated
5245,,lapsed 66 days,high
5246,12,,low
5247,0,,elevated
5248,26,,low
5249,65,,low
5250,,lapsed 147 days,high
5251,0,,elevated
5252,25,,low
5253,47,,low
5254,18,,low
5255,,lapsed 58 days,high
5256,11,,low
5257,29,,low
5258,23,,low
5259,,lapsed 88 days,high
5260,0,,elevated
5261,0,,elevated
5262,,lapsed 44 days,high
5263,44,,low
5264,23,,low
5265,0,,elevated
5266,18,,low
5267,53,,low
5268,,lapsed 63 days,high
5269,11,,low
5270,6,,low
5271,0,,elevated
5272,14,,low
5273,,lapsed 44 days,high
5274,0,,elevated
5275,,lapsed 73 days,high
5276,60,,low
5277,34,,low
5278,27,,low
5279,0,,elevated
5280,10,,low
5281,13,,low
5282,14,,low
5283,0,,elevated
5284,0,,elevated
5285,,lapsed 77 days,high
5286,42,,low
5287,23,,low
5288,0,,elevated
5289,11,,low
5290,17,,low
5291,24,,low
5292,18,,low
5293,0,,elevated
5294,0,,elevated
5295,30,,low
5296,,lapsed 38 days,high
5297,18,,low
5298,0,,elevated
5299,,lapsed 206 days,high
5300,19,,low
5301,,lapsed 30 days,high
5302,48,,low
5303,34,,low
5304,,lapsed 54 days,high
5305,0,,elevated
5306,19,,low
5307,30,,low
5308,29,,low
5309,,lapsed 84 days,high
5310,,lapsed 32 days,high
5311,0,,elevated
5312,52,,low
5313,,lapsed 51 days,high
5314,0,,elevated
5315,,lapsed 27 days,high
5316,33,,low
5317,0,,elevated
5318,66,,low
5319,11,,low
5320,20,,low
5321,0,,elevated
5322,0,,elevated
5323,0,,elevated
5324,0,,elevated
5325,0,,elevated
5326,,lapsed 223 days,high
5327,0,,elevated
5328,,lapsed 170 days,high
5329,59,,low
5330,25,,low
5331,18,,low
5332,0,,elevated
5333,,lapsed 49 days,high
5334,0,,elevated
5335,17,,low
5336,21,,low
5337,0,,elevated
5338,0,,elevated
5339,,lapsed 168 days,high
5340,0,,elevated
5341,22,,low
5342,15,,low
5343,20,,low
5344,6,,low
5345,,lapsed 89 days,high
5346,8,,low
5347,43,,low
5348,31,,low
5349,57,,low
5350,67,,low
5351,47,,low
5352,,lapsed 200 days,high
5353,,lapsed 71 days,high
5354,51,,low
5355,26,,low
5356,0,,elevated
5357,19,,low
5358,56,,low
5359,23,,low
5360,0,,elevated
5361,31,,low
5362,0,,elevated
5363,,lapsed 269 days,high
5364,,lapsed 83 days,high
5365,,lapsed 43 days,high
5366,0,,elevated
5367,,lapsed 70 days,high
5368,0,,elevated
5369,0,,elevated
5370,29,,low
5371,13,,low
5372,73,,low
5373,0,,elevated
5374,23,,low
5375,17,,low
5376,59,,low
5377,17,,low
5378,0,,elevated
5379,22,,low
5380,69,,low
5381,0,,elevated
5382,,lapsed 45 days,high
5383,0,,elevated
5384,0,,elevated
5385,10,,low
5386,0,,elevated
5387,,lapsed 89 days,high
5388,69,,low
5389,,lapsed 241 days,high
5390,,lapsed 55 days,high
5391,0,,elevated
5392,18,,low
5393,8,,low
5394,0,,elevated
5395,22,,low
5396,25,,low
5397,0,,elevated
5398,0,,elevated
5399,17,,low
5400,23,,low
5401,59,,low
5402,30,,low
5403,47,,low
5404,25,,low
5405,49,,low
5406,,lapsed 58 days,high
5407,,lapsed 137 days,high
5408,0,,elevated
5409,0,,elevated
5410,0,,elevated
5411,23,,low
5412,25,,low
5413,25,,low
5414,21,,low
5415,76,,low
5416,,lapsed 24 days,high
5417,18,,low
5418,0,,elevated
5419,25,,low
5420,12,,low
5421,13,,low
5422,15,,low
5423,,lapsed 171 days,high
5424,76,,low
5425,19,,low
5426,8,,low
5427,79,,low
5428,16,,low
5429,27,,low
5430,22,,low
5431,32,,low
5432,24,,low
5433,,lapsed 98 days,high
5434,0,,elevated
5435,0,,elevated
5436,12,,low
5437,83,,low
5438,40,,low
5439,30,,low
5440,49,,low
5441,23,,low
5442,0,,elevated
5443,26,,low
5444,,lapsed 47 days,high
5445,44,,low
5446,6,,low
5447,0,,elevated
5448,0,,elevated
5449,8,,low
5450,0,,elevated
5451,19,,low
5452,0,,elevated
5453,,lapsed 49 days,high
5454,,lapsed 73 days,high
5455,10,,low
5456,,lapsed 58 days,high
5457,42,,low
5458,15,,low
5459,28,,low
5460,0,,elevated
5461,0,,elevated
5462,28,,low
5463,0,,elevated
5464,,lapsed 83 days,high
5465,0,,elevated
5466,0,,elevated
5467,30,,low
5468,,lapsed 97 days,high
5469,0,,elevated
5470,9,,low
5471,11,,low
5472,21,,low
5473,,lapsed 68 days,high
5474,47,,low
5475,25,,low
5476,0,,elevated
5477,20,,low
5478,89,,low
5479,28,,low
5480,0,,elevated
5481,,lapsed 42 days,high
5482,16,,low
5483,0,,elevated
5484,43,,low
5485,12,,low
5486,0,,elevated
5487,0,,elevated
5488,19,,low
5489,0,,elevated
5490,0,,elevated
5491,0,,elevated
5492,0,,elevated
5493,48,,low
5494,,lapsed 57 days,high
5495,63,,low
5496,18,,low
5497,13,,low
5498,0,,elevated
5499,0,,elevated
5500,14,,low
5501,30,,low
5502,,lapsed 256 days,high
5503,7,,low
5504,0,,elevated
5505,26,,low
5506,10,,low
5507,23,,low
5508,,lapsed 45 days,high
5509,0,,elevated
5510,25,,low
5511,15,,low
5512,39,,low
5513,16,,low
5514,0,,elevated
5515,,lapsed 268 days,high
5516,30,,low
5517,47,,low
5518,0,,elevated
5519,10,,low
5520,,lapsed 31 days,high
5521,10,,low
5522,40,,low
5523,50,,low
5524,11,,low
5525,0,,elevated
5526,43,,low
5527,41,,low
5528,10,,low
5529,46,,low
5530,53,,low
5531,0,,elevated
5532,15,,low
5533,47,,low
5534,0,,elevated
5535,16,,low
5536,81,,low
5537,29,,low
5538,,lapsed 56 days,high
5539,20,,low
5540,,lapsed 125 days,high
5541,16,,low
5542,28,,low
5543,21,,low
5544,90,,low
5545,19,,low
5546,56,,low
5547,0,,elevated
5548,79,,low
5549,0,,elevated
5550,22,,low
5551,0,,elevated
5552,0,,elevated
5553,6,,low
5554,54,,low
5555,9,,low
5556,8,,low
5557,57,,low
5558,45,,low
5559,0,,elevated
5560,18,,low
5561,70,,low
5562,26,,low
5563,19,,low
5564,50,,low
5565,0,,elevated
5566,43,,low
5567,26,,low
5568,20,,low
5569,16,,low
5570,,lapsed 35 days,high
5571,30,,low
5572,,lapsed 133 days,high
5573,39,,low
5574,12,,low
5575,0,,elevated
5576,84,,low
5577,23,,low
5578,0,,elevated
5579,51,,low
5580,57,,low
5581,39,,low
5582,27,,low
5583,0,,elevated
5584,0,,elevated
5585,26,,low
5586,24,,low
5587,23,,low
5588,0,,elevated
5589,15,,low
5590,18,,low
5591,15,,low
5592,18,,low
5593,21,,low
5594,25,,low
5595,25,,low
5596,11,,low
5597,12,,low
5598,0,,elevated
5599,56,,low
5600,15,,low
5601,0,,elevated
5602,53,,low
5603,16,,low
5604,10,,low
5605,0,,elevated
5606,25,,low
5607,62,,low
5608,,lapsed 69 days,high
5609,33,,low
5610,11,,low
5611,17,,low
5612,13,,low
5613,,lapsed 87 days,high
5614,69,,low
5615,0,,elevated
5616,29,,low
5617,46,,low
5618,,lapsed 76 days,high
5619,51,,low
5620,24,,low
5621,8,,low
5622,,lapsed 255 days,high
5623,21,,low
5624,19,,low
5625,13,,low
5626,,lapsed 33 days,high
5627,0,,elevated
5628,23,,low
5629,74,,low
5630,0,,elevated
5631,20,,low
5632,8,,low
5633,7,,low
5634,0,,elevated
5635,,lapsed 43 days,high
5636,12,,low
5637,0,,elevated
5638,0,,elevated
5639,60,,low
5640,53,,low
5641,18,,low
5642,0,,elevated
5643,,lapsed 76 days,high
5644,13,,low
5645,7,,low
5646,7,,low
5647,0,,elevated
5648,25,,low
5649,,lapsed 67 days,high
5650,30,,low
5651,0,,elevated
5652,64,,low
5653,8,,low
5654,71,,low
5655,14,,low
5656,25,,low
5657,27,,low
5658,0,,elevated
5659,27,,low
5660,19,,low
5661,27,,low
5662,0,,elevated
5663,24,,low
5664,26,,low
5665,53,,low
5666,0,,elevated
5667,21,,low
5668,25,,low
5669,28,,low
5670,37,,low
5671,40,,low
5672,42,,low
5673,0,,elevated
5674,18,,low
5675,12,,low
5676,10,,low
5677,89,,low
5678,,lapsed 47 days,high
5679,16,,low
5680,0,,elevated
5681,14,,low
5682,24,,low
5683,,lapsed 85 days,high
5684,42,,low
5685,18,,low
5686,0,,elevated
5687,0,,elevated
5688,0,,elevated
5689,26,,low
5690,55,,low
5691,7,,low
5692,22,,low
5693,11,,low
5694,38,,low
5695,42,,low
5696,,lapsed 40 days,high
5697,0,,elevated
5698,26,,low
5699,29,,low
5700,15,,low
5701,0,,elevated
5702,,lapsed 86 days,high
5703,10,,low
5704,,lapsed 78 days,high
5705,0,,elevated
5706,0,,elevated
5707,23,,low
5708,10,,low
5709,7,,low
5710,26,,low
5711,12,,low
5712,15,,low
5713,,lapsed 32 days,high
5714,20,,low
5715,14,,low
5716,46,,low
5717,,lapsed 61 days,high
5718,66,,low
5719,,lapsed 76 days,high
5720,18,,low
5721,21,,low
5722,9,,low
5723,6,,low
5724,0,,elevated
5725,54,,low
5726,17,,low
5727,20,,low
5728,51,,low
5729,0,,elevated
5730,11,,low
5731,39,,low
5732,23,,low
5733,12,,low
5734,46,,low
5735,7,,low
5736,22,,low
5737,8,,low
5738,26,,low
5739,0,,elevated
5740,0,,elevated
5741,0,,elevated
5742,16,,low
5743,38,,low
5744,39,,low
5745,59,,low
5746,31,,low
5747,31,,low
5748,9,,low
5749,28,,low
5750,,lapsed 183 days,high
5751,0,,elevated
5752,12,,low
5753,21,,low
5754,0,,elevated
5755,7,,low
5756,0,,elevated
5757,41,,low
5758,51,,low
5759,29,,low
5760,0,,elevated
5761,,lapsed 166 days,high
5762,0,,elevated
5763,54,,low
5764,18,,low
5765,12,,low
5766,61,,low
5767,,lapsed 65 days,high
5768,0,,elevated
5769,24,,low
5770,28,,low
5771,,lapsed 239 days,high
5772,,lapsed 88 days,high
5773,0,,elevated
5774,0,,elevated
5775,45,,low
5776,24,,low
5777,,lapsed 35 days,high
5778,,lapsed 50 days,high
5779,31,,low
5780,,lapsed 49 days,high
5781,34,,low
5782,45,,low
5783,19,,low
5784,39,,low
5785,14,,low
5786,0,,elevated
5787,13,,low
5788,12,,low
5789,0,,elevated
5790,22,,low
5791,0,,elevated
5792,23,,low
5793,19,,low
5794,,lapsed 194 days,high
5795,27,,low
5796,54,,low
5797,,lapsed 138 days,high
5798,50,,low
5799,30,,low
5800,35,,low
5801,19,,low
5802,0,,elevated
5803,8,,low
5804,0,,elevated
5805,57,,low
5806,29,,low
5807,0,,elevated
5808,33,,low
5809,0,,elevated
5810,18,,low
5811,,lapsed 241 days,high
5812,,lapsed 163 days,high
5813,14,,low
5814,26,,low
5815,28,,low
5816,0,,elevated
5817,0,,elevated
5818,0,,elevated
5819,50,,low
5820,27,,low
5821,19,,low
5822,,lapsed 82 days,high
5823,8,,low
5824,18,,low
5825,29,,low
5826,28,,low
5827,0,,elevated
5828,0,,elevated
5829,30,,low
5830,26,,low
5831,,lapsed 64 days,high
5832,14,,low
5833,,lapsed 118 days,high
5834,19,,low
5835,0,,elevated
5836,,lapsed 42 days,high
5837,8,,low
5838,,lapsed 70 days,high
5839,,lapsed 108 days,high
5840,31,,low
5841,18,,low
5842,19,,low
5843,0,,elevated
5844,0,,elevated
5845,23,,low
5846,51,,low
5847,,lapsed 69 days,high
5848,19,,low
5849,15,,low
5850,0,,elevated
5851,27,,low
5852,,lapsed 82 days,high
5853,,lapsed 65 days,high
5854,82,,low
5855,0,,elevated
5856,0,,elevated
5857,,lapsed 111 days,high
5858,,lapsed 128 days,high
5859,31,,low
5860,,lapsed 42 days,high
5861,,lapsed 131 days,high
5862,26,,low
5863,,lapsed 42 days,high
5864,33,,low
5865,18,,low
5866,28,,low
5867,19,,low
5868,11,,low
5869,30,,low
5870,58,,low
5871,11,,low
5872,9,,low
5873,0,,elevated
5874,,lapsed 81 days,high
5875,31,,low
5876,28,,low
5877,20,,low
5878,9,,low
5879,,lapsed 49 days,high
5880,7,,low
5881,24,,low
5882,8,,low
5883,19,,low
5884,59,,low
5885,20,,low
5886,6,,low
5887,39,,low
5888,25,,low
5889,30,,low
5890,0,,elevated
5891,0,,elevated
5892,72,,low
5893,15,,low
5894,26,,low
5895,,lapsed 180 days,high
5896,18,,low
5897,25,,low
5898,28,,low
5899,19,,low
5900,0,,elevated
5901,65,,low
5902,27,,low
5903,17,,low
5904,22,,low
5905,29,,low
5906,9,,low
5907,0,,elevated
5908,0,,elevated
5909,26,,low
5910,0,,elevated
5911,81,,low
5912,0,,elevated
5913,0,,elevated
5914,,lapsed 180 days,high
5915,,lapsed 66 days,high
5916,0,,elevated
5917,22,,low
5918,88,,low
5919,0,,elevated
5920,0,,elevated
5921,15,,low
5922,,lapsed 82 days,high
5923,15,,low
5924,19,,low
5925,,lapsed 45 days,high
5926,0,,elevated
5927,47,,low
5928,28,,low
5929,46,,low
5930,6,,low
5931,,lapsed 70 days,high
5932,34,,low
5933,45,,low
5934,30,,low
5935,79,,low
5936,0,,elevated
5937,60,,low
5938,20,,low
5939,,lapsed 109 days,high
5940,23,,low
5941,25,,low
5942,0,,elevated
5943,0,,elevated
5944,,lapsed 34 days,high
5945,18,,low
5946,0,,elevated
5947,0,,elevated
5948,0,,elevated
5949,,lapsed 254 days,high
5950,58,,low
5951,,lapsed 46 days,high
5952,22,,low
5953,22,,low
5954,87,,low
5955,0,,elevated
5956,,lapsed 85 days,high
5957,0,,elevated
5958,0,,elevated
5959,,lapsed 23 days,high
5960,,lapsed 127 days,high
5961,0,,elevated
5962,50,,low
5963,0,,elevated
5964,,lapsed 237 days,high
5965,0,,elevated
5966,43,,low
5967,89,,low
5968,34,,low
5969,0,,elevated
5970,76,,low
5971,,lapsed 82 days,high
5972,40,,low
5973,67,,low
5974,12,,low
5975,21,,low
5976,,lapsed 73 days,high
5977,55,,low
5978,22,,low
5979,,lapsed 78 days,high
5980,22,,low
5981,26,,low
5982,0,,elevated
5983,27,,low
5984,15,,low
5985,,lapsed 26 days,high
5986,42,,low
5987,33,,low
5988,8,,low
5989,,lapsed 31 days,high
5990,0,,elevated
5991,25,,low
5992,21,,low
5993,,lapsed 62 days,high
5994,31,,low
5995,52,,low
5996,7,,low
5997,38,,low
5998,24,,low
5999,,lapsed 62 days,high
6000,34,,low
6001,0,,elevated
6002,,lapsed 27 days,high
6003,16,,low
6004,8,,low
6005,38,,low
6006,,lapsed 61 days,high
6007,40,,low
6008,0,,elevated
6009,67,,low
6010,30,,low
6011,9,,low
6012,0,,elevated
6013,0,,elevated
6014,63,,low
6015,14,,low
6016,67,,low
6017,10,,low
6018,13,,low
6019,52,,low
6020,0,,elevated
6021,0,,elevated
6022,24,,low
6023,0,,elevated
6024,0,,elevated
6025,,lapsed 168 days,high
6026,23,,low
6027,47,,low
6028,23,,low
6029,54,,low
6030,0,,elevated
6031,41,,low
6032,9,,low
6033,22,,low
6034,40,,low
6035,26,,low
6036,27,,low
6037,0,,elevated
6038,82,,low
6039,68,,low
6040,38,,low
6041,15,,low
6042,18,,low
6043,0,,elevated
6044,25,,low
6045,39,,low
6046,13,,low
6047,24,,low
6048,0,,elevated
6049,33,,low
6050,0,,elevated
6051,23,,low
6052,0,,elevated
6053,0,,elevated
6054,36,,low
6055,69,,low
6056,25,,low
6057,0,,elevated
6058,87,,low
6059,0,,elevated
6060,26,,low
6061,16,,low
6062,0,,elevated
6063,,lapsed 44 days,high
6064,0,,elevated
6065,29,,low
6066,29,,low
6067,9,,low
6068,0,,elevated
6069,7,,low
6070,29,,low
6071,29,,low
6072,26,,low
6073,18,,low
6074,,lapsed 86 days,high
6075,12,,low
6076,33,,low
6077,27,,low
6078,0,,elevated
6079,65,,low
6080,27,,low
6081,10,,low
6082,0,,elevated
6083,19,,low
6084,33,,low
6085,,lapsed 34 days,high
6086,51,,low
6087,,lapsed 23 days,high
6088,21,,low
6089,,lapsed 200 days,high
6090,55,,low
6091,19,,low
6092,0,,elevated
6093,25,,low
6094,58,,low
6095,50,,low
6096,0,,elevated
6097,0,,elevated
6098,,lapsed 174 days,high
6099,49,,low
6100,30,,low
6101,25,,low
6102,0,,elevated
6103,0,,elevated
6104,15,,low
6105,21,,low
6106,30,,low
6107,0,,elevated
6108,26,,low
6109,0,,elevated
6110,,lapsed 44 days,high
6111,0,,elevated
6112,0,,elevated
6113,14,,low
6114,14,,low
6115,26,,low
6116,0,,elevated
6117,0,,elevated
6118,0,,elevated
6119,,lapsed 59 days,high
6120,15,,low
6121,68,,low
6122,0,,elevated
6123,0,,elevated
6124,55,,low
6125,0,,elevated
6126,79,,low
6127,0,,elevated
6128,27,,low
6129,6,,low
6130,0,,elevated
6131,16,,low
6132,0,,elevated
6133,0,,elevated
6134,,lapsed 119 days,high
6135,0,,elevated
6136,78,,low
6137,38,,low
6138,,lapsed 83 days,high
6139,19,,low
6140,43,,low
6141,13,,low
6142,0,,elevated
6143,,lapsed 89 days,high
6144,0,,elevated
6145,55,,low
6146,,lapsed 32 days,high
6147,24,,low
6148,49,,low
6149,60,,low
6150,0,,elevated
6151,0,,elevated
6152,0,,elevated
6153,0,,elevated
6154,27,,low
6155,27,,low
6156,,lapsed 81 days,high
6157,8,,low
6158,7,,low
6159,15,,low
6160,90,,low
6161,27,,low
6162,12,,low
6163,16,,low
6164,14,,low
6165,,lapsed 74 days,high
6166,0,,elevated
6167,0,,elevated
6168,0,,elevated
6169,,lapsed 192 days,high
6170,0,,elevated
6171,0,,elevated
6172,18,,low
6173,56,,low
6174,,lapsed 42 days,high
6175,19,,low
6176,0,,elevated
6177,16,,low
6178,57,,low
6179,24,,low
6180,0,,elevated
6181,17,,low
6182,0,,elevated
6183,17,,low
6184,24,,low
6185,54,,low
6186,30,,low
6187,23,,low
6188,52,,low
6189,6,,low
6190,18,,low
6191,0,,elevated
6192,0,,elevated
6193,0,,elevated
6194,,lapsed 30 days,high
6195,56,,low
6196,0,,elevated
6197,22,,low
6198,18,,low
6199,,lapsed 24 days,high
6200,,lapsed 102 days,high
6201,24,,low
6202,43,,low
6203,0,,elevated
6204,8,,low
6205,0,,elevated
6206,73,,low
6207,0,,elevated
6208,30,,low
6209,38,,low
6210,0,,elevated
6211,,lapsed 57 days,high
6212,,lapsed 61 days,high
6213,,lapsed 30 days,high
6214,17,,low
6215,0,,elevated
6216,11,,low
6217,69,,low
6218,,lapsed 22 days,high
6219,0,,elevated
6220,0,,elevated
6221,22,,low
6222,,lapsed 42 days,high
6223,25,,low
6224,0,,elevated
6225,0,,elevated
6226,46,,low
6227,,lapsed 173 days,high
6228,28,,low
6229,21,,low
6230,0,,elevated
6231,11,,low
6232,,lapsed 71 days,high
6233,0,,elevated
6234,22,,low
6235,8,,low
6236,23,,low
6237,22,,low
6238,20,,low
6239,13,,low
6240,0,,elevated
6241,,lapsed 82 days,high
6242,0,,elevated
6243,0,,elevated
6244,82,,low
6245,23,,low
6246,,lapsed 39 days,high
6247,,lapsed 231 days,high
6248,7,,low
6249,0,,elevated
6250,0,,elevated
6251,12,,low
6252,30,,low
6253,56,,low
6254,12,,low
6255,26,,low
6256,,lapsed 147 days,high
6257,0,,elevated
6258,0,,elevated
6259,22,,low
6260,0,,elevated
6261,8,,low
6262,0,,elevated
6263,0,,elevated
6264,25,,low
6265,64,,low
6266,32,,low
6267,19,,low
6268,,lapsed 23 days,high
6269,47,,low
6270,21,,low
6271,73,,low
6272,34,,low
6273,12,,low
6274,47,,low
6275,11,,low
6276,0,,elevated
6277,,lapsed 32 days,high
6278,25,,low
6279,23,,low
6280,0,,elevated
6281,59,,low
6282,,lapsed 87 days,high
6283,0,,elevated
6284,11,,low
6285,,lapsed 72 days,high
6286,7,,low
6287,24,,low
6288,,lapsed 89 days,high
6289,0,,elevated
6290,57,,low
6291,,lapsed 170 days,high
6292,17,,low
6293,17,,low
6294,24,,low
6295,0,,elevated
6296,80,,low
6297,,lapsed 98 days,high
6298,0,,elevated
6299,9,,low
6300,16,,low
6301,24,,low
6302,46,,low
6303,9,,low
6304,,lapsed 30 days,high
6305,0,,elevated
6306,0,,elevated
6307,26,,low
6308,26,,low
6309,18,,low
6310,0,,elevated
6311,27,,low
6312,,lapsed 77 days,high
6313,,lapsed 153 days,high
6314,,lapsed 69 days,high
6315,75,,low
6316,0,,elevated
6317,16,,low
6318,25,,low
6319,0,,elevated
6320,0,,elevated
6321,0,,elevated
6322,8,,low
6323,63,,low
6324,21,,low
6325,31,,low
6326,11,,low
6327,,lapsed 55 days,high
6328,30,,low
6329,22,,low
6330,59,,low
6331,44,,low
6332,68,,low
6333,0,,elevated
6334,15,,low
6335,28,,low
6336,0,,elevated
6337,88,,low
6338,29,,low
6339,62,,low
6340,60,,low
6341,29,,low
6342,0,,elevated
6343,0,,elevated
6344,0,,elevated
6345,29,,low
6346,,lapsed 88 days,high
6347,45,,low
6348,85,,low
6349,9,,low
6350,16,,low
6351,13,,low
6352,21,,low
6353,21,,low
6354,14,,low
6355,83,,low
6356,24,,low
6357,26,,low
6358,51,,low
6359,27,,low
6360,0,,elevated
6361,20,,low
6362,0,,elevated
6363,,lapsed 43 days,high
6364,23,,low
6365,20,,low
6366,18,,low
6367,6,,low
6368,,lapsed 85 days,high
6369,0,,elevated
6370,0,,elevated
6371,38,,low
6372,,lapsed 70 days,high
6373,0,,elevated
6374,23,,low
6375,70,,low
6376,,lapsed 146 days,high
6377,7,,low
6378,22,,low
6379,14,,low
6380,52,,low
6381,42,,low
6382,17,,low
6383,0,,elevated
6384,20,,low
6385,,lapsed 56 days,high
6386,27,,low
6387,,lapsed 71 days,high
6388,,lapsed 146 days,high
6389,6,,low
6390,21,,low
6391,31,,low
6392,17,,low
6393,44,,low
6394,0,,elevated
6395,27,,low
6396,13,,low
6397,9,,low
6398,66,,low
6399,0,,elevated
6400,9,,low
6401,48,,low
6402,30,,low
6403,17,,low
6404,10,,low
6405,59,,low
6406,0,,elevated
6407,29,,low
6408,11,,low
6409,0,,elevated
6410,39,,low
6411,16,,low
6412,0,,elevated
6413,13,,low
6414,31,,low
6415,20,,low
6416,12,,low
6417,55,,low
6418,18,,low
6419,,lapsed 90 days,high
6420,47,,low
6421,28,,low
6422,0,,elevated
6423,23,,low
6424,28,,low
6425,89,,low
6426,0,,elevated
6427,0,,elevated
6428,,lapsed 21 days,high
6429,10,,low
6430,27,,low
6431,,lapsed 50 days,high
6432,14,,low
6433,24,,low
6434,16,,low
6435,16,,low
6436,16,,low
6437,,lapsed 44 days,high
6438,46,,low
6439,90,,low
6440,10,,low
6441,79,,low
6442,19,,low
6443,39,,low
6444,12,,low
6445,0,,elevated
6446,0,,elevated
6447,76,,low
6448,,lapsed 51 days,high
6449,15,,low
6450,16,,low
6451,30,,low
6452,11,,low
6453,0,,elevated
6454,11,,low
6455,0,,elevated
6456,,lapsed 133 days,high
6457,68,,low
6458,74,,low
6459,0,,elevated
6460,0,,elevated
6461,0,,elevated
6462,,lapsed 80 days,high
6463,10,,low
6464,,lapsed 76 days,high
6465,17,,low
6466,24,,low
6467,46,,low
6468,27,,low
6469,21,,low
6470,23,,low
6471,28,,low
6472,12,,low
6473,,lapsed 79 days,high
6474,21,,low
6475,35,,low
6476,0,,elevated
6477,15,,low
6478,20,,low
6479,63,,low
6480,17,,low
6481,11,,low
6482,0,,elevated
6483,28,,low
6484,,lapsed 118 days,high
6485,22,,low
6486,47,,low
6487,58,,low
6488,20,,low
6489,26,,low
6490,0,,elevated
6491,18,,low
6492,,lapsed 90 days,high
6493,,lapsed 23 days,high
6494,,lapsed 200 days,high
6495,21,,low
6496,22,,low
6497,,lapsed 145 days,high
6498,25,,low
6499,,lapsed 59 days,high
6500,,lapsed 53 days,high
6501,,lapsed 57 days,high
6502,11,,low
6503,7,,low
6504,36,,low
6505,59,,low
6506,,lapsed 113 days,high
6507,0,,elevated
6508,18,,low
6509,26,,low
6510,29,,low
6511,82,,low
6512,11,,low
6513,20,,low
6514,25,,low
6515,57,,low
6516,0,,elevated
6517,20,,low
6518,,lapsed 263 days,high
6519,0,,elevated
6520,50,,low
6521,29,,low
6522,,lapsed 66 days,high
6523,,lapsed 199 days,high
6524,12,,low
6525,37,,low
6526,6,,low
6527,,lapsed 86 days,high
6528,23,,low
6529,16,,low
6530,18,,low
6531,26,,low
6532,,lapsed 139 days,high
6533,0,,elevated
6534,46,,low
6535,,lapsed 44 days,high
6536,0,,elevated
6537,0,,elevated
6538,0,,elevated
6539,18,,low
6540,26,,low
6541,18,,low
6542,18,,low
6543,0,,elevated
6544,0,,elevated
6545,0,,elevated
6546,62,,low
6547,17,,low
6548,34,,low
6549,0,,elevated
6550,,lapsed 43 days,high
6551,13,,low
6552,29,,low
6553,39,,low
6554,28,,low
6555,12,,low
6556,21,,low
6557,0,,elevated
6558,,lapsed 82 days,high
6559,,lapsed 83 days,high
6560,,lapsed 76 days,high
6561,36,,low
6562,21,,low
6563,,lapsed 90 days,high
6564,26,,low
6565,9,,low
6566,0,,elevated
6567,22,,low
6568,,lapsed 43 days,high
6569,63,,low
6570,40,,low
6571,46,,low
6572,14,,low
6573,0,,elevated
6574,30,,low
6575,52,,low
6576,17,,low
6577,21,,low
6578,22,,low
6579,,lapsed 27 days,high
6580,,lapsed 40 days,high
6581,68,,low
6582,,lapsed 54 days,high
6583,0,,elevated
6584,24,,low
6585,,lapsed 77 days,high
6586,25,,low
6587,54,,low
6588,8,,low
6589,27,,low
6590,0,,elevated
6591,19,,low
6592,,lapsed 228 days,high
6593,61,,low
6594,0,,elevated
6595,0,,elevated
6596,19,,low
6597,0,,elevated
6598,22,,low
6599,37,,low
6600,0,,elevated
6601,,lapsed 23 days,high
6602,0,,elevated
6603,,lapsed 49 days,high
6604,0,,elevated
6605,26,,low
6606,7,,low
6607,77,,low
6608,,lapsed 49 days,high
6609,0,,elevated
6610,24,,low
6611,16,,low
6612,10,,low
6613,55,,low
6614,8,,low
6615,18,,low
6616,73,,low
6617,24,,low
6618,,lapsed 163 days,high
6619,26,,low
6620,9,,low
6621,,lapsed 57 days,high
6622,29,,low
6623,67,,low
6624,6,,low
6625,37,,low
6626,28,,low
6627,,lapsed 145 days,high
6628,11,,low
6629,76,,low
6630,0,,elevated
6631,13,,low
6632,0,,elevated
6633,15,,low
6634,30,,low
6635,41,,low
6636,22,,low
6637,0,,elevated
6638,0,,elevated
6639,0,,elevated
6640,27,,low
6641,,lapsed 67 days,high
6642,50,,low
6643,0,,elevated
6644,17,,low
6645,0,,elevated
6646,,lapsed 22 days,high
6647,27,,low
6648,24,,low
6649,6,,low
6650,0,,elevated
6651,0,,elevated
6652,25,,low
6653,77,,low
6654,34,,low
6655,11,,low
6656,0,,elevated
6657,28,,low
6658,,lapsed 71 days,high
6659,64,,low
6660,71,,low
6661,,lapsed 54 days,high
6662,15,,low
6663,0,,elevated
6664,0,,elevated
6665,0,,elevated
6666,48,,low
6667,42,,low
6668,0,,elevated
6669,15,,low
6670,45,,low
6671,0,,elevated
6672,,lapsed 32 days,high
6673,9,,low
6674,11,,low
6675,24,,low
6676,59,,low
6677,47,,low
6678,44,,low
6679,15,,low
6680,6,,low
6681,9,,low
6682,43,,low
6683,29,,low
6684,0,,elevated
6685,0,,elevated
6686,0,,elevated
6687,73,,low
6688,,lapsed 111 days,high
6689,,lapsed 61 days,high
6690,29,,low
6691,,lapsed 108 days,high
6692,22,,low
6693,21,,low
6694,30,,low
6695,,lapsed 171 days,high
6696,38,,low
6697,6,,low
6698,0,,elevated
6699,0,,elevated
6700,0,,elevated
6701,24,,low
6702,25,,low
6703,26,,low
6704,70,,low
6705,14,,low
6706,13,,low
6707,77,,low
6708,0,,elevated
6709,0,,elevated
6710,,lapsed 68 days,high
6711,,lapsed 50 days,high
6712,16,,low
6713,,lapsed 52 days,high
6714,6,,low
6715,10,,low
6716,27,,low
6717,0,,elevated
6718,22,,low
6719,23,,low
6720,0,,elevated
6721,17,,low
6722,16,,low
6723,37,,low
6724,85,,low
6725,10,,low
6726,0,,elevated
6727,6,,low
6728,8,,low
6729,,lapsed 122 days,high
6730,0,,elevated
6731,,lapsed 138 days,high
6732,18,,low
6733,82,,low
6734,13,,low
6735,,lapsed 50 days,high
6736,79,,low
6737,11,,low
6738,25,,low
6739,20,,low
6740,,lapsed 142 days,high
6741,22,,low
6742,25,,low
6743,23,,low
6744,0,,elevated
6745,,lapsed 179 days,high
6746,24,,low
6747,27,,low
6748,48,,low
6749,10,,low
6750,,lapsed 242 days,high
6751,74,,low
6752,44,,low
6753,40,,low
6754,,lapsed 142 days,high
6755,,lapsed 65 days,high
6756,,lapsed 45 days,high
6757,0,,elevated
6758,0,,elevated
6759,10,,low
6760,22,,low
6761,14,,low
6762,8,,low
6763,25,,low
6764,17,,low
6765,45,,low
6766,0,,elevated
6767,14,,low
6768,23,,low
6769,0,,elevated
6770,23,,low
6771,56,,low
6772,,lapsed 229 days,high
6773,14,,low
6774,,lapsed 56 days,high
6775,0,,elevated
6776,23,,low
6777,25,,low
6778,0,,elevated
6779,43,,low
6780,11,,low
6781,0,,elevated
6782,20,,low
6783,37,,low
6784,11,,low
6785,31,,low
6786,,lapsed 210 days,high
6787,43,,low
6788,56,,low
6789,26,,low
6790,15,,low
6791,,lapsed 26 days,high
6792,,lapsed 83 days,high
6793,19,,low
6794,7,,low
6795,82,,low
6796,0,,elevated
6797,13,,low
6798,31,,low
6799,,lapsed 177 days,high
6800,,lapsed 85 days,high
6801,20,,low
6802,21,,low
6803,17,,low
6804,,lapsed 263 days,high
6805,31,,low
6806,,lapsed 89 days,high
6807,6,,low
6808,,lapsed 75 days,high
6809,0,,elevated
6810,38,,low
6811,63,,low
6812,,lapsed 49 days,high
6813,19,,low
6814,0,,elevated
6815,,lapsed 68 days,high
6816,12,,low
6817,48,,low
6818,27,,low
6819,20,,low
6820,,lapsed 206 days,high
6821,0,,elevated
6822,44,,low
6823,25,,low
6824,29,,low
6825,26,,low
6826,0,,elevated
6827,16,,low
6828,,lapsed 89 days,high
6829,0,,elevated
6830,13,,low
6831,,lapsed 122 days,high
6832,11,,low
6833,49,,low
6834,16,,low
6835,86,,low
6836,0,,elevated
6837,28,,low
6838,,lapsed 70 days,high
6839,18,,low
6840,21,,low
6841,,lapsed 60 days,high
6842,46,,low
6843,,lapsed 145 days,high
6844,,lapsed 50 days,high
6845,0,,elevated
6846,,lapsed 32 days,high
6847,6,,low
6848,,lapsed 119 days,high
6849,0,,elevated
6850,26,,low
6851,71,,low
6852,50,,low
6853,0,,elevated
6854,18,,low
6855,,lapsed 84 days,high
6856,0,,elevated
6857,13,,low
6858,73,,low
6859,10,,low
6860,7,,low
6861,56,,low
6862,,lapsed 89 days,high
6863,44,,low
6864,14,,low
6865,23,,low
6866,23,,low
6867,,lapsed 77 days,high
6868,87,,low
6869,53,,low
6870,,lapsed 112 days,high
6871,55,,low
6872,55,,low
6873,0,,elevated
6874,13,,low
6875,22,,low
6876,0,,elevated
6877,21,,low
6878,41,,low
6879,26,,low
6880,15,,low
6881,20,,low
6882,0,,elevated
6883,,lapsed 69 days,high
6884,25,,low
6885,26,,low
6886,0,,elevated
6887,,lapsed 64 days,high
6888,0,,elevated
6889,0,,elevated
6890,23,,low
6891,29,,low
6892,14,,low
6893,0,,elevated
6894,,lapsed 177 days,high
6895,,lapsed 39 days,high
6896,52,,low
6897,11,,low
6898,,lapsed 38 days,high
6899,12,,low
6900,,lapsed 23 days,high
6901,36,,low
6902,25,,low
6903,0,,elevated
6904,54,,low
6905,69,,low
6906,17,,low
6907,0,,elevated
6908,,lapsed 48 days,high
6909,16,,low
6910,22,,low
6911,23,,low
6912,23,,low
6913,23,,low
6914,,lapsed 56 days,high
6915,79,,low
6916,56,,low
6917,0,,elevated
6918,,lapsed 232 days,high
6919,22,,low
6920,21,,low
6921,0,,elevated
6922,53,,low
6923,16,,low
6924,0,,elevated
6925,30,,low
6926,0,,elevated
6927,,lapsed 57 days,high
6928,6,,low
6929,22,,low
6930,0,,elevated
6931,20,,low
6932,,lapsed 211 days,high
6933,74,,low
6934,0,,elevated
6935,19,,low
6936,,lapsed 232 days,high
6937,,lapsed 74 days,high
6938,67,,low
6939,0,,elevated
6940,28,,low
6941,48,,low
6942,17,,low
6943,56,,low
6944,27,,low
6945,0,,elevated
6946,44,,low
6947,19,,low
6948,53,,low
6949,57,,low
6950,0,,elevated
6951,30,,low
6952,31,,low
6953,0,,elevated
6954,0,,elevated
6955,0,,elevated
6956,43,,low
6957,0,,elevated
6958,23,,low
6959,,lapsed 34 days,high
6960,84,,low
6961,24,,low
6962,0,,elevated
6963,85,,low
6964,51,,low
6965,16,,low
6966,20,,low
6967,,lapsed 168 days,high
6968,48,,low
6969,14,,low
6970,26,,low
6971,12,,low
6972,57,,low
6973,,lapsed 24 days,high
6974,32,,low
6975,24,,low
6976,17,,low
6977,28,,low
6978,,lapsed 69 days,high
6979,22,,low
6980,0,,elevated
6981,,lapsed 239 days,high
6982,0,,elevated
6983,0,,elevated
6984,8,,low
6985,28,,low
6986,14,,low
6987,59,,low
6988,,lapsed 75 days,high
6989,20,,low
6990,0,,elevated
6991,0,,elevated
6992,14,,low
6993,30,,low
6994,0,,elevated
6995,20,,low
6996,0,,elevated
6997,,lapsed 138 days,high
6998,26,,low
6999,10,,low
7000,11,,low
7001,26,,low
7002,63,,low
7003,49,,low
7004,0,,elevated
7005,,lapsed 22 days,high
7006,13,,low
7007,30,,low
7008,25,,low
7009,89,,low
7010,40,,low
7011,20,,low
7012,,lapsed 42 days,high
7013,11,,low
7014,79,,low
7015,15,,low
7016,56,,low
7017,30,,low
7018,15,,low
7019,,lapsed 64 days,high
7020,28,,low
7021,86,,low
7022,10,,low
7023,28,,low
7024,15,,low
7025,0,,elevated
7026,0,,elevated
7027,11,,low
7028,29,,low
7029,9,,low
7030,9,,low
7031,11,,low
7032,,lapsed 58 days,high
7033,66,,low
7034,37,,low
7035,23,,low
7036,42,,low
7037,,lapsed 57 days,high
7038,10,,low
7039,13,,low
7040,,lapsed 127 days,high
7041,35,,low
7042,25,,low
7043,20,,low
7044,83,,low
7045,0,,elevated
7046,12,,low
7047,,lapsed 26 days,high
7048,0,,elevated
7049,0,,elevated
7050,,lapsed 31 days,high
7051,0,,elevated
7052,0,,elevated
7053,46,,low
7054,21,,low
7055,28,,low
7056,9,,low
7057,0,,elevated
7058,56,,low
7059,19,,low
7060,20,,low
7061,47,,low
7062,23,,low
7063,36,,low
7064,47,,low
7065,75,,low
7066,22,,low
7067,46,,low
7068,,lapsed 43 days,high
7069,0,,elevated
7070,31,,low
7071,52,,low
7072,,lapsed 36 days,high
7073,28,,low
7074,69,,low
7075,29,,low
7076,0,,elevated
7077,15,,low
7078,55,,low
7079,28,,low
7080,60,,low
7081,9,,low
7082,21,,low
7083,8,,low
7084,9,,low
7085,24,,low
7086,28,,low
7087,6,,low
7088,0,,elevated
7089,10,,low
7090,76,,low
7091,,lapsed 43 days,high
7092,11,,low
7093,20,,low
7094,20,,low
7095,82,,low
7096,20,,low
7097,30,,low
7098,11,,low
7099,0,,elevated
7100,0,,elevated
7101,0,,elevated
7102,0,,elevated
7103,27,,low
7104,0,,elevated
7105,26,,low
7106,8,,low
7107,15,,low
7108,,lapsed 39 days,high
7109,38,,low
7110,0,,elevated
7111,0,,elevated
7112,28,,low
7113,19,,low
7114,8,,low
7115,0,,elevated
7116,12,,low
7117,,lapsed 122 days,high
7118,6,,low
7119,0,,elevated
7120,0,,elevated
7121,,lapsed 31 days,high
7122,0,,elevated
7123,78,,low
7124,25,,low
7125,8,,low
7126,21,,low
7127,21,,low
7128,14,,low
7129,6,,low
7130,30,,low
7131,21,,low
7132,23,,low
7133,0,,elevated
7134,19,,low
7135,28,,low
7136,41,,low
7137,0,,elevated
7138,29,,low
7139,14,,low
7140,0,,elevated
7141,29,,low
7142,,lapsed 220 days,high
7143,15,,low
7144,8,,low
7145,59,,low
7146,0,,elevated
7147,,lapsed 74 days,high
7148,26,,low
7149,0,,elevated
7150,21,,low
7151,9,,low
7152,46,,low
7153,28,,low
7154,0,,elevated
7155,9,,low
7156,15,,low
7157,14,,low
7158,54,,low
7159,13,,low
7160,0,,elevated
7161,0,,elevated
7162,8,,low
7163,6,,low
7164,0,,elevated
7165,11,,low
7166,21,,low
7167,0,,elevated
7168,30,,low
7169,,lapsed 48 days,high
7170,21,,low
7171,0,,elevated
7172,0,,elevated
7173,42,,low
7174,16,,low
7175,0,,elevated
7176,,lapsed 49 days,high
7177,18,,low
7178,18,,low
7179,0,,elevated
7180,19,,low
7181,42,,low
7182,11,,low
7183,0,,elevated
7184,18,,low
7185,48,,low
7186,44,,low
7187,52,,low
7188,,lapsed 128 days,high
7189,14,,low
7190,0,,elevated
7191,30,,low
7192,0,,elevated
7193,32,,low
7194,0,,elevated
7195,,lapsed 31 days,high
7196,22,,low
7197,82,,low
7198,14,,low
7199,18,,low
7200,23,,low
7201,23,,low
7202,58,,low
7203,15,,low
7204,14,,low
7205,,lapsed 52 days,high
7206,21,,low
7207,8,,low
7208,32,,low
7209,55,,low
7210,8,,low
7211,6,,low
7212,18,,low
7213,0,,elevated
7214,16,,low
7215,57,,low
7216,44,,low
7217,14,,low
7218,9,,low
7219,0,,elevated
7220,,lapsed 22 days,high
7221,28,,low
7222,0,,elevated
7223,61,,low
7224,0,,elevated
7225,10,,low
7226,55,,low
7227,23,,low
7228,29,,low
7229,32,,low
7230,89,,low
7231,26,,low
7232,26,,low
7233,22,,low
7234,27,,low
7235,9,,low
7236,0,,elevated
7237,28,,low
7238,12,,low
7239,0,,elevated
7240,7,,low
7241,,lapsed 80 days,high
7242,12,,low
7243,27,,low
7244,,lapsed 66 days,high
7245,30,,low
7246,0,,elevated
7247,45,,low
7248,29,,low
7249,55,,low
7250,27,,low
7251,19,,low
7252,77,,low
7253,,lapsed 172 days,high
7254,27,,low
7255,,lapsed 82 days,high
7256,0,,elevated
7257,26,,low
7258,40,,low
7259,,lapsed 70 days,high
7260,80,,low
7261,29,,low
7262,,lapsed 40 days,high
7263,19,,low
7264,26,,low
7265,22,,low
7266,0,,elevated
7267,30,,low
7268,31,,low
7269,12,,low
7270,,lapsed 42 days,high
7271,78,,low
7272,,lapsed 36 days,high
7273,0,,elevated
7274,,lapsed 152 days,high
7275,15,,low
7276,43,,low
7277,7,,low
7278,42,,low
7279,51,,low
7280,,lapsed 73 days,high
7281,,lapsed 86 days,high
7282,10,,low
7283,0,,elevated
7284,17,,low
7285,29,,low
7286,0,,elevated
7287,73,,low
7288,28,,low
7289,30,,low
7290,,lapsed 70 days,high
7291,26,,low
7292,28,,low
7293,6,,low
7294,14,,low
7295,45,,low
7296,29,,low
7297,,lapsed 39 days,high
7298,6,,low
7299,22,,low
7300,0,,elevated
7301,28,,low
7302,20,,low
7303,13,,low
7304,68,,low
7305,24,,low
7306,,lapsed 25 days,high
7307,0,,elevated
7308,7,,low
7309,,lapsed 64 days,high
7310,,lapsed 44 days,high
7311,25,,low
7312,26,,low
7313,16,,low
7314,18,,low
7315,0,,elevated
7316,22,,low
7317,6,,low
7318,,lapsed 63 days,high
7319,38,,low
7320,,lapsed 38 days,high
7321,6,,low
7322,0,,elevated
7323,59,,low
7324,24,,low
7325,0,,elevated
7326,19,,low
7327,89,,low
7328,0,,elevated
7329,90,,low
7330,,lapsed 38 days,high
7331,0,,elevated
7332,18,,low
7333,6,,low
7334,,lapsed 254 days,high
7335,,lapsed 194 days,high
7336,16,,low
7337,,lapsed 152 days,high
7338,13,,low
7339,20,,low
7340,0,,elevated
7341,78,,low
7342,,lapsed 33 days,high
7343,29,,low
7344,,lapsed 172 days,high
7345,0,,elevated
7346,,lapsed 118 days,high
7347,,lapsed 104 days,high
7348,29,,low
7349,68,,low
7350,,lapsed 87 days,high
7351,15,,low
7352,20,,low
7353,0,,elevated
7354,19,,low
7355,7,,low
7356,,lapsed 80 days,high
7357,20,,low
7358,7,,low
7359,19,,low
7360,16,,low
7361,,lapsed 43 days,high
7362,27,,low
7363,,lapsed 26 days,high
7364,13,,low
7365,,lapsed 138 days,high
7366,,lapsed 94 days,high
7367,69,,low
7368,12,,low
7369,22,,low
7370,19,,low
7371,,lapsed 263 days,high
7372,8,,low
7373,,lapsed 51 days,high
7374,40,,low
7375,22,,low
7376,29,,low
7377,0,,elevated
7378,0,,elevated
7379,0,,elevated
7380,50,,low
7381,18,,low
7382,0,,elevated
7383,,lapsed 28 days,high
7384,6,,low
7385,56,,low
7386,23,,low
7387,22,,low
7388,9,,low
7389,16,,low
7390,27,,low
7391,0,,elevated
7392,12,,low
7393,17,,low
7394,,lapsed 99 days,high
7395,25,,low
7396,23,,low
7397,69,,low
7398,0,,elevated
7399,29,,low
7400,20,,low
7401,38,,low
7402,7,,low
7403,26,,low
7404,0,,elevated
7405,18,,low
7406,16,,low
7407,37,,low
7408,30,,low
7409,15,,low
7410,35,,low
7411,0,,elevated
7412,,lapsed 109 days,high
7413,16,,low
7414,81,,low
7415,49,,low
7416,0,,elevated
7417,0,,elevated
7418,20,,low
7419,13,,low
7420,13,,low
7421,30,,low
7422,0,,elevated
7423,26,,low
7424,13,,low
7425,0,,elevated
7426,45,,low
7427,55,,low
7428,13,,low
7429,17,,low
7430,30,,low
7431,6,,low
7432,51,,low
7433,7,,low
7434,22,,low
7435,10,,low
7436,0,,elevated
7437,30,,low
7438,20,,low
7439,8,,low
7440,17,,low
7441,80,,low
7442,,lapsed 40 days,high
7443,0,,elevated
7444,80,,low
7445,0,,elevated
7446,7,,low
7447,0,,elevated
7448,15,,low
7449,25,,low
7450,,lapsed 31 days,high
7451,42,,low
7452,51,,low
7453,49,,low
7454,48,,low
7455,30,,low
7456,44,,low
7457,19,,low
7458,17,,low
7459,0,,elevated
7460,,lapsed 43 days,high
7461,0,,elevated
7462,84,,low
7463,32,,low
7464,24,,low
7465,0,,elevated
7466,,lapsed 50 days,high
7467,0,,elevated
7468,17,,low
7469,0,,elevated
7470,24,,low
7471,0,,elevated
7472,25,,low
7473,39,,low
7474,84,,low
7475,0,,elevated
7476,39,,low
7477,11,,low
7478,11,,low
7479,28,,low
7480,24,,low
7481,0,,elevated
7482,,lapsed 103 days,high
7483,13,,low
7484,24,,low
7485,12,,low
7486,0,,elevated
7487,29,,low
7488,24,,low
7489,24,,low
7490,69,,low
7491,,lapsed 72 days,high
7492,30,,low
7493,0,,elevated
7494,0,,elevated
7495,0,,elevated
7496,30,,low
7497,17,,low
7498,71,,low
7499,45,,low
7500,28,,low
7501,0,,elevated
7502,,lapsed 248 days,high
7503,0,,elevated
7504,0,,elevated
7505,0,,elevated
7506,34,,low
7507,,lapsed 43 days,high
7508,16,,low
7509,14,,low
7510,,lapsed 81 days,high
7511,,lapsed 49 days,high
7512,33,,low
7513,50,,low
7514,12,,low
7515,0,,elevated
7516,,lapsed 222 days,high
7517,0,,elevated
7518,68,,low
7519,11,,low
7520,14,,low
7521,23,,low
7522,23,,low
7523,0,,elevated
7524,0,,elevated
7525,0,,elevated
7526,56,,low
7527,11,,low
7528,0,,elevated
7529,,lapsed 136 days,high
7530,,lapsed 83 days,high
7531,17,,low
7532,25,,low
7533,23,,low
7534,72,,low
7535,16,,low
7536,0,,elevated
7537,60,,low
7538,43,,low
7539,0,,elevated
7540,48,,low
7541,21,,low
7542,19,,low
7543,0,,elevated
7544,0,,elevated
7545,0,,elevated
7546,62,,low
7547,59,,low
7548,0,,elevated
7549,12,,low
7550,6,,low
7551,0,,elevated
7552,16,,low
7553,10,,low
7554,28,,low
7555,19,,low
7556,15,,low
7557,28,,low
7558,55,,low
7559,45,,low
7560,,lapsed 47 days,high
7561,16,,low
7562,15,,low
7563,15,,low
7564,29,,low
7565,0,,elevated
7566,0,,elevated
7567,,lapsed 47 days,high
7568,57,,low
7569,13,,low
7570,,lapsed 84 days,high
7571,6,,low
7572,30,,low
7573,19,,low
7574,15,,low
7575,16,,low
7576,0,,elevated
7577,33,,low
7578,11,,low
7579,30,,low
7580,0,,elevated
7581,6,,low
7582,0,,elevated
7583,0,,elevated
7584,0,,elevated
7585,,lapsed 174 days,high
7586,,lapsed 54 days,high
7587,16,,low
7588,8,,low
7589,48,,low
7590,,lapsed 66 days,high
7591,13,,low
7592,,lapsed 71 days,high
7593,24,,low
7594,0,,elevated
7595,22,,low
7596,0,,elevated
7597,20,,low
7598,30,,low
7599,17,,low
7600,74,,low
7601,29,,low
7602,28,,low
7603,13,,low
7604,0,,elevated
7605,,lapsed 44 days,high
7606,67,,low
7607,0,,elevated
7608,,lapsed 48 days,high
7609,0,,elevated
7610,12,,low
7611,0,,elevated
7612,19,,low
7613,,lapsed 68 days,high
7614,0,,elevated
7615,27,,low
7616,12,,low
7617,11,,low
7618,0,,elevated
7619,11,,low
7620,0,,elevated
7621,12,,low
7622,24,,low
7623,70,,low
7624,,lapsed 33 days,high
7625,8,,low
7626,18,,low
7627,0,,elevated
7628,30,,low
7629,20,,low
7630,61,,low
7631,,lapsed 56 days,high
7632,49,,low
7633,27,,low
7634,29,,low
7635,7,,low
7636,16,,low
7637,25,,low
7638,21,,low
7639,20,,low
7640,0,,elevated
7641,14,,low
7642,14,,low
7643,18,,low
7644,20,,low
7645,0,,elevated
7646,,lapsed 77 days,high
7647,0,,elevated
7648,66,,low
7649,,lapsed 28 days,high
7650,19,,low
7651,8,,low
7652,30,,low
7653,25,,low
7654,0,,elevated
7655,48,,low
7656,24,,low
7657,23,,low
7658,7,,low
7659,54,,low
7660,,lapsed 150 days,high
7661,11,,low
7662,,lapsed 152 days,high
7663,12,,low
7664,7,,low
7665,0,,elevated
7666,0,,elevated
7667,0,,elevated
7668,31,,low
7669,23,,low
7670,29,,low
7671,6,,low
7672,0,,elevated
7673,44,,low
7674,0,,elevated
7675,9,,low
7676,27,,low
7677,10,,low
7678,0,,elevated
7679,81,,low
7680,8,,low
7681,16,,low
7682,20,,low
7683,,lapsed 67 days,high
7684,25,,low
7685,0,,elevated
7686,,lapsed 33 days,high
7687,0,,elevated
7688,0,,elevated
7689,29,,low
7690,43,,low
7691,0,,elevated
7692,0,,elevated
7693,15,,low
7694,57,,low
7695,15,,low
7696,0,,elevated
7697,30,,low
7698,30,,low
7699,16,,low
7700,,lapsed 76 days,high
7701,33,,low
7702,43,,low
7703,51,,low
7704,,lapsed 117 days,high
7705,45,,low
7706,0,,elevated
7707,16,,low
7708,7,,low
7709,,lapsed 114 days,high
7710,17,,low
7711,0,,elevated
7712,6,,low
7713,36,,low
7714,,lapsed 214 days,high
7715,0,,elevated
7716,51,,low
7717,27,,low
7718,10,,low
7719,45,,low
7720,,lapsed 65 days,high
7721,26,,low
7722,11,,low
7723,0,,elevated
7724,20,,low
7725,0,,elevated
7726,,lapsed 28 days,high
7727,,lapsed 95 days,high
7728,,lapsed 63 days,high
7729,17,,low
7730,0,,elevated
7731,28,,low
7732,29,,low
7733,14,,low
7734,53,,low
7735,0,,elevated
7736,21,,low
7737,50,,low
7738,,lapsed 90 days,high
7739,50,,low
7740,25,,low
7741,16,,low
7742,54,,low
7743,0,,elevated
7744,0,,elevated
7745,56,,low
7746,12,,low
7747,54,,low
7748,0,,elevated
7749,0,,elevated
7750,10,,low
7751,28,,low
7752,,lapsed 34 days,high
7753,,lapsed 262 days,high
7754,29,,low
7755,,lapsed 65 days,high
7756,15,,low
7757,0,,elevated
7758,0,,elevated
7759,,lapsed 76 days,high
7760,46,,low
7761,7,,low
7762,,lapsed 93 days,high
7763,0,,elevated
7764,12,,low
7765,30,,low
7766,0,,elevated
7767,8,,low
7768,8,,low
7769,10,,low
7770,22,,low
7771,,lapsed 70 days,high
7772,,lapsed 129 days,high
7773,25,,low
7774,53,,low
7775,,lapsed 153 days,high
7776,11,,low
7777,26,,low
7778,32,,low
7779,48,,low
7780,27,,low
7781,8,,low
7782,19,,low
7783,11,,low
7784,29,,low
7785,21,,low
7786,35,,low
7787,27,,low
7788,76,,low
7789,33,,low
7790,77,,low
7791,24,,low
7792,0,,elevated
7793,0,,elevated
7794,65,,low
7795,24,,low
7796,54,,low
7797,0,,elevated
7798,13,,low
7799,,lapsed 23 days,high
7800,,lapsed 29 days,high
7801,,lapsed 85 days,high
7802,,lapsed 158 days,high
7803,12,,low
7804,,lapsed 30 days,high
7805,22,,low
7806,12,,low
7807,53,,low
7808,0,,elevated
7809,45,,low
7810,0,,elevated
7811,46,,low
7812,25,,low
7813,28,,low
7814,7,,low
7815,53,,low
7816,,lapsed 205 days,high
7817,,lapsed 83 days,high
7818,21,,low
7819,24,,low
7820,29,,low
7821,27,,low
7822,75,,low
7823,8,,low
7824,0,,elevated
7825,27,,low
7826,14,,low
7827,67,,low
7828,14,,low
7829,0,,elevated
7830,0,,elevated
7831,6,,low
7832,35,,low
7833,,lapsed 86 days,high
7834,35,,low
7835,27,,low
7836,0,,elevated
7837,52,,low
7838,0,,elevated
7839,52,,low
7840,0,,elevated
7841,25,,low
7842,,lapsed 55 days,high
7843,29,,low
7844,27,,low
7845,12,,low
7846,21,,low
7847,23,,low
7848,,lapsed 41 days,high
7849,23,,low
7850,28,,low
7851,10,,low
7852,27,,low
7853,39,,low
7854,10,,low
7855,34,,low
7856,33,,low
7857,0,,elevated
7858,24,,low
7859,40,,low
7860,,lapsed 53 days,high
7861,0,,elevated
7862,21,,low
7863,,lapsed 82 days,high
7864,46,,low
7865,29,,low
7866,0,,elevated
7867,21,,low
7868,0,,elevated
7869,23,,low
7870,0,,elevated
7871,0,,elevated
7872,29,,low
7873,58,,low
7874,0,,elevated
7875,41,,low
7876,,lapsed 73 days,high
7877,6,,low
7878,,lapsed 26 days,high
7879,23,,low
7880,30,,low
7881,,lapsed 90 days,high
7882,13,,low
7883,11,,low
7884,43,,low
7885,,lapsed 74 days,high
7886,25,,low
7887,0,,elevated
7888,26,,low
7889,71,,low
7890,78,,low
7891,29,,low
7892,0,,elevated
7893,68,,low
7894,0,,elevated
7895,11,,low
7896,17,,low
7897,15,,low
7898,17,,low
7899,24,,low
7900,0,,elevated
7901,23,,low
7902,,lapsed 81 days,high
7903,46,,low
7904,0,,elevated
7905,,lapsed 24 days,high
7906,13,,low
7907,60,,low
7908,23,,low
7909,54,,low
7910,26,,low
7911,0,,elevated
7912,,lapsed 162 days,high
7913,46,,low
7914,36,,low
7915,18,,low
7916,0,,elevated
7917,23,,low
7918,0,,elevated
7919,25,,low
7920,,lapsed 51 days,high
7921,20,,low
7922,29,,low
7923,48,,low
7924,19,,low
7925,,lapsed 239 days,high
7926,6,,low
7927,,lapsed 44 days,high
7928,,lapsed 80 days,high
7929,22,,low
7930,23,,low
7931,,lapsed 233 days,high
7932,0,,elevated
7933,0,,elevated
7934,14,,low
7935,,lapsed 154 days,high
7936,30,,low
7937,0,,elevated
7938,84,,low
7939,27,,low
7940,25,,low
7941,,lapsed 85 days,high
7942,9,,low
7943,51,,low
7944,29,,low
7945,19,,low
7946,0,,elevated
7947,27,,low
7948,28,,low
7949,29,,low
7950,20,,low
7951,15,,low
7952,,lapsed 167 days,high
7953,,lapsed 245 days,high
7954,52,,low
7955,42,,low
7956,,lapsed 40 days,high
7957,42,,low
7958,59,,low
7959,21,,low
7960,13,,low
7961,0,,elevated
7962,41,,low
7963,24,,low
7964,12,,low
7965,30,,low
7966,0,,elevated
7967,32,,low
7968,52,,low
7969,,lapsed 42 days,high
7970,41,,low
7971,0,,elevated
7972,54,,low
7973,9,,low
7974,30,,low
7975,,lapsed 72 days,high
7976,8,,low
7977,14,,low
7978,24,,low
7979,15,,low
7980,0,,elevated
7981,0,,elevated
7982,15,,low
7983,35,,low
7984,8,,low
7985,,lapsed 222 days,high
7986,0,,elevated
7987,0,,elevated
7988,,lapsed 54 days,high
7989,25,,low
7990,0,,elevated
7991,21,,low
7992,33,,low
7993,44,,low
7994,57,,low
7995,,lapsed 62 days,high
7996,0,,elevated
7997,53,,low
7998,50,,low
7999,25,,low
8000,7,,low
8001,34,,low
8002,35,,low
8003,25,,low
8004,9,,low
8005,21,,low
8006,0,,elevated
8007,51,,low
8008,62,,low
8009,78,,low
8010,10,,low
8011,0,,elevated
8012,21,,low
8013,16,,low
8014,0,,elevated
8015,,lapsed 25 days,high
8016,79,,low
8017,0,,elevated
8018,19,,low
8019,,lapsed 66 days,high
8020,0,,elevated
8021,18,,low
8022,0,,elevated
8023,0,,elevated
8024,11,,low
8025,39,,low
8026,28,,low
8027,16,,low
8028,17,,low
8029,,lapsed 55 days,high
8030,,lapsed 169 days,high
8031,45,,low
8032,60,,low
8033,0,,elevated
8034,54,,low
8035,,lapsed 72 days,high
8036,,lapsed 100 days,high
8037,,lapsed 66 days,high
8038,0,,elevated
8039,27,,low
8040,6,,low
8041,40,,low
8042,28,,low
8043,6,,low
8044,39,,low
8045,0,,elevated
8046,22,,low
8047,27,,low
8048,14,,low
8049,28,,low
8050,27,,low
8051,0,,elevated
8052,16,,low
8053,0,,elevated
8054,47,,low
8055,20,,low
8056,0,,elevated
8057,,lapsed 165 days,high
8058,66,,low
8059,20,,low
8060,0,,elevated
8061,14,,low
8062,59,,low
8063,0,,elevated
8064,,lapsed 88 days,high
8065,24,,low
8066,17,,low
8067,0,,elevated
8068,21,,low
8069,,lapsed 62 days,high
8070,6,,low
8071,,lapsed 255 days,high
8072,0,,elevated
8073,33,,low
8074,0,,elevated
8075,,lapsed 70 days,high
8076,0,,elevated
8077,33,,low
8078,41,,low
8079,7,,low
8080,47,,low
8081,0,,elevated
8082,0,,elevated
8083,7,,low
8084,44,,low
8085,14,,low
8086,44,,low
8087,42,,low
8088,15,,low
8089,7,,low
8090,7,,low
8091,56,,low
8092,22,,low
8093,38,,low
8094,80,,low
8095,,lapsed 72 days,high
8096,,lapsed 69 days,high
8097,28,,low
8098,40,,low
8099,25,,low
8100,21,,low
8101,14,,low
8102,14,,low
8103,11,,low
8104,38,,low
8105,83,,low
8106,19,,low
8107,0,,elevated
8108,37,,low
8109,18,,low
8110,,lapsed 63 days,high
8111,36,,low
8112,0,,elevated
8113,0,,elevated
8114,39,,low
8115,0,,elevated
8116,37,,low
8117,,lapsed 30 days,high
8118,,lapsed 34 days,high
8119,17,,low
8120,0,,elevated
8121,23,,low
8122,90,,low
8123,58,,low
8124,0,,elevated
8125,20,,low
8126,0,,elevated
8127,0,,elevated
8128,41,,low
8129,29,,low
8130,0,,elevated
8131,44,,low
8132,55,,low
8133,21,,low
8134,0,,elevated
8135,,lapsed 48 days,high
8136,11,,low
8137,26,,low
8138,30,,low
8139,,lapsed 230 days,high
8140,56,,low
8141,,lapsed 82 days,high
8142,15,,low
8143,26,,low
8144,0,,elevated
8145,76,,low
8146,22,,low
8147,0,,elevated
8148,31,,low
8149,0,,elevated
8150,10,,low
8151,0,,elevated
8152,6,,low
8153,21,,low
8154,0,,elevated
8155,30,,low
8156,,lapsed 78 days,high
8157,,lapsed 77 days,high
8158,20,,low
8159,6,,low
8160,89,,low
8161,24,,low
8162,0,,elevated
8163,0,,elevated
8164,21,,low
8165,19,,low
8166,26,,low
8167,57,,low
8168,27,,low
8169,27,,low
8170,0,,elevated
8171,20,,low
8172,,lapsed 57 days,high
8173,0,,elevated
8174,18,,low
8175,34,,low
8176,11,,low
8177,17,,low
8178,8,,low
8179,24,,low
8180,30,,low
8181,41,,low
8182,0,,elevated
8183,21,,low
8184,0,,elevated
8185,19,,low
8186,0,,elevated
8187,,lapsed 29 days,high
8188,0,,elevated
8189,0,,elevated
8190,0,,elevated
8191,0,,elevated
8192,19,,low
8193,0,,elevated
8194,,lapsed 21 days,high
8195,26,,low
8196,0,,elevated
8197,0,,elevated
8198,12,,low
8199,19,,low
8200,12,,low
8201,23,,low
8202,14,,low
8203,30,,low
8204,0,,elevated
8205,12,,low
8206,,lapsed 145 days,high
8207,21,,low
8208,30,,low
8209,,lapsed 86 days,high
8210,16,,low
8211,30,,low
8212,12,,low
8213,24,,low
8214,77,,low
8215,30,,low
8216,39,,low
8217,0,,elevated
8218,6,,low
8219,0,,elevated
8220,39,,low
8221,0,,elevated
8222,0,,elevated
8223,,lapsed 38 days,high
8224,11,,low
8225,0,,elevated
8226,10,,low
8227,0,,elevated
8228,0,,elevated
8229,20,,low
8230,30,,low
8231,8,,low
8232,26,,low
8233,21,,low
8234,27,,low
8235,55,,low
8236,0,,elevated
8237,0,,elevated
8238,57,,low
8239,20,,low
8240,57,,low
8241,0,,elevated
8242,0,,elevated
8243,12,,low
8244,86,,low
8245,0,,elevated
8246,62,,low
8247,21,,low
8248,36,,low
8249,19,,low
8250,48,,low
8251,0,,elevated
8252,0,,elevated
8253,,lapsed 39 days,high
8254,0,,elevated
8255,30,,low
8256,25,,low
8257,10,,low
8258,25,,low
8259,27,,low
8260,23,,low
8261,,lapsed 36 days,high
8262,29,,low
8263,22,,low
8264,0,,elevated
8265,11,,low
8266,29,,low
8267,0,,elevated
8268,0,,elevated
8269,0,,elevated
8270,0,,elevated
8271,24,,low
8272,0,,elevated
8273,10,,low
8274,10,,low
8275,0,,elevated
8276,,lapsed 61 days,high
8277,,lapsed 94 days,high
8278,16,,low
8279,,lapsed 49 days,high
8280,22,,low
8281,,lapsed 187 days,high
8282,17,,low
8283,61,,low
8284,0,,elevated
8285,64,,low
8286,6,,low
8287,28,,low
8288,38,,low
8289,,lapsed 69 days,high
8290,17,,low
8291,,lapsed 84 days,high
8292,17,,low
8293,34,,low
8294,0,,elevated
8295,24,,low
8296,,lapsed 90 days,high
8297,48,,low
8298,14,,low
8299,27,,low
8300,25,,low
8301,0,,elevated
8302,35,,low
8303,24,,low
8304,52,,low
8305,59,,low
8306,19,,low
8307,0,,elevated
8308,0,,elevated
8309,24,,low
8310,8,,low
8311,0,,elevated
8312,0,,elevated
8313,51,,low
8314,17,,low
8315,23,,low
8316,51,,low
8317,27,,low
8318,8,,low
8319,13,,low
8320,,lapsed 52 days,high
8321,29,,low
8322,19,,low
8323,0,,elevated
8324,9,,low
8325,0,,elevated
8326,,lapsed 28 days,high
8327,28,,low
8328,11,,low
8329,14,,low
8330,74,,low
8331,0,,elevated
8332,7,,low
8333,81,,low
8334,0,,elevated
8335,0,,elevated
8336,25,,low
8337,8,,low
8338,,lapsed 84 days,high
8339,11,,low
8340,26,,low
8341,15,,low
8342,27,,low
8343,14,,low
8344,0,,elevated
8345,46,,low
8346,13,,low
8347,,lapsed 22 days,high
8348,69,,low
8349,0,,elevated
8350,13,,low
8351,25,,low
8352,0,,elevated
8353,28,,low
8354,,lapsed 156 days,high
8355,59,,low
8356,18,,low
8357,0,,elevated
8358,28,,low
8359,,lapsed 64 days,high
8360,19,,low
8361,17,,low
8362,10,,low
8363,0,,elevated
8364,,lapsed 107 days,high
8365,42,,low
8366,17,,low
8367,23,,low
8368,,lapsed 157 days,high
8369,25,,low
8370,0,,elevated
8371,27,,low
8372,30,,low
8373,24,,low
8374,0,,elevated
8375,76,,low
8376,0,,elevated
8377,17,,low
8378,15,,low
8379,28,,low
8380,72,,low
8381,9,,low
8382,16,,low
8383,0,,elevated
8384,26,,low
8385,0,,elevated
8386,,lapsed 80 days,high
8387,0,,elevated
8388,24,,low
8389,23,,low
8390,25,,low
8391,12,,low
8392,0,,elevated
8393,6,,low
8394,,lapsed 81 days,high
8395,24,,low
8396,16,,low
8397,60,,low
8398,53,,low
8399,52,,low
8400,12,,low
8401,0,,elevated
8402,,lapsed 211 days,high
8403,8,,low
8404,60,,low
8405,48,,low
8406,54,,low
8407,24,,low
8408,10,,low
8409,55,,low
8410,0,,elevated
8411,7,,low
8412,30,,low
8413,13,,low
8414,,lapsed 122 days,high
8415,0,,elevated
8416,,lapsed 52 days,high
8417,26,,low
8418,25,,low
8419,28,,low
8420,30,,low
8421,,lapsed 86 days,high
8422,15,,low
8423,0,,elevated
8424,13,,low
8425,0,,elevated
8426,,lapsed 49 days,high
8427,16,,low
8428,0,,elevated
8429,22,,low
8430,75,,low
8431,45,,low
8432,28,,low
8433,51,,low
8434,25,,low
8435,,lapsed 137 days,high
8436,0,,elevated
8437,12,,low
8438,58,,low
8439,0,,elevated
8440,28,,low
8441,29,,low
8442,,lapsed 47 days,high
8443,,lapsed 96 days,high
8444,53,,low
8445,28,,low
8446,11,,low
8447,80,,low
8448,38,,low
8449,17,,low
8450,0,,elevated
8451,11,,low
8452,24,,low
8453,54,,low
8454,,lapsed 104 days,high
8455,46,,low
8456,21,,low
8457,0,,elevated
8458,,lapsed 60 days,high
8459,0,,elevated
8460,44,,low
8461,0,,elevated
8462,59,,low
8463,0,,elevated
8464,18,,low
8465,21,,low
8466,80,,low
8467,,lapsed 156 days,high
8468,23,,low
8469,14,,low
8470,56,,low
8471,0,,elevated
8472,23,,low
8473,17,,low
8474,0,,elevated
8475,,lapsed 159 days,high
8476,,lapsed 29 days,high
8477,0,,elevated
8478,,lapsed 80 days,high
8479,10,,low
8480,16,,low
8481,0,,elevated
8482,17,,low
8483,0,,elevated
8484,16,,low
8485,0,,elevated
8486,53,,low
8487,0,,elevated
8488,0,,elevated
8489,0,,elevated
8490,0,,elevated
8491,12,,low
8492,10,,low
8493,58,,low
8494,19,,low
8495,23,,low
8496,19,,low
8497,60,,low
8498,0,,elevated
8499,36,,low
8500,0,,elevated
8501,0,,elevated
8502,53,,low
8503,9,,low
8504,19,,low
8505,13,,low
8506,6,,low
8507,0,,elevated
8508,0,,elevated
8509,90,,low
8510,0,,elevated
8511,12,,low
8512,37,,low
8513,0,,elevated
8514,,lapsed 37 days,high
8515,45,,low
8516,42,,low
8517,20,,low
8518,25,,low
8519,10,,low
8520,,lapsed 39 days,high
8521,0,,elevated
8522,,lapsed 42 days,high
8523,0,,elevated
8524,,lapsed 165 days,high
8525,21,,low
8526,15,,low
8527,12,,low
8528,17,,low
8529,69,,low
8530,68,,low
8531,8,,low
8532,59,,low
8533,13,,low
8534,,lapsed 89 days,high
8535,20,,low
8536,20,,low
8537,29,,low
8538,13,,low
8539,57,,low
8540,0,,elevated
8541,,lapsed 84 days,high
8542,0,,elevated
8543,21,,low
8544,14,,low
8545,,lapsed 89 days,high
8546,11,,low
8547,59,,low
8548,23,,low
8549,19,,low
8550,84,,low
8551,90,,low
8552,29,,low
8553,12,,low
8554,37,,low
8555,,lapsed 79 days,high
8556,,lapsed 171 days,high
8557,28,,low
8558,7,,low
8559,6,,low
8560,0,,elevated
8561,0,,elevated
8562,24,,low
8563,14,,low
8564,30,,low
8565,26,,low
8566,0,,elevated
8567,0,,elevated
8568,30,,low
8569,64,,low
8570,17,,low
8571,9,,low
8572,29,,low
8573,38,,low
8574,0,,elevated
8575,55,,low
8576,0,,elevated
8577,17,,low
8578,20,,low
8579,19,,low
8580,11,,low
8581,0,,elevated
8582,,lapsed 52 days,high
8583,,lapsed 43 days,high
8584,20,,low
8585,71,,low
8586,12,,low
8587,7,,low
8588,,lapsed 83 days,high
8589,17,,low
8590,0,,elevated
8591,0,,elevated
8592,21,,low
8593,0,,elevated
8594,48,,low
8595,11,,low
8596,8,,low
8597,7,,low
8598,16,,low
8599,15,,low
8600,18,,low
8601,,lapsed 59 days,high
8602,60,,low
8603,0,,elevated
8604,10,,low
8605,13,,low
8606,0,,elevated
8607,0,,elevated
8608,0,,elevated
8609,51,,low
8610,6,,low
8611,,lapsed 100 days,high
8612,0,,elevated
8613,46,,low
8614,27,,low
8615,,lapsed 133 days,high
8616,0,,elevated
8617,9,,low
8618,81,,low
8619,,lapsed 208 days,high
8620,30,,low
8621,29,,low
8622,76,,low
8623,21,,low
8624,,lapsed 219 days,high
8625,,lapsed 75 days,high
8626,28,,low
8627,6,,low
8628,26,,low
8629,0,,elevated
8630,0,,elevated
8631,0,,elevated
8632,37,,low
8633,13,,low
8634,0,,elevated
8635,,lapsed 88 days,high
8636,47,,low
8637,,lapsed 79 days,high
8638,65,,low
8639,24,,low
8640,13,,low
8641,13,,low
8642,50,,low
8643,8,,low
8644,20,,low
8645,0,,elevated
8646,,lapsed 44 days,high
8647,15,,low
8648,25,,low
8649,28,,low
8650,,lapsed 78 days,high
8651,13,,low
8652,76,,low
8653,9,,low
8654,87,,low
8655,14,,low
8656,,lapsed 25 days,high
8657,62,,low
8658,,lapsed 72 days,high
8659,0,,elevated
8660,16,,low
8661,36,,low
8662,11,,low
8663,45,,low
8664,0,,elevated
8665,25,,low
8666,29,,low
8667,24,,low
8668,32,,low
8669,12,,low
8670,0,,elevated
8671,14,,low
8672,52,,low
8673,,lapsed 59 days,high
8674,8,,low
8675,6,,low
8676,,lapsed 195 days,high
8677,81,,low
8678,28,,low
8679,0,,elevated
8680,14,,low
8681,0,,elevated
8682,47,,low
8683,23,,low
8684,0,,elevated
8685,6,,low
8686,0,,elevated
8687,42,,low
8688,36,,low
8689,19,,low
8690,27,,low
8691,0,,elevated
8692,,lapsed 84 days,high
8693,28,,low
8694,,lapsed 56 days,high
8695,9,,low
8696,20,,low
8697,13,,low
8698,0,,elevated
8699,0,,elevated
8700,0,,elevated
8701,11,,low
8702,76,,low
8703,14,,low
8704,74,,low
8705,26,,low
8706,,lapsed 82 days,high
8707,,lapsed 57 days,high
8708,22,,low
8709,,lapsed 74 days,high
8710,15,,low
8711,22,,low
8712,8,,low
8713,12,,low
8714,,lapsed 254 days,high
8715,8,,low
8716,0,,elevated
8717,0,,elevated
8718,28,,low
8719,,lapsed 71 days,high
8720,0,,elevated
