subscriber_id,days_to_lapse_est,lapse_note,lapse_probability_band
0001,19,,elevated
0002,15,,elevated
0003,11,,elevated
0004,11,,elevated
0005,0,,elevated
0006,17,,elevated
0007,25,,elevated
0008,4,,elevated
0009,3,,elevated
0010,17,,elevated
0011,,lapsed 54 days,high
0012,19,,elevated
0013,12,,elevated
0014,15,,elevated
0015,21,,elevated
0016,,lapsed 89 days,high
0017,2,,elevated
0018,14,,elevated
0019,14,,elevated
0020,83,,elevated
0021,6,,elevated
0022,64,,elevated
0023,1,,elevated
0024,26,,elevated
0025,41,,low
0026,25,,elevated
0027,0,,elevated
0028,,lapsed 55 days,high
0029,57,,elevated
0030,45,,elevated
0031,26,,elevated
0032,29,,low
0033,14,,elevated
0034,24,,elevated
0035,31,,elevated
0036,,lapsed 73 days,high
0037,17,,elevated
0038,30,,elevated
0039,22,,low
0040,29,,low
0041,20,,elevated
0042,30,,elevated
0043,24,,elevated
0044,4,,elevated
0045,44,,elevated
0046,30,,low
0047,24,,elevated
0048,2,,elevated
0049,11,,elevated
0050,30,,elevated
0051,20,,elevated
0052,39,,elevated
0053,0,,elevated
0054,26,,low
0055,0,,elevated
0056,6,,elevated
0057,76,,elevated
0058,28,,elevated
0059,30,,elevated
0060,0,,high
0061,9,,elevated
0062,29,,elevated
0063,49,,elevated
0064,58,,low
0065,9,,elevated
0066,0,,high
0067,25,,elevated
0068,51,,elevated
0069,51,,elevated
0070,23,,elevated
0071,28,,low
0072,10,,elevated
0073,23,,low
0074,27,,low
0075,81,,elevated
0076,18,,elevated
0077,1,,elevated
0078,29,,low
0079,17,,elevated
0080,1,,elevated
0081,24,,low
0082,74,,elevated
0083,1,,elevated
0084,18,,elevated
0085,23,,low
0086,,lapsed 72 days,high
0087,1,,elevated
0088,,lapsed 15 days,high
0089,11,,elevated
0090,5,,elevated
0091,,lapsed 61 days,high
0092,22,,elevated
0093,30,,elevated
0094,0,,high
0095,27,,low
0096,23,,elevated
0097,9,,elevated
0098,19,,elevated
0099,18,,elevated
0100,81,,low
0101,44,,elevated
0102,1,,elevated
0103,45,,low
0104,35,,low
0105,0,,high
0106,26,,low
0107,16,,elevated
0108,0,,elevated
0109,54,,low
0110,16,,elevated
0111,0,,high
0112,0,,high
0113,25,,low
0114,42,,elevated
0115,8,,elevated
0116,40,,elevated
0117,11,,elevated
0118,3,,elevated
0119,75,,low
0120,55,,low
0121,1,,elevated
0122,0,,elevated
0123,27,,low
0124,34,,elevated
0125,,lapsed 39 days,high
0126,12,,elevated
0127,57,,low
0128,0,,high
0129,1,,elevated
0130,2,,elevated
0131,0,,elevated
0132,23,,elevated
0133,0,,high
0134,8,,elevated
0135,0,,high
0136,11,,elevated
0137,45,,low
0138,88,,low
0139,88,,low
0140,7,,elevated
0141,20,,elevated
0142,27,,low
0143,23,,low
0144,18,,low
0145,,lapsed 44 days,high
0146,6,,elevated
0147,56,,low
0148,27,,low
0149,25,,low
0150,23,,elevated
0151,12,,elevated
0152,15,,elevated
0153,26,,low
0154,23,,low
0155,21,,elevated
0156,25,,elevated
0157,9,,elevated
0158,5,,elevated
0159,0,,elevated
0160,0,,elevated
0161,1,,elevated
0162,,lapsed 54 days,high
0163,5,,elevated
0164,23,,elevated
0165,29,,low
0166,7,,elevated
0167,58,,elevated
0168,10,,elevated
0169,,lapsed 80 days,high
0170,26,,elevated
0171,43,,low
0172,22,,elevated
0173,18,,elevated
0174,60,,elevated
0175,20,,low
0176,19,,elevated
0177,13,,elevated
0178,36,,low
0179,,lapsed 64 days,high
0180,54,,low
0181,55,,elevated
0182,57,,elevated
0183,13,,elevated
0184,28,,low
0185,5,,elevated
0186,,lapsed 87 days,high
0187,30,,low
0188,,lapsed 31 days,high
0189,11,,elevated
0190,,lapsed 33 days,high
0191,24,,elevated
0192,7,,elevated
0193,29,,low
0194,23,,low
0195,14,,elevated
0196,27,,low
0197,0,,elevated
0198,20,,elevated
0199,34,,elevated
0200,0,,elevated
0201,0,,elevated
0202,0,,elevated
0203,17,,elevated
0204,28,,low
0205,5,,elevated
0206,54,,elevated
0207,28,,low
0208,3,,elevated
0209,2,,elevated
0210,7,,elevated
0211,5,,elevated
0212,0,,high
0213,70,,elevated
0214,50,,elevated
0215,,lapsed 56 days,high
0216,0,,high
0217,16,,elevated
0218,22,,low
0219,,lapsed 45 days,high
0220,39,,elevated
0221,29,,low
0222,17,,low
0223,24,,elevated
0224,88,,low
0225,2,,elevated
0226,0,,high
0227,9,,elevated
0228,25,,elevated
0229,0,,elevated
0230,35,,elevated
0231,45,,elevated
0232,19,,elevated
0233,0,,elevated
0234,60,,elevated
0235,23,,low
0236,83,,elevated
0237,36,,elevated
0238,18,,elevated
0239,19,,elevated
0240,45,,low
0241,0,,elevated
0242,26,,low
0243,11,,elevated
0244,84,,elevated
0245,0,,elevated
0246,14,,elevated
0247,39,,elevated
0248,28,,elevated
0249,14,,elevated
0250,67,,elevated
0251,45,,elevated
0252,84,,elevated
0253,21,,elevated
0254,26,,elevated
0255,,lapsed 19 days,high
0256,42,,elevated
0257,30,,elevated
0258,18,,elevated
0259,0,,elevated
0260,26,,low
0261,25,,low
0262,35,,elevated
0263,4,,elevated
0264,,lapsed 58 days,high
0265,,lapsed 51 days,high
0266,9,,elevated
0267,26,,elevated
0268,64,,low
0269,77,,elevated
0270,27,,low
0271,27,,low
0272,1,,elevated
0273,17,,elevated
0274,17,,elevated
0275,85,,low
0276,25,,elevated
0277,38,,elevated
0278,0,,elevated
0279,0,,elevated
0280,3,,elevated
0281,27,,low
0282,37,,elevated
0283,20,,elevated
0284,26,,low
0285,6,,elevated
0286,36,,elevated
0287,54,,elevated
0288,14,,elevated
0289,,lapsed 28 days,high
0290,22,,elevated
0291,14,,elevated
0292,86,,low
0293,1,,elevated
0294,29,,elevated
0295,19,,elevated
0296,26,,elevated
0297,24,,elevated
0298,26,,elevated
0299,4,,elevated
0300,26,,elevated
0301,37,,elevated
0302,27,,low
0303,26,,elevated
0304,40,,low
0305,24,,elevated
0306,59,,low
0307,0,,high
0308,22,,low
0309,13,,elevated
0310,,lapsed 29 days,elevated
0311,28,,elevated
0312,37,,elevated
0313,19,,elevated
0314,29,,low
0315,23,,elevated
0316,58,,elevated
0317,24,,elevated
0318,12,,elevated
0319,7,,elevated
0320,34,,elevated
0321,9,,elevated
0322,30,,low
0323,33,,low
0324,53,,elevated
0325,37,,elevated
0326,0,,high
0327,23,,elevated
0328,0,,high
0329,29,,low
0330,,lapsed 31 days,high
0331,6,,elevated
0332,27,,elevated
0333,56,,low
0334,25,,low
0335,9,,elevated
0336,30,,elevated
0337,1,,elevated
0338,45,,low
0339,45,,low
0340,29,,low
0341,18,,elevated
0342,35,,low
0343,25,,elevated
0344,17,,elevated
0345,24,,elevated
0346,30,,low
0347,39,,elevated
0348,26,,elevated
0349,3,,elevated
0350,23,,elevated
0351,13,,elevated
0352,24,,elevated
0353,26,,elevated
0354,29,,low
0355,3,,elevated
0356,27,,low
0357,34,,elevated
0358,30,,low
0359,78,,low
0360,1,,elevated
0361,15,,elevated
0362,23,,elevated
0363,11,,elevated
0364,0,,elevated
0365,0,,elevated
0366,2,,elevated
0367,28,,low
0368,23,,low
0369,40,,low
0370,39,,elevated
0371,3,,elevated
0372,,lapsed 77 days,high
0373,0,,high
0374,27,,low
0375,,lapsed 66 days,high
0376,0,,elevated
0377,31,,elevated
0378,26,,elevated
0379,,lapsed 38 days,high
0380,6,,elevated
0381,10,,elevated
0382,,lapsed 30 days,high
0383,29,,low
0384,,lapsed 59 days,high
0385,41,,elevated
0386,17,,elevated
0387,26,,elevated
0388,20,,elevated
0389,28,,elevated
0390,12,,elevated
0391,3,,elevated
0392,4,,elevated
0393,24,,low
0394,10,,elevated
0395,,lapsed 48 days,high
0396,13,,elevated
0397,25,,elevated
0398,0,,high
0399,27,,low
0400,81,,elevated
0401,28,,elevated
0402,,lapsed 15 days,high
0403,20,,elevated
0404,53,,elevated
0405,0,,elevated
0406,26,,elevated
0407,27,,elevated
0408,29,,elevated
0409,0,,elevated
0410,57,,low
0411,13,,elevated
0412,21,,low
0413,,lapsed 90 days,high
0414,,lapsed 23 days,high
0415,24,,elevated
0416,5,,elevated
0417,32,,low
0418,53,,low
0419,0,,high
0420,21,,elevated
0421,54,,low
0422,29,,elevated
0423,2,,elevated
0424,1,,elevated
0425,27,,low
0426,30,,low
0427,5,,elevated
0428,56,,low
0429,49,,low
0430,0,,high
0431,28,,elevated
0432,24,,elevated
0433,18,,elevated
0434,26,,low
0435,40,,low
0436,0,,high
0437,27,,elevated
0438,1,,elevated
0439,1,,elevated
0440,60,,elevated
0441,83,,low
0442,81,,low
0443,,lapsed 45 days,high
0444,4,,elevated
0445,19,,elevated
0446,42,,low
0447,26,,low
0448,38,,low
0449,16,,elevated
0450,23,,low
0451,0,,elevated
0452,5,,elevated
0453,,lapsed 82 days,high
0454,39,,elevated
0455,17,,elevated
0456,0,,elevated
0457,60,,low
0458,0,,elevated
0459,30,,low
0460,26,,elevated
0461,8,,elevated
0462,13,,elevated
0463,35,,elevated
0464,18,,elevated
0465,23,,elevated
0466,0,,elevated
0467,45,,low
0468,2,,elevated
0469,37,,elevated
0470,17,,elevated
0471,15,,elevated
0472,,lapsed 57 days,high
0473,0,,elevated
0474,29,,elevated
0475,23,,elevated
0476,5,,elevated
0477,1,,elevated
0478,8,,elevated
0479,23,,elevated
0480,,lapsed 66 days,high
0481,33,,elevated
0482,3,,elevated
0483,29,,low
0484,54,,elevated
0485,52,,low
0486,41,,low
0487,29,,elevated
0488,24,,low
0489,11,,elevated
0490,24,,elevated
0491,9,,elevated
0492,56,,low
0493,41,,elevated
0494,3,,elevated
0495,88,,elevated
0496,45,,elevated
0497,19,,elevated
0498,9,,elevated
0499,11,,elevated
0500,15,,elevated
0501,0,,high
0502,1,,elevated
0503,6,,elevated
0504,,lapsed 43 days,high
0505,,lapsed 30 days,high
0506,1,,elevated
0507,83,,elevated
0508,19,,elevated
0509,21,,elevated
0510,69,,elevated
0511,30,,low
0512,42,,elevated
0513,18,,elevated
0514,,lapsed 73 days,high
0515,,lapsed 84 days,high
0516,58,,elevated
0517,20,,elevated
0518,17,,elevated
0519,18,,elevated
0520,13,,elevated
0521,28,,elevated
0522,29,,low
0523,,lapsed 15 days,high
0524,23,,elevated
0525,27,,elevated
0526,0,,elevated
0527,14,,elevated
0528,26,,low
0529,,lapsed 76 days,high
0530,0,,elevated
0531,0,,elevated
0532,86,,elevated
0533,0,,high
0534,60,,low
0535,13,,elevated
0536,0,,elevated
0537,41,,low
0538,35,,elevated
0539,50,,low
0540,32,,elevated
0541,,lapsed 58 days,high
0542,28,,low
0543,28,,elevated
0544,25,,low
0545,,lapsed 84 days,high
0546,66,,elevated
0547,89,,low
0548,12,,elevated
0549,39,,elevated
0550,22,,elevated
0551,24,,elevated
0552,6,,elevated
0553,43,,low
0554,45,,elevated
0555,26,,low
0556,0,,elevated
0557,2,,elevated
0558,44,,low
0559,11,,elevated
0560,58,,low
0561,50,,elevated
0562,42,,elevated
0563,79,,elevated
0564,26,,elevated
0565,26,,low
0566,30,,low
0567,11,,elevated
0568,9,,elevated
0569,26,,elevated
0570,80,,low
0571,43,,low
0572,84,,low
0573,61,,elevated
0574,28,,elevated
0575,0,,elevated
0576,0,,elevated
0577,13,,elevated
0578,5,,elevated
0579,13,,elevated
0580,9,,elevated
0581,25,,elevated
0582,4,,elevated
0583,0,,high
0584,30,,elevated
0585,29,,low
0586,1,,elevated
0587,84,,low
0588,39,,low
0589,27,,elevated
0590,26,,elevated
0591,24,,low
0592,19,,elevated
0593,45,,low
0594,55,,low
0595,14,,elevated
0596,39,,elevated
0597,89,,low
0598,23,,elevated
0599,36,,elevated
0600,2,,elevated
0601,24,,low
0602,26,,elevated
0603,20,,low
0604,25,,elevated
0605,55,,elevated
0606,9,,elevated
0607,28,,low
0608,30,,elevated
0609,10,,elevated
0610,20,,elevated
0611,14,,elevated
0612,,lapsed 87 days,high
0613,,lapsed 79 days,high
0614,26,,elevated
0615,20,,elevated
0616,19,,elevated
0617,,lapsed 73 days,high
0618,20,,elevated
0619,86,,low
0620,37,,elevated
0621,25,,low
0622,23,,elevated
0623,30,,low
0624,6,,elevated
0625,3,,elevated
0626,37,,elevated
0627,3,,elevated
0628,0,,elevated
0629,23,,elevated
0630,23,,elevated
0631,48,,elevated
0632,7,,elevated
0633,2,,elevated
0634,1,,elevated
0635,1,,elevated
0636,0,,high
0637,59,,elevated
0638,2,,elevated
0639,0,,elevated
0640,13,,elevated
0641,,lapsed 16 days,high
0642,15,,elevated
0643,,lapsed 57 days,high
0644,28,,low
0645,,lapsed 15 days,high
0646,11,,elevated
0647,,lapsed 52 days,high
0648,26,,elevated
0649,30,,low
0650,56,,low
0651,24,,low
0652,4,,elevated
0653,28,,low
0654,25,,low
0655,30,,low
0656,49,,elevated
0657,33,,elevated
0658,10,,elevated
0659,0,,elevated
0660,67,,elevated
0661,50,,low
0662,25,,elevated
0663,25,,elevated
0664,59,,elevated
0665,30,,elevated
0666,0,,elevated
0667,58,,low
0668,0,,high
0669,12,,elevated
0670,22,,low
0671,20,,low
0672,,lapsed 64 days,high
0673,14,,elevated
0674,,lapsed 62 days,high
0675,1,,elevated
0676,,lapsed 45 days,high
0677,54,,elevated
0678,6,,elevated
0679,18,,elevated
0680,22,,elevated
0681,23,,low
0682,48,,elevated
0683,24,,elevated
0684,52,,elevated
0685,11,,elevated
0686,2,,elevated
0687,45,,low
0688,8,,elevated
0689,52,,low
0690,22,,elevated
0691,27,,elevated
0692,29,,elevated
0693,0,,elevated
0694,3,,elevated
0695,28,,low
0696,2,,elevated
0697,2,,elevated
0698,0,,high
0699,23,,elevated
0700,29,,elevated
0701,1,,elevated
0702,24,,low
0703,23,,elevated
0704,0,,elevated
0705,15,,elevated
0706,84,,low
0707,28,,elevated
0708,20,,elevated
0709,10,,elevated
0710,27,,low
0711,,lapsed 78 days,high
0712,23,,elevated
0713,45,,low
0714,5,,elevated
0715,23,,low
0716,8,,elevated
0717,29,,elevated
0718,16,,elevated
0719,43,,elevated
0720,24,,elevated
0721,19,,elevated
0722,17,,elevated
0723,23,,low
0724,,lapsed 18 days,high
0725,22,,elevated
0726,16,,elevated
0727,0,,elevated
0728,,lapsed 47 days,high
0729,28,,low
0730,13,,elevated
0731,41,,elevated
0732,29,,elevated
0733,7,,elevated
0734,7,,elevated
0735,16,,elevated
0736,,lapsed 32 days,high
0737,1,,elevated
0738,87,,low
0739,0,,elevated
0740,23,,elevated
0741,6,,elevated
0742,32,,elevated
0743,0,,elevated
0744,,lapsed 50 days,high
0745,36,,low
0746,59,,low
0747,,lapsed 57 days,high
0748,24,,low
0749,17,,elevated
0750,68,,low
0751,,lapsed 57 days,high
0752,7,,elevated
0753,26,,elevated
0754,12,,elevated
0755,6,,elevated
0756,57,,low
0757,38,,low
0758,0,,elevated
0759,72,,elevated
0760,65,,elevated
0761,18,,elevated
0762,84,,low
0763,24,,elevated
0764,1,,elevated
0765,6,,elevated
0766,43,,elevated
0767,4,,elevated
0768,23,,low
0769,71,,low
0770,18,,elevated
0771,57,,elevated
0772,17,,elevated
0773,0,,elevated
0774,18,,elevated
0775,0,,high
0776,38,,elevated
0777,5,,elevated
0778,41,,elevated
0779,24,,elevated
0780,29,,elevated
0781,66,,elevated
0782,22,,low
0783,3,,elevated
0784,,lapsed 70 days,high
0785,30,,low
0786,,lapsed 48 days,high
0787,16,,elevated
0788,11,,elevated
0789,0,,high
0790,1,,elevated
0791,10,,elevated
0792,33,,elevated
0793,0,,high
0794,28,,elevated
0795,13,,elevated
0796,26,,low
0797,29,,elevated
0798,0,,elevated
0799,29,,elevated
0800,16,,elevated
0801,25,,low
0802,28,,elevated
0803,25,,elevated
0804,22,,elevated
0805,28,,low
0806,25,,elevated
0807,30,,low
0808,13,,elevated
0809,10,,elevated
0810,0,,elevated
0811,24,,elevated
0812,30,,low
0813,0,,high
0814,15,,elevated
0815,,lapsed 19 days,high
0816,,lapsed 63 days,high
0817,20,,elevated
0818,28,,elevated
0819,57,,elevated
0820,28,,elevated
0821,0,,elevated
0822,4,,elevated
0823,37,,elevated
0824,57,,elevated
0825,0,,high
0826,0,,high
0827,30,,low
0828,14,,elevated
0829,30,,low
0830,21,,low
0831,20,,elevated
0832,21,,elevated
0833,24,,elevated
0834,54,,low
0835,19,,elevated
0836,30,,elevated
0837,0,,elevated
0838,20,,elevated
0839,26,,low
0840,29,,low
0841,4,,elevated
0842,,lapsed 75 days,high
0843,60,,elevated
0844,3,,elevated
0845,20,,elevated
0846,45,,low
0847,60,,elevated
0848,25,,elevated
0849,0,,elevated
0850,24,,elevated
0851,23,,elevated
0852,17,,elevated
0853,32,,elevated
0854,20,,elevated
0855,19,,elevated
0856,51,,elevated
0857,33,,elevated
0858,24,,elevated
0859,10,,elevated
0860,4,,elevated
0861,42,,low
0862,29,,elevated
0863,30,,low
0864,26,,elevated
0865,19,,elevated
0866,25,,elevated
0867,21,,elevated
0868,4,,elevated
0869,11,,elevated
0870,2,,elevated
0871,18,,elevated
0872,6,,elevated
0873,17,,elevated
0874,,lapsed 69 days,high
0875,8,,elevated
0876,44,,elevated
0877,0,,elevated
0878,9,,elevated
0879,41,,elevated
0880,28,,low
0881,0,,high
0882,44,,elevated
0883,12,,elevated
0884,,lapsed 81 days,high
0885,29,,elevated
0886,11,,elevated
0887,28,,elevated
0888,29,,elevated
0889,26,,elevated
0890,0,,elevated
0891,69,,elevated
0892,67,,low
0893,26,,low
0894,11,,elevated
0895,,lapsed 61 days,high
0896,,lapsed 29 days,high
0897,90,,low
0898,45,,low
0899,0,,elevated
0900,41,,elevated
0901,23,,low
0902,24,,low
0903,,lapsed 75 days,high
0904,26,,elevated
0905,26,,elevated
0906,51,,elevated
0907,6,,elevated
0908,48,,elevated
0909,27,,elevated
0910,46,,low
0911,5,,elevated
0912,19,,elevated
0913,51,,low
0914,0,,high
0915,41,,low
0916,51,,elevated
0917,23,,elevated
0918,35,,elevated
0919,10,,elevated
0920,0,,elevated
0921,20,,elevated
0922,17,,elevated
0923,12,,elevated
0924,6,,elevated
0925,39,,elevated
0926,11,,elevated
0927,,lapsed 71 days,high
0928,15,,elevated
0929,18,,elevated
0930,24,,low
0931,13,,elevated
0932,1,,elevated
0933,5,,elevated
0934,33,,elevated
0935,57,,low
0936,0,,elevated
0937,21,,elevated
0938,0,,elevated
0939,83,,low
0940,90,,low
0941,3,,elevated
0942,11,,elevated
0943,26,,elevated
0944,17,,elevated
0945,11,,elevated
0946,25,,low
0947,54,,elevated
0948,12,,elevated
0949,0,,high
0950,6,,elevated
0951,,lapsed 46 days,high
0952,9,,elevated
0953,6,,elevated
0954,26,,low
0955,10,,elevated
0956,20,,elevated
0957,0,,high
0958,8,,elevated
0959,25,,low
0960,19,,elevated
0961,,lapsed 36 days,high
0962,22,,low
0963,39,,elevated
0964,44,,elevated
0965,,lapsed 82 days,high
0966,28,,low
0967,16,,elevated
0968,17,,elevated
0969,,lapsed 52 days,high
0970,39,,elevated
0971,40,,elevated
0972,12,,elevated
0973,78,,low
0974,0,,elevated
0975,9,,elevated
0976,17,,elevated
0977,29,,low
0978,10,,elevated
0979,9,,elevated
0980,,lapsed 66 days,high
0981,28,,low
0982,7,,elevated
0983,9,,elevated
0984,7,,elevated
0985,27,,elevated
0986,25,,elevated
0987,42,,low
0988,78,,elevated
0989,23,,elevated
0990,16,,elevated
0991,27,,elevated
0992,29,,low
0993,0,,high
0994,10,,elevated
0995,14,,elevated
0996,11,,elevated
0997,,lapsed 17 days,high
0998,52,,elevated
0999,7,,elevated
1000,60,,low
1001,12,,elevated
1002,,lapsed 62 days,high
1003,30,,low
1004,23,,elevated
1005,28,,low
1006,,lapsed 25 days,high
1007,57,,elevated
1008,2,,elevated
1009,40,,low
1010,29,,elevated
1011,25,,low
1012,28,,low
1013,10,,elevated
1014,13,,elevated
1015,40,,elevated
1016,27,,elevated
1017,16,,low
1018,,lapsed 67 days,high
1019,88,,low
1020,48,,elevated
1021,54,,elevated
1022,37,,elevated
1023,29,,low
1024,88,,low
1025,36,,elevated
1026,26,,low
1027,24,,elevated
1028,,lapsed 47 days,high
1029,20,,elevated
1030,39,,low
1031,16,,elevated
1032,,lapsed 52 days,high
1033,30,,low
1034,24,,low
1035,24,,elevated
1036,28,,elevated
1037,10,,elevated
1038,16,,elevated
1039,,lapsed 51 days,high
1040,10,,elevated
1041,23,,low
1042,18,,elevated
1043,25,,elevated
1044,0,,elevated
1045,52,,elevated
1046,90,,low
1047,20,,elevated
1048,6,,elevated
1049,27,,low
1050,26,,elevated
1051,0,,elevated
1052,43,,low
1053,6,,elevated
1054,0,,elevated
1055,29,,low
1056,21,,elevated
1057,51,,elevated
1058,,lapsed 47 days,high
1059,,lapsed 82 days,high
1060,59,,elevated
1061,0,,elevated
1062,14,,elevated
1063,17,,elevated
1064,24,,low
1065,23,,elevated
1066,28,,elevated
1067,0,,elevated
1068,0,,elevated
1069,13,,elevated
1070,23,,elevated
1071,15,,elevated
1072,13,,elevated
1073,8,,elevated
1074,26,,elevated
1075,22,,elevated
1076,64,,elevated
1077,51,,elevated
1078,23,,low
1079,52,,elevated
1080,0,,high
1081,26,,elevated
1082,27,,elevated
1083,,lapsed 19 days,high
1084,34,,elevated
1085,29,,low
1086,49,,low
1087,14,,elevated
1088,21,,elevated
1089,0,,high
1090,30,,elevated
1091,27,,elevated
1092,29,,elevated
1093,28,,low
1094,26,,elevated
1095,36,,elevated
1096,0,,high
1097,26,,low
1098,1,,elevated
1099,26,,elevated
1100,87,,elevated
1101,0,,elevated
1102,0,,high
1103,48,,elevated
1104,35,,elevated
1105,25,,elevated
1106,12,,elevated
1107,8,,elevated
1108,23,,low
1109,9,,elevated
1110,14,,elevated
1111,52,,elevated
1112,2,,elevated
1113,8,,elevated
1114,22,,elevated
1115,30,,elevated
1116,27,,elevated
1117,86,,low
1118,0,,elevated
1119,13,,elevated
1120,0,,elevated
1121,59,,elevated
1122,15,,elevated
1123,,lapsed 40 days,high
1124,,lapsed 34 days,high
1125,18,,elevated
1126,20,,elevated
1127,83,,elevated
1128,86,,low
1129,12,,elevated
1130,29,,low
1131,,lapsed 31 days,high
1132,25,,elevated
1133,0,,high
1134,24,,elevated
1135,40,,low
1136,19,,low
1137,12,,elevated
1138,23,,elevated
1139,59,,low
1140,28,,low
1141,7,,elevated
1142,0,,elevated
1143,84,,elevated
1144,48,,elevated
1145,87,,low
1146,27,,low
1147,52,,low
1148,21,,elevated
1149,26,,low
1150,,lapsed 15 days,high
1151,59,,elevated
1152,42,,low
1153,18,,elevated
1154,15,,elevated
1155,12,,elevated
1156,42,,low
1157,1,,elevated
1158,56,,low
1159,0,,high
1160,,lapsed 75 days,high
1161,33,,elevated
1162,13,,elevated
1163,87,,low
1164,0,,elevated
1165,29,,low
1166,,lapsed 41 days,high
1167,28,,low
1168,14,,elevated
1169,30,,low
1170,72,,low
1171,17,,elevated
1172,26,,low
1173,23,,elevated
1174,27,,low
1175,27,,elevated
1176,1,,elevated
1177,29,,low
1178,,lapsed 74 days,high
1179,,lapsed 16 days,high
1180,0,,elevated
1181,87,,low
1182,3,,elevated
1183,43,,elevated
1184,37,,low
1185,12,,elevated
1186,43,,elevated
1187,0,,elevated
1188,0,,elevated
1189,0,,high
1190,,lapsed 23 days,high
1191,26,,low
1192,25,,low
1193,25,,elevated
1194,27,,low
1195,23,,elevated
1196,0,,high
1197,0,,elevated
1198,0,,high
1199,18,,elevated
1200,23,,elevated
1201,24,,low
1202,6,,elevated
1203,,lapsed 44 days,high
1204,29,,low
1205,0,,elevated
1206,0,,elevated
1207,22,,elevated
1208,,lapsed 52 days,high
1209,30,,low
1210,46,,elevated
1211,26,,elevated
1212,23,,low
1213,20,,elevated
1214,9,,elevated
1215,47,,elevated
1216,35,,elevated
1217,0,,high
1218,41,,elevated
1219,15,,elevated
1220,11,,elevated
1221,38,,elevated
1222,5,,elevated
1223,5,,elevated
1224,4,,elevated
1225,1,,elevated
1226,27,,low
1227,49,,low
1228,38,,low
1229,,lapsed 21 days,high
1230,19,,elevated
1231,29,,elevated
1232,0,,high
1233,0,,elevated
1234,,lapsed 53 days,high
1235,2,,elevated
1236,19,,elevated
1237,23,,elevated
1238,,lapsed 33 days,high
1239,39,,elevated
1240,22,,elevated
1241,7,,elevated
1242,35,,elevated
1243,24,,elevated
1244,,lapsed 81 days,high
1245,0,,elevated
1246,26,,low
1247,22,,elevated
1248,25,,low
1249,3,,elevated
1250,6,,elevated
1251,14,,elevated
1252,14,,elevated
1253,67,,elevated
1254,59,,elevated
1255,,lapsed 51 days,high
1256,30,,low
1257,14,,elevated
1258,,lapsed 21 days,high
1259,18,,elevated
1260,0,,high
1261,39,,elevated
1262,,lapsed 58 days,high
1263,11,,elevated
1264,23,,elevated
1265,73,,elevated
1266,34,,elevated
1267,20,,low
1268,,lapsed 47 days,high
1269,0,,elevated
1270,30,,elevated
1271,2,,elevated
1272,29,,low
1273,43,,low
1274,,lapsed 18 days,high
1275,,lapsed 23 days,high
1276,7,,elevated
1277,45,,low
1278,6,,elevated
1279,0,,elevated
1280,21,,elevated
1281,,lapsed 36 days,high
1282,23,,low
1283,28,,low
1284,12,,elevated
1285,27,,low
1286,27,,elevated
1287,22,,elevated
1288,24,,low
1289,18,,elevated
1290,25,,low
1291,,lapsed 16 days,high
1292,3,,elevated
1293,0,,high
1294,46,,elevated
1295,18,,elevated
1296,1,,elevated
1297,0,,high
1298,30,,elevated
1299,88,,low
1300,9,,elevated
1301,,lapsed 41 days,high
1302,40,,elevated
1303,30,,low
1304,60,,low
1305,2,,elevated
1306,,lapsed 35 days,high
1307,26,,elevated
1308,0,,high
1309,43,,low
1310,14,,elevated
1311,,lapsed 27 days,high
1312,54,,elevated
1313,35,,low
1314,16,,elevated
1315,58,,elevated
1316,45,,low
1317,,lapsed 34 days,high
1318,9,,elevated
1319,25,,elevated
1320,35,,elevated
1321,14,,elevated
1322,0,,elevated
1323,0,,elevated
1324,86,,low
1325,24,,low
1326,19,,elevated
1327,42,,low
1328,0,,elevated
1329,1,,elevated
1330,1,,elevated
1331,31,,elevated
1332,38,,elevated
1333,27,,low
1334,29,,low
1335,20,,elevated
1336,5,,elevated
1337,24,,elevated
1338,0,,elevated
1339,21,,elevated
1340,16,,elevated
1341,,lapsed 31 days,high
1342,22,,elevated
1343,8,,elevated
1344,0,,elevated
1345,27,,elevated
1346,5,,elevated
1347,0,,elevated
1348,,lapsed 84 days,high
1349,14,,elevated
1350,29,,low
1351,,lapsed 81 days,high
1352,28,,low
1353,2,,elevated
1354,2,,elevated
1355,,lapsed 28 days,high
1356,10,,elevated
1357,7,,elevated
1358,21,,elevated
1359,14,,elevated
1360,81,,low
1361,3,,elevated
1362,30,,low
1363,,lapsed 23 days,high
1364,28,,low
1365,30,,elevated
1366,,lapsed 48 days,high
1367,54,,low
1368,59,,elevated
1369,20,,elevated
1370,27,,elevated
1371,57,,low
1372,60,,low
1373,0,,high
1374,47,,elevated
1375,43,,low
1376,,lapsed 31 days,high
1377,29,,low
1378,28,,low
1379,24,,elevated
1380,0,,high
1381,45,,low
1382,0,,elevated
1383,24,,elevated
1384,,lapsed 42 days,high
1385,54,,elevated
1386,25,,elevated
1387,,lapsed 48 days,high
1388,0,,elevated
1389,29,,elevated
1390,10,,elevated
1391,19,,elevated
1392,87,,elevated
1393,23,,elevated
1394,55,,elevated
1395,83,,low
1396,42,,low
1397,57,,low
1398,76,,elevated
1399,26,,low
1400,0,,high
1401,21,,elevated
1402,29,,low
1403,0,,elevated
1404,,lapsed 56 days,high
1405,27,,elevated
1406,18,,elevated
1407,28,,low
1408,30,,elevated
1409,32,,low
1410,14,,elevated
1411,11,,elevated
1412,23,,low
1413,23,,elevated
1414,17,,elevated
1415,70,,elevated
1416,8,,elevated
1417,,lapsed 58 days,high
1418,25,,low
1419,20,,elevated
1420,83,,elevated
1421,9,,elevated
1422,12,,elevated
1423,2,,elevated
1424,12,,elevated
1425,2,,elevated
1426,49,,elevated
1427,,lapsed 59 days,high
1428,19,,elevated
1429,55,,low
1430,16,,elevated
1431,25,,elevated
1432,27,,low
1433,32,,elevated
1434,83,,elevated
1435,58,,low
1436,50,,elevated
1437,55,,elevated
1438,58,,elevated
1439,27,,elevated
1440,6,,elevated
1441,,lapsed 78 days,high
1442,30,,low
1443,58,,elevated
1444,24,,low
1445,6,,elevated
1446,,lapsed 87 days,high
1447,23,,elevated
1448,,lapsed 61 days,high
1449,0,,elevated
1450,19,,elevated
1451,42,,elevated
1452,54,,elevated
1453,0,,high
1454,21,,elevated
1455,30,,low
1456,0,,elevated
1457,21,,elevated
1458,24,,elevated
1459,1,,elevated
1460,42,,low
1461,7,,elevated
1462,,lapsed 15 days,high
1463,18,,elevated
1464,45,,elevated
1465,28,,elevated
1466,33,,elevated
1467,55,,low
1468,3,,elevated
1469,13,,elevated
1470,,lapsed 22 days,high
1471,,lapsed 56 days,high
1472,85,,elevated
1473,,lapsed 79 days,high
1474,11,,elevated
1475,19,,low
1476,24,,elevated
1477,30,,low
1478,23,,elevated
1479,27,,elevated
1480,22,,elevated
1481,0,,elevated
1482,36,,elevated
1483,7,,elevated
1484,15,,elevated
1485,45,,low
1486,23,,elevated
1487,30,,low
1488,6,,elevated
1489,54,,low
1490,29,,low
1491,34,,elevated
1492,13,,elevated
1493,0,,elevated
1494,30,,low
1495,29,,low
1496,,lapsed 35 days,high
1497,14,,elevated
1498,27,,elevated
1499,73,,low
1500,29,,low
1501,22,,elevated
1502,14,,elevated
1503,0,,elevated
1504,48,,elevated
1505,10,,elevated
1506,9,,elevated
1507,,lapsed 24 days,high
1508,,lapsed 16 days,elevated
1509,40,,elevated
1510,5,,elevated
1511,59,,low
1512,,lapsed 21 days,high
1513,55,,elevated
1514,2,,elevated
1515,39,,low
1516,85,,low
1517,9,,elevated
1518,21,,elevated
1519,28,,low
1520,29,,low
1521,66,,elevated
1522,5,,elevated
1523,1,,elevated
1524,7,,elevated
1525,28,,elevated
1526,90,,low
1527,57,,elevated
1528,46,,elevated
1529,52,,elevated
1530,39,,low
1531,30,,low
1532,,lapsed 70 days,high
1533,11,,elevated
1534,1,,elevated
1535,4,,elevated
1536,13,,elevated
1537,77,,elevated
1538,44,,low
1539,65,,low
1540,54,,elevated
1541,13,,elevated
1542,29,,low
1543,31,,elevated
1544,25,,low
1545,0,,high
1546,27,,low
1547,0,,high
1548,10,,elevated
1549,2,,elevated
1550,23,,low
1551,34,,elevated
1552,,lapsed 74 days,high
1553,41,,elevated
1554,4,,elevated
1555,15,,elevated
1556,21,,elevated
1557,39,,elevated
1558,0,,elevated
1559,57,,elevated
1560,71,,elevated
1561,,lapsed 15 days,elevated
1562,0,,high
1563,0,,elevated
1564,4,,elevated
1565,29,,low
1566,50,,elevated
1567,55,,low
1568,,lapsed 41 days,high
1569,,lapsed 56 days,high
1570,14,,elevated
1571,45,,low
1572,30,,elevated
1573,38,,elevated
1574,26,,low
1575,36,,elevated
1576,0,,elevated
1577,16,,elevated
1578,50,,elevated
1579,30,,low
1580,19,,low
1581,18,,elevated
1582,24,,low
1583,60,,elevated
1584,75,,elevated
1585,23,,elevated
1586,30,,low
1587,45,,low
1588,30,,elevated
1589,,lapsed 74 days,high
1590,15,,elevated
1591,23,,low
1592,26,,elevated
1593,6,,elevated
1594,31,,elevated
1595,10,,elevated
1596,31,,elevated
1597,29,,low
1598,28,,elevated
1599,21,,elevated
1600,22,,elevated
1601,,lapsed 29 days,high
1602,30,,elevated
1603,18,,elevated
1604,90,,low
1605,11,,elevated
1606,0,,elevated
1607,,lapsed 66 days,high
1608,10,,elevated
1609,27,,elevated
1610,,lapsed 84 days,high
1611,54,,elevated
1612,21,,elevated
1613,40,,low
1614,0,,elevated
1615,27,,low
1616,0,,high
1617,5,,elevated
1618,13,,elevated
1619,84,,low
1620,19,,elevated
1621,,lapsed 18 days,high
1622,20,,elevated
1623,38,,elevated
1624,,lapsed 15 days,high
1625,30,,low
1626,,lapsed 63 days,high
1627,0,,high
1628,2,,elevated
1629,,lapsed 19 days,high
1630,,lapsed 46 days,high
1631,3,,elevated
1632,24,,elevated
1633,0,,elevated
1634,5,,elevated
1635,16,,elevated
1636,88,,low
1637,30,,elevated
1638,42,,elevated
1639,14,,elevated
1640,13,,elevated
1641,24,,elevated
1642,29,,low
1643,22,,low
1644,17,,elevated
1645,29,,elevated
1646,21,,elevated
1647,10,,elevated
1648,15,,low
1649,13,,elevated
1650,25,,elevated
1651,10,,elevated
1652,57,,low
1653,36,,elevated
1654,2,,elevated
1655,28,,low
1656,35,,low
1657,0,,elevated
1658,,lapsed 47 days,high
1659,20,,elevated
1660,,lapsed 24 days,high
1661,23,,low
1662,27,,elevated
1663,87,,elevated
1664,8,,elevated
1665,34,,elevated
1666,30,,elevated
1667,42,,elevated
1668,4,,elevated
1669,60,,elevated
1670,53,,elevated
1671,0,,elevated
1672,28,,elevated
1673,30,,elevated
1674,22,,elevated
1675,29,,low
1676,28,,elevated
1677,28,,low
1678,35,,elevated
1679,0,,elevated
1680,27,,elevated
1681,6,,elevated
1682,28,,elevated
1683,31,,elevated
1684,15,,elevated
1685,59,,low
1686,13,,elevated
1687,30,,low
1688,53,,low
1689,35,,elevated
1690,32,,elevated
1691,,lapsed 88 days,high
1692,32,,elevated
1693,25,,elevated
1694,0,,elevated
1695,21,,elevated
1696,0,,high
1697,29,,low
1698,51,,low
1699,24,,elevated
1700,0,,elevated
1701,29,,elevated
1702,18,,elevated
1703,0,,elevated
1704,16,,elevated
1705,,lapsed 71 days,high
1706,9,,elevated
1707,16,,elevated
1708,17,,elevated
1709,27,,low
1710,20,,elevated
1711,19,,elevated
1712,8,,elevated
1713,45,,low
1714,26,,elevated
1715,1,,elevated
1716,23,,elevated
1717,23,,elevated
1718,13,,elevated
1719,,lapsed 53 days,high
1720,,lapsed 15 days,high
1721,58,,elevated
1722,21,,elevated
1723,,lapsed 46 days,high
1724,19,,elevated
1725,0,,elevated
1726,36,,elevated
1727,,lapsed 54 days,high
1728,10,,elevated
1729,12,,elevated
1730,,lapsed 53 days,high
1731,12,,elevated
1732,16,,elevated
1733,,lapsed 34 days,high
1734,0,,elevated
1735,6,,elevated
1736,3,,elevated
1737,13,,elevated
1738,0,,high
1739,30,,elevated
1740,,lapsed 24 days,high
1741,13,,elevated
1742,44,,low
1743,70,,elevated
1744,12,,elevated
1745,19,,elevated
1746,56,,low
1747,,lapsed 63 days,high
1748,30,,low
1749,2,,elevated
1750,55,,low
1751,2,,elevated
1752,14,,elevated
1753,11,,elevated
1754,20,,elevated
1755,42,,low
1756,29,,elevated
1757,28,,elevated
1758,8,,elevated
1759,24,,elevated
1760,17,,elevated
1761,30,,low
1762,14,,elevated
1763,2,,elevated
1764,23,,low
1765,8,,elevated
1766,25,,elevated
1767,24,,elevated
1768,9,,elevated
1769,29,,low
1770,7,,elevated
1771,0,,high
1772,36,,elevated
1773,23,,low
1774,4,,elevated
1775,5,,elevated
1776,,lapsed 54 days,high
1777,21,,elevated
1778,0,,elevated
1779,9,,elevated
1780,25,,low
1781,29,,elevated
1782,30,,low
1783,,lapsed 46 days,high
1784,43,,elevated
1785,42,,elevated
1786,9,,elevated
1787,43,,elevated
1788,19,,elevated
1789,6,,elevated
1790,22,,elevated
1791,54,,elevated
1792,27,,low
1793,24,,elevated
1794,90,,elevated
1795,10,,elevated
1796,0,,elevated
1797,64,,elevated
1798,13,,elevated
1799,,lapsed 51 days,high
1800,29,,elevated
1801,30,,elevated
1802,74,,elevated
1803,3,,elevated
1804,,lapsed 52 days,high
1805,0,,high
1806,28,,low
1807,12,,elevated
1808,24,,elevated
1809,,lapsed 88 days,high
1810,82,,elevated
1811,,lapsed 40 days,high
1812,89,,low
1813,24,,elevated
1814,17,,elevated
1815,55,,low
1816,20,,elevated
1817,13,,elevated
1818,2,,elevated
1819,28,,low
1820,7,,elevated
1821,21,,elevated
1822,82,,elevated
1823,60,,elevated
1824,79,,low
1825,0,,high
1826,49,,elevated
1827,18,,elevated
1828,66,,elevated
1829,,lapsed 87 days,high
1830,29,,low
1831,5,,elevated
1832,54,,elevated
1833,26,,elevated
1834,51,,low
1835,24,,elevated
1836,33,,elevated
1837,,lapsed 82 days,high
1838,28,,elevated
1839,57,,elevated
1840,27,,elevated
1841,48,,elevated
1842,19,,elevated
1843,18,,elevated
1844,26,,low
1845,23,,elevated
1846,38,,elevated
1847,17,,elevated
1848,23,,elevated
1849,,lapsed 42 days,high
1850,36,,elevated
1851,30,,low
1852,78,,elevated
1853,25,,low
1854,29,,low
1855,42,,elevated
1856,37,,elevated
1857,0,,high
1858,17,,elevated
1859,7,,elevated
1860,0,,high
1861,56,,low
1862,5,,elevated
1863,49,,elevated
1864,20,,elevated
1865,17,,elevated
1866,4,,elevated
1867,22,,elevated
1868,,lapsed 15 days,high
1869,57,,elevated
1870,24,,elevated
1871,0,,high
1872,0,,elevated
1873,88,,low
1874,12,,elevated
1875,29,,low
1876,59,,low
1877,,lapsed 76 days,high
1878,27,,elevated
1879,9,,elevated
1880,21,,elevated
1881,29,,low
1882,37,,elevated
1883,5,,elevated
1884,,lapsed 36 days,high
1885,25,,elevated
1886,49,,elevated
1887,26,,elevated
1888,26,,low
1889,22,,elevated
1890,25,,low
1891,20,,elevated
1892,27,,elevated
1893,1,,elevated
1894,26,,elevated
1895,27,,low
1896,87,,low
1897,9,,elevated
1898,,lapsed 51 days,high
1899,34,,elevated
1900,0,,elevated
1901,,lapsed 37 days,high
1902,23,,elevated
1903,26,,elevated
1904,30,,elevated
1905,74,,elevated
1906,9,,elevated
1907,0,,high
1908,0,,elevated
1909,57,,low
1910,39,,elevated
1911,29,,low
1912,36,,elevated
1913,10,,elevated
1914,0,,elevated
1915,17,,elevated
1916,28,,low
1917,0,,elevated
1918,56,,elevated
1919,0,,high
1920,80,,low
1921,44,,elevated
1922,19,,elevated
1923,21,,elevated
1924,21,,elevated
1925,20,,elevated
1926,56,,low
1927,8,,elevated
1928,49,,elevated
1929,17,,low
1930,32,,elevated
1931,40,,elevated
1932,26,,elevated
1933,26,,elevated
1934,14,,elevated
1935,,lapsed 47 days,high
1936,8,,elevated
1937,15,,elevated
1938,24,,elevated
1939,78,,elevated
1940,36,,elevated
1941,14,,elevated
1942,43,,low
1943,20,,elevated
1944,23,,elevated
1945,,lapsed 18 days,high
1946,,lapsed 70 days,high
1947,45,,elevated
1948,11,,elevated
1949,,lapsed 38 days,high
1950,29,,low
1951,11,,elevated
1952,35,,elevated
1953,0,,high
1954,29,,low
1955,,lapsed 87 days,high
1956,25,,low
1957,19,,elevated
1958,24,,elevated
1959,26,,low
1960,57,,low
1961,60,,elevated
1962,39,,elevated
1963,,lapsed 54 days,high
1964,22,,elevated
1965,43,,low
1966,5,,elevated
1967,49,,elevated
1968,26,,elevated
1969,12,,elevated
1970,15,,elevated
1971,5,,elevated
1972,9,,elevated
1973,22,,low
1974,22,,elevated
1975,47,,low
1976,,lapsed 79 days,high
1977,0,,elevated
1978,2,,elevated
1979,23,,elevated
1980,54,,elevated
1981,,lapsed 62 days,high
1982,35,,elevated
1983,25,,elevated
1984,38,,low
1985,13,,elevated
1986,37,,elevated
1987,28,,elevated
1988,27,,low
1989,18,,elevated
1990,15,,elevated
1991,30,,low
1992,28,,low
1993,,lapsed 72 days,high
1994,88,,elevated
1995,51,,low
1996,24,,low
1997,0,,elevated
1998,24,,elevated
1999,40,,low
2000,2,,elevated
2001,5,,elevated
2002,27,,elevated
2003,29,,elevated
2004,23,,low
2005,0,,high
2006,33,,elevated
2007,0,,elevated
2008,61,,elevated
2009,8,,elevated
2010,29,,elevated
2011,25,,low
2012,6,,elevated
2013,26,,elevated
2014,9,,elevated
2015,56,,elevated
2016,5,,elevated
2017,4,,elevated
2018,30,,elevated
2019,27,,low
2020,32,,elevated
2021,,lapsed 33 days,high
2022,1,,elevated
2023,,lapsed 67 days,high
2024,0,,high
2025,10,,elevated
2026,0,,high
2027,,lapsed 15 days,elevated
2028,20,,elevated
2029,18,,elevated
2030,29,,elevated
2031,0,,elevated
2032,3,,elevated
2033,32,,elevated
2034,30,,low
2035,12,,elevated
2036,19,,elevated
2037,23,,elevated
2038,24,,elevated
2039,16,,elevated
2040,1,,elevated
2041,32,,elevated
2042,,lapsed 84 days,high
2043,3,,elevated
2044,20,,elevated
2045,26,,low
2046,39,,elevated
2047,29,,low
2048,39,,low
2049,27,,elevated
2050,27,,low
2051,29,,low
2052,30,,elevated
2053,13,,elevated
2054,5,,elevated
2055,15,,elevated
2056,17,,elevated
2057,80,,elevated
2058,57,,elevated
2059,38,,low
2060,27,,low
2061,24,,elevated
2062,0,,high
2063,0,,elevated
2064,,lapsed 35 days,high
2065,27,,elevated
2066,0,,elevated
2067,13,,elevated
2068,11,,elevated
2069,27,,low
2070,19,,elevated
2071,54,,low
2072,22,,elevated
2073,1,,elevated
2074,25,,elevated
2075,28,,elevated
2076,2,,elevated
2077,6,,elevated
2078,28,,elevated
2079,16,,elevated
2080,0,,elevated
2081,72,,elevated
2082,21,,elevated
2083,23,,low
2084,9,,elevated
2085,23,,low
2086,9,,elevated
2087,2,,elevated
2088,0,,high
2089,0,,elevated
2090,4,,elevated
2091,0,,high
2092,0,,high
2093,0,,elevated
2094,5,,elevated
2095,0,,elevated
2096,23,,low
2097,0,,high
2098,54,,elevated
2099,9,,elevated
2100,45,,elevated
2101,29,,low
2102,80,,elevated
2103,57,,elevated
2104,28,,low
2105,7,,elevated
2106,29,,low
2107,25,,elevated
2108,28,,low
2109,4,,elevated
2110,3,,elevated
2111,26,,elevated
2112,18,,elevated
2113,44,,elevated
2114,0,,elevated
2115,58,,elevated
2116,0,,high
2117,26,,elevated
2118,19,,elevated
2119,88,,low
2120,,lapsed 75 days,high
2121,89,,low
2122,8,,elevated
2123,30,,low
2124,30,,elevated
2125,28,,elevated
2126,2,,elevated
2127,15,,elevated
2128,,lapsed 69 days,high
2129,3,,elevated
2130,0,,high
2131,28,,elevated
2132,4,,elevated
2133,88,,low
2134,18,,elevated
2135,28,,elevated
2136,,lapsed 15 days,high
2137,25,,low
2138,77,,elevated
2139,22,,elevated
2140,14,,elevated
2141,60,,low
2142,,lapsed 84 days,high
2143,0,,elevated
2144,40,,low
2145,9,,elevated
2146,1,,elevated
2147,4,,elevated
2148,28,,elevated
2149,15,,elevated
2150,0,,elevated
2151,25,,low
2152,27,,elevated
2153,,lapsed 56 days,high
2154,24,,elevated
2155,54,,elevated
2156,29,,low
2157,23,,low
2158,1,,elevated
2159,30,,elevated
2160,8,,elevated
2161,34,,elevated
2162,9,,elevated
2163,,lapsed 22 days,high
2164,57,,low
2165,2,,elevated
2166,3,,elevated
2167,42,,low
2168,0,,elevated
2169,44,,elevated
2170,11,,elevated
2171,19,,low
2172,,lapsed 20 days,high
2173,25,,low
2174,41,,elevated
2175,,lapsed 84 days,high
2176,25,,elevated
2177,25,,elevated
2178,58,,low
2179,29,,low
2180,27,,elevated
2181,0,,elevated
2182,40,,elevated
2183,26,,elevated
2184,3,,elevated
2185,0,,elevated
2186,30,,elevated
2187,60,,elevated
2188,0,,elevated
2189,0,,high
2190,24,,elevated
2191,27,,low
2192,30,,elevated
2193,27,,elevated
2194,0,,elevated
2195,21,,elevated
2196,49,,elevated
2197,,lapsed 34 days,high
2198,0,,high
2199,,lapsed 45 days,high
2200,21,,low
2201,20,,elevated
2202,,lapsed 44 days,high
2203,0,,elevated
2204,19,,elevated
2205,22,,elevated
2206,,lapsed 68 days,high
2207,9,,elevated
2208,,lapsed 57 days,high
2209,18,,elevated
2210,22,,elevated
2211,0,,elevated
2212,0,,high
2213,8,,elevated
2214,37,,elevated
2215,3,,elevated
2216,28,,low
2217,23,,low
2218,41,,elevated
2219,,lapsed 44 days,high
2220,,lapsed 81 days,high
2221,69,,low
2222,22,,elevated
2223,26,,elevated
2224,45,,low
2225,27,,low
2226,25,,elevated
2227,0,,elevated
2228,29,,elevated
2229,26,,elevated
2230,47,,low
2231,22,,elevated
2232,0,,high
2233,21,,low
2234,29,,low
2235,44,,elevated
2236,21,,elevated
2237,21,,elevated
2238,,lapsed 39 days,high
2239,85,,low
2240,1,,elevated
2241,19,,elevated
2242,2,,elevated
2243,1,,elevated
2244,12,,elevated
2245,18,,elevated
2246,22,,elevated
2247,20,,elevated
2248,21,,elevated
2249,10,,elevated
2250,26,,elevated
2251,28,,elevated
2252,27,,elevated
2253,34,,elevated
2254,38,,low
2255,25,,elevated
2256,25,,low
2257,26,,low
2258,29,,low
2259,11,,elevated
2260,30,,low
2261,26,,elevated
2262,26,,low
2263,24,,low
2264,24,,elevated
2265,,lapsed 30 days,high
2266,,lapsed 30 days,high
2267,19,,elevated
2268,8,,elevated
2269,44,,low
2270,83,,elevated
2271,0,,elevated
2272,54,,elevated
2273,13,,elevated
2274,19,,elevated
2275,7,,elevated
2276,0,,elevated
2277,25,,elevated
2278,59,,elevated
2279,58,,elevated
2280,17,,elevated
2281,42,,elevated
2282,3,,elevated
2283,,lapsed 38 days,high
2284,66,,elevated
2285,30,,low
2286,6,,elevated
2287,0,,elevated
2288,1,,elevated
2289,9,,elevated
2290,29,,low
2291,17,,elevated
2292,4,,elevated
2293,25,,elevated
2294,3,,elevated
2295,24,,elevated
2296,70,,elevated
2297,3,,elevated
2298,0,,elevated
2299,,lapsed 70 days,high
2300,0,,high
2301,16,,elevated
2302,30,,low
2303,10,,elevated
2304,40,,elevated
2305,25,,low
2306,39,,elevated
2307,20,,elevated
2308,54,,elevated
2309,,lapsed 25 days,high
2310,24,,elevated
2311,27,,elevated
2312,7,,elevated
2313,14,,elevated
2314,,lapsed 41 days,high
2315,14,,elevated
2316,72,,elevated
2317,26,,low
2318,30,,low
2319,68,,elevated
2320,27,,elevated
2321,26,,elevated
2322,28,,low
2323,90,,low
2324,24,,elevated
2325,80,,elevated
2326,22,,elevated
2327,26,,elevated
2328,27,,elevated
2329,18,,elevated
2330,27,,elevated
2331,26,,elevated
2332,20,,elevated
2333,27,,low
2334,72,,elevated
2335,30,,low
2336,70,,elevated
2337,4,,elevated
2338,58,,low
2339,0,,elevated
2340,,lapsed 53 days,high
2341,30,,low
2342,,lapsed 68 days,high
2343,56,,elevated
2344,1,,elevated
2345,28,,elevated
2346,23,,elevated
2347,0,,elevated
2348,67,,elevated
2349,55,,low
2350,28,,low
2351,24,,elevated
2352,54,,low
2353,0,,high
2354,6,,elevated
2355,28,,low
2356,64,,elevated
2357,72,,elevated
2358,41,,elevated
2359,18,,elevated
2360,9,,elevated
2361,12,,elevated
2362,21,,elevated
2363,3,,elevated
2364,12,,elevated
2365,3,,elevated
2366,,lapsed 65 days,high
2367,26,,elevated
2368,6,,elevated
2369,46,,elevated
2370,5,,elevated
2371,21,,low
2372,0,,high
2373,58,,low
2374,25,,low
2375,2,,elevated
2376,4,,elevated
2377,25,,low
2378,38,,low
2379,26,,elevated
2380,0,,high
2381,13,,elevated
2382,7,,elevated
2383,,lapsed 46 days,high
2384,40,,elevated
2385,18,,elevated
2386,73,,elevated
2387,90,,low
2388,10,,elevated
2389,13,,elevated
2390,7,,elevated
2391,7,,elevated
2392,25,,elevated
2393,24,,elevated
2394,30,,elevated
2395,0,,high
2396,29,,low
2397,56,,low
2398,23,,low
2399,23,,elevated
2400,25,,elevated
2401,39,,low
2402,28,,low
2403,25,,low
2404,0,,high
2405,,lapsed 40 days,high
2406,9,,elevated
2407,,lapsed 49 days,high
2408,10,,elevated
2409,1,,elevated
2410,20,,elevated
2411,4,,elevated
2412,13,,elevated
2413,0,,elevated
2414,63,,elevated
2415,22,,elevated
2416,25,,low
2417,27,,elevated
2418,24,,elevated
2419,28,,elevated
2420,2,,elevated
2421,30,,elevated
2422,5,,elevated
2423,1,,elevated
2424,44,,low
2425,,lapsed 79 days,high
2426,30,,elevated
2427,4,,elevated
2428,70,,elevated
2429,4,,elevated
2430,71,,elevated
2431,28,,low
2432,21,,low
2433,0,,elevated
2434,43,,elevated
2435,30,,low
2436,41,,elevated
2437,21,,elevated
2438,,lapsed 47 days,high
2439,0,,elevated
2440,10,,elevated
2441,0,,elevated
2442,20,,elevated
2443,25,,low
2444,28,,low
2445,,lapsed 34 days,high
2446,24,,elevated
2447,60,,low
2448,54,,elevated
2449,45,,low
2450,25,,low
2451,28,,elevated
2452,30,,elevated
2453,29,,low
2454,22,,low
2455,47,,low
2456,,lapsed 61 days,high
2457,12,,elevated
2458,,lapsed 55 days,high
2459,0,,elevated
2460,18,,elevated
2461,3,,elevated
2462,42,,elevated
2463,,lapsed 15 days,high
2464,14,,elevated
2465,37,,low
2466,41,,elevated
2467,24,,elevated
2468,25,,elevated
2469,23,,elevated
2470,25,,low
2471,28,,elevated
2472,79,,low
2473,25,,elevated
2474,11,,elevated
2475,1,,elevated
2476,25,,elevated
2477,41,,low
2478,53,,low
2479,0,,high
2480,72,,elevated
2481,0,,high
2482,,lapsed 80 days,high
2483,6,,elevated
2484,29,,low
2485,,lapsed 20 days,high
2486,23,,low
2487,8,,elevated
2488,0,,high
2489,20,,elevated
2490,25,,low
2491,,lapsed 47 days,high
2492,25,,elevated
2493,7,,elevated
2494,30,,elevated
2495,42,,low
2496,22,,elevated
2497,15,,elevated
2498,70,,elevated
2499,22,,elevated
2500,34,,elevated
2501,37,,elevated
2502,26,,low
2503,13,,elevated
2504,10,,elevated
2505,10,,elevated
2506,24,,elevated
2507,17,,elevated
2508,20,,elevated
2509,,lapsed 87 days,high
2510,4,,elevated
2511,79,,elevated
2512,,lapsed 50 days,high
2513,23,,elevated
2514,80,,elevated
2515,30,,elevated
2516,13,,elevated
2517,13,,elevated
2518,0,,elevated
2519,13,,elevated
2520,0,,high
2521,8,,elevated
2522,29,,low
2523,32,,elevated
2524,19,,low
2525,5,,elevated
2526,23,,elevated
2527,8,,elevated
2528,48,,elevated
2529,27,,low
2530,0,,high
2531,,lapsed 47 days,high
2532,2,,elevated
2533,29,,elevated
2534,28,,elevated
2535,,lapsed 25 days,high
2536,,lapsed 62 days,high
2537,20,,elevated
2538,12,,elevated
2539,14,,elevated
2540,25,,elevated
2541,0,,high
2542,42,,low
2543,45,,low
2544,55,,low
2545,85,,low
2546,28,,low
2547,23,,elevated
2548,4,,elevated
2549,,lapsed 17 days,high
2550,,lapsed 53 days,high
2551,64,,elevated
2552,59,,elevated
2553,28,,elevated
2554,29,,low
2555,40,,elevated
2556,3,,elevated
2557,27,,elevated
2558,87,,low
2559,0,,high
2560,14,,elevated
2561,45,,elevated
2562,28,,elevated
2563,42,,elevated
2564,0,,elevated
2565,,lapsed 38 days,high
2566,25,,elevated
2567,22,,low
2568,20,,elevated
2569,26,,elevated
2570,20,,elevated
2571,0,,high
2572,28,,elevated
2573,20,,elevated
2574,0,,elevated
2575,53,,low
2576,63,,elevated
2577,,lapsed 88 days,high
2578,2,,elevated
2579,12,,elevated
2580,0,,elevated
2581,,lapsed 47 days,high
2582,13,,elevated
2583,1,,elevated
2584,7,,elevated
2585,34,,elevated
2586,,lapsed 51 days,high
2587,16,,elevated
2588,27,,elevated
2589,27,,low
2590,15,,elevated
2591,,lapsed 37 days,high
2592,15,,elevated
2593,22,,elevated
2594,16,,elevated
2595,1,,elevated
2596,23,,elevated
2597,55,,elevated
2598,7,,elevated
2599,20,,elevated
2600,29,,elevated
2601,21,,elevated
2602,30,,low
2603,14,,elevated
2604,58,,low
2605,53,,elevated
2606,,lapsed 81 days,high
2607,20,,elevated
2608,9,,elevated
2609,,lapsed 89 days,high
2610,,lapsed 18 days,high
2611,74,,elevated
2612,22,,elevated
2613,24,,low
2614,30,,elevated
2615,22,,elevated
2616,,lapsed 30 days,high
2617,14,,elevated
2618,23,,elevated
2619,24,,elevated
2620,0,,high
2621,,lapsed 83 days,high
2622,6,,elevated
2623,29,,elevated
2624,19,,low
2625,31,,elevated
2626,38,,elevated
2627,33,,elevated
2628,7,,elevated
2629,10,,elevated
2630,47,,elevated
2631,53,,low
2632,7,,elevated
2633,87,,low
2634,,lapsed 30 days,high
2635,0,,elevated
2636,0,,high
2637,28,,elevated
2638,54,,elevated
2639,30,,low
2640,26,,elevated
2641,5,,elevated
2642,21,,low
2643,5,,elevated
2644,5,,elevated
2645,73,,elevated
2646,43,,low
2647,50,,low
2648,0,,elevated
2649,32,,elevated
2650,28,,low
2651,43,,low
2652,45,,elevated
2653,13,,elevated
2654,,lapsed 51 days,high
2655,85,,low
2656,12,,elevated
2657,28,,low
2658,70,,elevated
2659,19,,elevated
2660,8,,elevated
2661,28,,elevated
2662,0,,elevated
2663,21,,elevated
2664,,lapsed 23 days,elevated
2665,43,,elevated
2666,,lapsed 15 days,high
2667,48,,elevated
2668,30,,elevated
2669,30,,low
2670,30,,elevated
2671,27,,low
2672,13,,elevated
2673,86,,elevated
2674,4,,elevated
2675,27,,elevated
2676,37,,elevated
2677,0,,high
2678,42,,elevated
2679,0,,elevated
2680,16,,elevated
2681,83,,low
2682,22,,elevated
2683,29,,low
2684,15,,elevated
2685,16,,elevated
2686,25,,low
2687,,lapsed 15 days,high
2688,5,,elevated
2689,9,,elevated
2690,,lapsed 35 days,high
2691,19,,elevated
2692,29,,low
2693,15,,elevated
2694,14,,elevated
2695,15,,elevated
2696,40,,low
2697,23,,low
2698,23,,elevated
2699,8,,elevated
2700,35,,elevated
2701,23,,low
2702,44,,low
2703,0,,elevated
2704,24,,low
2705,30,,elevated
2706,15,,elevated
2707,35,,elevated
2708,13,,elevated
2709,11,,elevated
2710,0,,high
2711,8,,elevated
2712,,lapsed 31 days,high
2713,28,,elevated
2714,12,,elevated
2715,29,,low
2716,37,,elevated
2717,11,,elevated
2718,10,,elevated
2719,52,,elevated
2720,,lapsed 56 days,high
2721,3,,elevated
2722,23,,low
2723,21,,elevated
2724,28,,elevated
2725,88,,low
2726,74,,low
2727,33,,elevated
2728,76,,elevated
2729,11,,elevated
2730,0,,high
2731,0,,high
2732,6,,elevated
2733,87,,low
2734,5,,elevated
2735,15,,elevated
2736,3,,elevated
2737,23,,elevated
2738,43,,low
2739,2,,elevated
2740,0,,high
2741,26,,elevated
2742,39,,elevated
2743,1,,elevated
2744,43,,low
2745,17,,elevated
2746,0,,high
2747,23,,low
2748,9,,elevated
2749,20,,elevated
2750,23,,low
2751,4,,elevated
2752,0,,high
2753,10,,elevated
2754,4,,elevated
2755,36,,elevated
2756,50,,elevated
2757,54,,elevated
2758,28,,elevated
2759,0,,elevated
2760,0,,elevated
2761,23,,elevated
2762,11,,elevated
2763,0,,high
2764,,lapsed 68 days,high
2765,76,,low
2766,33,,elevated
2767,0,,high
2768,,lapsed 61 days,high
2769,12,,elevated
2770,0,,elevated
2771,48,,low
2772,6,,elevated
2773,6,,elevated
2774,14,,elevated
2775,0,,high
2776,22,,elevated
2777,55,,low
2778,15,,elevated
2779,22,,elevated
2780,24,,low
2781,,lapsed 67 days,high
2782,33,,elevated
2783,43,,elevated
2784,7,,elevated
2785,28,,low
2786,0,,high
2787,24,,elevated
2788,0,,high
2789,56,,low
2790,,lapsed 78 days,high
2791,0,,elevated
2792,30,,low
2793,31,,elevated
2794,0,,elevated
2795,25,,elevated
2796,6,,elevated
2797,7,,elevated
2798,54,,elevated
2799,29,,elevated
2800,64,,low
2801,19,,elevated
2802,3,,elevated
2803,0,,elevated
2804,40,,elevated
2805,26,,elevated
2806,8,,elevated
2807,23,,elevated
2808,53,,elevated
2809,27,,low
2810,27,,low
2811,10,,elevated
2812,55,,elevated
2813,33,,low
2814,0,,elevated
2815,65,,low
2816,29,,elevated
2817,11,,elevated
2818,15,,elevated
2819,1,,elevated
2820,26,,elevated
2821,80,,elevated
2822,44,,low
2823,24,,elevated
2824,4,,elevated
2825,0,,high
2826,0,,elevated
2827,0,,elevated
2828,64,,elevated
2829,7,,elevated
2830,10,,elevated
2831,,lapsed 15 days,high
2832,3,,elevated
2833,0,,elevated
2834,16,,elevated
2835,41,,low
2836,0,,high
2837,16,,elevated
2838,43,,low
2839,59,,elevated
2840,4,,elevated
2841,0,,elevated
2842,24,,elevated
2843,31,,elevated
2844,23,,elevated
2845,36,,elevated
2846,0,,elevated
2847,8,,elevated
2848,25,,low
2849,23,,low
2850,66,,elevated
2851,28,,low
2852,0,,elevated
2853,17,,elevated
2854,11,,elevated
2855,12,,elevated
2856,25,,elevated
2857,56,,elevated
2858,0,,high
2859,58,,low
2860,38,,elevated
2861,3,,elevated
2862,41,,low
2863,,lapsed 19 days,high
2864,,lapsed 48 days,high
2865,0,,high
2866,23,,elevated
2867,13,,elevated
2868,54,,elevated
2869,3,,elevated
2870,31,,elevated
2871,25,,elevated
2872,,lapsed 40 days,high
2873,25,,low
2874,25,,elevated
2875,20,,elevated
2876,,lapsed 55 days,high
2877,58,,low
2878,15,,elevated
2879,,lapsed 72 days,high
2880,8,,elevated
2881,28,,elevated
2882,0,,high
2883,0,,elevated
2884,0,,elevated
2885,,lapsed 64 days,high
2886,1,,elevated
2887,17,,elevated
2888,14,,elevated
2889,26,,low
2890,16,,elevated
2891,7,,elevated
2892,24,,elevated
2893,29,,elevated
2894,1,,elevated
2895,27,,low
2896,,lapsed 39 days,high
2897,50,,elevated
2898,,lapsed 53 days,high
2899,29,,low
2900,0,,high
2901,12,,elevated
2902,8,,elevated
2903,6,,elevated
2904,27,,low
2905,4,,elevated
2906,0,,high
2907,27,,elevated
2908,21,,low
2909,21,,elevated
2910,,lapsed 15 days,high
2911,39,,elevated
2912,0,,elevated
2913,0,,elevated
2914,57,,low
2915,11,,elevated
2916,,lapsed 45 days,high
2917,,lapsed 64 days,high
2918,55,,low
2919,4,,elevated
2920,89,,low
2921,6,,elevated
2922,4,,elevated
2923,23,,elevated
2924,29,,low
2925,4,,elevated
2926,23,,low
2927,22,,elevated
2928,,lapsed 79 days,high
2929,4,,elevated
2930,14,,elevated
2931,30,,elevated
2932,0,,elevated
2933,7,,elevated
2934,4,,elevated
2935,26,,elevated
2936,67,,elevated
2937,29,,elevated
2938,16,,elevated
2939,8,,elevated
2940,74,,elevated
2941,28,,elevated
2942,49,,elevated
2943,25,,low
2944,58,,low
2945,24,,low
2946,26,,elevated
2947,36,,elevated
2948,70,,elevated
2949,10,,elevated
2950,89,,elevated
2951,84,,low
2952,30,,low
2953,3,,elevated
2954,70,,low
2955,19,,elevated
2956,,lapsed 81 days,high
2957,8,,elevated
2958,88,,low
2959,0,,elevated
2960,14,,elevated
2961,25,,elevated
2962,,lapsed 41 days,high
2963,67,,elevated
2964,27,,low
2965,18,,elevated
2966,76,,elevated
2967,28,,low
2968,39,,elevated
2969,3,,elevated
2970,27,,elevated
2971,,lapsed 54 days,high
2972,0,,elevated
2973,41,,elevated
2974,42,,elevated
2975,7,,elevated
2976,37,,low
2977,2,,elevated
2978,18,,elevated
2979,27,,low
2980,0,,elevated
2981,77,,low
2982,42,,low
2983,,lapsed 17 days,high
2984,24,,elevated
2985,,lapsed 17 days,high
2986,43,,elevated
2987,27,,elevated
2988,88,,low
2989,18,,elevated
2990,11,,elevated
2991,2,,elevated
2992,24,,low
2993,,lapsed 90 days,high
2994,25,,elevated
2995,45,,elevated
2996,8,,elevated
2997,0,,high
2998,39,,low
2999,90,,low
3000,20,,low
3001,90,,low
3002,13,,elevated
3003,0,,high
3004,26,,low
3005,4,,elevated
3006,34,,elevated
3007,39,,low
3008,59,,low
3009,18,,elevated
3010,28,,elevated
3011,29,,elevated
3012,88,,low
3013,19,,elevated
3014,15,,elevated
3015,36,,low
3016,25,,low
3017,,lapsed 79 days,high
3018,43,,low
3019,27,,elevated
3020,26,,elevated
3021,32,,elevated
3022,11,,elevated
3023,86,,elevated
3024,28,,elevated
3025,3,,elevated
3026,67,,elevated
3027,0,,high
3028,1,,elevated
3029,61,,low
3030,45,,low
3031,28,,low
3032,4,,elevated
3033,26,,elevated
3034,64,,elevated
3035,30,,elevated
3036,11,,elevated
3037,26,,elevated
3038,16,,elevated
3039,0,,elevated
3040,20,,elevated
3041,36,,elevated
3042,8,,elevated
3043,20,,elevated
3044,7,,elevated
3045,45,,low
3046,12,,elevated
3047,30,,elevated
3048,26,,elevated
3049,3,,elevated
3050,,lapsed 74 days,high
3051,20,,low
3052,87,,low
3053,24,,elevated
3054,26,,elevated
3055,25,,elevated
3056,11,,elevated
3057,53,,low
3058,57,,low
3059,38,,low
3060,,lapsed 28 days,high
3061,43,,elevated
3062,36,,elevated
3063,40,,low
3064,23,,elevated
3065,32,,elevated
3066,,lapsed 15 days,high
3067,6,,elevated
3068,38,,elevated
3069,53,,low
3070,29,,elevated
3071,25,,low
3072,6,,elevated
3073,28,,low
3074,13,,elevated
3075,,lapsed 31 days,high
3076,6,,elevated
3077,23,,low
3078,56,,elevated
3079,46,,low
3080,,lapsed 42 days,high
3081,24,,low
3082,,lapsed 22 days,high
3083,90,,elevated
3084,1,,elevated
3085,40,,elevated
3086,2,,elevated
3087,14,,elevated
3088,56,,low
3089,75,,low
3090,30,,low
3091,18,,elevated
3092,28,,low
3093,12,,elevated
3094,13,,elevated
3095,33,,elevated
3096,13,,elevated
3097,11,,elevated
3098,24,,low
3099,26,,elevated
3100,62,,elevated
3101,0,,elevated
3102,30,,low
3103,12,,elevated
3104,26,,elevated
3105,0,,elevated
3106,12,,elevated
3107,34,,elevated
3108,28,,low
3109,26,,elevated
3110,14,,elevated
3111,18,,elevated
3112,21,,elevated
3113,30,,low
3114,38,,elevated
3115,34,,elevated
3116,27,,elevated
3117,,lapsed 34 days,high
3118,47,,elevated
3119,40,,elevated
3120,53,,elevated
3121,27,,low
3122,29,,elevated
3123,24,,low
3124,38,,elevated
3125,84,,elevated
3126,27,,elevated
3127,24,,elevated
3128,27,,elevated
3129,,lapsed 49 days,high
3130,51,,low
3131,83,,elevated
3132,,lapsed 82 days,high
3133,26,,elevated
3134,28,,low
3135,77,,low
3136,8,,elevated
3137,23,,elevated
3138,,lapsed 44 days,high
3139,12,,elevated
3140,14,,elevated
3141,30,,low
3142,3,,elevated
3143,0,,elevated
3144,41,,elevated
3145,29,,low
3146,46,,elevated
3147,61,,elevated
3148,0,,elevated
3149,29,,low
3150,0,,high
3151,28,,elevated
3152,7,,elevated
3153,42,,low
3154,14,,elevated
3155,1,,elevated
3156,23,,elevated
3157,14,,elevated
3158,25,,elevated
3159,,lapsed 15 days,high
3160,13,,elevated
3161,19,,low
3162,6,,elevated
3163,52,,elevated
3164,28,,low
3165,20,,elevated
3166,2,,elevated
3167,8,,elevated
3168,21,,elevated
3169,27,,elevated
3170,69,,low
3171,33,,low
3172,30,,low
3173,5,,elevated
3174,23,,elevated
3175,23,,low
3176,2,,elevated
3177,45,,elevated
3178,,lapsed 70 days,high
3179,28,,elevated
3180,59,,low
3181,12,,elevated
3182,,lapsed 15 days,high
3183,27,,elevated
3184,2,,elevated
3185,30,,low
3186,44,,low
3187,38,,elevated
3188,26,,elevated
3189,8,,elevated
3190,44,,low
3191,36,,low
3192,31,,elevated
3193,9,,elevated
3194,0,,elevated
3195,0,,high
3196,0,,elevated
3197,12,,elevated
3198,38,,elevated
3199,43,,elevated
3200,24,,elevated
3201,23,,low
3202,0,,elevated
3203,24,,elevated
3204,25,,elevated
3205,0,,high
3206,30,,elevated
3207,15,,elevated
3208,22,,elevated
3209,28,,low
3210,59,,low
3211,24,,elevated
3212,15,,elevated
3213,25,,low
3214,20,,elevated
3215,5,,elevated
3216,24,,low
3217,0,,high
3218,0,,elevated
3219,,lapsed 18 days,high
3220,24,,elevated
3221,,lapsed 15 days,high
3222,13,,elevated
3223,18,,elevated
3224,36,,elevated
3225,0,,elevated
3226,17,,elevated
3227,18,,elevated
3228,26,,elevated
3229,18,,elevated
3230,48,,elevated
3231,5,,elevated
3232,26,,elevated
3233,31,,elevated
3234,18,,elevated
3235,30,,low
3236,27,,low
3237,38,,elevated
3238,,lapsed 33 days,high
3239,,lapsed 70 days,high
3240,0,,high
3241,41,,low
3242,57,,elevated
3243,15,,elevated
3244,29,,elevated
3245,13,,elevated
3246,30,,low
3247,23,,elevated
3248,25,,low
3249,17,,elevated
3250,13,,elevated
3251,57,,low
3252,2,,elevated
3253,23,,elevated
3254,27,,elevated
3255,,lapsed 87 days,high
3256,23,,low
3257,0,,high
3258,,lapsed 46 days,high
3259,1,,elevated
3260,0,,elevated
3261,,lapsed 39 days,high
3262,,lapsed 74 days,high
3263,21,,elevated
3264,24,,low
3265,17,,elevated
3266,27,,low
3267,25,,low
3268,0,,elevated
3269,62,,elevated
3270,82,,elevated
3271,0,,elevated
3272,2,,elevated
3273,28,,elevated
3274,28,,elevated
3275,8,,elevated
3276,5,,elevated
3277,0,,elevated
3278,,lapsed 43 days,high
3279,0,,elevated
3280,19,,elevated
3281,89,,elevated
3282,71,,low
3283,25,,elevated
3284,3,,elevated
3285,2,,elevated
3286,62,,elevated
3287,,lapsed 15 days,high
3288,29,,low
3289,82,,low
3290,35,,elevated
3291,0,,high
3292,48,,elevated
3293,22,,elevated
3294,28,,low
3295,87,,low
3296,3,,elevated
3297,6,,elevated
3298,45,,low
3299,4,,elevated
3300,21,,elevated
3301,24,,elevated
3302,25,,elevated
3303,56,,elevated
3304,7,,elevated
3305,25,,elevated
3306,14,,elevated
3307,36,,elevated
3308,0,,elevated
3309,30,,low
3310,8,,elevated
3311,,lapsed 90 days,high
3312,32,,elevated
3313,20,,elevated
3314,29,,elevated
3315,23,,low
3316,5,,elevated
3317,56,,elevated
3318,38,,low
3319,29,,elevated
3320,27,,low
3321,17,,elevated
3322,64,,low
3323,0,,elevated
3324,20,,low
3325,0,,high
3326,30,,low
3327,11,,elevated
3328,23,,elevated
3329,,lapsed 38 days,high
3330,25,,elevated
3331,26,,elevated
3332,19,,elevated
3333,0,,elevated
3334,27,,elevated
3335,6,,elevated
3336,85,,elevated
3337,25,,elevated
3338,11,,elevated
3339,60,,elevated
3340,54,,elevated
3341,41,,elevated
3342,0,,elevated
3343,26,,low
3344,0,,elevated
3345,38,,elevated
3346,3,,elevated
3347,0,,elevated
3348,27,,elevated
3349,84,,low
3350,4,,elevated
3351,44,,low
3352,5,,elevated
3353,0,,high
3354,6,,elevated
3355,44,,low
3356,58,,low
3357,28,,elevated
3358,6,,elevated
3359,49,,elevated
3360,11,,elevated
3361,20,,low
3362,0,,elevated
3363,60,,elevated
3364,,lapsed 33 days,high
3365,57,,low
3366,9,,elevated
3367,,lapsed 26 days,high
3368,60,,low
3369,85,,elevated
3370,29,,elevated
3371,86,,elevated
3372,6,,elevated
3373,41,,low
3374,28,,low
3375,68,,elevated
3376,20,,low
3377,12,,elevated
3378,4,,elevated
3379,7,,elevated
3380,44,,elevated
3381,4,,elevated
3382,0,,elevated
3383,16,,elevated
3384,0,,high
3385,42,,low
3386,27,,elevated
3387,14,,elevated
3388,36,,elevated
3389,,lapsed 15 days,high
3390,45,,elevated
3391,10,,elevated
3392,42,,low
3393,27,,low
3394,45,,low
3395,29,,low
3396,7,,elevated
3397,15,,elevated
3398,23,,elevated
3399,,lapsed 50 days,high
3400,31,,low
3401,5,,elevated
3402,77,,elevated
3403,58,,elevated
3404,26,,elevated
3405,11,,elevated
3406,7,,elevated
3407,85,,low
3408,,lapsed 60 days,high
3409,9,,elevated
3410,39,,elevated
3411,9,,elevated
3412,33,,elevated
3413,28,,elevated
3414,2,,elevated
3415,12,,elevated
3416,2,,elevated
3417,0,,high
3418,23,,elevated
3419,20,,low
3420,0,,elevated
3421,29,,low
3422,28,,elevated
3423,9,,elevated
3424,0,,high
3425,0,,elevated
3426,64,,elevated
3427,,lapsed 15 days,high
3428,3,,elevated
3429,28,,low
3430,23,,elevated
3431,0,,elevated
3432,16,,elevated
3433,83,,elevated
3434,28,,low
3435,23,,elevated
3436,29,,low
3437,,lapsed 42 days,high
3438,39,,elevated
3439,53,,low
3440,32,,elevated
3441,11,,elevated
3442,8,,elevated
3443,55,,elevated
3444,45,,low
3445,0,,elevated
3446,2,,elevated
3447,,lapsed 15 days,high
3448,4,,elevated
3449,,lapsed 86 days,high
3450,21,,elevated
3451,5,,elevated
3452,26,,elevated
3453,8,,elevated
3454,2,,elevated
3455,14,,elevated
3456,0,,elevated
3457,,lapsed 48 days,high
3458,27,,low
3459,0,,elevated
3460,16,,elevated
3461,26,,low
3462,49,,elevated
3463,17,,elevated
3464,42,,low
3465,,lapsed 70 days,high
3466,21,,elevated
3467,11,,elevated
3468,14,,elevated
3469,27,,low
3470,16,,elevated
3471,19,,elevated
3472,23,,elevated
3473,28,,elevated
3474,25,,elevated
3475,25,,low
3476,3,,elevated
3477,1,,elevated
3478,29,,elevated
3479,25,,elevated
3480,23,,low
3481,87,,elevated
3482,0,,elevated
3483,8,,elevated
3484,39,,low
3485,11,,elevated
3486,0,,elevated
3487,19,,elevated
3488,,lapsed 27 days,high
3489,24,,elevated
3490,23,,elevated
3491,5,,elevated
3492,15,,elevated
3493,24,,elevated
3494,,lapsed 62 days,high
3495,1,,elevated
3496,6,,elevated
3497,0,,high
3498,24,,elevated
3499,,lapsed 68 days,high
3500,29,,low
3501,28,,low
3502,25,,elevated
3503,43,,low
3504,14,,elevated
3505,28,,elevated
3506,21,,elevated
3507,23,,elevated
3508,0,,elevated
3509,,lapsed 38 days,high
3510,53,,low
3511,85,,low
3512,17,,elevated
3513,,lapsed 46 days,high
3514,,lapsed 30 days,high
3515,0,,high
3516,10,,elevated
3517,32,,low
3518,2,,elevated
3519,58,,elevated
3520,6,,elevated
3521,23,,elevated
3522,28,,elevated
3523,26,,elevated
3524,52,,low
3525,1,,elevated
3526,1,,elevated
3527,45,,low
3528,13,,elevated
3529,25,,low
3530,0,,elevated
3531,88,,elevated
3532,20,,low
3533,75,,elevated
3534,0,,high
3535,,lapsed 56 days,high
3536,27,,elevated
3537,44,,low
3538,0,,elevated
3539,,lapsed 71 days,high
3540,10,,elevated
3541,44,,low
3542,29,,low
3543,,lapsed 15 days,high
3544,0,,high
3545,12,,elevated
3546,,lapsed 19 days,high
3547,,lapsed 20 days,high
3548,29,,elevated
3549,87,,low
3550,29,,low
3551,24,,elevated
3552,17,,elevated
3553,,lapsed 83 days,high
3554,39,,elevated
3555,,lapsed 72 days,high
3556,61,,elevated
3557,21,,elevated
3558,28,,elevated
3559,44,,low
3560,12,,elevated
3561,20,,elevated
3562,,lapsed 47 days,high
3563,26,,low
3564,43,,elevated
3565,10,,elevated
3566,52,,low
3567,0,,high
3568,19,,elevated
3569,,lapsed 48 days,high
3570,2,,elevated
3571,76,,elevated
3572,27,,low
3573,1,,elevated
3574,32,,elevated
3575,13,,elevated
3576,19,,elevated
3577,80,,low
3578,30,,elevated
3579,44,,elevated
3580,,lapsed 89 days,high
3581,49,,elevated
3582,23,,low
3583,20,,elevated
3584,27,,low
3585,26,,low
3586,28,,low
3587,0,,elevated
3588,15,,elevated
3589,0,,high
3590,0,,elevated
3591,26,,elevated
3592,30,,low
3593,85,,low
3594,20,,elevated
3595,30,,elevated
3596,56,,elevated
3597,56,,low
3598,56,,elevated
3599,,lapsed 56 days,high
3600,0,,elevated
3601,24,,elevated
3602,,lapsed 64 days,high
3603,26,,elevated
3604,34,,low
3605,44,,low
3606,,lapsed 21 days,high
3607,26,,low
3608,30,,elevated
3609,88,,low
3610,8,,elevated
3611,8,,elevated
3612,23,,elevated
3613,14,,elevated
3614,0,,high
3615,28,,elevated
3616,,lapsed 15 days,elevated
3617,23,,elevated
3618,0,,elevated
3619,20,,elevated
3620,,lapsed 59 days,high
3621,71,,elevated
3622,0,,elevated
3623,44,,elevated
3624,27,,low
3625,14,,elevated
3626,18,,elevated
3627,55,,low
3628,75,,elevated
3629,30,,elevated
3630,0,,high
3631,25,,elevated
3632,29,,elevated
3633,49,,low
3634,30,,low
3635,0,,high
3636,3,,elevated
3637,29,,elevated
3638,20,,elevated
3639,12,,elevated
3640,34,,low
3641,45,,elevated
3642,0,,elevated
3643,24,,low
3644,22,,elevated
3645,6,,elevated
3646,,lapsed 85 days,high
3647,2,,elevated
3648,6,,elevated
3649,,lapsed 78 days,high
3650,29,,low
3651,30,,low
3652,,lapsed 74 days,high
3653,45,,elevated
3654,4,,elevated
3655,,lapsed 58 days,high
3656,,lapsed 26 days,high
3657,49,,elevated
3658,35,,elevated
3659,,lapsed 42 days,high
3660,,lapsed 33 days,high
3661,24,,elevated
3662,63,,elevated
3663,84,,low
3664,18,,elevated
3665,14,,elevated
3666,39,,elevated
3667,19,,elevated
3668,29,,low
3669,14,,elevated
3670,,lapsed 26 days,high
3671,10,,elevated
3672,44,,low
3673,,lapsed 69 days,high
3674,1,,elevated
3675,0,,elevated
3676,2,,elevated
3677,0,,high
3678,27,,low
3679,23,,elevated
3680,38,,elevated
3681,17,,elevated
3682,77,,low
3683,81,,low
3684,20,,elevated
3685,0,,high
3686,0,,high
3687,20,,elevated
3688,2,,elevated
3689,90,,low
3690,27,,elevated
3691,66,,elevated
3692,6,,elevated
3693,0,,high
3694,11,,elevated
3695,55,,elevated
3696,23,,elevated
3697,0,,high
3698,39,,elevated
3699,54,,elevated
3700,8,,elevated
3701,6,,elevated
3702,0,,elevated
3703,19,,elevated
3704,32,,low
3705,7,,elevated
3706,11,,elevated
3707,25,,elevated
3708,25,,elevated
3709,8,,elevated
3710,13,,elevated
3711,13,,elevated
3712,16,,elevated
3713,39,,elevated
3714,49,,low
3715,16,,elevated
3716,,lapsed 65 days,high
3717,7,,elevated
3718,0,,high
3719,90,,low
3720,0,,elevated
3721,35,,elevated
3722,0,,elevated
3723,59,,low
3724,3,,elevated
3725,13,,elevated
3726,28,,elevated
3727,9,,elevated
3728,0,,elevated
3729,0,,elevated
3730,83,,low
3731,24,,elevated
3732,14,,elevated
3733,30,,low
3734,0,,elevated
3735,16,,elevated
3736,0,,high
3737,56,,elevated
3738,28,,low
3739,0,,elevated
3740,0,,high
3741,36,,elevated
3742,24,,elevated
3743,9,,elevated
3744,18,,elevated
3745,72,,low
3746,6,,elevated
3747,4,,elevated
3748,0,,elevated
3749,56,,low
3750,45,,low
3751,24,,low
3752,70,,elevated
3753,3,,elevated
3754,28,,low
3755,0,,elevated
3756,15,,elevated
3757,0,,elevated
3758,5,,elevated
3759,23,,elevated
3760,0,,elevated
3761,8,,elevated
3762,22,,elevated
3763,57,,elevated
3764,0,,elevated
3765,28,,elevated
3766,,lapsed 15 days,elevated
3767,8,,elevated
3768,9,,elevated
3769,28,,elevated
3770,25,,low
3771,0,,high
3772,30,,elevated
3773,0,,elevated
3774,9,,elevated
3775,54,,elevated
3776,2,,elevated
3777,3,,elevated
3778,41,,low
3779,0,,elevated
3780,27,,elevated
3781,52,,elevated
3782,,lapsed 22 days,high
3783,26,,elevated
3784,24,,elevated
3785,28,,elevated
3786,64,,elevated
3787,5,,elevated
3788,58,,low
3789,7,,elevated
3790,89,,low
3791,22,,elevated
3792,55,,elevated
3793,26,,elevated
3794,0,,high
3795,15,,elevated
3796,51,,elevated
3797,23,,low
3798,3,,elevated
3799,,lapsed 18 days,elevated
3800,0,,elevated
3801,52,,elevated
3802,34,,elevated
3803,27,,low
3804,5,,elevated
3805,15,,elevated
3806,27,,elevated
3807,33,,elevated
3808,85,,low
3809,39,,low
3810,76,,low
3811,31,,elevated
3812,2,,elevated
3813,57,,low
3814,27,,low
3815,26,,elevated
3816,69,,low
3817,27,,elevated
3818,45,,elevated
3819,15,,elevated
3820,54,,low
3821,20,,elevated
3822,0,,high
3823,,lapsed 32 days,high
3824,44,,low
3825,27,,low
3826,0,,elevated
3827,69,,elevated
3828,,lapsed 20 days,high
3829,3,,elevated
3830,26,,elevated
3831,12,,elevated
3832,46,,elevated
3833,13,,elevated
3834,28,,low
3835,27,,low
3836,53,,elevated
3837,10,,elevated
3838,16,,elevated
3839,,lapsed 69 days,high
3840,29,,low
3841,74,,elevated
3842,0,,elevated
3843,25,,elevated
3844,6,,elevated
3845,26,,elevated
3846,64,,elevated
3847,12,,elevated
3848,28,,low
3849,,lapsed 46 days,high
3850,22,,elevated
3851,3,,elevated
3852,26,,elevated
3853,25,,low
3854,,lapsed 19 days,high
3855,11,,elevated
3856,,lapsed 77 days,high
3857,6,,elevated
3858,24,,elevated
3859,24,,elevated
3860,,lapsed 20 days,high
3861,45,,low
3862,21,,low
3863,55,,low
3864,0,,elevated
3865,0,,elevated
3866,0,,elevated
3867,7,,elevated
3868,71,,elevated
3869,30,,low
3870,0,,elevated
3871,87,,low
3872,7,,elevated
3873,40,,elevated
3874,9,,elevated
3875,15,,elevated
3876,21,,elevated
3877,57,,low
3878,10,,elevated
3879,3,,elevated
3880,33,,elevated
3881,17,,elevated
3882,53,,elevated
3883,2,,elevated
3884,16,,elevated
3885,0,,high
3886,90,,low
3887,2,,elevated
3888,44,,elevated
3889,24,,elevated
3890,23,,elevated
3891,39,,elevated
3892,84,,low
3893,18,,elevated
3894,38,,low
3895,30,,low
3896,30,,low
3897,37,,low
3898,,lapsed 63 days,high
3899,24,,elevated
3900,28,,elevated
3901,23,,elevated
3902,57,,elevated
3903,51,,low
3904,0,,elevated
3905,23,,low
3906,19,,elevated
3907,0,,high
3908,,lapsed 55 days,high
3909,28,,elevated
3910,24,,elevated
3911,21,,elevated
3912,62,,elevated
3913,17,,elevated
3914,24,,elevated
3915,,lapsed 15 days,high
3916,12,,elevated
3917,8,,elevated
3918,16,,elevated
3919,5,,elevated
3920,,lapsed 44 days,high
3921,29,,low
3922,0,,elevated
3923,25,,low
3924,30,,low
3925,27,,elevated
3926,28,,low
3927,15,,elevated
3928,19,,elevated
3929,0,,elevated
3930,18,,low
3931,13,,elevated
3932,21,,low
3933,12,,elevated
3934,10,,elevated
3935,21,,elevated
3936,48,,elevated
3937,0,,high
3938,26,,elevated
3939,3,,elevated
3940,0,,elevated
3941,42,,low
3942,27,,low
3943,28,,elevated
3944,15,,elevated
3945,30,,elevated
3946,26,,elevated
3947,40,,elevated
3948,22,,elevated
3949,25,,low
3950,19,,elevated
3951,40,,elevated
3952,,lapsed 76 days,high
3953,38,,elevated
3954,53,,elevated
3955,0,,elevated
3956,,lapsed 62 days,high
3957,24,,low
3958,28,,elevated
3959,6,,elevated
3960,16,,elevated
3961,23,,low
3962,28,,elevated
3963,,lapsed 40 days,high
3964,14,,elevated
3965,19,,elevated
3966,42,,elevated
3967,3,,elevated
3968,0,,high
3969,39,,elevated
3970,11,,elevated
3971,51,,low
3972,52,,elevated
3973,44,,low
3974,15,,elevated
3975,85,,low
3976,0,,high
3977,1,,elevated
3978,2,,elevated
3979,45,,elevated
3980,,lapsed 18 days,high
3981,0,,high
3982,31,,elevated
3983,,lapsed 41 days,high
3984,22,,elevated
3985,18,,elevated
3986,0,,high
3987,0,,high
3988,20,,elevated
3989,19,,elevated
3990,27,,elevated
3991,1,,high
3992,88,,low
3993,10,,elevated
3994,21,,elevated
3995,9,,elevated
3996,11,,elevated
3997,,lapsed 83 days,high
3998,22,,elevated
3999,41,,elevated
4000,22,,elevated
4001,,lapsed 40 days,high
4002,16,,elevated
4003,23,,elevated
4004,16,,elevated
4005,8,,elevated
4006,11,,elevated
4007,17,,elevated
4008,39,,elevated
4009,59,,elevated
4010,25,,low
4011,90,,low
4012,44,,elevated
4013,40,,elevated
4014,28,,elevated
4015,34,,elevated
4016,7,,elevated
4017,29,,low
4018,,lapsed 53 days,high
4019,0,,high
4020,44,,elevated
4021,20,,elevated
4022,37,,low
4023,0,,elevated
4024,28,,elevated
4025,21,,low
4026,30,,low
4027,0,,high
4028,2,,elevated
4029,21,,elevated
4030,15,,elevated
4031,0,,elevated
4032,30,,low
4033,19,,low
4034,47,,elevated
4035,,lapsed 54 days,high
4036,28,,low
4037,55,,elevated
4038,30,,low
4039,21,,elevated
4040,1,,elevated
4041,80,,low
4042,6,,elevated
4043,53,,elevated
4044,16,,elevated
4045,0,,high
4046,22,,elevated
4047,18,,elevated
4048,0,,high
4049,11,,elevated
4050,13,,elevated
4051,23,,elevated
4052,17,,elevated
4053,14,,elevated
4054,,lapsed 54 days,high
4055,8,,elevated
4056,3,,elevated
4057,2,,elevated
4058,12,,elevated
4059,21,,elevated
4060,5,,elevated
4061,27,,low
4062,,lapsed 33 days,high
4063,29,,low
4064,27,,low
4065,27,,elevated
4066,13,,elevated
4067,12,,elevated
4068,23,,elevated
4069,48,,elevated
4070,26,,elevated
4071,24,,elevated
4072,43,,elevated
4073,37,,elevated
4074,27,,low
4075,27,,low
4076,56,,low
4077,90,,low
4078,0,,high
4079,18,,low
4080,29,,elevated
4081,26,,low
4082,35,,elevated
4083,19,,elevated
4084,0,,high
4085,16,,elevated
4086,1,,elevated
4087,32,,elevated
4088,19,,elevated
4089,25,,low
4090,26,,elevated
4091,25,,elevated
4092,16,,elevated
4093,55,,low
4094,58,,elevated
4095,17,,elevated
4096,42,,elevated
4097,0,,elevated
4098,19,,elevated
4099,43,,low
4100,56,,low
4101,19,,elevated
4102,51,,elevated
4103,25,,elevated
4104,,lapsed 50 days,high
4105,25,,elevated
4106,2,,elevated
4107,3,,elevated
4108,25,,low
4109,29,,elevated
4110,0,,elevated
4111,0,,high
4112,65,,elevated
4113,44,,low
4114,1,,elevated
4115,0,,elevated
4116,,lapsed 58 days,high
4117,,lapsed 81 days,high
4118,16,,elevated
4119,5,,elevated
4120,,lapsed 25 days,high
4121,24,,elevated
4122,33,,elevated
4123,24,,elevated
4124,19,,elevated
4125,59,,low
4126,,lapsed 15 days,high
4127,29,,elevated
4128,11,,elevated
4129,26,,elevated
4130,27,,low
4131,24,,elevated
4132,7,,elevated
4133,50,,elevated
4134,25,,elevated
4135,1,,elevated
4136,30,,elevated
4137,,lapsed 64 days,high
4138,29,,low
4139,55,,elevated
4140,26,,low
4141,28,,elevated
4142,23,,elevated
4143,25,,elevated
4144,78,,elevated
4145,29,,low
4146,7,,elevated
4147,25,,low
4148,0,,elevated
4149,30,,low
4150,44,,elevated
4151,27,,elevated
4152,9,,elevated
4153,13,,elevated
4154,1,,elevated
4155,8,,elevated
4156,0,,high
4157,,lapsed 38 days,high
4158,,lapsed 15 days,high
4159,26,,elevated
4160,4,,elevated
4161,15,,elevated
4162,3,,elevated
4163,12,,elevated
4164,60,,low
4165,28,,elevated
4166,22,,elevated
4167,0,,high
4168,72,,low
4169,,lapsed 61 days,high
4170,0,,elevated
4171,26,,elevated
4172,30,,elevated
4173,4,,elevated
4174,38,,elevated
4175,21,,low
4176,0,,high
4177,,lapsed 51 days,high
4178,28,,elevated
4179,32,,elevated
4180,55,,elevated
4181,11,,elevated
4182,87,,low
4183,10,,elevated
4184,28,,low
4185,27,,elevated
4186,34,,elevated
4187,9,,elevated
4188,48,,low
4189,30,,low
4190,17,,elevated
4191,15,,elevated
4192,0,,elevated
4193,20,,elevated
4194,9,,elevated
4195,,lapsed 27 days,high
4196,26,,low
4197,53,,elevated
4198,,lapsed 68 days,high
4199,28,,elevated
4200,9,,elevated
4201,44,,low
4202,42,,elevated
4203,27,,elevated
4204,16,,elevated
4205,46,,low
4206,,lapsed 80 days,high
4207,,lapsed 33 days,high
4208,0,,elevated
4209,11,,elevated
4210,,lapsed 71 days,high
4211,30,,low
4212,11,,elevated
4213,3,,elevated
4214,39,,low
4215,20,,elevated
4216,19,,elevated
4217,43,,elevated
4218,40,,elevated
4219,24,,elevated
4220,8,,elevated
4221,38,,low
4222,0,,elevated
4223,3,,elevated
4224,21,,elevated
4225,28,,low
4226,13,,elevated
4227,0,,elevated
4228,,lapsed 72 days,high
4229,,lapsed 22 days,high
4230,20,,elevated
4231,25,,elevated
4232,11,,elevated
4233,41,,elevated
4234,16,,elevated
4235,30,,low
4236,13,,elevated
4237,81,,low
4238,24,,elevated
4239,44,,low
4240,15,,elevated
4241,13,,elevated
4242,24,,elevated
4243,25,,elevated
4244,0,,high
4245,,lapsed 56 days,high
4246,4,,elevated
4247,0,,elevated
4248,23,,elevated
4249,18,,elevated
4250,45,,elevated
4251,,lapsed 30 days,high
4252,76,,elevated
4253,26,,elevated
4254,11,,elevated
4255,0,,high
4256,5,,elevated
4257,11,,elevated
4258,0,,elevated
4259,0,,high
4260,5,,elevated
4261,51,,elevated
4262,28,,elevated
4263,45,,elevated
4264,20,,elevated
4265,15,,elevated
4266,12,,elevated
4267,7,,elevated
4268,33,,elevated
4269,2,,elevated
4270,,lapsed 31 days,high
4271,54,,elevated
4272,0,,high
4273,22,,low
4274,12,,elevated
4275,0,,elevated
4276,14,,elevated
4277,52,,low
4278,0,,elevated
4279,44,,elevated
4280,20,,elevated
4281,42,,elevated
4282,27,,elevated
4283,28,,elevated
4284,27,,elevated
4285,25,,low
4286,29,,low
4287,26,,elevated
4288,,lapsed 82 days,high
4289,69,,elevated
4290,28,,low
4291,0,,high
4292,,lapsed 64 days,high
4293,12,,elevated
4294,30,,elevated
4295,54,,elevated
4296,0,,high
4297,,lapsed 76 days,high
4298,22,,elevated
4299,88,,elevated
4300,44,,low
4301,16,,elevated
4302,8,,elevated
4303,32,,low
4304,26,,elevated
4305,45,,elevated
4306,57,,low
4307,0,,high
4308,60,,low
4309,2,,elevated
4310,28,,low
4311,49,,elevated
4312,20,,elevated
4313,21,,low
4314,19,,elevated
4315,0,,high
4316,23,,low
4317,28,,low
4318,28,,elevated
4319,10,,elevated
4320,72,,elevated
4321,8,,elevated
4322,74,,low
4323,25,,low
4324,18,,elevated
4325,87,,elevated
4326,0,,high
4327,26,,elevated
4328,55,,low
4329,0,,high
4330,11,,elevated
4331,,lapsed 67 days,high
4332,30,,low
4333,0,,elevated
4334,23,,low
4335,0,,high
4336,30,,elevated
4337,16,,elevated
4338,6,,elevated
4339,19,,elevated
4340,84,,low
4341,62,,elevated
4342,1,,elevated
4343,22,,elevated
4344,5,,elevated
4345,,lapsed 34 days,high
4346,7,,elevated
4347,24,,elevated
4348,0,,high
4349,,lapsed 21 days,elevated
4350,,lapsed 43 days,high
4351,2,,elevated
4352,27,,low
4353,28,,elevated
4354,54,,elevated
4355,69,,low
4356,0,,high
4357,,lapsed 58 days,high
4358,,lapsed 75 days,high
4359,0,,high
4360,22,,elevated
4361,,lapsed 43 days,high
4362,,lapsed 53 days,high
4363,,lapsed 26 days,high
4364,22,,elevated
4365,26,,elevated
4366,27,,low
4367,35,,elevated
4368,27,,elevated
4369,,lapsed 36 days,elevated
4370,23,,low
4371,14,,elevated
4372,0,,elevated
4373,26,,elevated
4374,4,,elevated
4375,90,,low
4376,27,,low
4377,27,,elevated
4378,,lapsed 43 days,high
4379,23,,low
4380,11,,elevated
4381,5,,elevated
4382,31,,elevated
4383,14,,elevated
4384,1,,elevated
4385,18,,elevated
4386,,lapsed 85 days,high
4387,,lapsed 27 days,high
4388,1,,elevated
4389,9,,elevated
4390,8,,elevated
4391,0,,high
4392,41,,low
4393,46,,elevated
4394,,lapsed 39 days,high
4395,40,,low
4396,54,,low
4397,39,,low
4398,31,,elevated
4399,29,,low
4400,0,,elevated
4401,24,,low
4402,27,,elevated
4403,22,,elevated
4404,47,,elevated
4405,27,,elevated
4406,20,,elevated
4407,2,,elevated
4408,28,,elevated
4409,90,,low
4410,20,,elevated
4411,7,,elevated
4412,56,,elevated
4413,70,,elevated
4414,26,,elevated
4415,23,,low
4416,57,,elevated
4417,25,,elevated
4418,17,,elevated
4419,34,,elevated
4420,3,,elevated
4421,0,,high
4422,,lapsed 89 days,high
4423,29,,low
4424,26,,elevated
4425,0,,elevated
4426,70,,elevated
4427,0,,elevated
4428,40,,elevated
4429,29,,low
4430,42,,elevated
4431,59,,low
4432,28,,elevated
4433,30,,low
4434,,lapsed 15 days,high
4435,21,,low
4436,0,,high
4437,7,,elevated
4438,26,,elevated
4439,28,,elevated
4440,0,,elevated
4441,10,,elevated
4442,38,,elevated
4443,28,,elevated
4444,26,,elevated
4445,32,,elevated
4446,22,,elevated
4447,3,,elevated
4448,11,,elevated
4449,11,,elevated
4450,88,,elevated
4451,26,,low
4452,18,,elevated
4453,38,,elevated
4454,20,,low
4455,27,,low
4456,28,,low
4457,28,,elevated
4458,0,,high
4459,6,,elevated
4460,,lapsed 40 days,high
4461,26,,low
4462,25,,elevated
4463,28,,elevated
4464,28,,low
4465,0,,elevated
4466,2,,elevated
4467,54,,low
4468,4,,elevated
4469,,lapsed 55 days,high
4470,,lapsed 46 days,high
4471,20,,elevated
4472,21,,elevated
4473,56,,elevated
4474,21,,elevated
4475,21,,elevated
4476,90,,low
4477,55,,elevated
4478,8,,elevated
4479,0,,high
4480,25,,elevated
4481,7,,elevated
4482,4,,elevated
4483,28,,low
4484,44,,elevated
4485,87,,low
4486,,lapsed 47 days,high
4487,0,,high
4488,5,,elevated
4489,25,,elevated
4490,41,,low
4491,42,,elevated
4492,9,,elevated
4493,11,,elevated
4494,54,,elevated
4495,45,,elevated
4496,42,,elevated
4497,23,,low
4498,25,,elevated
4499,87,,elevated
4500,3,,elevated
4501,36,,low
4502,29,,low
4503,,lapsed 27 days,high
4504,,lapsed 79 days,high
4505,44,,low
4506,41,,low
4507,31,,elevated
4508,31,,elevated
4509,20,,elevated
4510,45,,low
4511,44,,low
4512,10,,elevated
4513,24,,low
4514,0,,elevated
4515,16,,elevated
4516,21,,elevated
4517,39,,elevated
4518,17,,elevated
4519,25,,low
4520,48,,elevated
4521,6,,elevated
4522,23,,elevated
4523,76,,elevated
4524,40,,low
4525,28,,low
4526,89,,low
4527,62,,elevated
4528,29,,elevated
4529,25,,elevated
4530,,lapsed 37 days,high
4531,30,,low
4532,28,,elevated
4533,40,,low
4534,22,,elevated
4535,67,,elevated
4536,,lapsed 90 days,high
4537,63,,elevated
4538,23,,elevated
4539,25,,elevated
4540,4,,elevated
4541,28,,low
4542,3,,elevated
4543,0,,elevated
4544,12,,elevated
4545,12,,elevated
4546,22,,low
4547,30,,low
4548,,lapsed 52 days,high
4549,32,,elevated
4550,60,,elevated
4551,12,,elevated
4552,26,,low
4553,23,,elevated
4554,35,,elevated
4555,24,,elevated
4556,28,,elevated
4557,0,,high
4558,3,,elevated
4559,46,,elevated
4560,24,,elevated
4561,28,,low
4562,33,,elevated
4563,23,,elevated
4564,4,,elevated
4565,27,,elevated
4566,,lapsed 66 days,high
4567,26,,elevated
4568,,lapsed 65 days,high
4569,20,,elevated
4570,10,,elevated
4571,76,,elevated
4572,23,,elevated
4573,63,,elevated
4574,45,,elevated
4575,0,,high
4576,4,,elevated
4577,1,,elevated
4578,30,,elevated
4579,2,,elevated
4580,6,,elevated
4581,73,,low
4582,27,,elevated
4583,44,,low
4584,9,,elevated
4585,0,,elevated
4586,24,,low
4587,16,,elevated
4588,24,,low
4589,20,,elevated
4590,0,,elevated
4591,16,,elevated
4592,25,,elevated
4593,27,,elevated
4594,17,,elevated
4595,,lapsed 45 days,high
4596,42,,low
4597,59,,low
4598,18,,elevated
4599,3,,elevated
4600,16,,elevated
4601,0,,elevated
4602,0,,elevated
4603,0,,high
4604,37,,low
4605,16,,elevated
4606,8,,elevated
4607,60,,low
4608,,lapsed 65 days,high
4609,44,,low
4610,0,,elevated
4611,11,,elevated
4612,24,,elevated
4613,21,,elevated
4614,16,,elevated
4615,52,,elevated
4616,1,,elevated
4617,10,,elevated
4618,27,,low
4619,,lapsed 74 days,high
4620,0,,elevated
4621,17,,elevated
4622,28,,elevated
4623,,lapsed 41 days,high
4624,0,,high
4625,54,,low
4626,84,,elevated
4627,15,,elevated
4628,69,,elevated
4629,32,,low
4630,30,,elevated
4631,30,,elevated
4632,10,,elevated
4633,23,,elevated
4634,23,,elevated
4635,18,,elevated
4636,,lapsed 64 days,high
4637,5,,elevated
4638,23,,elevated
4639,2,,elevated
4640,89,,elevated
4641,24,,low
4642,17,,elevated
4643,13,,elevated
4644,78,,low
4645,29,,elevated
4646,35,,elevated
4647,28,,elevated
4648,54,,elevated
4649,3,,elevated
4650,18,,elevated
4651,36,,elevated
4652,16,,elevated
4653,14,,elevated
4654,0,,high
4655,26,,low
4656,,lapsed 19 days,high
4657,65,,low
4658,88,,low
4659,50,,elevated
4660,66,,elevated
4661,23,,elevated
4662,42,,elevated
4663,30,,low
4664,7,,elevated
4665,78,,elevated
4666,,lapsed 20 days,elevated
4667,45,,low
4668,12,,elevated
4669,0,,elevated
4670,0,,elevated
4671,30,,elevated
4672,0,,high
4673,0,,elevated
4674,38,,elevated
4675,0,,elevated
4676,23,,elevated
4677,15,,elevated
4678,22,,low
4679,4,,elevated
4680,9,,elevated
4681,16,,elevated
4682,74,,low
4683,24,,elevated
4684,59,,elevated
4685,,lapsed 34 days,high
4686,,lapsed 46 days,high
4687,60,,elevated
4688,30,,elevated
4689,,lapsed 29 days,high
4690,12,,elevated
4691,5,,elevated
4692,1,,elevated
4693,0,,high
4694,0,,high
4695,9,,elevated
4696,55,,low
4697,6,,elevated
4698,76,,elevated
4699,5,,elevated
4700,45,,low
4701,45,,low
4702,30,,low
4703,47,,low
4704,12,,elevated
4705,30,,low
4706,3,,elevated
4707,47,,elevated
4708,58,,low
4709,24,,elevated
4710,,lapsed 58 days,high
4711,18,,elevated
4712,4,,elevated
4713,0,,high
4714,23,,elevated
4715,,lapsed 75 days,high
4716,54,,low
4717,,lapsed 23 days,high
4718,,lapsed 33 days,high
4719,0,,elevated
4720,,lapsed 45 days,high
4721,15,,elevated
4722,26,,elevated
4723,34,,low
4724,21,,low
4725,17,,elevated
4726,51,,elevated
4727,21,,elevated
4728,24,,elevated
4729,55,,low
4730,,lapsed 29 days,high
4731,24,,elevated
4732,0,,elevated
4733,2,,elevated
4734,26,,low
4735,40,,elevated
4736,24,,low
4737,,lapsed 15 days,high
4738,17,,elevated
4739,2,,elevated
4740,43,,low
4741,6,,elevated
4742,4,,elevated
4743,27,,elevated
4744,26,,elevated
4745,9,,elevated
4746,19,,elevated
4747,49,,elevated
4748,57,,low
4749,67,,elevated
4750,30,,low
4751,0,,high
4752,19,,elevated
4753,39,,elevated
4754,8,,elevated
4755,28,,low
4756,51,,elevated
4757,0,,high
4758,30,,low
4759,38,,low
4760,56,,low
4761,27,,low
4762,6,,elevated
4763,24,,low
4764,23,,elevated
4765,0,,high
4766,0,,high
4767,34,,elevated
4768,8,,elevated
4769,87,,low
4770,29,,low
4771,23,,elevated
4772,36,,elevated
4773,27,,low
4774,30,,low
4775,28,,low
4776,38,,low
4777,,lapsed 15 days,high
4778,81,,elevated
4779,42,,elevated
4780,60,,low
4781,21,,elevated
4782,54,,elevated
4783,40,,elevated
4784,24,,elevated
4785,32,,elevated
4786,43,,elevated
4787,,lapsed 50 days,high
4788,,lapsed 30 days,high
4789,11,,elevated
4790,0,,high
4791,45,,elevated
4792,,lapsed 15 days,high
4793,85,,low
4794,90,,low
4795,,lapsed 74 days,high
4796,20,,elevated
4797,85,,low
4798,57,,elevated
4799,22,,low
4800,39,,elevated
4801,19,,elevated
4802,0,,high
4803,0,,elevated
4804,0,,high
4805,28,,elevated
4806,18,,elevated
4807,79,,elevated
4808,,lapsed 22 days,high
4809,76,,low
4810,29,,elevated
4811,2,,elevated
4812,30,,elevated
4813,24,,low
4814,2,,elevated
4815,30,,low
4816,25,,low
4817,4,,elevated
4818,19,,elevated
4819,28,,elevated
4820,86,,low
4821,0,,elevated
4822,11,,elevated
4823,8,,elevated
4824,0,,elevated
4825,1,,elevated
4826,3,,elevated
4827,14,,elevated
4828,,lapsed 66 days,high
4829,41,,elevated
4830,26,,elevated
4831,,lapsed 54 days,high
4832,0,,elevated
4833,4,,elevated
4834,8,,elevated
4835,11,,elevated
4836,29,,elevated
4837,,lapsed 54 days,high
4838,,lapsed 43 days,high
4839,,lapsed 56 days,high
4840,,lapsed 42 days,high
4841,0,,high
4842,25,,low
4843,29,,low
4844,7,,elevated
4845,,lapsed 15 days,elevated
4846,,lapsed 81 days,high
4847,30,,elevated
4848,16,,elevated
4849,44,,low
4850,0,,elevated
4851,,lapsed 15 days,high
4852,0,,elevated
4853,0,,elevated
4854,53,,elevated
4855,27,,low
4856,29,,low
4857,,lapsed 15 days,high
4858,52,,low
4859,17,,elevated
4860,31,,elevated
4861,44,,low
4862,0,,elevated
4863,,lapsed 42 days,high
4864,87,,low
4865,38,,low
4866,0,,elevated
4867,17,,elevated
4868,25,,elevated
4869,42,,low
4870,29,,low
4871,28,,low
4872,0,,high
4873,8,,elevated
4874,13,,elevated
4875,,lapsed 49 days,high
4876,25,,low
4877,82,,low
4878,26,,elevated
4879,27,,low
4880,59,,elevated
4881,21,,elevated
4882,28,,low
4883,0,,high
4884,21,,low
4885,,lapsed 52 days,high
4886,,lapsed 29 days,elevated
4887,16,,elevated
4888,85,,elevated
4889,21,,elevated
4890,78,,low
4891,34,,elevated
4892,51,,elevated
4893,24,,low
4894,25,,elevated
4895,0,,elevated
4896,17,,elevated
4897,59,,low
4898,23,,elevated
4899,26,,low
4900,39,,low
4901,31,,elevated
4902,30,,low
4903,23,,elevated
4904,18,,elevated
4905,23,,elevated
4906,24,,low
4907,3,,elevated
4908,76,,low
4909,28,,low
4910,,lapsed 65 days,high
4911,28,,low
4912,41,,elevated
4913,16,,elevated
4914,0,,high
4915,22,,elevated
4916,39,,low
4917,19,,elevated
4918,3,,elevated
4919,0,,high
4920,12,,elevated
4921,24,,elevated
4922,10,,elevated
4923,17,,elevated
4924,11,,elevated
4925,5,,elevated
4926,27,,low
4927,71,,elevated
4928,40,,low
4929,14,,elevated
4930,26,,elevated
4931,6,,elevated
4932,23,,elevated
4933,70,,elevated
4934,10,,elevated
4935,7,,elevated
4936,35,,elevated
4937,26,,low
4938,11,,elevated
4939,28,,elevated
4940,,lapsed 66 days,high
4941,30,,elevated
4942,10,,elevated
4943,13,,elevated
4944,68,,elevated
4945,16,,elevated
4946,,lapsed 53 days,high
4947,16,,elevated
4948,23,,elevated
4949,19,,elevated
4950,21,,elevated
4951,4,,elevated
4952,24,,low
4953,29,,elevated
4954,20,,elevated
4955,11,,elevated
4956,60,,elevated
4957,25,,low
4958,34,,elevated
4959,20,,elevated
4960,26,,elevated
4961,26,,elevated
4962,0,,high
4963,11,,elevated
4964,55,,low
4965,30,,low
4966,22,,elevated
4967,10,,elevated
4968,23,,elevated
4969,27,,elevated
4970,0,,elevated
4971,6,,elevated
4972,23,,elevated
4973,0,,high
4974,27,,low
4975,0,,elevated
4976,19,,elevated
4977,0,,elevated
4978,18,,elevated
4979,30,,low
4980,25,,low
4981,0,,elevated
4982,23,,elevated
4983,0,,high
4984,45,,low
4985,29,,elevated
4986,29,,elevated
4987,0,,elevated
4988,48,,low
4989,5,,elevated
4990,41,,elevated
4991,45,,low
4992,41,,low
4993,0,,high
4994,32,,elevated
4995,,lapsed 82 days,high
4996,16,,elevated
4997,7,,elevated
4998,43,,low
4999,,lapsed 22 days,high
5000,29,,elevated
5001,13,,elevated
5002,13,,elevated
5003,0,,elevated
5004,26,,elevated
5005,25,,elevated
5006,0,,elevated
5007,22,,elevated
5008,0,,high
5009,0,,elevated
5010,27,,elevated
5011,17,,elevated
5012,3,,elevated
5013,0,,elevated
5014,14,,elevated
5015,38,,elevated
5016,20,,elevated
5017,29,,low
5018,38,,elevated
5019,28,,elevated
5020,0,,elevated
5021,1,,elevated
5022,30,,elevated
5023,28,,elevated
5024,53,,elevated
5025,23,,elevated
5026,,lapsed 65 days,high
5027,0,,elevated
5028,0,,elevated
5029,20,,low
5030,34,,elevated
5031,38,,elevated
5032,8,,elevated
5033,16,,elevated
5034,26,,elevated
5035,0,,elevated
5036,5,,elevated
5037,18,,elevated
5038,30,,low
5039,28,,low
5040,35,,elevated
5041,31,,low
5042,25,,low
5043,61,,low
5044,12,,elevated
5045,20,,elevated
5046,,lapsed 49 days,high
5047,0,,high
5048,26,,elevated
5049,,lapsed 27 days,high
5050,29,,elevated
5051,0,,high
5052,80,,low
5053,15,,elevated
5054,18,,elevated
5055,58,,low
5056,11,,elevated
5057,60,,low
5058,,lapsed 65 days,high
5059,42,,elevated
5060,0,,high
5061,26,,elevated
5062,0,,high
5063,13,,elevated
5064,35,,elevated
5065,5,,elevated
5066,2,,elevated
5067,40,,low
5068,7,,elevated
5069,25,,low
5070,4,,elevated
5071,30,,low
5072,4,,elevated
5073,25,,elevated
5074,28,,elevated
5075,,lapsed 50 days,high
5076,60,,low
5077,0,,elevated
5078,0,,high
5079,22,,low
5080,29,,low
5081,,lapsed 30 days,high
5082,22,,elevated
5083,24,,low
5084,23,,low
5085,15,,elevated
5086,28,,low
5087,0,,high
5088,28,,low
5089,3,,elevated
5090,2,,elevated
5091,45,,low
5092,87,,low
5093,15,,elevated
5094,14,,elevated
5095,16,,elevated
5096,6,,elevated
5097,26,,elevated
5098,57,,low
5099,0,,high
5100,,lapsed 52 days,high
5101,28,,low
5102,,lapsed 66 days,high
5103,24,,elevated
5104,42,,low
5105,26,,elevated
5106,27,,low
5107,39,,elevated
5108,87,,low
5109,58,,elevated
5110,15,,elevated
5111,52,,elevated
5112,2,,elevated
5113,0,,elevated
5114,30,,elevated
5115,21,,elevated
5116,52,,low
5117,52,,elevated
5118,24,,elevated
5119,,lapsed 85 days,high
5120,0,,elevated
5121,12,,elevated
5122,53,,elevated
5123,0,,elevated
5124,60,,elevated
5125,39,,elevated
5126,26,,low
5127,82,,elevated
5128,23,,low
5129,0,,high
5130,42,,low
5131,30,,low
5132,56,,elevated
5133,35,,elevated
5134,22,,elevated
5135,56,,low
5136,45,,low
5137,18,,elevated
5138,10,,elevated
5139,13,,elevated
5140,0,,high
5141,23,,elevated
5142,27,,low
5143,,lapsed 58 days,high
5144,15,,elevated
5145,30,,elevated
5146,26,,elevated
5147,3,,elevated
5148,65,,low
5149,71,,low
5150,19,,elevated
5151,29,,elevated
5152,55,,elevated
5153,21,,elevated
5154,73,,low
5155,71,,elevated
5156,30,,low
5157,87,,low
5158,19,,elevated
5159,20,,elevated
5160,28,,low
5161,18,,elevated
5162,0,,high
5163,0,,elevated
5164,41,,elevated
5165,13,,elevated
5166,28,,elevated
5167,26,,elevated
5168,60,,low
5169,30,,low
5170,32,,elevated
5171,30,,elevated
5172,47,,elevated
5173,30,,low
5174,6,,elevated
5175,36,,elevated
5176,43,,elevated
5177,0,,elevated
5178,20,,low
5179,17,,elevated
5180,9,,elevated
5181,0,,elevated
5182,0,,elevated
5183,,lapsed 34 days,high
5184,,lapsed 60 days,high
5185,29,,low
5186,24,,low
5187,35,,elevated
5188,50,,elevated
5189,90,,elevated
5190,10,,elevated
5191,72,,low
5192,10,,elevated
5193,11,,elevated
5194,31,,elevated
5195,0,,elevated
5196,,lapsed 86 days,high
5197,24,,low
5198,29,,low
5199,5,,elevated
5200,59,,low
5201,25,,low
5202,13,,elevated
5203,23,,elevated
5204,11,,elevated
5205,89,,low
5206,11,,elevated
5207,19,,low
5208,55,,elevated
5209,9,,elevated
5210,57,,low
5211,14,,elevated
5212,62,,elevated
5213,28,,elevated
5214,10,,elevated
5215,42,,elevated
5216,83,,low
5217,14,,elevated
5218,36,,elevated
5219,,lapsed 77 days,high
5220,3,,elevated
5221,39,,elevated
5222,0,,high
5223,10,,elevated
5224,,lapsed 25 days,high
5225,27,,low
5226,27,,elevated
5227,25,,elevated
5228,25,,elevated
5229,0,,elevated
5230,25,,elevated
5231,0,,high
5232,28,,low
5233,28,,elevated
5234,85,,low
5235,13,,elevated
5236,19,,elevated
5237,75,,elevated
5238,17,,elevated
5239,6,,elevated
5240,35,,elevated
5241,27,,elevated
5242,19,,elevated
5243,27,,elevated
5244,9,,elevated
5245,8,,elevated
5246,0,,elevated
5247,2,,elevated
5248,28,,low
5249,58,,low
5250,25,,low
5251,0,,elevated
5252,15,,elevated
5253,19,,low
5254,25,,elevated
5255,10,,elevated
5256,83,,low
5257,24,,elevated
5258,27,,elevated
5259,87,,low
5260,25,,elevated
5261,7,,elevated
5262,11,,elevated
5263,0,,high
5264,27,,low
5265,27,,elevated
5266,0,,elevated
5267,54,,low
5268,,lapsed 81 days,high
5269,13,,elevated
5270,26,,elevated
5271,1,,elevated
5272,43,,low
5273,25,,elevated
5274,12,,elevated
5275,23,,elevated
5276,12,,elevated
5277,52,,low
5278,1,,elevated
5279,38,,elevated
5280,28,,elevated
5281,,lapsed 27 days,high
5282,0,,elevated
5283,26,,low
5284,20,,elevated
5285,30,,low
5286,28,,elevated
5287,8,,elevated
5288,23,,elevated
5289,31,,elevated
5290,34,,elevated
5291,13,,elevated
5292,11,,elevated
5293,25,,low
5294,0,,elevated
5295,10,,elevated
5296,11,,elevated
5297,13,,elevated
5298,,lapsed 52 days,high
5299,59,,low
5300,25,,elevated
5301,15,,elevated
5302,41,,elevated
5303,0,,elevated
5304,29,,low
5305,3,,elevated
5306,23,,elevated
5307,0,,elevated
5308,,lapsed 52 days,high
5309,,lapsed 15 days,high
5310,7,,elevated
5311,14,,elevated
5312,85,,elevated
5313,70,,elevated
5314,22,,elevated
5315,,lapsed 33 days,high
5316,41,,elevated
5317,1,,elevated
5318,13,,elevated
5319,25,,low
5320,,lapsed 77 days,high
5321,15,,elevated
5322,0,,high
5323,25,,low
5324,28,,elevated
5325,0,,elevated
5326,0,,elevated
5327,14,,elevated
5328,22,,elevated
5329,39,,low
5330,29,,low
5331,56,,elevated
5332,0,,elevated
5333,14,,elevated
5334,34,,elevated
5335,66,,elevated
5336,12,,elevated
5337,37,,elevated
5338,,lapsed 22 days,elevated
5339,7,,elevated
5340,24,,low
5341,0,,elevated
5342,8,,elevated
5343,2,,elevated
5344,89,,low
5345,19,,elevated
5346,0,,high
5347,14,,elevated
5348,26,,low
5349,29,,low
5350,3,,elevated
5351,23,,elevated
5352,38,,low
5353,,lapsed 32 days,high
5354,29,,elevated
5355,21,,elevated
5356,,lapsed 15 days,high
5357,0,,elevated
5358,23,,elevated
5359,0,,elevated
5360,,lapsed 38 days,high
5361,19,,elevated
5362,,lapsed 67 days,high
5363,26,,elevated
5364,85,,low
5365,2,,elevated
5366,,lapsed 55 days,high
5367,31,,elevated
5368,20,,low
5369,53,,elevated
5370,18,,elevated
5371,0,,elevated
5372,41,,elevated
5373,25,,low
5374,0,,elevated
5375,19,,elevated
5376,0,,elevated
5377,27,,elevated
5378,13,,elevated
5379,25,,elevated
5380,81,,low
5381,28,,elevated
5382,32,,elevated
5383,9,,elevated
5384,28,,elevated
5385,49,,elevated
5386,0,,high
5387,14,,elevated
5388,29,,elevated
5389,24,,low
5390,26,,low
5391,27,,low
5392,27,,low
5393,12,,elevated
5394,,lapsed 59 days,high
5395,25,,low
5396,10,,elevated
5397,27,,low
5398,18,,elevated
5399,23,,low
5400,64,,low
5401,15,,elevated
5402,44,,low
5403,31,,elevated
5404,34,,elevated
5405,,lapsed 32 days,high
5406,42,,low
5407,0,,high
5408,11,,elevated
5409,0,,high
5410,23,,low
5411,0,,high
5412,28,,elevated
5413,3,,elevated
5414,25,,low
5415,12,,elevated
5416,5,,elevated
5417,29,,low
5418,46,,elevated
5419,18,,elevated
5420,22,,elevated
5421,61,,elevated
5422,90,,low
5423,26,,low
5424,66,,elevated
5425,30,,low
5426,35,,low
5427,0,,elevated
5428,27,,low
5429,48,,elevated
5430,0,,elevated
5431,52,,low
5432,26,,elevated
5433,0,,high
5434,48,,elevated
5435,24,,elevated
5436,33,,elevated
5437,29,,elevated
5438,,lapsed 47 days,high
5439,6,,elevated
5440,0,,high
5441,24,,low
5442,15,,elevated
5443,27,,low
5444,44,,elevated
5445,24,,elevated
5446,43,,elevated
5447,1,,elevated
5448,33,,elevated
5449,28,,low
5450,85,,low
5451,23,,low
5452,39,,low
5453,0,,elevated
5454,,lapsed 15 days,high
5455,33,,elevated
5456,1,,elevated
5457,44,,elevated
5458,21,,elevated
5459,45,,low
5460,8,,elevated
5461,34,,elevated
5462,30,,low
5463,31,,elevated
5464,48,,elevated
5465,25,,elevated
5466,0,,high
5467,0,,high
5468,,lapsed 34 days,high
5469,23,,elevated
5470,28,,low
5471,15,,elevated
5472,3,,elevated
5473,,lapsed 64 days,high
5474,20,,low
5475,45,,low
5476,57,,elevated
5477,34,,elevated
5478,0,,high
5479,0,,elevated
5480,,lapsed 38 days,high
5481,76,,elevated
5482,74,,elevated
5483,55,,low
5484,0,,elevated
5485,1,,high
5486,43,,low
5487,22,,low
5488,20,,elevated
5489,1,,elevated
5490,,lapsed 82 days,high
5491,,lapsed 71 days,high
5492,27,,elevated
5493,38,,elevated
5494,,lapsed 34 days,high
5495,19,,elevated
5496,6,,elevated
5497,23,,elevated
5498,,lapsed 23 days,high
5499,23,,elevated
5500,54,,elevated
5501,39,,elevated
5502,22,,elevated
5503,45,,low
5504,0,,elevated
5505,25,,low
5506,67,,low
5507,28,,low
5508,28,,elevated
5509,43,,low
5510,7,,elevated
5511,29,,low
5512,21,,elevated
5513,6,,elevated
5514,13,,elevated
5515,6,,elevated
5516,41,,low
5517,25,,low
5518,0,,elevated
5519,30,,low
5520,10,,elevated
5521,0,,elevated
5522,0,,elevated
5523,58,,low
5524,29,,elevated
5525,6,,elevated
5526,44,,elevated
5527,13,,elevated
5528,38,,low
5529,0,,elevated
5530,20,,elevated
5531,,lapsed 26 days,high
5532,,lapsed 34 days,high
5533,43,,low
5534,0,,elevated
5535,,lapsed 63 days,high
5536,40,,elevated
5537,18,,low
5538,29,,low
5539,20,,elevated
5540,,lapsed 32 days,high
5541,46,,elevated
5542,55,,elevated
5543,,lapsed 54 days,high
5544,30,,low
5545,,lapsed 59 days,high
5546,0,,elevated
5547,23,,elevated
5548,24,,low
5549,48,,low
5550,6,,elevated
5551,30,,low
5552,21,,elevated
5553,0,,high
5554,6,,elevated
5555,30,,low
5556,4,,elevated
5557,,lapsed 39 days,high
5558,87,,elevated
5559,12,,elevated
5560,26,,low
5561,39,,elevated
5562,29,,elevated
5563,0,,elevated
5564,60,,low
5565,0,,elevated
5566,3,,elevated
5567,0,,elevated
5568,19,,elevated
5569,9,,elevated
5570,28,,low
5571,21,,elevated
5572,,lapsed 20 days,high
5573,13,,elevated
5574,60,,elevated
5575,20,,elevated
5576,90,,low
5577,24,,low
5578,28,,low
5579,17,,elevated
5580,0,,high
5581,27,,low
5582,39,,low
5583,,lapsed 72 days,high
5584,26,,elevated
5585,16,,elevated
5586,30,,low
5587,38,,elevated
5588,4,,elevated
5589,26,,low
5590,9,,elevated
5591,,lapsed 17 days,high
5592,2,,elevated
5593,25,,elevated
5594,40,,low
5595,4,,elevated
5596,30,,low
5597,25,,low
5598,11,,elevated
5599,28,,elevated
5600,30,,low
5601,12,,elevated
5602,89,,low
5603,11,,elevated
5604,70,,elevated
5605,9,,elevated
5606,13,,elevated
5607,15,,elevated
5608,29,,low
5609,85,,low
5610,15,,elevated
5611,45,,low
5612,36,,elevated
5613,14,,elevated
5614,30,,elevated
5615,20,,elevated
5616,16,,low
5617,22,,elevated
5618,52,,elevated
5619,6,,elevated
5620,0,,elevated
5621,90,,low
5622,42,,elevated
5623,,lapsed 20 days,elevated
5624,25,,elevated
5625,20,,elevated
5626,30,,low
5627,25,,low
5628,83,,low
5629,17,,elevated
5630,28,,low
5631,41,,elevated
5632,9,,elevated
5633,38,,elevated
5634,,lapsed 24 days,high
5635,30,,low
5636,,lapsed 72 days,high
5637,88,,low
5638,0,,high
5639,7,,elevated
5640,27,,low
5641,59,,elevated
5642,40,,low
5643,45,,elevated
5644,6,,elevated
5645,25,,low
5646,29,,low
5647,33,,low
5648,29,,elevated
5649,25,,elevated
5650,16,,elevated
5651,7,,elevated
5652,26,,low
5653,19,,elevated
5654,11,,elevated
5655,11,,elevated
5656,23,,elevated
5657,30,,elevated
5658,38,,low
5659,23,,elevated
5660,22,,elevated
5661,,lapsed 42 days,high
5662,0,,elevated
5663,,lapsed 62 days,high
5664,7,,elevated
5665,86,,elevated
5666,19,,low
5667,,lapsed 85 days,high
5668,38,,low
5669,32,,elevated
5670,9,,elevated
5671,6,,elevated
5672,45,,elevated
5673,17,,elevated
5674,25,,elevated
5675,30,,low
5676,8,,elevated
5677,29,,elevated
5678,12,,elevated
5679,42,,elevated
5680,29,,elevated
5681,0,,elevated
5682,12,,elevated
5683,21,,elevated
5684,0,,elevated
5685,25,,elevated
5686,,lapsed 72 days,high
5687,51,,elevated
5688,6,,elevated
5689,25,,elevated
5690,26,,elevated
5691,15,,elevated
5692,,lapsed 39 days,high
5693,79,,low
5694,49,,elevated
5695,0,,elevated
5696,37,,low
5697,23,,elevated
5698,23,,elevated
5699,,lapsed 29 days,high
5700,57,,low
5701,25,,elevated
5702,15,,elevated
5703,38,,elevated
5704,19,,elevated
5705,7,,elevated
5706,23,,elevated
5707,40,,elevated
5708,3,,elevated
5709,1,,elevated
5710,90,,low
5711,60,,low
5712,25,,elevated
5713,16,,elevated
5714,5,,elevated
5715,2,,elevated
5716,32,,elevated
5717,25,,low
5718,9,,elevated
5719,90,,elevated
5720,0,,high
5721,,lapsed 26 days,high
5722,38,,low
5723,0,,high
5724,14,,elevated
5725,,lapsed 85 days,high
5726,19,,elevated
5727,28,,elevated
5728,74,,low
5729,43,,elevated
5730,65,,elevated
5731,0,,elevated
5732,27,,low
5733,24,,elevated
5734,27,,elevated
5735,,lapsed 55 days,high
5736,13,,elevated
5737,27,,low
5738,7,,elevated
5739,,lapsed 78 days,high
5740,23,,elevated
5741,39,,elevated
5742,,lapsed 46 days,high
5743,36,,elevated
5744,54,,low
5745,0,,high
5746,25,,elevated
5747,17,,elevated
5748,30,,elevated
5749,24,,elevated
5750,0,,high
5751,37,,elevated
5752,42,,low
5753,,lapsed 85 days,high
5754,0,,elevated
5755,15,,elevated
5756,0,,elevated
5757,0,,elevated
5758,1,,elevated
5759,24,,low
5760,,lapsed 44 days,high
5761,,lapsed 76 days,high
5762,30,,low
5763,19,,elevated
5764,13,,elevated
5765,38,,elevated
5766,19,,elevated
5767,23,,elevated
5768,13,,elevated
5769,0,,elevated
5770,,lapsed 44 days,high
5771,,lapsed 37 days,high
5772,15,,elevated
5773,29,,elevated
5774,23,,elevated
5775,16,,elevated
5776,26,,elevated
5777,0,,elevated
5778,27,,elevated
5779,39,,low
5780,0,,elevated
5781,24,,elevated
5782,68,,elevated
5783,23,,elevated
5784,,lapsed 36 days,high
5785,40,,elevated
5786,20,,elevated
5787,22,,elevated
5788,25,,elevated
5789,21,,elevated
5790,,lapsed 54 days,high
5791,0,,elevated
5792,25,,elevated
5793,17,,elevated
5794,23,,low
5795,15,,elevated
5796,25,,elevated
5797,20,,elevated
5798,,lapsed 59 days,high
5799,9,,elevated
5800,,lapsed 69 days,high
5801,39,,elevated
5802,28,,low
5803,4,,elevated
5804,30,,low
5805,30,,low
5806,44,,low
5807,24,,elevated
5808,,lapsed 60 days,high
5809,0,,high
5810,59,,low
5811,28,,low
5812,30,,low
5813,0,,high
5814,40,,low
5815,29,,elevated
5816,32,,elevated
5817,43,,elevated
5818,,lapsed 36 days,high
5819,23,,elevated
5820,53,,elevated
5821,24,,elevated
5822,2,,elevated
5823,31,,elevated
5824,7,,elevated
5825,29,,low
5826,28,,elevated
5827,77,,low
5828,25,,elevated
5829,,lapsed 71 days,high
5830,29,,low
5831,2,,elevated
5832,87,,low
5833,17,,low
5834,25,,low
5835,5,,elevated
5836,26,,low
5837,10,,elevated
5838,,lapsed 59 days,high
5839,,lapsed 61 days,high
5840,,lapsed 42 days,high
5841,1,,elevated
5842,27,,elevated
5843,57,,low
5844,20,,elevated
5845,56,,elevated
5846,25,,elevated
5847,0,,elevated
5848,18,,elevated
5849,18,,elevated
5850,58,,low
5851,15,,elevated
5852,0,,high
5853,55,,low
5854,36,,elevated
5855,51,,low
5856,44,,elevated
5857,31,,low
5858,11,,elevated
5859,17,,elevated
5860,9,,elevated
5861,40,,elevated
5862,28,,elevated
5863,16,,low
5864,6,,elevated
5865,22,,elevated
5866,11,,elevated
5867,30,,elevated
5868,0,,high
5869,27,,elevated
5870,8,,elevated
5871,,lapsed 41 days,high
5872,33,,low
5873,,lapsed 45 days,high
5874,18,,elevated
5875,21,,low
5876,0,,elevated
5877,17,,elevated
5878,38,,low
5879,25,,elevated
5880,1,,elevated
5881,0,,high
5882,0,,elevated
5883,24,,elevated
5884,0,,high
5885,30,,low
5886,1,,elevated
5887,28,,low
5888,34,,elevated
5889,27,,elevated
5890,77,,low
5891,43,,low
5892,21,,low
5893,25,,elevated
5894,61,,low
5895,6,,elevated
5896,0,,high
5897,28,,elevated
5898,5,,elevated
5899,27,,low
5900,24,,elevated
5901,45,,low
5902,0,,high
5903,28,,elevated
5904,15,,elevated
5905,,lapsed 61 days,high
5906,19,,elevated
5907,7,,elevated
5908,30,,low
5909,,lapsed 59 days,high
5910,44,,low
5911,26,,low
5912,12,,elevated
5913,54,,elevated
5914,,lapsed 60 days,high
5915,15,,elevated
5916,53,,low
5917,25,,elevated
5918,11,,elevated
5919,41,,elevated
5920,,lapsed 78 days,high
5921,29,,elevated
5922,26,,elevated
5923,7,,elevated
5924,31,,low
5925,0,,high
5926,20,,elevated
5927,45,,low
5928,0,,elevated
5929,,lapsed 80 days,high
5930,55,,elevated
5931,0,,high
5932,54,,elevated
5933,61,,low
5934,26,,elevated
5935,,lapsed 43 days,high
5936,3,,elevated
5937,23,,elevated
5938,,lapsed 87 days,high
5939,87,,low
5940,26,,elevated
5941,9,,elevated
5942,84,,low
5943,6,,elevated
5944,25,,low
5945,37,,elevated
5946,51,,elevated
5947,,lapsed 41 days,high
5948,28,,low
5949,26,,elevated
5950,31,,elevated
5951,46,,elevated
5952,60,,low
5953,21,,elevated
5954,19,,elevated
5955,,lapsed 65 days,high
5956,,lapsed 16 days,high
5957,10,,elevated
5958,54,,low
5959,20,,elevated
5960,25,,low
5961,6,,elevated
5962,54,,elevated
5963,34,,elevated
5964,16,,elevated
5965,1,,elevated
5966,35,,low
5967,35,,elevated
5968,59,,elevated
5969,28,,low
5970,8,,elevated
5971,28,,low
5972,26,,low
5973,42,,elevated
5974,29,,low
5975,26,,elevated
5976,43,,elevated
5977,22,,elevated
5978,27,,low
5979,23,,elevated
5980,58,,elevated
5981,18,,elevated
5982,27,,elevated
5983,7,,elevated
5984,10,,elevated
5985,,lapsed 36 days,high
5986,29,,low
5987,87,,low
5988,50,,low
5989,13,,elevated
5990,60,,low
5991,0,,elevated
5992,,lapsed 18 days,high
5993,60,,low
5994,14,,elevated
5995,41,,elevated
5996,23,,elevated
5997,0,,elevated
5998,25,,elevated
5999,30,,low
6000,41,,elevated
6001,2,,elevated
6002,19,,elevated
6003,15,,elevated
6004,,lapsed 79 days,high
6005,52,,elevated
6006,29,,low
6007,31,,elevated
6008,45,,low
6009,25,,elevated
6010,10,,elevated
6011,5,,elevated
6012,3,,elevated
6013,,lapsed 15 days,high
6014,1,,elevated
6015,55,,elevated
6016,24,,elevated
6017,38,,elevated
6018,0,,elevated
6019,13,,elevated
6020,,lapsed 45 days,high
6021,25,,low
6022,28,,elevated
6023,24,,elevated
6024,23,,elevated
6025,29,,low
6026,90,,low
6027,13,,elevated
6028,84,,low
6029,30,,elevated
6030,27,,elevated
6031,54,,low
6032,0,,elevated
6033,17,,elevated
6034,26,,elevated
6035,11,,elevated
6036,,lapsed 69 days,high
6037,23,,elevated
6038,30,,elevated
6039,28,,low
6040,26,,elevated
6041,0,,elevated
6042,25,,low
6043,42,,low
6044,0,,elevated
6045,2,,elevated
6046,82,,elevated
6047,0,,high
6048,16,,elevated
6049,47,,low
6050,17,,elevated
6051,53,,elevated
6052,25,,elevated
6053,3,,elevated
6054,24,,elevated
6055,30,,elevated
6056,38,,low
6057,53,,low
6058,25,,low
6059,0,,high
6060,10,,elevated
6061,86,,elevated
6062,30,,low
6063,0,,elevated
6064,40,,low
6065,7,,elevated
6066,11,,elevated
6067,23,,elevated
6068,9,,elevated
6069,25,,low
6070,19,,elevated
6071,28,,elevated
6072,21,,elevated
6073,,lapsed 45 days,high
6074,29,,elevated
6075,73,,low
6076,31,,elevated
6077,0,,high
6078,87,,elevated
6079,30,,low
6080,28,,low
6081,0,,elevated
6082,24,,elevated
6083,22,,low
6084,29,,elevated
6085,9,,elevated
6086,86,,low
6087,5,,elevated
6088,24,,elevated
6089,70,,low
6090,25,,elevated
6091,56,,low
6092,,lapsed 27 days,high
6093,45,,elevated
6094,0,,elevated
6095,29,,low
6096,72,,low
6097,,lapsed 67 days,high
6098,29,,low
6099,15,,elevated
6100,5,,elevated
6101,4,,elevated
6102,31,,elevated
6103,0,,high
6104,15,,elevated
6105,83,,low
6106,11,,elevated
6107,45,,low
6108,42,,elevated
6109,58,,low
6110,0,,elevated
6111,21,,elevated
6112,28,,low
6113,0,,elevated
6114,86,,low
6115,78,,low
6116,18,,elevated
6117,24,,elevated
6118,87,,low
6119,0,,high
6120,8,,elevated
6121,25,,low
6122,85,,low
6123,25,,low
6124,,lapsed 84 days,high
6125,6,,elevated
6126,90,,low
6127,26,,low
6128,13,,elevated
6129,20,,elevated
6130,57,,low
6131,0,,elevated
6132,14,,elevated
6133,20,,elevated
6134,21,,elevated
6135,71,,elevated
6136,0,,elevated
6137,29,,elevated
6138,28,,elevated
6139,16,,elevated
6140,14,,elevated
6141,8,,elevated
6142,25,,low
6143,0,,elevated
6144,3,,elevated
6145,0,,high
6146,16,,elevated
6147,23,,elevated
6148,27,,low
6149,24,,elevated
6150,45,,elevated
6151,26,,low
6152,59,,elevated
6153,23,,elevated
6154,24,,elevated
6155,5,,elevated
6156,18,,elevated
6157,17,,elevated
6158,0,,high
6159,2,,elevated
6160,86,,elevated
6161,,lapsed 85 days,high
6162,75,,elevated
6163,6,,elevated
6164,8,,elevated
6165,17,,low
6166,26,,low
6167,39,,low
6168,26,,elevated
6169,44,,low
6170,40,,low
6171,20,,elevated
6172,0,,elevated
6173,16,,elevated
6174,25,,elevated
6175,0,,elevated
6176,26,,elevated
6177,10,,elevated
6178,86,,low
6179,26,,low
6180,25,,low
6181,26,,elevated
6182,24,,elevated
6183,52,,low
6184,10,,elevated
6185,4,,elevated
6186,5,,elevated
6187,0,,high
6188,7,,elevated
6189,27,,elevated
6190,0,,elevated
6191,,lapsed 65 days,high
6192,88,,low
6193,0,,elevated
6194,,lapsed 78 days,high
6195,28,,elevated
6196,9,,elevated
6197,0,,high
6198,51,,elevated
6199,,lapsed 25 days,high
6200,0,,elevated
6201,27,,low
6202,23,,elevated
6203,88,,low
6204,,lapsed 57 days,high
6205,30,,elevated
6206,8,,elevated
6207,21,,low
6208,27,,elevated
6209,35,,low
6210,30,,low
6211,51,,low
6212,38,,low
6213,16,,elevated
6214,45,,elevated
6215,41,,low
6216,19,,low
6217,27,,low
6218,23,,elevated
6219,7,,elevated
6220,89,,low
6221,28,,low
6222,38,,low
6223,30,,low
6224,0,,elevated
6225,31,,low
6226,56,,elevated
6227,30,,low
6228,30,,low
6229,55,,elevated
6230,25,,elevated
6231,15,,elevated
6232,25,,elevated
6233,0,,elevated
6234,5,,elevated
6235,0,,elevated
6236,43,,low
6237,34,,elevated
6238,21,,elevated
6239,0,,high
6240,33,,elevated
6241,0,,high
6242,68,,elevated
6243,13,,elevated
6244,30,,elevated
6245,28,,low
6246,19,,elevated
6247,88,,low
6248,3,,elevated
6249,9,,elevated
6250,2,,elevated
6251,19,,elevated
6252,0,,elevated
6253,75,,low
6254,60,,elevated
6255,19,,elevated
6256,42,,low
6257,24,,low
6258,3,,elevated
6259,27,,elevated
6260,48,,elevated
6261,4,,elevated
6262,25,,low
6263,22,,elevated
6264,18,,elevated
6265,9,,elevated
6266,25,,elevated
6267,20,,elevated
6268,44,,elevated
6269,0,,elevated
6270,23,,elevated
6271,45,,low
6272,30,,low
6273,0,,elevated
6274,,lapsed 17 days,high
6275,,lapsed 50 days,high
6276,21,,elevated
6277,26,,low
6278,,lapsed 29 days,high
6279,24,,elevated
6280,54,,low
6281,48,,low
6282,25,,elevated
6283,49,,elevated
6284,8,,elevated
6285,30,,low
6286,27,,low
6287,13,,elevated
6288,85,,elevated
6289,14,,elevated
6290,52,,elevated
6291,40,,elevated
6292,4,,elevated
6293,30,,elevated
6294,2,,elevated
6295,30,,low
6296,45,,elevated
6297,27,,low
6298,53,,elevated
6299,71,,low
6300,0,,high
6301,21,,elevated
6302,53,,low
6303,28,,low
6304,6,,elevated
6305,40,,elevated
6306,23,,elevated
6307,11,,elevated
6308,29,,elevated
6309,88,,low
6310,12,,elevated
6311,7,,elevated
6312,87,,low
6313,7,,elevated
6314,25,,low
6315,26,,elevated
6316,26,,low
6317,29,,low
6318,12,,elevated
6319,46,,low
6320,43,,elevated
6321,42,,elevated
6322,24,,elevated
6323,17,,elevated
6324,24,,elevated
6325,0,,elevated
6326,9,,elevated
6327,66,,low
6328,5,,elevated
6329,71,,elevated
6330,12,,elevated
6331,28,,elevated
6332,48,,elevated
6333,45,,elevated
6334,0,,elevated
6335,,lapsed 28 days,high
6336,31,,elevated
6337,27,,low
6338,66,,elevated
6339,24,,elevated
6340,60,,low
6341,19,,elevated
6342,29,,low
6343,23,,low
6344,45,,low
6345,0,,elevated
6346,41,,elevated
6347,25,,elevated
6348,21,,elevated
6349,,lapsed 71 days,high
6350,28,,elevated
6351,30,,low
6352,24,,elevated
6353,0,,elevated
6354,29,,low
6355,45,,low
6356,73,,elevated
6357,38,,low
6358,6,,elevated
6359,84,,low
6360,21,,elevated
6361,11,,elevated
6362,8,,elevated
6363,29,,elevated
6364,,lapsed 59 days,high
6365,27,,elevated
6366,0,,high
6367,,lapsed 67 days,high
6368,74,,elevated
6369,15,,elevated
6370,18,,elevated
6371,15,,elevated
6372,25,,elevated
6373,0,,elevated
6374,28,,low
6375,,lapsed 86 days,high
6376,14,,elevated
6377,,lapsed 54 days,high
6378,23,,elevated
6379,30,,low
6380,18,,elevated
6381,7,,elevated
6382,0,,high
6383,15,,elevated
6384,0,,elevated
6385,,lapsed 84 days,high
6386,14,,elevated
6387,23,,elevated
6388,,lapsed 30 days,high
6389,25,,elevated
6390,29,,elevated
6391,0,,high
6392,,lapsed 24 days,high
6393,46,,elevated
6394,26,,elevated
6395,6,,elevated
6396,0,,high
6397,23,,elevated
6398,8,,elevated
6399,27,,elevated
6400,22,,elevated
6401,0,,elevated
6402,,lapsed 15 days,high
6403,27,,low
6404,,lapsed 26 days,high
6405,0,,elevated
6406,16,,elevated
6407,45,,elevated
6408,36,,elevated
6409,45,,elevated
6410,25,,elevated
6411,20,,elevated
6412,28,,low
6413,29,,low
6414,8,,elevated
6415,50,,elevated
6416,30,,elevated
6417,59,,elevated
6418,57,,low
6419,47,,low
6420,0,,elevated
6421,0,,elevated
6422,0,,elevated
6423,44,,low
6424,29,,low
6425,15,,elevated
6426,0,,high
6427,55,,elevated
6428,88,,low
6429,86,,low
6430,,lapsed 36 days,high
6431,24,,low
6432,9,,elevated
6433,42,,elevated
6434,24,,elevated
6435,38,,elevated
6436,48,,low
6437,27,,low
6438,30,,elevated
6439,,lapsed 83 days,high
6440,27,,low
6441,7,,elevated
6442,14,,elevated
6443,28,,low
6444,29,,low
6445,14,,elevated
6446,39,,elevated
6447,25,,elevated
6448,24,,low
6449,0,,elevated
6450,30,,elevated
6451,0,,elevated
6452,6,,elevated
6453,29,,elevated
6454,29,,elevated
6455,11,,elevated
6456,28,,elevated
6457,43,,low
6458,85,,low
6459,32,,low
6460,24,,low
6461,26,,elevated
6462,24,,low
6463,22,,elevated
6464,28,,elevated
6465,23,,elevated
6466,0,,elevated
6467,18,,elevated
6468,,lapsed 60 days,high
6469,30,,low
6470,29,,low
6471,,lapsed 42 days,high
6472,,lapsed 68 days,high
6473,10,,elevated
6474,4,,elevated
6475,0,,elevated
6476,,lapsed 56 days,high
6477,60,,low
6478,,lapsed 79 days,high
6479,,lapsed 17 days,elevated
6480,30,,low
6481,12,,elevated
6482,24,,elevated
6483,45,,elevated
6484,34,,elevated
6485,,lapsed 46 days,high
6486,13,,elevated
6487,19,,elevated
6488,7,,elevated
6489,38,,elevated
6490,80,,elevated
6491,0,,high
6492,0,,high
6493,,lapsed 83 days,high
6494,14,,elevated
6495,0,,high
6496,30,,elevated
6497,38,,elevated
6498,6,,elevated
6499,0,,elevated
6500,12,,elevated
6501,49,,elevated
6502,,lapsed 49 days,high
6503,0,,elevated
6504,,lapsed 23 days,high
6505,22,,low
6506,26,,elevated
6507,28,,elevated
6508,60,,elevated
6509,33,,elevated
6510,0,,high
6511,5,,elevated
6512,26,,low
6513,29,,elevated
6514,25,,elevated
6515,29,,elevated
6516,27,,low
6517,51,,elevated
6518,26,,elevated
6519,23,,low
6520,16,,elevated
6521,38,,low
6522,12,,elevated
6523,0,,high
6524,13,,elevated
6525,11,,elevated
6526,45,,elevated
6527,6,,elevated
6528,0,,high
6529,43,,elevated
6530,54,,elevated
6531,30,,low
6532,,lapsed 48 days,high
6533,,lapsed 68 days,high
6534,27,,low
6535,4,,elevated
6536,10,,elevated
6537,28,,low
6538,,lapsed 62 days,high
6539,27,,elevated
6540,7,,elevated
6541,20,,elevated
6542,2,,elevated
6543,0,,high
6544,32,,elevated
6545,25,,elevated
6546,23,,elevated
6547,30,,low
6548,42,,low
6549,4,,elevated
6550,7,,elevated
6551,24,,low
6552,,lapsed 45 days,high
6553,6,,elevated
6554,0,,elevated
6555,17,,elevated
6556,0,,elevated
6557,,lapsed 65 days,high
6558,59,,elevated
6559,23,,elevated
6560,10,,elevated
6561,20,,elevated
6562,0,,elevated
6563,1,,elevated
6564,25,,elevated
6565,30,,elevated
6566,,lapsed 24 days,high
6567,25,,elevated
6568,29,,elevated
6569,27,,elevated
6570,0,,elevated
6571,15,,elevated
6572,18,,low
6573,30,,low
6574,0,,high
6575,0,,elevated
6576,17,,elevated
6577,17,,elevated
6578,0,,elevated
6579,11,,elevated
6580,24,,low
6581,25,,low
6582,38,,elevated
6583,0,,elevated
6584,26,,low
6585,21,,elevated
6586,,lapsed 40 days,high
6587,68,,elevated
6588,24,,elevated
6589,37,,elevated
6590,0,,high
6591,52,,elevated
6592,9,,elevated
6593,4,,elevated
6594,29,,elevated
6595,0,,high
6596,9,,elevated
6597,27,,low
6598,20,,low
6599,19,,elevated
6600,0,,elevated
6601,15,,elevated
6602,8,,elevated
6603,25,,elevated
6604,0,,elevated
6605,6,,elevated
6606,9,,elevated
6607,17,,elevated
6608,43,,low
6609,21,,elevated
6610,0,,elevated
6611,24,,elevated
6612,55,,low
6613,44,,elevated
6614,,lapsed 20 days,high
6615,18,,elevated
6616,45,,low
6617,19,,elevated
6618,0,,elevated
6619,6,,elevated
6620,30,,elevated
6621,22,,elevated
6622,0,,elevated
6623,0,,elevated
6624,28,,low
6625,8,,elevated
6626,28,,low
6627,2,,elevated
6628,28,,low
6629,28,,low
6630,86,,elevated
6631,30,,elevated
6632,28,,elevated
6633,14,,elevated
6634,58,,elevated
6635,,lapsed 38 days,high
6636,42,,low
6637,0,,elevated
6638,29,,low
6639,5,,elevated
6640,,lapsed 15 days,high
6641,23,,low
6642,9,,elevated
6643,0,,high
6644,4,,elevated
6645,19,,elevated
6646,53,,low
6647,23,,elevated
6648,0,,high
6649,22,,elevated
6650,20,,elevated
6651,0,,elevated
6652,28,,low
6653,,lapsed 23 days,high
6654,53,,low
6655,26,,elevated
6656,50,,elevated
6657,25,,low
6658,4,,elevated
6659,22,,low
6660,,lapsed 43 days,high
6661,22,,elevated
6662,0,,high
6663,36,,elevated
6664,46,,low
6665,10,,elevated
6666,5,,elevated
6667,60,,low
6668,,lapsed 68 days,high
6669,48,,elevated
6670,11,,elevated
6671,24,,low
6672,23,,elevated
6673,13,,elevated
6674,0,,high
6675,28,,elevated
6676,0,,elevated
6677,41,,low
6678,3,,elevated
6679,,lapsed 84 days,high
6680,15,,elevated
6681,70,,elevated
6682,,lapsed 71 days,high
6683,40,,elevated
6684,,lapsed 60 days,high
6685,,lapsed 54 days,high
6686,38,,low
6687,27,,low
6688,32,,elevated
6689,31,,elevated
6690,15,,elevated
6691,,lapsed 72 days,high
6692,53,,elevated
6693,29,,low
6694,0,,high
6695,87,,low
6696,27,,low
6697,18,,elevated
6698,36,,elevated
6699,19,,elevated
6700,,lapsed 41 days,high
6701,0,,elevated
6702,0,,elevated
6703,88,,low
6704,,lapsed 54 days,high
6705,0,,high
6706,30,,low
6707,37,,elevated
6708,1,,elevated
6709,23,,elevated
6710,30,,low
6711,16,,elevated
6712,28,,elevated
6713,4,,elevated
6714,25,,low
6715,43,,low
6716,25,,low
6717,,lapsed 67 days,high
6718,26,,elevated
6719,22,,elevated
6720,0,,high
6721,0,,elevated
6722,4,,elevated
6723,29,,low
6724,14,,elevated
6725,13,,elevated
6726,30,,low
6727,0,,elevated
6728,39,,low
6729,28,,elevated
6730,15,,elevated
6731,26,,elevated
6732,58,,low
6733,25,,elevated
6734,11,,elevated
6735,5,,elevated
6736,29,,elevated
6737,,lapsed 23 days,high
6738,,lapsed 74 days,high
6739,20,,low
6740,25,,elevated
6741,29,,elevated
6742,27,,elevated
6743,36,,elevated
6744,0,,elevated
6745,22,,elevated
6746,31,,elevated
6747,6,,elevated
6748,56,,low
6749,23,,elevated
6750,29,,elevated
6751,24,,low
6752,23,,elevated
6753,,lapsed 46 days,high
6754,27,,elevated
6755,25,,low
6756,20,,elevated
6757,26,,elevated
6758,,lapsed 52 days,high
6759,3,,elevated
6760,54,,elevated
6761,28,,elevated
6762,2,,elevated
6763,43,,elevated
6764,17,,elevated
6765,23,,low
6766,0,,elevated
6767,30,,low
6768,47,,elevated
6769,4,,elevated
6770,44,,low
6771,2,,elevated
6772,29,,low
6773,24,,elevated
6774,42,,low
6775,20,,elevated
6776,0,,high
6777,25,,low
6778,12,,elevated
6779,26,,elevated
6780,0,,high
6781,29,,low
6782,30,,low
6783,25,,low
6784,18,,elevated
6785,0,,elevated
6786,,lapsed 49 days,high
6787,,lapsed 15 days,high
6788,24,,elevated
6789,26,,elevated
6790,31,,elevated
6791,27,,low
6792,21,,elevated
6793,30,,low
6794,24,,elevated
6795,23,,elevated
6796,38,,elevated
6797,25,,elevated
6798,40,,low
6799,,lapsed 15 days,high
6800,21,,elevated
6801,53,,elevated
6802,64,,elevated
6803,,lapsed 15 days,high
6804,30,,low
6805,0,,high
6806,12,,elevated
6807,20,,elevated
6808,,lapsed 31 days,high
6809,22,,low
6810,23,,low
6811,0,,elevated
6812,41,,low
6813,43,,elevated
6814,1,,elevated
6815,21,,elevated
6816,5,,elevated
6817,10,,elevated
6818,14,,elevated
6819,28,,low
6820,0,,elevated
6821,8,,elevated
6822,0,,elevated
6823,26,,low
6824,0,,high
6825,19,,elevated
6826,33,,elevated
6827,26,,elevated
6828,42,,low
6829,19,,elevated
6830,5,,elevated
6831,13,,elevated
6832,42,,elevated
6833,6,,elevated
6834,0,,elevated
6835,27,,low
6836,29,,low
6837,2,,elevated
6838,,lapsed 15 days,high
6839,,lapsed 89 days,high
6840,30,,elevated
6841,32,,elevated
6842,,lapsed 62 days,high
6843,15,,elevated
6844,29,,low
6845,30,,elevated
6846,17,,elevated
6847,3,,elevated
6848,17,,elevated
6849,2,,elevated
6850,22,,elevated
6851,25,,elevated
6852,50,,low
6853,60,,elevated
6854,57,,elevated
6855,23,,elevated
6856,28,,elevated
6857,0,,high
6858,,lapsed 78 days,high
6859,0,,high
6860,24,,elevated
6861,23,,elevated
6862,15,,elevated
6863,18,,elevated
6864,29,,elevated
6865,84,,elevated
6866,21,,elevated
6867,6,,elevated
6868,22,,elevated
6869,,lapsed 48 days,high
6870,29,,low
6871,23,,elevated
6872,,lapsed 83 days,high
6873,45,,elevated
6874,13,,elevated
6875,29,,low
6876,37,,elevated
6877,7,,elevated
6878,0,,elevated
6879,49,,elevated
6880,12,,elevated
6881,5,,elevated
6882,0,,elevated
6883,12,,elevated
6884,43,,low
6885,14,,elevated
6886,45,,elevated
6887,3,,elevated
6888,5,,elevated
6889,19,,low
6890,23,,low
6891,67,,elevated
6892,49,,elevated
6893,36,,elevated
6894,,lapsed 15 days,high
6895,28,,low
6896,25,,elevated
6897,37,,elevated
6898,,lapsed 49 days,high
6899,7,,elevated
6900,44,,elevated
6901,0,,high
6902,,lapsed 15 days,high
6903,20,,elevated
6904,12,,elevated
6905,15,,elevated
6906,29,,elevated
6907,10,,elevated
6908,6,,elevated
6909,,lapsed 89 days,high
6910,27,,elevated
6911,28,,low
6912,,lapsed 18 days,high
6913,7,,elevated
6914,82,,low
6915,49,,low
6916,17,,elevated
6917,0,,elevated
6918,20,,elevated
6919,0,,high
6920,25,,low
6921,30,,elevated
6922,,lapsed 68 days,high
6923,25,,elevated
6924,19,,elevated
6925,45,,low
6926,90,,low
6927,29,,elevated
6928,0,,high
6929,17,,elevated
6930,0,,elevated
6931,,lapsed 44 days,high
6932,20,,elevated
6933,23,,elevated
6934,,lapsed 38 days,high
6935,10,,elevated
6936,6,,elevated
6937,29,,low
6938,2,,elevated
6939,16,,elevated
6940,44,,elevated
6941,37,,elevated
6942,58,,low
6943,0,,high
6944,20,,elevated
6945,20,,elevated
6946,24,,elevated
6947,41,,elevated
6948,22,,elevated
6949,7,,elevated
6950,18,,low
6951,0,,elevated
6952,31,,elevated
6953,,lapsed 29 days,high
6954,83,,low
6955,25,,elevated
6956,24,,elevated
6957,0,,high
6958,19,,elevated
6959,24,,elevated
6960,1,,elevated
6961,21,,elevated
6962,39,,elevated
6963,,lapsed 22 days,high
6964,28,,low
6965,0,,high
6966,90,,low
6967,55,,low
6968,,lapsed 15 days,high
6969,23,,low
6970,8,,elevated
6971,28,,low
6972,60,,elevated
6973,28,,low
6974,18,,elevated
6975,56,,low
6976,3,,elevated
6977,0,,elevated
6978,,lapsed 51 days,high
6979,0,,high
6980,,lapsed 26 days,high
6981,11,,elevated
6982,26,,elevated
6983,28,,elevated
6984,,lapsed 43 days,high
6985,27,,elevated
6986,29,,low
6987,57,,low
6988,85,,low
6989,24,,elevated
6990,38,,low
6991,2,,elevated
6992,4,,elevated
6993,60,,elevated
6994,29,,elevated
6995,27,,elevated
6996,0,,high
6997,23,,low
6998,0,,elevated
6999,41,,low
7000,2,,elevated
7001,30,,low
7002,13,,elevated
7003,50,,elevated
7004,29,,low
7005,21,,elevated
7006,89,,low
7007,17,,elevated
7008,,lapsed 32 days,high
7009,24,,elevated
7010,4,,elevated
7011,18,,elevated
7012,42,,low
7013,44,,low
7014,74,,elevated
7015,0,,high
7016,5,,elevated
7017,16,,elevated
7018,1,,elevated
7019,23,,elevated
7020,25,,low
7021,88,,low
7022,29,,low
7023,11,,elevated
7024,11,,elevated
7025,28,,low
7026,,lapsed 24 days,high
7027,,lapsed 18 days,high
7028,0,,elevated
7029,30,,elevated
7030,14,,elevated
7031,29,,low
7032,50,,elevated
7033,19,,elevated
7034,34,,elevated
7035,21,,elevated
7036,19,,elevated
7037,,lapsed 68 days,high
7038,,lapsed 27 days,high
7039,0,,high
7040,29,,elevated
7041,24,,elevated
7042,0,,elevated
7043,54,,elevated
7044,24,,elevated
7045,88,,low
7046,0,,elevated
7047,28,,low
7048,26,,elevated
7049,,lapsed 26 days,high
7050,44,,elevated
7051,25,,low
7052,23,,elevated
7053,63,,elevated
7054,17,,elevated
7055,88,,elevated
7056,22,,elevated
7057,84,,low
7058,29,,low
7059,44,,elevated
7060,22,,elevated
7061,,lapsed 67 days,high
7062,22,,elevated
7063,0,,high
7064,18,,elevated
7065,18,,elevated
7066,24,,elevated
7067,13,,elevated
7068,29,,low
7069,25,,low
7070,47,,elevated
7071,27,,low
7072,58,,elevated
7073,29,,low
7074,42,,elevated
7075,27,,elevated
7076,45,,low
7077,0,,elevated
7078,24,,elevated
7079,11,,elevated
7080,19,,elevated
7081,24,,elevated
7082,25,,low
7083,28,,low
7084,1,,elevated
7085,8,,elevated
7086,23,,elevated
7087,0,,high
7088,23,,elevated
7089,51,,low
7090,30,,low
7091,,lapsed 28 days,high
7092,12,,elevated
7093,0,,high
7094,30,,elevated
7095,21,,elevated
7096,30,,elevated
7097,32,,low
7098,4,,elevated
7099,39,,low
7100,37,,elevated
7101,,lapsed 38 days,high
7102,14,,elevated
7103,21,,elevated
7104,41,,low
7105,,lapsed 36 days,high
7106,18,,elevated
7107,30,,elevated
7108,15,,elevated
7109,18,,elevated
7110,15,,elevated
7111,59,,low
7112,21,,elevated
7113,24,,low
7114,1,,elevated
7115,28,,elevated
7116,0,,high
7117,0,,elevated
7118,25,,elevated
7119,29,,elevated
7120,29,,low
7121,1,,elevated
7122,12,,elevated
7123,24,,elevated
7124,82,,elevated
7125,,lapsed 73 days,high
7126,,lapsed 69 days,high
7127,43,,low
7128,8,,elevated
7129,,lapsed 75 days,high
7130,26,,elevated
7131,52,,elevated
7132,17,,elevated
7133,30,,low
7134,76,,low
7135,26,,low
7136,0,,elevated
7137,25,,low
7138,27,,elevated
7139,5,,elevated
7140,21,,elevated
7141,46,,elevated
7142,30,,elevated
7143,22,,elevated
7144,26,,low
7145,,lapsed 73 days,high
7146,90,,low
7147,28,,low
7148,12,,elevated
7149,16,,elevated
7150,24,,elevated
7151,0,,elevated
7152,7,,elevated
7153,53,,low
7154,24,,low
7155,15,,elevated
7156,24,,elevated
7157,9,,elevated
7158,1,,elevated
7159,0,,high
7160,,lapsed 32 days,high
7161,25,,elevated
7162,11,,elevated
7163,23,,elevated
7164,25,,elevated
7165,45,,low
7166,89,,elevated
7167,0,,high
7168,18,,elevated
7169,23,,elevated
7170,,lapsed 53 days,high
7171,12,,elevated
7172,89,,low
7173,56,,elevated
7174,24,,elevated
7175,0,,high
7176,0,,elevated
7177,30,,elevated
7178,45,,low
7179,,lapsed 30 days,high
7180,28,,low
7181,45,,low
7182,,lapsed 37 days,high
7183,,lapsed 62 days,high
7184,27,,elevated
7185,0,,high
7186,0,,elevated
7187,,lapsed 63 days,high
7188,2,,elevated
7189,,lapsed 84 days,high
7190,0,,elevated
7191,0,,elevated
7192,25,,low
7193,1,,elevated
7194,0,,high
7195,23,,elevated
7196,0,,high
7197,6,,elevated
7198,50,,elevated
7199,78,,elevated
7200,4,,elevated
7201,30,,low
7202,22,,elevated
7203,10,,elevated
7204,12,,elevated
7205,3,,elevated
7206,28,,elevated
7207,3,,elevated
7208,0,,high
7209,56,,elevated
7210,60,,low
7211,0,,elevated
7212,24,,elevated
7213,77,,elevated
7214,21,,elevated
7215,11,,elevated
7216,0,,elevated
7217,7,,elevated
7218,27,,low
7219,37,,elevated
7220,15,,elevated
7221,11,,elevated
7222,0,,high
7223,27,,low
7224,,lapsed 15 days,high
7225,28,,low
7226,,lapsed 22 days,high
7227,23,,elevated
7228,28,,low
7229,23,,elevated
7230,21,,elevated
7231,24,,low
7232,0,,elevated
7233,19,,elevated
7234,23,,elevated
7235,1,,elevated
7236,6,,elevated
7237,41,,low
7238,17,,elevated
7239,16,,elevated
7240,23,,elevated
7241,28,,low
7242,18,,elevated
7243,25,,elevated
7244,34,,low
7245,84,,low
7246,27,,elevated
7247,23,,elevated
7248,23,,elevated
7249,23,,elevated
7250,33,,elevated
7251,25,,elevated
7252,16,,elevated
7253,,lapsed 15 days,high
7254,27,,elevated
7255,0,,elevated
7256,27,,elevated
7257,,lapsed 44 days,high
7258,28,,low
7259,0,,elevated
7260,30,,low
7261,85,,low
7262,42,,elevated
7263,29,,low
7264,14,,elevated
7265,22,,elevated
7266,0,,elevated
7267,59,,low
7268,15,,elevated
7269,40,,elevated
7270,87,,elevated
7271,,lapsed 27 days,elevated
7272,6,,elevated
7273,29,,elevated
7274,42,,elevated
7275,59,,low
7276,,lapsed 70 days,high
7277,28,,low
7278,0,,high
7279,40,,elevated
7280,60,,elevated
7281,57,,low
7282,31,,elevated
7283,21,,elevated
7284,29,,low
7285,29,,low
7286,9,,elevated
7287,,lapsed 44 days,high
7288,30,,elevated
7289,24,,elevated
7290,23,,elevated
7291,12,,elevated
7292,2,,elevated
7293,,lapsed 69 days,high
7294,59,,low
7295,24,,low
7296,86,,low
7297,27,,elevated
7298,10,,elevated
7299,5,,elevated
7300,16,,elevated
7301,10,,elevated
7302,0,,elevated
7303,16,,elevated
7304,0,,elevated
7305,33,,elevated
7306,12,,elevated
7307,11,,elevated
7308,29,,elevated
7309,67,,low
7310,39,,elevated
7311,22,,elevated
7312,24,,elevated
7313,18,,elevated
7314,0,,elevated
7315,15,,elevated
7316,26,,low
7317,9,,elevated
7318,,lapsed 40 days,high
7319,43,,elevated
7320,8,,elevated
7321,0,,elevated
7322,10,,elevated
7323,0,,high
7324,26,,elevated
7325,44,,elevated
7326,30,,low
7327,10,,elevated
7328,,lapsed 26 days,high
7329,11,,elevated
7330,15,,elevated
7331,21,,low
7332,44,,elevated
7333,37,,elevated
7334,4,,elevated
7335,24,,elevated
7336,1,,elevated
7337,8,,elevated
7338,43,,elevated
7339,,lapsed 85 days,high
7340,60,,low
7341,42,,elevated
7342,0,,high
7343,,lapsed 35 days,high
7344,45,,elevated
7345,,lapsed 40 days,high
7346,1,,elevated
7347,0,,elevated
7348,15,,elevated
7349,23,,elevated
7350,,lapsed 45 days,high
7351,16,,elevated
7352,0,,high
7353,30,,low
7354,2,,elevated
7355,38,,elevated
7356,,lapsed 21 days,high
7357,6,,elevated
7358,43,,elevated
7359,29,,elevated
7360,9,,elevated
7361,2,,elevated
7362,28,,elevated
7363,57,,elevated
7364,66,,elevated
7365,13,,elevated
7366,5,,elevated
7367,18,,elevated
7368,12,,elevated
7369,41,,low
7370,4,,elevated
7371,46,,elevated
7372,30,,elevated
7373,43,,low
7374,87,,low
7375,23,,elevated
7376,13,,elevated
7377,41,,low
7378,33,,low
7379,,lapsed 60 days,high
7380,38,,low
7381,7,,elevated
7382,52,,elevated
7383,5,,elevated
7384,43,,low
7385,0,,elevated
7386,28,,elevated
7387,62,,elevated
7388,0,,high
7389,25,,low
7390,,lapsed 30 days,high
7391,0,,elevated
7392,25,,elevated
7393,55,,low
7394,31,,elevated
7395,17,,elevated
7396,33,,elevated
7397,60,,elevated
7398,63,,elevated
7399,25,,elevated
7400,29,,low
7401,2,,elevated
7402,11,,elevated
7403,26,,low
7404,0,,high
7405,9,,elevated
7406,23,,low
7407,8,,elevated
7408,4,,elevated
7409,,lapsed 71 days,high
7410,13,,elevated
7411,7,,elevated
7412,30,,low
7413,30,,low
7414,27,,elevated
7415,0,,high
7416,23,,low
7417,34,,elevated
7418,,lapsed 17 days,elevated
7419,25,,low
7420,0,,high
7421,0,,high
7422,59,,elevated
7423,16,,elevated
7424,,lapsed 27 days,high
7425,20,,elevated
7426,30,,elevated
7427,43,,elevated
7428,86,,elevated
7429,53,,low
7430,26,,elevated
7431,29,,low
7432,11,,elevated
7433,4,,elevated
7434,27,,low
7435,78,,low
7436,18,,low
7437,30,,low
7438,,lapsed 15 days,high
7439,0,,high
7440,48,,elevated
7441,28,,low
7442,72,,low
7443,0,,elevated
7444,21,,elevated
7445,,lapsed 15 days,high
7446,24,,low
7447,12,,elevated
7448,25,,elevated
7449,21,,elevated
7450,13,,elevated
7451,42,,elevated
7452,26,,elevated
7453,30,,low
7454,27,,low
7455,26,,low
7456,55,,elevated
7457,45,,low
7458,87,,low
7459,0,,elevated
7460,8,,elevated
7461,,lapsed 70 days,high
7462,,lapsed 45 days,high
7463,0,,elevated
7464,55,,low
7465,15,,elevated
7466,0,,elevated
7467,0,,elevated
7468,40,,elevated
7469,24,,low
7470,88,,low
7471,15,,elevated
7472,89,,elevated
7473,0,,elevated
7474,30,,elevated
7475,53,,low
7476,,lapsed 44 days,high
7477,18,,elevated
7478,0,,elevated
7479,85,,elevated
7480,37,,elevated
7481,,lapsed 75 days,high
7482,55,,low
7483,,lapsed 82 days,high
7484,3,,elevated
7485,28,,low
7486,22,,elevated
7487,26,,low
7488,29,,elevated
7489,8,,elevated
7490,44,,elevated
7491,17,,elevated
7492,24,,low
7493,0,,high
7494,24,,elevated
7495,20,,elevated
7496,23,,elevated
7497,50,,low
7498,90,,elevated
7499,,lapsed 23 days,elevated
7500,0,,high
7501,64,,elevated
7502,32,,low
7503,,lapsed 69 days,high
7504,0,,high
7505,51,,low
7506,0,,elevated
7507,34,,elevated
7508,57,,elevated
7509,0,,elevated
7510,14,,elevated
7511,31,,elevated
7512,28,,low
7513,86,,low
7514,88,,low
7515,83,,low
7516,0,,elevated
7517,28,,low
7518,54,,elevated
7519,36,,elevated
7520,25,,low
7521,56,,low
7522,,lapsed 33 days,high
7523,11,,elevated
7524,,lapsed 37 days,high
7525,21,,low
7526,0,,elevated
7527,38,,elevated
7528,44,,low
7529,29,,elevated
7530,3,,elevated
7531,19,,elevated
7532,17,,elevated
7533,9,,elevated
7534,40,,elevated
7535,,lapsed 61 days,high
7536,,lapsed 64 days,high
7537,0,,high
7538,0,,high
7539,15,,elevated
7540,43,,low
7541,1,,elevated
7542,0,,high
7543,49,,elevated
7544,24,,elevated
7545,54,,low
7546,43,,low
7547,7,,elevated
7548,15,,elevated
7549,29,,elevated
7550,29,,elevated
7551,15,,elevated
7552,,lapsed 47 days,high
7553,23,,elevated
7554,,lapsed 25 days,high
7555,,lapsed 76 days,high
7556,18,,elevated
7557,0,,elevated
7558,5,,elevated
7559,23,,elevated
7560,79,,low
7561,52,,elevated
7562,0,,elevated
7563,0,,elevated
7564,29,,elevated
7565,28,,low
7566,34,,low
7567,25,,elevated
7568,45,,elevated
7569,29,,low
7570,24,,elevated
7571,14,,elevated
7572,59,,low
7573,29,,elevated
7574,79,,low
7575,43,,elevated
7576,9,,elevated
7577,,lapsed 48 days,high
7578,12,,elevated
7579,30,,low
7580,59,,low
7581,29,,elevated
7582,29,,low
7583,4,,elevated
7584,30,,low
7585,27,,low
7586,2,,elevated
7587,51,,low
7588,26,,low
7589,23,,elevated
7590,,lapsed 25 days,high
7591,75,,low
7592,41,,elevated
7593,11,,elevated
7594,,lapsed 77 days,high
7595,30,,low
7596,45,,elevated
7597,30,,low
7598,16,,elevated
7599,47,,elevated
7600,,lapsed 83 days,high
7601,21,,elevated
7602,65,,elevated
7603,28,,low
7604,9,,elevated
7605,59,,low
7606,1,,elevated
7607,27,,low
7608,5,,elevated
7609,2,,elevated
7610,9,,elevated
7611,0,,elevated
7612,29,,low
7613,29,,low
7614,28,,elevated
7615,23,,elevated
7616,4,,elevated
7617,49,,elevated
7618,5,,elevated
7619,10,,elevated
7620,55,,elevated
7621,16,,elevated
7622,28,,elevated
7623,0,,elevated
7624,54,,elevated
7625,17,,elevated
7626,7,,elevated
7627,21,,elevated
7628,40,,elevated
7629,28,,low
7630,33,,elevated
7631,27,,low
7632,58,,low
7633,28,,low
7634,26,,low
7635,39,,low
7636,39,,low
7637,27,,elevated
7638,7,,elevated
7639,86,,low
7640,0,,high
7641,41,,elevated
7642,24,,elevated
7643,20,,elevated
7644,30,,low
7645,2,,elevated
7646,24,,low
7647,20,,elevated
7648,58,,elevated
7649,13,,elevated
7650,26,,low
7651,,lapsed 59 days,high
7652,1,,elevated
7653,18,,elevated
7654,26,,low
7655,39,,elevated
7656,22,,elevated
7657,26,,elevated
7658,18,,elevated
7659,22,,elevated
7660,0,,elevated
7661,23,,elevated
7662,0,,elevated
7663,50,,low
7664,14,,elevated
7665,0,,high
7666,53,,low
7667,26,,elevated
7668,,lapsed 70 days,high
7669,44,,elevated
7670,27,,low
7671,10,,elevated
7672,,lapsed 39 days,high
7673,6,,elevated
7674,28,,low
7675,28,,low
7676,0,,elevated
7677,24,,low
7678,28,,elevated
7679,57,,elevated
7680,26,,elevated
7681,6,,elevated
7682,16,,elevated
7683,6,,elevated
7684,11,,elevated
7685,22,,elevated
7686,20,,elevated
7687,2,,elevated
7688,30,,elevated
7689,1,,elevated
7690,20,,elevated
7691,27,,elevated
7692,28,,elevated
7693,0,,high
7694,,lapsed 60 days,high
7695,30,,elevated
7696,67,,elevated
7697,70,,elevated
7698,8,,elevated
7699,0,,elevated
7700,18,,elevated
7701,27,,elevated
7702,26,,low
7703,10,,elevated
7704,,lapsed 47 days,high
7705,27,,elevated
7706,4,,elevated
7707,,lapsed 57 days,high
7708,20,,elevated
7709,,lapsed 63 days,high
7710,25,,elevated
7711,24,,elevated
7712,11,,elevated
7713,29,,low
7714,18,,elevated
7715,30,,elevated
7716,24,,low
7717,27,,low
7718,21,,elevated
7719,24,,elevated
7720,87,,low
7721,17,,elevated
7722,11,,elevated
7723,19,,elevated
7724,29,,elevated
7725,,lapsed 56 days,high
7726,0,,elevated
7727,41,,low
7728,27,,low
7729,25,,elevated
7730,21,,elevated
7731,16,,low
7732,44,,elevated
7733,43,,low
7734,7,,elevated
7735,0,,high
7736,,lapsed 44 days,high
7737,4,,elevated
7738,4,,elevated
7739,21,,low
7740,12,,elevated
7741,64,,elevated
7742,27,,low
7743,31,,elevated
7744,19,,elevated
7745,8,,elevated
7746,10,,elevated
7747,29,,low
7748,0,,high
7749,79,,elevated
7750,30,,low
7751,29,,elevated
7752,29,,low
7753,7,,elevated
7754,36,,elevated
7755,6,,elevated
7756,82,,low
7757,,lapsed 49 days,high
7758,13,,elevated
7759,55,,elevated
7760,88,,low
7761,4,,elevated
7762,54,,low
7763,23,,low
7764,0,,elevated
7765,24,,elevated
7766,25,,elevated
7767,25,,low
7768,,lapsed 15 days,high
7769,57,,low
7770,81,,low
7771,,lapsed 79 days,high
7772,25,,elevated
7773,,lapsed 43 days,high
7774,24,,low
7775,31,,elevated
7776,25,,elevated
7777,60,,elevated
7778,39,,low
7779,30,,elevated
7780,86,,low
7781,12,,elevated
7782,3,,elevated
7783,25,,elevated
7784,39,,elevated
7785,,lapsed 74 days,high
7786,45,,elevated
7787,0,,elevated
7788,84,,low
7789,88,,low
7790,29,,low
7791,34,,elevated
7792,55,,elevated
7793,9,,elevated
7794,51,,elevated
7795,28,,low
7796,56,,elevated
7797,83,,elevated
7798,,lapsed 44 days,high
7799,0,,high
7800,25,,elevated
7801,5,,elevated
7802,62,,elevated
7803,55,,elevated
7804,20,,elevated
7805,5,,elevated
7806,35,,low
7807,42,,low
7808,5,,elevated
7809,7,,elevated
7810,30,,elevated
7811,28,,low
7812,30,,low
7813,30,,low
7814,28,,low
7815,,lapsed 36 days,high
7816,25,,elevated
7817,55,,elevated
7818,27,,elevated
7819,54,,low
7820,,lapsed 35 days,high
7821,,lapsed 53 days,high
7822,13,,elevated
7823,,lapsed 47 days,high
7824,24,,elevated
7825,23,,elevated
7826,54,,low
7827,32,,low
7828,25,,low
7829,24,,elevated
7830,,lapsed 52 days,high
7831,24,,elevated
7832,24,,low
7833,26,,elevated
7834,36,,elevated
7835,42,,low
7836,60,,elevated
7837,90,,low
7838,,lapsed 55 days,high
7839,0,,elevated
7840,29,,low
7841,23,,elevated
7842,0,,elevated
7843,0,,elevated
7844,88,,low
7845,31,,elevated
7846,70,,low
7847,23,,low
7848,29,,low
7849,27,,low
7850,30,,low
7851,11,,elevated
7852,19,,low
7853,0,,high
7854,29,,elevated
7855,26,,elevated
7856,19,,elevated
7857,0,,high
7858,0,,high
7859,0,,high
7860,27,,low
7861,,lapsed 67 days,high
7862,28,,elevated
7863,0,,elevated
7864,30,,low
7865,26,,elevated
7866,22,,elevated
7867,11,,elevated
7868,27,,elevated
7869,13,,elevated
7870,0,,elevated
7871,29,,low
7872,2,,elevated
7873,30,,low
7874,1,,elevated
7875,26,,elevated
7876,10,,elevated
7877,59,,low
7878,,lapsed 57 days,high
7879,44,,elevated
7880,0,,high
7881,27,,elevated
7882,33,,low
7883,28,,elevated
7884,21,,elevated
7885,23,,low
7886,54,,elevated
7887,27,,elevated
7888,,lapsed 28 days,high
7889,12,,elevated
7890,69,,elevated
7891,30,,low
7892,18,,elevated
7893,12,,elevated
7894,0,,high
7895,30,,elevated
7896,75,,low
7897,0,,high
7898,84,,low
7899,28,,low
7900,27,,elevated
7901,19,,low
7902,24,,low
7903,0,,elevated
7904,23,,elevated
7905,0,,elevated
7906,29,,elevated
7907,25,,low
7908,0,,high
7909,33,,low
7910,,lapsed 82 days,high
7911,0,,elevated
7912,16,,elevated
7913,41,,low
7914,25,,elevated
7915,,lapsed 80 days,high
7916,33,,low
7917,38,,elevated
7918,23,,elevated
7919,,lapsed 40 days,high
7920,5,,elevated
7921,3,,elevated
7922,42,,low
7923,0,,elevated
7924,3,,elevated
7925,29,,low
7926,23,,low
7927,46,,elevated
7928,19,,elevated
7929,9,,elevated
7930,27,,low
7931,18,,elevated
7932,2,,elevated
7933,58,,low
7934,24,,low
7935,29,,low
7936,8,,elevated
7937,29,,low
7938,,lapsed 44 days,high
7939,0,,elevated
7940,30,,low
7941,2,,elevated
7942,49,,elevated
7943,29,,low
7944,0,,high
7945,22,,elevated
7946,1,,elevated
7947,30,,elevated
7948,29,,low
7949,41,,low
7950,26,,low
7951,,lapsed 50 days,high
7952,12,,elevated
7953,0,,elevated
7954,25,,low
7955,0,,elevated
7956,6,,elevated
7957,0,,high
7958,21,,low
7959,29,,low
7960,,lapsed 65 days,high
7961,23,,elevated
7962,42,,low
7963,0,,elevated
7964,11,,elevated
7965,38,,elevated
7966,28,,elevated
7967,23,,elevated
7968,,lapsed 45 days,high
7969,43,,elevated
7970,,lapsed 75 days,high
7971,15,,elevated
7972,7,,elevated
7973,25,,elevated
7974,87,,low
7975,0,,elevated
7976,25,,elevated
7977,0,,elevated
7978,22,,elevated
7979,31,,elevated
7980,26,,elevated
7981,0,,elevated
7982,43,,low
7983,24,,low
7984,28,,low
7985,16,,elevated
7986,,lapsed 89 days,high
7987,4,,elevated
7988,26,,low
7989,3,,elevated
7990,40,,low
7991,18,,elevated
7992,1,,elevated
7993,54,,low
7994,34,,elevated
7995,15,,elevated
7996,16,,elevated
7997,18,,low
7998,17,,elevated
7999,30,,low
8000,10,,elevated
8001,32,,elevated
8002,63,,elevated
8003,23,,elevated
8004,,lapsed 18 days,high
8005,72,,elevated
8006,29,,low
8007,25,,low
8008,27,,low
8009,42,,elevated
8010,84,,low
8011,0,,high
8012,19,,elevated
8013,0,,high
8014,24,,elevated
8015,25,,elevated
8016,47,,elevated
8017,90,,low
8018,44,,elevated
8019,70,,low
8020,0,,elevated
8021,42,,elevated
8022,1,,elevated
8023,30,,low
8024,24,,low
8025,89,,elevated
8026,64,,elevated
8027,14,,elevated
8028,27,,low
8029,23,,low
8030,23,,elevated
8031,33,,elevated
8032,28,,low
8033,0,,elevated
8034,40,,elevated
8035,62,,elevated
8036,59,,low
8037,40,,low
8038,56,,elevated
8039,3,,elevated
8040,90,,low
8041,10,,elevated
8042,23,,elevated
8043,24,,elevated
8044,27,,elevated
8045,35,,elevated
8046,29,,low
8047,0,,elevated
8048,14,,elevated
8049,10,,elevated
8050,41,,elevated
8051,27,,elevated
8052,23,,elevated
8053,35,,low
8054,,lapsed 62 days,high
8055,16,,elevated
8056,0,,high
8057,22,,elevated
8058,15,,elevated
8059,23,,elevated
8060,1,,elevated
8061,25,,elevated
8062,4,,elevated
8063,0,,high
8064,8,,elevated
8065,5,,elevated
8066,24,,low
8067,23,,elevated
8068,24,,elevated
8069,,lapsed 19 days,high
8070,25,,elevated
8071,45,,low
8072,19,,elevated
8073,35,,elevated
8074,6,,elevated
8075,,lapsed 31 days,high
8076,60,,low
8077,57,,elevated
8078,29,,low
8079,22,,elevated
8080,23,,elevated
8081,8,,elevated
8082,0,,elevated
8083,8,,elevated
8084,25,,elevated
8085,26,,elevated
8086,21,,elevated
8087,2,,elevated
8088,81,,elevated
8089,8,,elevated
8090,0,,elevated
8091,44,,elevated
8092,0,,elevated
8093,7,,elevated
8094,79,,low
8095,9,,elevated
8096,21,,elevated
8097,9,,elevated
8098,30,,elevated
8099,10,,elevated
8100,0,,high
8101,31,,elevated
8102,11,,elevated
8103,2,,elevated
8104,64,,elevated
8105,86,,elevated
8106,26,,elevated
8107,0,,elevated
8108,15,,elevated
8109,13,,elevated
8110,25,,elevated
8111,29,,elevated
8112,0,,high
8113,,lapsed 68 days,high
8114,84,,elevated
8115,11,,elevated
8116,,lapsed 89 days,high
8117,30,,low
8118,21,,elevated
8119,0,,high
8120,22,,elevated
8121,64,,elevated
8122,66,,elevated
8123,23,,low
8124,66,,elevated
8125,0,,elevated
8126,55,,low
8127,,lapsed 38 days,high
8128,53,,low
8129,,lapsed 29 days,high
8130,6,,elevated
8131,22,,elevated
8132,9,,elevated
8133,27,,low
8134,23,,low
8135,14,,elevated
8136,,lapsed 15 days,high
8137,28,,low
8138,,lapsed 71 days,high
8139,0,,elevated
8140,28,,elevated
8141,30,,low
8142,16,,elevated
8143,2,,elevated
8144,24,,elevated
8145,24,,elevated
8146,2,,elevated
8147,29,,low
8148,37,,elevated
8149,20,,elevated
8150,3,,elevated
8151,27,,elevated
8152,2,,elevated
8153,13,,elevated
8154,53,,low
8155,25,,low
8156,52,,elevated
8157,0,,elevated
8158,35,,elevated
8159,37,,low
8160,29,,elevated
8161,0,,high
8162,17,,elevated
8163,0,,elevated
8164,0,,elevated
8165,42,,elevated
8166,,lapsed 87 days,high
8167,0,,high
8168,47,,low
8169,44,,elevated
8170,23,,elevated
8171,,lapsed 58 days,high
8172,45,,elevated
8173,19,,low
8174,0,,high
8175,26,,elevated
8176,4,,elevated
8177,33,,elevated
8178,1,,elevated
8179,16,,elevated
8180,16,,elevated
8181,12,,elevated
8182,12,,elevated
8183,18,,elevated
8184,,lapsed 18 days,elevated
8185,45,,low
8186,27,,low
8187,30,,low
8188,15,,elevated
8189,24,,elevated
8190,3,,elevated
8191,21,,elevated
8192,,lapsed 60 days,high
8193,18,,elevated
8194,77,,low
8195,21,,elevated
8196,23,,elevated
8197,44,,low
8198,0,,high
8199,9,,elevated
8200,72,,elevated
8201,24,,elevated
8202,,lapsed 16 days,high
8203,35,,low
8204,0,,high
8205,54,,elevated
8206,0,,elevated
8207,0,,high
8208,3,,elevated
8209,57,,low
8210,30,,elevated
8211,27,,low
8212,1,,elevated
8213,75,,elevated
8214,24,,low
8215,81,,low
8216,24,,elevated
8217,26,,low
8218,28,,elevated
8219,12,,elevated
8220,,lapsed 83 days,high
8221,27,,elevated
8222,,lapsed 28 days,high
8223,2,,elevated
8224,30,,elevated
8225,49,,elevated
8226,42,,elevated
8227,5,,elevated
8228,,lapsed 20 days,high
8229,,lapsed 20 days,high
8230,7,,elevated
8231,5,,elevated
8232,26,,low
8233,67,,elevated
8234,52,,elevated
8235,0,,elevated
8236,25,,low
8237,,lapsed 15 days,high
8238,2,,elevated
8239,30,,elevated
8240,18,,elevated
8241,2,,elevated
8242,0,,elevated
8243,15,,elevated
8244,42,,elevated
8245,0,,high
8246,6,,elevated
8247,6,,elevated
8248,19,,elevated
8249,0,,high
8250,0,,high
8251,19,,elevated
8252,14,,elevated
8253,54,,elevated
8254,29,,low
8255,,lapsed 46 days,high
8256,,lapsed 15 days,high
8257,18,,elevated
8258,8,,elevated
8259,,lapsed 63 days,high
8260,11,,elevated
8261,27,,low
8262,24,,elevated
8263,15,,elevated
8264,0,,high
8265,,lapsed 15 days,high
8266,56,,elevated
8267,22,,elevated
8268,85,,low
8269,80,,low
8270,46,,elevated
8271,1,,elevated
8272,0,,elevated
8273,0,,high
8274,19,,elevated
8275,3,,elevated
8276,28,,elevated
8277,87,,low
8278,67,,elevated
8279,11,,elevated
8280,46,,low
8281,26,,elevated
8282,18,,elevated
8283,20,,elevated
8284,88,,low
8285,47,,elevated
8286,89,,elevated
8287,24,,elevated
8288,29,,low
8289,9,,elevated
8290,14,,elevated
8291,23,,low
8292,26,,low
8293,43,,elevated
8294,84,,elevated
8295,34,,low
8296,20,,elevated
8297,41,,elevated
8298,26,,low
8299,,lapsed 38 days,high
8300,0,,elevated
8301,44,,elevated
8302,21,,elevated
8303,,lapsed 69 days,high
8304,75,,low
8305,29,,low
8306,18,,elevated
8307,15,,elevated
8308,83,,low
8309,55,,low
8310,2,,elevated
8311,16,,elevated
8312,16,,elevated
8313,26,,elevated
8314,0,,elevated
8315,,lapsed 51 days,high
8316,,lapsed 15 days,high
8317,23,,low
8318,30,,low
8319,16,,elevated
8320,24,,low
8321,,lapsed 39 days,high
8322,0,,high
8323,7,,elevated
8324,20,,elevated
8325,23,,elevated
8326,,lapsed 21 days,high
8327,24,,elevated
8328,53,,low
8329,28,,elevated
8330,24,,low
8331,5,,elevated
8332,0,,elevated
8333,0,,high
8334,26,,elevated
8335,36,,elevated
8336,0,,high
8337,23,,elevated
8338,17,,elevated
8339,,lapsed 49 days,high
8340,6,,elevated
8341,5,,elevated
8342,84,,low
8343,0,,elevated
8344,,lapsed 49 days,high
8345,14,,elevated
8346,6,,elevated
8347,49,,elevated
8348,26,,elevated
8349,10,,elevated
8350,24,,low
8351,44,,low
8352,35,,elevated
8353,,lapsed 88 days,high
8354,12,,elevated
8355,7,,elevated
8356,3,,elevated
8357,86,,elevated
8358,36,,low
8359,14,,elevated
8360,25,,elevated
8361,39,,elevated
8362,66,,elevated
8363,0,,high
8364,27,,elevated
8365,60,,low
8366,18,,elevated
8367,0,,elevated
8368,16,,elevated
8369,29,,elevated
8370,11,,elevated
8371,,lapsed 25 days,high
8372,5,,elevated
8373,35,,elevated
8374,20,,elevated
8375,19,,elevated
8376,27,,elevated
8377,27,,elevated
8378,0,,elevated
8379,0,,high
8380,53,,elevated
8381,26,,elevated
8382,0,,elevated
8383,42,,elevated
8384,27,,low
8385,66,,elevated
8386,,lapsed 25 days,high
8387,26,,elevated
8388,,lapsed 79 days,high
8389,29,,low
8390,27,,elevated
8391,,lapsed 87 days,high
8392,26,,low
8393,0,,elevated
8394,28,,elevated
8395,0,,high
8396,21,,elevated
8397,29,,elevated
8398,65,,elevated
8399,7,,elevated
8400,89,,low
8401,13,,elevated
8402,12,,elevated
8403,39,,low
8404,0,,elevated
8405,44,,elevated
8406,67,,elevated
8407,13,,elevated
8408,24,,elevated
8409,0,,elevated
8410,25,,elevated
8411,0,,elevated
8412,86,,low
8413,0,,elevated
8414,41,,low
8415,73,,low
8416,0,,high
8417,0,,elevated
8418,30,,elevated
8419,17,,elevated
8420,5,,elevated
8421,24,,low
8422,53,,elevated
8423,25,,low
8424,28,,elevated
8425,80,,elevated
8426,30,,low
8427,41,,low
8428,,lapsed 26 days,high
8429,28,,elevated
8430,,lapsed 37 days,high
8431,,lapsed 80 days,high
8432,2,,elevated
8433,12,,elevated
8434,23,,elevated
8435,84,,low
8436,42,,low
8437,2,,elevated
8438,30,,elevated
8439,60,,elevated
8440,20,,elevated
8441,23,,elevated
8442,25,,elevated
8443,19,,low
8444,43,,low
8445,86,,elevated
8446,54,,elevated
8447,22,,low
8448,0,,high
8449,54,,elevated
8450,0,,elevated
8451,0,,high
8452,13,,elevated
8453,32,,elevated
8454,12,,elevated
8455,30,,low
8456,26,,elevated
8457,65,,elevated
8458,27,,low
8459,20,,elevated
8460,15,,elevated
8461,,lapsed 81 days,high
8462,60,,low
8463,5,,elevated
8464,57,,elevated
8465,58,,elevated
8466,38,,low
8467,29,,low
8468,22,,elevated
8469,26,,low
8470,,lapsed 46 days,high
8471,27,,elevated
8472,0,,high
8473,41,,elevated
8474,25,,elevated
8475,39,,elevated
8476,,lapsed 88 days,high
8477,41,,low
8478,86,,low
8479,0,,high
8480,6,,elevated
8481,0,,high
8482,32,,low
8483,27,,elevated
8484,38,,low
8485,57,,elevated
8486,24,,low
8487,28,,low
8488,12,,elevated
8489,28,,elevated
8490,89,,low
8491,0,,high
8492,0,,elevated
8493,5,,elevated
8494,32,,elevated
8495,12,,elevated
8496,7,,elevated
8497,1,,elevated
8498,,lapsed 45 days,high
8499,10,,elevated
8500,2,,elevated
8501,25,,low
8502,0,,elevated
8503,39,,low
8504,24,,elevated
8505,,lapsed 79 days,high
8506,27,,elevated
8507,11,,elevated
8508,43,,low
8509,55,,low
8510,,lapsed 62 days,high
8511,25,,low
8512,22,,elevated
8513,4,,elevated
8514,6,,elevated
8515,25,,low
8516,49,,elevated
8517,0,,high
8518,27,,low
8519,0,,elevated
8520,24,,elevated
8521,1,,elevated
8522,22,,elevated
8523,29,,low
8524,26,,low
8525,30,,elevated
8526,26,,elevated
8527,3,,elevated
8528,13,,elevated
8529,90,,low
8530,2,,elevated
8531,10,,elevated
8532,30,,low
8533,6,,elevated
8534,17,,elevated
8535,56,,elevated
8536,28,,low
8537,,lapsed 86 days,high
8538,28,,elevated
8539,18,,elevated
8540,73,,elevated
8541,0,,high
8542,80,,low
8543,58,,low
8544,28,,low
8545,23,,elevated
8546,23,,low
8547,39,,low
8548,13,,elevated
8549,27,,low
8550,63,,elevated
8551,53,,low
8552,,lapsed 46 days,high
8553,,lapsed 68 days,high
8554,14,,elevated
8555,0,,high
8556,18,,elevated
8557,,lapsed 71 days,high
8558,23,,elevated
8559,0,,elevated
8560,18,,elevated
8561,30,,low
8562,39,,low
8563,70,,low
8564,24,,elevated
8565,22,,elevated
8566,15,,elevated
8567,43,,low
8568,44,,low
8569,6,,elevated
8570,29,,low
8571,18,,elevated
8572,25,,elevated
8573,9,,elevated
8574,11,,elevated
8575,83,,low
8576,25,,elevated
8577,6,,elevated
8578,11,,elevated
8579,7,,elevated
8580,34,,elevated
8581,21,,elevated
8582,4,,elevated
8583,,lapsed 18 days,high
8584,63,,elevated
8585,0,,elevated
8586,27,,low
8587,24,,low
8588,29,,low
8589,14,,elevated
8590,89,,elevated
8591,9,,elevated
8592,54,,elevated
8593,26,,low
8594,2,,elevated
8595,5,,elevated
8596,30,,low
8597,35,,elevated
8598,27,,low
8599,0,,high
8600,32,,elevated
8601,0,,elevated
8602,,lapsed 50 days,high
8603,24,,low
8604,,lapsed 73 days,high
8605,67,,low
8606,30,,low
8607,26,,low
8608,27,,low
8609,0,,high
8610,21,,elevated
8611,30,,elevated
8612,32,,elevated
8613,54,,low
8614,0,,high
8615,30,,low
8616,44,,low
8617,39,,elevated
8618,52,,low
8619,26,,elevated
8620,36,,elevated
8621,0,,high
8622,25,,elevated
8623,14,,elevated
8624,12,,elevated
8625,39,,elevated
8626,,lapsed 60 days,high
8627,10,,elevated
8628,,lapsed 15 days,high
8629,,lapsed 86 days,high
8630,1,,elevated
8631,5,,elevated
8632,1,,elevated
8633,26,,low
8634,16,,elevated
8635,24,,low
8636,18,,elevated
8637,60,,elevated
8638,71,,elevated
8639,29,,low
8640,15,,elevated
8641,26,,elevated
8642,7,,elevated
8643,29,,low
8644,41,,low
8645,41,,elevated
8646,39,,low
8647,29,,low
8648,26,,elevated
8649,0,,high
8650,25,,low
8651,78,,low
8652,28,,low
8653,19,,elevated
8654,57,,low
8655,0,,elevated
8656,42,,low
8657,28,,low
8658,29,,elevated
8659,10,,elevated
8660,0,,high
8661,44,,elevated
8662,20,,elevated
8663,,lapsed 63 days,high
8664,26,,low
8665,45,,low
8666,26,,elevated
8667,40,,low
8668,88,,low
8669,6,,elevated
8670,0,,high
8671,11,,elevated
8672,36,,low
8673,56,,low
8674,0,,high
8675,,lapsed 63 days,high
8676,43,,low
8677,12,,elevated
8678,42,,low
8679,0,,high
8680,42,,elevated
8681,17,,elevated
8682,0,,elevated
8683,24,,low
8684,17,,elevated
8685,0,,elevated
8686,,lapsed 26 days,high
8687,31,,elevated
8688,0,,elevated
8689,19,,elevated
8690,0,,high
8691,23,,elevated
8692,56,,low
8693,17,,elevated
8694,16,,elevated
8695,67,,elevated
8696,25,,elevated
8697,15,,elevated
8698,22,,elevated
8699,34,,elevated
8700,45,,low
8701,,lapsed 53 days,high
8702,23,,elevated
8703,0,,high
8704,20,,elevated
8705,18,,elevated
8706,14,,elevated
8707,63,,elevated
8708,28,,elevated
8709,15,,elevated
8710,24,,elevated
8711,3,,elevated
8712,24,,elevated
8713,,lapsed 31 days,high
8714,10,,elevated
8715,87,,elevated
8716,49,,elevated
8717,,lapsed 29 days,high
8718,28,,elevated
8719,1,,elevated
8720,17,,elevated
8721,,lapsed 52 days,high
8722,2,,elevated
8723,22,,elevated
8724,19,,elevated
8725,53,,elevated
8726,87,,low
8727,24,,elevated
8728,30,,low
8729,3,,elevated
8730,16,,elevated
8731,8,,elevated
8732,0,,high
8733,23,,elevated
8734,24,,elevated
8735,2,,elevated
8736,8,,elevated
8737,61,,low
8738,12,,elevated
8739,20,,elevated
8740,41,,low
8741,,lapsed 85 days,high
8742,23,,low
8743,28,,elevated
8744,25,,elevated
8745,40,,low
8746,29,,low
8747,0,,elevated
8748,53,,low
8749,17,,elevated
8750,53,,low
8751,39,,elevated
8752,42,,low
8753,27,,elevated
8754,29,,elevated
8755,0,,elevated
8756,24,,elevated
8757,15,,elevated
8758,2,,elevated
8759,15,,elevated
8760,13,,elevated
8761,38,,elevated
8762,48,,elevated
8763,14,,elevated
8764,26,,elevated
8765,,lapsed 74 days,high
8766,29,,elevated
8767,23,,elevated
8768,64,,elevated
8769,23,,low
8770,39,,low
8771,30,,low
8772,53,,low
8773,27,,elevated
8774,44,,low
8775,29,,low
8776,0,,elevated
8777,7,,elevated
8778,53,,elevated
8779,41,,elevated
8780,17,,elevated
8781,19,,elevated
8782,49,,low
8783,19,,elevated
8784,0,,elevated
8785,0,,elevated
8786,6,,elevated
8787,57,,low
8788,12,,elevated
8789,23,,low
8790,0,,high
8791,16,,elevated
8792,90,,low
8793,0,,high
8794,38,,elevated
8795,29,,low
8796,29,,elevated
8797,85,,elevated
8798,11,,elevated
8799,54,,low
8800,33,,elevated
8801,19,,elevated
8802,16,,elevated
8803,23,,elevated
8804,60,,elevated
8805,18,,elevated
8806,54,,low
8807,3,,elevated
8808,0,,high
8809,59,,elevated
8810,19,,elevated
8811,0,,elevated
8812,,lapsed 39 days,high
8813,44,,low
8814,13,,elevated
8815,,lapsed 90 days,high
8816,17,,elevated
8817,0,,elevated
8818,1,,elevated
8819,38,,elevated
8820,26,,elevated
8821,6,,elevated
8822,26,,low
8823,26,,elevated
8824,71,,low
8825,0,,high
8826,,lapsed 28 days,high
8827,23,,low
8828,,lapsed 17 days,elevated
8829,42,,elevated
8830,25,,elevated
8831,60,,low
8832,24,,low
8833,29,,low
8834,0,,elevated
8835,28,,low
8836,0,,elevated
8837,30,,low
8838,33,,elevated
8839,30,,elevated
8840,10,,elevated
8841,12,,elevated
8842,,lapsed 83 days,high
8843,22,,elevated
8844,27,,low
8845,33,,low
8846,66,,elevated
8847,6,,elevated
8848,15,,elevated
8849,28,,low
8850,37,,low
8851,35,,elevated
8852,10,,elevated
8853,,lapsed 72 days,high
8854,27,,elevated
8855,55,,elevated
8856,40,,elevated
8857,0,,high
8858,23,,elevated
8859,,lapsed 70 days,high
8860,23,,elevated
8861,23,,elevated
8862,23,,elevated
8863,32,,elevated
8864,23,,elevated
8865,0,,high
8866,24,,elevated
8867,,lapsed 40 days,high
8868,45,,elevated
8869,25,,low
8870,25,,low
8871,10,,elevated
8872,29,,low
8873,20,,elevated
8874,26,,low
8875,25,,low
8876,,lapsed 61 days,high
8877,11,,elevated
8878,,lapsed 15 days,high
8879,26,,low
8880,1,,elevated
8881,17,,elevated
8882,,lapsed 67 days,high
8883,42,,low
8884,,lapsed 22 days,high
8885,29,,elevated
8886,16,,elevated
8887,89,,elevated
8888,24,,low
8889,0,,elevated
8890,41,,low
8891,31,,elevated
8892,27,,low
8893,0,,high
8894,16,,elevated
8895,53,,low
8896,24,,elevated
8897,0,,elevated
8898,3,,elevated
8899,9,,elevated
8900,22,,elevated
8901,8,,elevated
8902,,lapsed 90 days,high
8903,20,,elevated
8904,7,,elevated
8905,45,,low
8906,36,,elevated
8907,10,,elevated
8908,42,,low
8909,23,,elevated
8910,2,,elevated
8911,6,,elevated
8912,20,,elevated
8913,34,,low
8914,26,,low
8915,1,,elevated
8916,44,,low
8917,18,,elevated
8918,43,,low
8919,1,,elevated
8920,60,,low
8921,31,,elevated
8922,1,,elevated
8923,3,,elevated
8924,24,,elevated
8925,58,,low
8926,32,,elevated
8927,24,,elevated
8928,29,,low
8929,27,,low
8930,0,,elevated
8931,57,,elevated
8932,49,,elevated
8933,1,,elevated
8934,,lapsed 20 days,high
8935,26,,elevated
8936,52,,elevated
8937,16,,elevated
8938,21,,elevated
8939,27,,elevated
8940,58,,low
8941,30,,low
8942,14,,elevated
8943,14,,elevated
8944,25,,low
8945,41,,elevated
8946,22,,elevated
8947,,lapsed 55 days,high
8948,35,,low
8949,16,,elevated
8950,18,,elevated
8951,26,,elevated
8952,78,,elevated
8953,0,,elevated
8954,81,,elevated
8955,87,,low
8956,14,,elevated
8957,8,,elevated
8958,0,,high
8959,49,,elevated
8960,,lapsed 52 days,high
8961,21,,elevated
8962,59,,low
8963,,lapsed 82 days,high
8964,58,,elevated
8965,,lapsed 55 days,high
8966,24,,elevated
8967,26,,elevated
8968,27,,elevated
8969,41,,low
8970,0,,elevated
8971,0,,high
8972,24,,elevated
8973,15,,elevated
8974,,lapsed 62 days,high
8975,0,,elevated
8976,34,,low
8977,0,,elevated
8978,84,,low
8979,0,,elevated
8980,27,,low
8981,28,,low
8982,89,,low
8983,28,,elevated
8984,0,,high
8985,77,,low
8986,24,,elevated
8987,57,,low
8988,38,,low
8989,1,,elevated
8990,19,,elevated
8991,5,,elevated
8992,25,,low
8993,,lapsed 38 days,high
8994,,lapsed 68 days,high
8995,39,,elevated
8996,14,,elevated
8997,13,,elevated
8998,43,,low
8999,29,,low
9000,49,,elevated
9001,0,,elevated
9002,90,,low
9003,45,,low
9004,20,,elevated
9005,14,,elevated
9006,13,,elevated
9007,55,,elevated
9008,35,,low
9009,24,,elevated
9010,28,,elevated
9011,5,,elevated
9012,39,,low
9013,0,,high
9014,20,,elevated
9015,30,,elevated
9016,,lapsed 43 days,high
9017,28,,elevated
9018,5,,elevated
9019,0,,high
9020,33,,elevated
9021,,lapsed 23 days,high
9022,5,,elevated
9023,23,,elevated
9024,0,,high
9025,,lapsed 87 days,high
9026,15,,elevated
9027,,lapsed 18 days,high
9028,20,,low
9029,82,,low
9030,3,,elevated
9031,28,,low
9032,0,,high
9033,44,,elevated
9034,86,,low
9035,29,,elevated
9036,6,,elevated
9037,77,,low
9038,38,,elevated
9039,,lapsed 37 days,high
9040,,lapsed 39 days,high
9041,0,,high
9042,25,,low
9043,7,,elevated
9044,55,,low
9045,0,,elevated
9046,6,,elevated
9047,28,,elevated
9048,0,,high
9049,18,,elevated
9050,42,,elevated
9051,,lapsed 37 days,high
9052,29,,elevated
9053,16,,elevated
9054,37,,elevated
9055,16,,elevated
9056,28,,elevated
9057,90,,low
9058,6,,elevated
9059,30,,elevated
9060,34,,elevated
9061,,lapsed 38 days,high
9062,55,,elevated
9063,86,,low
9064,1,,elevated
9065,1,,elevated
9066,17,,elevated
9067,20,,elevated
9068,12,,elevated
9069,41,,low
9070,31,,elevated
9071,84,,low
9072,20,,elevated
9073,52,,elevated
9074,,lapsed 85 days,high
9075,58,,low
9076,20,,elevated
9077,83,,low
9078,,lapsed 57 days,high
9079,27,,low
9080,46,,elevated
9081,4,,elevated
9082,28,,elevated
9083,0,,elevated
9084,85,,low
9085,40,,elevated
9086,0,,elevated
9087,,lapsed 87 days,high
9088,54,,low
9089,30,,low
9090,,lapsed 74 days,high
9091,30,,low
9092,28,,low
9093,7,,elevated
9094,81,,elevated
9095,0,,high
9096,8,,elevated
9097,23,,low
9098,29,,elevated
9099,,lapsed 69 days,high
9100,23,,elevated
9101,0,,elevated
9102,4,,elevated
9103,17,,elevated
9104,24,,low
9105,88,,low
9106,40,,elevated
9107,19,,elevated
9108,4,,elevated
9109,0,,high
9110,23,,elevated
9111,7,,elevated
9112,28,,elevated
9113,15,,elevated
9114,23,,elevated
9115,26,,low
9116,17,,elevated
9117,25,,elevated
9118,13,,elevated
9119,26,,elevated
9120,23,,elevated
9121,5,,elevated
9122,,lapsed 75 days,high
9123,40,,elevated
9124,30,,elevated
9125,30,,elevated
9126,17,,elevated
9127,0,,elevated
9128,29,,elevated
9129,53,,elevated
9130,24,,elevated
9131,19,,elevated
9132,21,,elevated
9133,0,,elevated
9134,26,,low
9135,,lapsed 41 days,high
9136,24,,elevated
9137,25,,elevated
9138,46,,elevated
9139,50,,elevated
9140,41,,elevated
9141,60,,low
9142,,lapsed 43 days,high
9143,83,,low
9144,22,,elevated
9145,0,,elevated
9146,43,,low
9147,24,,elevated
9148,16,,elevated
9149,27,,elevated
9150,27,,elevated
9151,87,,low
9152,24,,elevated
9153,7,,elevated
9154,0,,elevated
9155,0,,high
9156,0,,elevated
9157,4,,elevated
9158,0,,high
9159,27,,low
9160,3,,elevated
9161,1,,elevated
9162,27,,low
9163,,lapsed 69 days,high
9164,41,,low
9165,0,,high
9166,4,,elevated
9167,0,,high
9168,32,,elevated
9169,40,,elevated
9170,19,,elevated
9171,30,,low
9172,,lapsed 28 days,high
9173,27,,low
9174,,lapsed 36 days,high
9175,20,,elevated
9176,7,,elevated
9177,26,,elevated
9178,21,,elevated
9179,5,,elevated
9180,21,,elevated
9181,21,,elevated
9182,26,,low
9183,54,,elevated
9184,58,,elevated
9185,15,,elevated
9186,23,,elevated
9187,19,,elevated
9188,0,,elevated
9189,0,,high
9190,14,,elevated
9191,14,,elevated
9192,84,,low
9193,60,,elevated
9194,27,,elevated
9195,30,,elevated
9196,23,,low
9197,57,,low
9198,5,,elevated
9199,25,,low
9200,,lapsed 25 days,high
9201,28,,elevated
9202,28,,low
9203,29,,low
9204,50,,low
9205,29,,low
9206,30,,low
9207,18,,elevated
9208,60,,elevated
9209,44,,elevated
9210,3,,elevated
9211,37,,low
9212,6,,elevated
9213,18,,elevated
9214,68,,elevated
9215,35,,elevated
9216,24,,elevated
9217,,lapsed 87 days,high
9218,25,,elevated
9219,35,,elevated
9220,21,,elevated
9221,89,,low
9222,45,,low
9223,8,,elevated
9224,43,,low
9225,,lapsed 37 days,high
9226,29,,low
9227,29,,low
9228,,lapsed 46 days,high
9229,90,,elevated
9230,,lapsed 75 days,high
9231,26,,low
9232,0,,high
9233,29,,elevated
9234,2,,elevated
9235,27,,elevated
9236,38,,low
9237,61,,elevated
9238,22,,low
9239,45,,elevated
9240,22,,low
9241,27,,elevated
9242,0,,elevated
9243,24,,low
9244,23,,elevated
9245,0,,high
9246,23,,low
9247,30,,low
9248,23,,low
9249,29,,elevated
9250,30,,low
9251,69,,low
9252,32,,low
9253,,lapsed 28 days,high
9254,16,,elevated
9255,41,,low
9256,89,,low
9257,27,,low
9258,31,,elevated
9259,28,,low
9260,2,,elevated
9261,15,,elevated
9262,50,,elevated
9263,27,,low
9264,33,,elevated
9265,36,,elevated
9266,58,,low
9267,0,,elevated
9268,6,,elevated
9269,23,,elevated
9270,18,,elevated
9271,87,,elevated
9272,59,,low
9273,3,,elevated
9274,24,,elevated
9275,11,,elevated
9276,51,,low
9277,13,,elevated
9278,6,,elevated
9279,,lapsed 18 days,high
9280,29,,low
9281,58,,elevated
9282,36,,elevated
9283,23,,elevated
9284,7,,elevated
9285,26,,low
9286,74,,elevated
9287,38,,low
9288,0,,elevated
9289,8,,elevated
9290,1,,elevated
9291,0,,elevated
9292,24,,low
9293,53,,low
9294,27,,elevated
9295,13,,elevated
9296,41,,elevated
9297,26,,elevated
9298,4,,elevated
9299,25,,elevated
9300,50,,elevated
9301,,lapsed 54 days,high
9302,59,,low
9303,0,,elevated
9304,41,,elevated
9305,7,,elevated
9306,0,,elevated
9307,28,,low
9308,0,,high
9309,23,,elevated
9310,85,,elevated
9311,4,,elevated
9312,,lapsed 50 days,high
9313,,lapsed 46 days,high
9314,,lapsed 42 days,high
9315,26,,low
9316,16,,elevated
9317,67,,elevated
9318,53,,low
9319,0,,elevated
9320,22,,elevated
9321,28,,elevated
9322,26,,low
9323,37,,elevated
9324,54,,elevated
9325,,lapsed 64 days,high
9326,42,,elevated
9327,,lapsed 60 days,high
9328,83,,elevated
9329,10,,elevated
9330,29,,elevated
9331,0,,elevated
9332,0,,elevated
9333,23,,elevated
9334,14,,elevated
9335,44,,low
9336,0,,elevated
9337,24,,elevated
9338,43,,low
9339,23,,elevated
9340,29,,elevated
9341,0,,high
9342,24,,elevated
9343,0,,elevated
9344,27,,low
9345,0,,elevated
9346,26,,low
9347,28,,low
9348,11,,elevated
9349,25,,elevated
9350,86,,low
9351,36,,low
9352,0,,elevated
9353,2,,elevated
9354,25,,elevated
9355,35,,elevated
9356,11,,elevated
9357,27,,elevated
9358,60,,elevated
9359,35,,elevated
9360,2,,elevated
9361,,lapsed 35 days,high
9362,23,,low
9363,8,,elevated
9364,0,,elevated
9365,27,,low
9366,27,,low
9367,76,,elevated
9368,28,,low
9369,86,,elevated
9370,47,,low
9371,0,,elevated
9372,17,,elevated
9373,25,,elevated
9374,,lapsed 69 days,high
9375,25,,elevated
9376,0,,elevated
9377,27,,elevated
9378,30,,low
9379,19,,elevated
9380,31,,elevated
9381,43,,low
9382,22,,elevated
9383,17,,elevated
9384,24,,low
9385,66,,elevated
9386,40,,low
9387,49,,elevated
9388,86,,low
9389,37,,low
9390,26,,low
9391,17,,elevated
9392,27,,elevated
9393,74,,elevated
9394,30,,low
9395,29,,elevated
9396,,lapsed 15 days,high
9397,28,,low
9398,16,,elevated
9399,30,,low
9400,57,,elevated
9401,14,,elevated
9402,29,,elevated
9403,29,,low
9404,35,,elevated
9405,42,,low
9406,27,,low
9407,30,,low
9408,11,,elevated
9409,23,,low
9410,25,,low
9411,0,,high
9412,77,,elevated
9413,16,,elevated
9414,24,,low
9415,3,,elevated
9416,0,,elevated
9417,10,,elevated
9418,6,,elevated
9419,23,,elevated
9420,24,,elevated
9421,22,,elevated
9422,38,,elevated
9423,26,,elevated
9424,11,,elevated
9425,35,,elevated
9426,60,,low
9427,9,,elevated
9428,65,,elevated
9429,55,,elevated
9430,16,,elevated
9431,39,,elevated
9432,25,,low
9433,5,,elevated
9434,11,,elevated
9435,47,,elevated
9436,26,,low
9437,0,,high
9438,24,,elevated
9439,,lapsed 26 days,high
9440,47,,low
9441,24,,low
9442,27,,low
9443,30,,low
9444,,lapsed 25 days,high
9445,23,,low
9446,,lapsed 15 days,high
9447,0,,elevated
9448,26,,elevated
9449,34,,elevated
9450,31,,elevated
9451,,lapsed 53 days,high
9452,50,,elevated
9453,,lapsed 26 days,high
9454,0,,high
9455,40,,low
9456,38,,elevated
9457,0,,elevated
9458,,lapsed 67 days,high
9459,43,,elevated
9460,1,,elevated
9461,,lapsed 27 days,high
9462,18,,elevated
9463,30,,low
9464,12,,elevated
9465,0,,elevated
9466,22,,low
9467,28,,low
9468,24,,elevated
9469,21,,elevated
9470,26,,low
9471,28,,low
9472,79,,elevated
9473,0,,elevated
9474,,lapsed 53 days,high
9475,15,,elevated
9476,20,,elevated
9477,40,,low
9478,10,,elevated
9479,23,,elevated
9480,0,,elevated
9481,20,,elevated
9482,9,,elevated
9483,,lapsed 23 days,high
9484,26,,low
9485,21,,elevated
9486,45,,low
9487,12,,elevated
9488,71,,elevated
9489,38,,elevated
9490,23,,elevated
9491,3,,elevated
9492,18,,elevated
9493,84,,low
9494,19,,elevated
9495,24,,low
9496,29,,low
9497,23,,elevated
9498,58,,low
9499,28,,low
9500,51,,low
9501,40,,elevated
9502,13,,elevated
9503,2,,elevated
9504,24,,elevated
9505,,lapsed 73 days,high
9506,21,,elevated
9507,11,,elevated
9508,58,,elevated
9509,4,,elevated
9510,89,,elevated
9511,9,,elevated
9512,,lapsed 87 days,high
9513,43,,low
9514,10,,elevated
9515,17,,elevated
9516,23,,elevated
9517,7,,elevated
9518,55,,elevated
9519,53,,elevated
9520,6,,elevated
9521,13,,elevated
9522,0,,high
9523,9,,elevated
9524,30,,elevated
9525,4,,elevated
9526,27,,elevated
9527,44,,elevated
9528,0,,elevated
9529,14,,elevated
9530,18,,elevated
9531,19,,elevated
9532,24,,low
9533,28,,low
9534,27,,elevated
9535,5,,elevated
9536,30,,low
9537,29,,low
9538,18,,elevated
9539,8,,elevated
9540,13,,elevated
9541,,lapsed 54 days,high
9542,30,,elevated
9543,,lapsed 42 days,high
9544,30,,low
9545,59,,elevated
9546,24,,elevated
9547,23,,low
9548,31,,elevated
9549,0,,elevated
9550,13,,elevated
9551,27,,low
9552,60,,low
9553,14,,elevated
9554,,lapsed 66 days,high
9555,38,,low
9556,0,,elevated
9557,2,,elevated
9558,25,,low
9559,0,,high
9560,0,,elevated
9561,24,,elevated
9562,14,,elevated
9563,27,,elevated
9564,34,,elevated
9565,58,,elevated
9566,8,,elevated
9567,22,,elevated
9568,20,,low
9569,58,,low
9570,18,,elevated
9571,58,,low
9572,24,,elevated
9573,15,,elevated
9574,59,,low
9575,54,,low
9576,,lapsed 45 days,high
9577,5,,elevated
9578,4,,elevated
9579,8,,elevated
9580,10,,elevated
9581,,lapsed 72 days,high
9582,18,,elevated
9583,12,,elevated
9584,0,,elevated
9585,27,,elevated
9586,15,,elevated
9587,50,,elevated
9588,43,,elevated
9589,30,,elevated
9590,30,,low
9591,24,,elevated
9592,22,,low
9593,25,,elevated
9594,,lapsed 32 days,high
9595,25,,elevated
9596,26,,elevated
9597,28,,low
9598,0,,high
9599,,lapsed 49 days,high
9600,40,,elevated
9601,0,,high
9602,4,,elevated
9603,18,,elevated
9604,0,,elevated
9605,88,,low
9606,8,,elevated
9607,,lapsed 16 days,high
9608,21,,elevated
9609,30,,low
9610,0,,high
9611,14,,elevated
9612,19,,low
9613,12,,elevated
9614,0,,high
9615,33,,low
9616,,lapsed 90 days,high
9617,3,,elevated
9618,1,,elevated
9619,0,,elevated
9620,52,,elevated
9621,45,,low
9622,30,,low
9623,16,,elevated
9624,26,,low
9625,14,,elevated
9626,23,,low
9627,26,,elevated
9628,28,,elevated
9629,20,,elevated
9630,18,,elevated
9631,40,,elevated
9632,25,,elevated
9633,24,,elevated
9634,27,,elevated
9635,36,,elevated
9636,30,,low
9637,26,,low
9638,6,,elevated
9639,0,,elevated
9640,44,,elevated
9641,21,,elevated
9642,30,,elevated
9643,27,,low
9644,15,,elevated
9645,13,,elevated
9646,43,,elevated
9647,23,,elevated
9648,40,,elevated
9649,26,,low
9650,,lapsed 15 days,high
9651,6,,elevated
9652,,lapsed 19 days,high
9653,2,,elevated
9654,25,,low
9655,29,,elevated
9656,0,,high
9657,35,,elevated
9658,11,,elevated
9659,4,,elevated
9660,11,,elevated
9661,21,,elevated
9662,2,,elevated
9663,29,,low
9664,27,,elevated
9665,33,,elevated
9666,30,,elevated
9667,43,,low
9668,0,,elevated
9669,39,,elevated
9670,1,,elevated
9671,11,,elevated
9672,54,,elevated
9673,,lapsed 21 days,elevated
9674,3,,elevated
9675,12,,elevated
9676,0,,elevated
9677,28,,low
9678,0,,elevated
9679,85,,low
9680,26,,elevated
9681,37,,elevated
9682,0,,elevated
9683,22,,elevated
9684,49,,elevated
9685,21,,elevated
9686,21,,elevated
9687,1,,elevated
9688,30,,low
9689,,lapsed 15 days,high
9690,49,,low
9691,27,,elevated
9692,1,,elevated
9693,,lapsed 55 days,high
9694,0,,high
9695,28,,elevated
9696,90,,elevated
9697,1,,elevated
9698,25,,elevated
9699,24,,elevated
9700,0,,high
9701,6,,elevated
9702,26,,low
9703,24,,low
9704,29,,low
9705,28,,elevated
9706,,lapsed 30 days,high
9707,0,,high
9708,83,,low
9709,0,,high
9710,24,,low
9711,30,,low
9712,83,,elevated
9713,30,,low
9714,83,,low
9715,14,,elevated
9716,16,,elevated
9717,0,,high
9718,30,,low
9719,60,,low
9720,,lapsed 17 days,high
9721,2,,elevated
9722,,lapsed 85 days,high
9723,41,,low
9724,11,,elevated
9725,20,,elevated
9726,17,,elevated
9727,30,,elevated
9728,29,,low
9729,25,,low
9730,16,,elevated
9731,27,,elevated
9732,,lapsed 60 days,high
9733,44,,elevated
9734,22,,elevated
9735,28,,low
9736,30,,low
9737,45,,low
9738,60,,low
9739,1,,elevated
9740,14,,elevated
9741,5,,elevated
9742,30,,elevated
9743,28,,low
9744,25,,elevated
9745,87,,elevated
9746,0,,high
9747,36,,low
9748,16,,elevated
9749,3,,elevated
9750,15,,elevated
9751,30,,low
9752,14,,elevated
9753,28,,low
9754,23,,low
9755,21,,low
9756,23,,elevated
9757,68,,elevated
9758,9,,elevated
9759,85,,low
9760,,lapsed 16 days,high
9761,30,,low
9762,0,,elevated
9763,17,,elevated
9764,27,,low
9765,0,,elevated
9766,43,,elevated
9767,66,,elevated
9768,90,,elevated
9769,56,,elevated
9770,28,,low
9771,15,,elevated
9772,23,,low
9773,44,,low
9774,14,,elevated
9775,0,,high
9776,26,,elevated
9777,16,,elevated
9778,82,,elevated
9779,40,,elevated
9780,19,,elevated
9781,,lapsed 19 days,high
9782,28,,elevated
9783,29,,low
9784,22,,low
9785,26,,elevated
9786,5,,elevated
9787,26,,elevated
9788,0,,high
9789,0,,elevated
9790,28,,low
9791,18,,elevated
9792,24,,elevated
9793,21,,elevated
9794,83,,low
9795,41,,elevated
9796,29,,low
9797,10,,elevated
9798,9,,elevated
9799,89,,elevated
9800,45,,elevated
9801,10,,elevated
9802,19,,elevated
9803,17,,elevated
9804,0,,elevated
9805,32,,elevated
9806,57,,low
9807,27,,low
9808,3,,elevated
9809,24,,elevated
9810,6,,elevated
9811,11,,elevated
9812,45,,elevated
9813,0,,elevated
9814,9,,elevated
9815,44,,low
9816,6,,elevated
9817,60,,low
9818,22,,elevated
9819,27,,low
9820,0,,high
9821,41,,low
9822,25,,elevated
9823,26,,low
9824,12,,elevated
9825,27,,elevated
9826,22,,elevated
9827,16,,elevated
9828,14,,elevated
9829,21,,elevated
9830,25,,elevated
9831,8,,elevated
9832,0,,elevated
9833,37,,elevated
9834,23,,elevated
9835,68,,low
9836,9,,elevated
9837,0,,elevated
9838,21,,elevated
9839,19,,elevated
9840,88,,elevated
9841,85,,elevated
9842,26,,elevated
9843,29,,elevated
9844,25,,low
9845,24,,elevated
9846,,lapsed 71 days,high
9847,30,,elevated
9848,11,,elevated
9849,24,,low
9850,25,,low
9851,20,,elevated
9852,43,,low
9853,82,,low
9854,38,,elevated
9855,29,,elevated
9856,,lapsed 21 days,high
9857,7,,elevated
9858,26,,elevated
9859,16,,elevated
9860,27,,low
9861,59,,low
9862,30,,elevated
9863,2,,elevated
9864,14,,elevated
9865,11,,elevated
9866,28,,elevated
9867,0,,elevated
9868,14,,elevated
9869,27,,elevated
9870,17,,elevated
9871,0,,high
9872,7,,elevated
9873,7,,elevated
9874,28,,elevated
9875,23,,elevated
9876,45,,low
9877,57,,elevated
9878,11,,elevated
9879,18,,elevated
9880,31,,elevated
9881,0,,high
9882,26,,low
9883,27,,low
9884,0,,elevated
9885,0,,high
9886,5,,elevated
9887,27,,low
9888,9,,elevated
9889,88,,elevated
9890,8,,elevated
9891,,lapsed 54 days,high
9892,,lapsed 88 days,high
9893,2,,elevated
9894,24,,low
9895,14,,elevated
9896,0,,high
9897,9,,elevated
9898,28,,low
9899,19,,low
9900,48,,elevated
9901,13,,elevated
9902,,lapsed 26 days,high
9903,28,,low
9904,27,,elevated
9905,0,,high
9906,77,,elevated
9907,20,,elevated
9908,54,,elevated
9909,5,,elevated
9910,38,,elevated
9911,18,,elevated
9912,0,,elevated
9913,0,,high
9914,86,,low
9915,0,,elevated
9916,10,,elevated
9917,89,,elevated
9918,4,,elevated
9919,59,,low
9920,,lapsed 41 days,high
9921,42,,low
9922,30,,elevated
9923,16,,elevated
9924,28,,low
9925,23,,low
9926,,lapsed 59 days,high
9927,29,,low
9928,0,,elevated
9929,,lapsed 15 days,high
9930,26,,elevated
9931,23,,low
9932,30,,elevated
9933,29,,low
9934,26,,low
9935,58,,low
9936,21,,elevated
9937,6,,elevated
9938,27,,low
9939,44,,low
9940,13,,elevated
9941,1,,elevated
9942,62,,elevated
9943,14,,elevated
9944,15,,elevated
9945,2,,elevated
9946,22,,elevated
9947,6,,elevated
9948,24,,elevated
9949,5,,elevated
9950,27,,elevated
9951,5,,elevated
9952,14,,elevated
9953,23,,elevated
9954,6,,elevated
9955,33,,elevated
9956,45,,elevated
9957,23,,elevated
9958,25,,low
9959,15,,elevated
9960,38,,elevated
9961,78,,low
9962,,lapsed 87 days,high
9963,29,,low
9964,16,,elevated
9965,34,,elevated
9966,23,,elevated
9967,67,,elevated
9968,0,,elevated
9969,0,,elevated
9970,26,,elevated
9971,5,,elevated
9972,0,,elevated
9973,0,,elevated
9974,37,,elevated
9975,30,,low
9976,,lapsed 48 days,high
9977,23,,elevated
9978,27,,low
9979,23,,elevated
9980,0,,high
9981,26,,low
9982,7,,elevated
9983,8,,elevated
9984,1,,elevated
9985,7,,elevated
9986,,lapsed 49 days,high
9987,,lapsed 84 days,high
9988,13,,elevated
9989,80,,elevated
9990,30,,low
9991,21,,elevated
9992,,lapsed 57 days,high
9993,23,,low
9994,0,,elevated
9995,8,,elevated
9996,,lapsed 45 days,high
9997,1,,elevated
9998,27,,elevated
9999,44,,elevated
10000,30,,elevated
10001,,lapsed 46 days,high
10002,23,,elevated
10003,0,,elevated
10004,89,,elevated
10005,8,,elevated
10006,44,,elevated
10007,0,,high
10008,24,,elevated
10009,13,,elevated
10010,7,,elevated
10011,9,,elevated
10012,21,,elevated
10013,8,,elevated
10014,38,,low
10015,5,,elevated
10016,56,,low
10017,58,,elevated
10018,26,,low
10019,24,,low
10020,,lapsed 69 days,high
10021,21,,elevated
10022,18,,elevated
10023,27,,elevated
10024,12,,elevated
10025,,lapsed 40 days,high
10026,,lapsed 61 days,high
10027,43,,low
10028,40,,low
10029,60,,low
10030,0,,high
10031,9,,elevated
10032,60,,elevated
10033,,lapsed 44 days,high
10034,10,,elevated
10035,14,,elevated
10036,27,,low
10037,52,,elevated
10038,27,,elevated
10039,11,,elevated
10040,16,,elevated
10041,29,,elevated
10042,9,,elevated
10043,14,,elevated
10044,12,,elevated
10045,30,,low
10046,,lapsed 29 days,high
10047,29,,low
10048,30,,low
10049,29,,elevated
10050,23,,low
10051,14,,elevated
10052,,lapsed 71 days,high
10053,0,,elevated
10054,17,,elevated
10055,6,,elevated
10056,10,,elevated
10057,,lapsed 45 days,high
10058,0,,high
10059,,lapsed 77 days,high
10060,18,,elevated
10061,12,,elevated
10062,,lapsed 18 days,high
10063,59,,elevated
10064,26,,elevated
10065,44,,elevated
10066,37,,elevated
10067,7,,elevated
10068,25,,elevated
10069,77,,low
10070,0,,elevated
10071,90,,low
10072,23,,elevated
10073,,lapsed 22 days,high
10074,1,,elevated
10075,29,,elevated
10076,3,,elevated
10077,12,,elevated
10078,12,,elevated
10079,,lapsed 41 days,high
10080,27,,elevated
10081,21,,low
10082,,lapsed 55 days,high
10083,,lapsed 44 days,high
10084,17,,elevated
10085,26,,elevated
10086,0,,high
10087,,lapsed 15 days,high
10088,27,,low
10089,2,,elevated
10090,27,,elevated
10091,8,,elevated
10092,24,,elevated
10093,0,,elevated
10094,24,,elevated
10095,1,,elevated
10096,22,,elevated
10097,22,,low
10098,55,,low
10099,10,,elevated
10100,29,,elevated
10101,14,,elevated
10102,0,,high
10103,28,,low
10104,27,,elevated
10105,26,,low
10106,21,,elevated
10107,49,,elevated
10108,23,,elevated
10109,14,,elevated
10110,29,,elevated
10111,28,,low
10112,24,,elevated
10113,,lapsed 15 days,high
10114,5,,elevated
10115,17,,elevated
10116,84,,elevated
10117,85,,elevated
10118,43,,elevated
10119,58,,low
10120,15,,elevated
10121,26,,low
10122,23,,elevated
10123,41,,low
10124,72,,elevated
10125,64,,elevated
10126,0,,elevated
10127,23,,elevated
10128,3,,elevated
10129,85,,elevated
10130,25,,low
10131,24,,elevated
10132,88,,elevated
10133,18,,elevated
10134,24,,elevated
10135,16,,elevated
10136,79,,low
10137,37,,elevated
10138,76,,elevated
10139,16,,low
10140,49,,low
10141,38,,elevated
10142,,lapsed 22 days,high
10143,0,,elevated
10144,33,,elevated
10145,2,,elevated
10146,20,,elevated
10147,,lapsed 26 days,high
10148,53,,elevated
10149,29,,low
10150,59,,low
10151,2,,elevated
10152,29,,low
10153,42,,elevated
10154,54,,elevated
10155,28,,low
10156,25,,elevated
10157,0,,elevated
10158,0,,elevated
10159,22,,elevated
10160,0,,elevated
10161,11,,elevated
10162,30,,elevated
10163,15,,elevated
10164,22,,elevated
10165,25,,low
10166,18,,elevated
10167,24,,low
10168,6,,elevated
10169,0,,elevated
10170,24,,low
10171,7,,elevated
10172,18,,elevated
10173,0,,elevated
10174,84,,low
10175,20,,elevated
10176,0,,elevated
10177,0,,high
10178,15,,elevated
10179,23,,elevated
10180,,lapsed 33 days,high
10181,27,,low
10182,17,,elevated
10183,43,,elevated
10184,35,,low
10185,88,,low
10186,,lapsed 68 days,high
10187,15,,elevated
10188,20,,elevated
10189,6,,elevated
10190,29,,low
10191,28,,elevated
10192,4,,elevated
10193,0,,elevated
10194,34,,elevated
10195,28,,elevated
10196,9,,elevated
10197,18,,elevated
10198,13,,elevated
10199,,lapsed 24 days,high
10200,30,,low
10201,51,,elevated
10202,45,,elevated
10203,5,,elevated
10204,11,,elevated
10205,56,,low
10206,7,,elevated
10207,23,,elevated
10208,16,,elevated
10209,9,,elevated
10210,54,,low
10211,25,,elevated
10212,57,,elevated
10213,32,,elevated
10214,32,,elevated
10215,28,,elevated
10216,55,,low
10217,66,,elevated
10218,,lapsed 45 days,high
10219,23,,elevated
10220,15,,elevated
10221,29,,elevated
10222,25,,elevated
10223,17,,elevated
10224,49,,elevated
10225,0,,elevated
10226,5,,elevated
10227,6,,elevated
10228,28,,low
10229,,lapsed 42 days,high
10230,80,,elevated
10231,19,,elevated
10232,0,,high
10233,13,,elevated
10234,8,,elevated
10235,24,,low
10236,13,,elevated
10237,,lapsed 36 days,high
10238,3,,elevated
10239,28,,elevated
10240,20,,elevated
10241,4,,elevated
10242,1,,elevated
10243,0,,high
10244,47,,elevated
10245,30,,low
10246,12,,elevated
10247,24,,low
10248,10,,elevated
10249,5,,elevated
10250,44,,low
10251,28,,elevated
10252,89,,low
10253,28,,low
10254,2,,elevated
10255,82,,elevated
10256,29,,elevated
10257,60,,low
10258,42,,elevated
10259,85,,low
10260,,lapsed 35 days,high
10261,15,,elevated
10262,1,,elevated
10263,68,,low
10264,21,,elevated
10265,10,,elevated
10266,14,,elevated
10267,11,,elevated
10268,29,,low
10269,3,,elevated
10270,23,,elevated
10271,87,,low
10272,57,,low
10273,26,,elevated
10274,30,,low
10275,,lapsed 49 days,high
10276,0,,high
10277,82,,elevated
10278,15,,elevated
10279,1,,elevated
10280,3,,elevated
10281,69,,elevated
10282,5,,elevated
10283,0,,high
10284,32,,elevated
10285,54,,elevated
10286,19,,elevated
10287,43,,elevated
10288,,lapsed 64 days,high
10289,,lapsed 69 days,high
10290,26,,elevated
10291,25,,low
10292,27,,elevated
10293,60,,elevated
10294,14,,elevated
10295,43,,elevated
10296,0,,high
10297,38,,elevated
10298,,lapsed 61 days,high
10299,,lapsed 31 days,high
10300,29,,elevated
10301,8,,elevated
10302,,lapsed 51 days,high
10303,22,,elevated
10304,20,,elevated
10305,24,,elevated
10306,2,,elevated
10307,11,,elevated
10308,0,,high
10309,11,,elevated
10310,,lapsed 77 days,high
10311,4,,elevated
10312,33,,elevated
10313,20,,elevated
10314,0,,high
10315,15,,elevated
10316,42,,low
10317,0,,elevated
10318,,lapsed 36 days,high
10319,27,,elevated
10320,26,,elevated
10321,30,,elevated
10322,,lapsed 15 days,high
10323,1,,elevated
10324,23,,elevated
10325,0,,high
10326,47,,low
10327,,lapsed 37 days,high
10328,45,,elevated
10329,4,,elevated
10330,27,,low
10331,65,,elevated
10332,25,,low
10333,,lapsed 85 days,high
10334,29,,low
10335,28,,low
10336,3,,elevated
10337,64,,elevated
10338,57,,low
10339,0,,elevated
10340,51,,elevated
10341,34,,elevated
10342,3,,elevated
10343,2,,elevated
10344,13,,elevated
10345,30,,low
10346,12,,elevated
10347,8,,elevated
10348,42,,elevated
10349,60,,elevated
10350,28,,low
10351,90,,elevated
10352,29,,low
10353,29,,elevated
10354,26,,low
10355,23,,elevated
10356,54,,low
10357,59,,elevated
10358,0,,elevated
10359,29,,elevated
10360,34,,elevated
10361,25,,elevated
10362,2,,elevated
10363,26,,elevated
10364,29,,elevated
10365,28,,elevated
10366,27,,low
10367,30,,elevated
10368,,lapsed 41 days,high
10369,26,,elevated
10370,11,,elevated
10371,8,,elevated
10372,24,,elevated
10373,4,,elevated
10374,3,,elevated
10375,0,,elevated
10376,25,,elevated
10377,28,,low
10378,45,,elevated
10379,21,,low
10380,4,,elevated
10381,20,,low
10382,19,,elevated
10383,3,,elevated
10384,25,,low
10385,24,,elevated
10386,27,,elevated
10387,0,,high
10388,28,,low
10389,11,,elevated
10390,0,,elevated
10391,29,,low
10392,27,,low
10393,27,,low
10394,26,,elevated
10395,6,,elevated
10396,0,,high
10397,0,,high
10398,27,,elevated
10399,22,,elevated
10400,18,,elevated
10401,26,,elevated
10402,47,,low
10403,13,,elevated
10404,39,,low
10405,7,,elevated
10406,41,,elevated
10407,45,,elevated
10408,27,,elevated
10409,29,,low
10410,29,,low
10411,27,,elevated
10412,30,,elevated
10413,15,,elevated
10414,40,,elevated
10415,25,,low
10416,0,,elevated
10417,9,,elevated
10418,,lapsed 63 days,high
10419,27,,elevated
10420,0,,high
10421,29,,elevated
10422,27,,elevated
10423,0,,elevated
10424,18,,elevated
10425,18,,elevated
10426,15,,elevated
10427,55,,low
10428,0,,high
10429,41,,low
10430,,lapsed 33 days,high
10431,0,,high
10432,23,,elevated
10433,,lapsed 33 days,high
10434,35,,low
10435,3,,elevated
10436,57,,low
10437,,lapsed 82 days,high
10438,6,,elevated
10439,,lapsed 18 days,high
10440,19,,elevated
10441,39,,elevated
10442,13,,elevated
10443,0,,elevated
10444,29,,low
10445,18,,elevated
10446,,lapsed 72 days,high
10447,2,,elevated
10448,4,,elevated
10449,33,,elevated
10450,44,,low
10451,4,,elevated
10452,22,,elevated
10453,14,,elevated
10454,12,,elevated
10455,,lapsed 34 days,high
10456,56,,elevated
10457,58,,low
10458,23,,elevated
10459,5,,elevated
10460,0,,elevated
10461,28,,low
10462,0,,high
10463,18,,elevated
10464,28,,elevated
10465,25,,low
10466,24,,low
10467,61,,elevated
10468,19,,elevated
10469,49,,elevated
10470,66,,elevated
10471,78,,elevated
10472,15,,elevated
10473,40,,elevated
10474,12,,elevated
10475,,lapsed 40 days,high
10476,29,,elevated
10477,30,,low
10478,24,,elevated
10479,29,,low
10480,27,,elevated
10481,28,,low
10482,0,,elevated
10483,0,,elevated
10484,0,,high
10485,14,,elevated
10486,34,,elevated
10487,51,,elevated
10488,72,,elevated
10489,16,,elevated
10490,23,,low
10491,44,,elevated
10492,27,,elevated
10493,1,,elevated
10494,0,,high
10495,16,,elevated
10496,79,,low
10497,,lapsed 43 days,high
10498,,lapsed 29 days,high
10499,25,,low
10500,0,,elevated
10501,22,,elevated
10502,24,,low
10503,16,,elevated
10504,27,,low
10505,27,,elevated
10506,59,,elevated
10507,86,,low
10508,29,,elevated
10509,25,,elevated
10510,,lapsed 71 days,high
10511,30,,low
10512,10,,elevated
10513,24,,low
10514,3,,elevated
10515,12,,elevated
10516,21,,elevated
10517,23,,elevated
10518,30,,elevated
10519,26,,elevated
10520,,lapsed 82 days,high
10521,30,,low
10522,26,,elevated
10523,0,,high
10524,42,,low
10525,41,,elevated
10526,9,,elevated
10527,,lapsed 30 days,high
10528,23,,elevated
10529,2,,elevated
10530,5,,elevated
10531,,lapsed 83 days,high
10532,0,,elevated
10533,20,,elevated
10534,18,,elevated
10535,0,,elevated
10536,28,,low
10537,16,,elevated
10538,43,,low
10539,0,,high
10540,,lapsed 44 days,high
10541,10,,elevated
10542,25,,elevated
10543,7,,elevated
10544,90,,low
10545,21,,elevated
10546,0,,elevated
10547,27,,low
10548,29,,low
10549,2,,elevated
10550,51,,elevated
10551,8,,elevated
10552,25,,low
10553,19,,elevated
10554,29,,elevated
10555,0,,high
10556,0,,high
10557,84,,low
10558,12,,elevated
10559,47,,elevated
10560,17,,elevated
10561,7,,elevated
10562,56,,elevated
10563,29,,elevated
10564,30,,elevated
10565,11,,elevated
10566,0,,high
10567,20,,elevated
10568,42,,low
10569,,lapsed 22 days,high
10570,29,,low
10571,25,,low
10572,,lapsed 86 days,high
10573,18,,elevated
10574,84,,low
10575,7,,elevated
10576,27,,low
10577,23,,elevated
10578,,lapsed 77 days,high
10579,27,,elevated
10580,0,,elevated
10581,0,,elevated
10582,7,,elevated
10583,1,,elevated
10584,10,,elevated
10585,28,,elevated
10586,17,,elevated
10587,56,,elevated
10588,,lapsed 16 days,high
10589,44,,low
10590,45,,low
10591,0,,elevated
10592,,lapsed 18 days,high
10593,,lapsed 26 days,high
10594,23,,elevated
10595,44,,low
10596,0,,elevated
10597,0,,elevated
10598,31,,elevated
10599,32,,elevated
10600,54,,elevated
10601,,lapsed 15 days,high
10602,5,,elevated
10603,69,,low
10604,83,,low
10605,40,,elevated
10606,10,,elevated
10607,52,,elevated
10608,0,,elevated
10609,18,,elevated
10610,13,,elevated
10611,27,,elevated
10612,28,,elevated
10613,0,,elevated
10614,,lapsed 54 days,high
10615,19,,elevated
10616,13,,elevated
10617,40,,low
10618,19,,elevated
10619,5,,elevated
10620,28,,elevated
10621,,lapsed 44 days,high
10622,0,,elevated
10623,25,,elevated
10624,29,,elevated
10625,0,,elevated
10626,5,,elevated
10627,24,,elevated
10628,,lapsed 63 days,high
10629,49,,elevated
10630,29,,low
10631,,lapsed 30 days,high
10632,17,,elevated
10633,8,,elevated
10634,29,,low
10635,54,,elevated
10636,42,,elevated
10637,90,,elevated
10638,14,,elevated
10639,4,,elevated
10640,40,,elevated
10641,11,,elevated
10642,37,,elevated
10643,0,,high
10644,3,,elevated
10645,25,,elevated
10646,38,,low
10647,21,,elevated
10648,23,,elevated
10649,16,,elevated
10650,11,,elevated
10651,3,,elevated
10652,26,,elevated
10653,23,,elevated
10654,39,,elevated
10655,35,,elevated
10656,26,,elevated
10657,9,,elevated
10658,27,,elevated
10659,11,,elevated
10660,28,,low
10661,29,,elevated
10662,59,,low
10663,,lapsed 36 days,high
10664,12,,elevated
10665,,lapsed 34 days,high
10666,60,,low
10667,26,,low
10668,0,,high
10669,53,,elevated
10670,0,,high
10671,3,,elevated
10672,14,,elevated
10673,17,,elevated
10674,3,,elevated
10675,11,,elevated
10676,3,,elevated
10677,29,,low
10678,14,,elevated
10679,87,,elevated
10680,0,,elevated
10681,18,,elevated
10682,8,,elevated
10683,22,,elevated
10684,18,,elevated
10685,19,,elevated
10686,18,,elevated
10687,7,,elevated
10688,,lapsed 65 days,high
10689,88,,elevated
10690,27,,low
10691,43,,low
10692,,lapsed 72 days,high
10693,15,,elevated
10694,6,,elevated
10695,23,,low
10696,23,,low
10697,21,,low
10698,19,,elevated
10699,0,,elevated
10700,,lapsed 37 days,high
10701,,lapsed 31 days,high
10702,22,,elevated
10703,28,,low
10704,40,,low
10705,0,,elevated
10706,40,,elevated
10707,25,,elevated
10708,60,,elevated
10709,,lapsed 32 days,high
10710,9,,elevated
10711,31,,elevated
10712,9,,elevated
10713,31,,elevated
10714,28,,elevated
10715,15,,elevated
10716,0,,elevated
10717,19,,elevated
10718,0,,high
10719,2,,elevated
10720,44,,elevated
10721,51,,low
10722,0,,elevated
10723,20,,elevated
10724,7,,elevated
10725,0,,elevated
10726,10,,elevated
10727,6,,elevated
10728,25,,elevated
10729,,lapsed 78 days,high
10730,23,,low
10731,6,,elevated
10732,0,,elevated
10733,12,,elevated
10734,42,,elevated
10735,9,,elevated
10736,27,,low
10737,0,,elevated
10738,26,,low
10739,27,,elevated
10740,,lapsed 50 days,high
10741,19,,elevated
10742,7,,elevated
10743,,lapsed 65 days,high
10744,8,,elevated
10745,24,,low
10746,15,,elevated
10747,4,,elevated
10748,3,,elevated
10749,35,,elevated
10750,0,,elevated
10751,8,,elevated
10752,84,,elevated
10753,24,,low
10754,12,,elevated
10755,37,,elevated
10756,29,,low
10757,45,,low
10758,55,,elevated
10759,0,,elevated
10760,24,,low
10761,0,,elevated
10762,27,,elevated
10763,87,,low
10764,29,,low
10765,0,,elevated
10766,44,,low
10767,3,,elevated
10768,13,,elevated
10769,,lapsed 61 days,high
10770,26,,elevated
10771,42,,elevated
10772,23,,low
10773,0,,high
10774,40,,low
10775,,lapsed 61 days,high
10776,0,,high
10777,18,,elevated
10778,0,,elevated
10779,0,,elevated
10780,29,,elevated
10781,0,,high
10782,18,,elevated
10783,24,,elevated
10784,0,,high
10785,8,,elevated
10786,24,,elevated
10787,20,,elevated
10788,63,,elevated
10789,20,,elevated
10790,27,,low
10791,20,,elevated
10792,36,,elevated
10793,0,,high
10794,34,,elevated
10795,24,,elevated
10796,44,,low
10797,11,,elevated
10798,15,,elevated
10799,49,,elevated
10800,42,,low
10801,30,,elevated
10802,29,,low
10803,23,,elevated
10804,9,,elevated
10805,0,,high
10806,0,,elevated
10807,24,,elevated
10808,0,,high
10809,11,,elevated
10810,33,,elevated
10811,23,,elevated
10812,0,,elevated
10813,,lapsed 61 days,high
10814,0,,high
10815,83,,low
10816,,lapsed 40 days,high
10817,0,,high
10818,0,,elevated
10819,0,,elevated
10820,2,,elevated
10821,0,,high
10822,0,,elevated
10823,10,,elevated
10824,,lapsed 52 days,high
10825,38,,elevated
10826,,lapsed 15 days,high
10827,24,,elevated
10828,4,,elevated
10829,27,,elevated
10830,0,,high
10831,10,,elevated
10832,,lapsed 72 days,high
10833,26,,elevated
10834,5,,elevated
10835,20,,elevated
10836,53,,low
10837,40,,elevated
10838,24,,elevated
10839,41,,elevated
10840,30,,low
10841,0,,elevated
10842,26,,elevated
10843,26,,low
10844,42,,low
10845,16,,elevated
10846,24,,low
10847,26,,elevated
10848,18,,elevated
10849,49,,low
10850,84,,low
10851,17,,elevated
10852,18,,elevated
10853,8,,elevated
10854,30,,low
10855,11,,elevated
10856,6,,elevated
10857,12,,elevated
10858,29,,elevated
10859,29,,low
10860,16,,elevated
10861,35,,elevated
10862,21,,elevated
10863,19,,elevated
10864,86,,low
10865,29,,elevated
10866,19,,elevated
10867,56,,low
10868,0,,high
10869,0,,high
10870,28,,low
10871,,lapsed 79 days,high
10872,13,,elevated
10873,20,,elevated
10874,8,,elevated
10875,28,,low
10876,0,,elevated
10877,35,,elevated
10878,29,,elevated
10879,1,,elevated
10880,36,,elevated
10881,3,,elevated
10882,58,,low
10883,22,,low
10884,11,,elevated
10885,2,,elevated
10886,,lapsed 59 days,high
10887,,lapsed 33 days,high
10888,0,,elevated
10889,59,,elevated
10890,60,,low
10891,90,,low
10892,11,,elevated
10893,13,,elevated
10894,61,,elevated
10895,0,,elevated
10896,6,,elevated
10897,0,,high
10898,5,,elevated
10899,0,,high
10900,26,,elevated
10901,0,,high
10902,3,,elevated
10903,57,,elevated
10904,12,,elevated
10905,19,,low
10906,,lapsed 39 days,high
10907,43,,elevated
10908,30,,low
10909,31,,elevated
10910,,lapsed 23 days,high
10911,28,,elevated
10912,55,,elevated
10913,24,,elevated
10914,19,,elevated
10915,74,,low
10916,11,,elevated
10917,29,,low
10918,12,,elevated
10919,,lapsed 34 days,high
10920,51,,low
10921,29,,low
10922,0,,elevated
10923,19,,elevated
10924,0,,elevated
10925,26,,elevated
10926,,lapsed 84 days,high
10927,47,,elevated
10928,0,,high
10929,9,,elevated
10930,30,,low
10931,26,,elevated
10932,,lapsed 86 days,high
10933,25,,low
10934,25,,elevated
10935,,lapsed 66 days,high
10936,28,,elevated
10937,27,,low
10938,23,,elevated
10939,40,,elevated
10940,1,,elevated
10941,2,,elevated
10942,60,,low
10943,56,,low
10944,1,,elevated
10945,27,,elevated
10946,25,,low
10947,25,,low
10948,82,,elevated
10949,25,,elevated
10950,18,,low
10951,30,,low
10952,29,,low
10953,33,,elevated
10954,23,,elevated
10955,22,,elevated
10956,18,,elevated
10957,7,,elevated
10958,28,,elevated
10959,3,,elevated
10960,25,,elevated
10961,23,,low
10962,,lapsed 15 days,high
10963,,lapsed 54 days,high
10964,15,,elevated
10965,,lapsed 19 days,high
10966,27,,elevated
10967,44,,low
10968,,lapsed 23 days,high
10969,45,,low
10970,53,,elevated
10971,0,,high
10972,29,,elevated
10973,,lapsed 72 days,high
10974,77,,elevated
10975,12,,elevated
10976,20,,low
10977,9,,elevated
10978,24,,elevated
10979,27,,low
10980,0,,elevated
10981,24,,elevated
10982,72,,elevated
10983,13,,elevated
10984,26,,elevated
10985,56,,elevated
10986,9,,elevated
10987,0,,high
10988,1,,elevated
10989,19,,elevated
10990,26,,low
10991,13,,elevated
10992,30,,low
10993,,lapsed 37 days,high
10994,0,,high
10995,25,,elevated
10996,30,,elevated
10997,45,,low
10998,70,,elevated
10999,0,,high
11000,1,,elevated
11001,4,,elevated
11002,56,,elevated
11003,0,,elevated
11004,29,,low
11005,22,,low
11006,0,,elevated
11007,41,,elevated
11008,27,,elevated
11009,25,,low
11010,29,,low
11011,0,,high
11012,,lapsed 25 days,high
11013,21,,elevated
11014,53,,elevated
11015,36,,elevated
11016,19,,elevated
11017,,lapsed 15 days,high
11018,30,,low
11019,24,,low
11020,28,,elevated
11021,28,,elevated
11022,0,,high
11023,9,,elevated
11024,27,,elevated
11025,29,,elevated
11026,17,,elevated
11027,27,,low
11028,14,,elevated
11029,9,,elevated
11030,,lapsed 59 days,high
11031,6,,elevated
11032,29,,elevated
11033,28,,elevated
11034,6,,elevated
11035,28,,elevated
11036,24,,elevated
11037,84,,low
11038,0,,elevated
11039,23,,elevated
11040,26,,elevated
11041,8,,elevated
11042,59,,elevated
11043,66,,elevated
11044,0,,elevated
11045,,lapsed 32 days,high
11046,,lapsed 18 days,high
11047,0,,high
11048,3,,elevated
11049,2,,elevated
11050,,lapsed 44 days,high
11051,15,,elevated
11052,1,,elevated
11053,3,,elevated
11054,27,,low
11055,28,,elevated
11056,25,,elevated
11057,,lapsed 54 days,high
11058,0,,elevated
11059,38,,low
11060,5,,elevated
11061,19,,elevated
11062,30,,low
11063,38,,elevated
11064,82,,elevated
11065,24,,low
11066,27,,elevated
11067,19,,elevated
11068,0,,elevated
11069,10,,elevated
11070,54,,low
11071,14,,elevated
11072,9,,elevated
11073,21,,elevated
11074,43,,low
11075,13,,elevated
11076,21,,elevated
11077,16,,elevated
11078,12,,elevated
11079,22,,elevated
11080,67,,elevated
11081,25,,elevated
11082,,lapsed 20 days,high
11083,7,,elevated
11084,56,,elevated
11085,6,,elevated
11086,30,,low
11087,41,,low
11088,6,,elevated
11089,0,,elevated
11090,83,,low
11091,0,,high
11092,8,,elevated
11093,25,,elevated
11094,23,,elevated
11095,0,,elevated
11096,0,,elevated
11097,90,,low
11098,48,,low
11099,,lapsed 83 days,high
11100,0,,elevated
11101,1,,elevated
11102,0,,elevated
11103,,lapsed 68 days,high
11104,57,,elevated
11105,25,,low
11106,0,,high
11107,26,,low
11108,26,,elevated
11109,30,,low
11110,65,,elevated
11111,36,,elevated
11112,,lapsed 76 days,high
11113,1,,elevated
11114,59,,low
11115,16,,low
11116,28,,low
11117,11,,elevated
11118,13,,elevated
11119,5,,elevated
11120,7,,elevated
11121,26,,elevated
11122,3,,elevated
11123,0,,elevated
11124,,lapsed 56 days,high
11125,48,,elevated
11126,23,,elevated
11127,13,,elevated
11128,27,,elevated
11129,27,,low
11130,17,,elevated
11131,27,,low
11132,0,,high
11133,0,,elevated
11134,16,,elevated
11135,4,,elevated
11136,73,,elevated
11137,,lapsed 62 days,high
11138,56,,elevated
11139,9,,elevated
11140,15,,elevated
11141,23,,elevated
11142,27,,elevated
11143,,lapsed 65 days,high
11144,,lapsed 73 days,high
11145,30,,low
11146,0,,high
11147,57,,low
11148,6,,elevated
11149,27,,low
11150,29,,elevated
11151,16,,elevated
11152,29,,elevated
11153,23,,low
11154,23,,elevated
11155,26,,elevated
11156,14,,elevated
11157,27,,low
11158,30,,low
11159,,lapsed 16 days,elevated
11160,,lapsed 27 days,high
11161,27,,elevated
11162,,lapsed 72 days,high
11163,40,,elevated
11164,2,,elevated
11165,25,,elevated
11166,0,,high
11167,4,,elevated
11168,30,,elevated
11169,11,,elevated
11170,26,,low
11171,26,,elevated
11172,41,,elevated
11173,,lapsed 44 days,high
11174,52,,low
11175,0,,high
11176,58,,low
11177,26,,elevated
11178,,lapsed 72 days,high
11179,,lapsed 30 days,high
11180,90,,low
11181,12,,elevated
11182,23,,elevated
11183,59,,elevated
11184,0,,elevated
11185,25,,elevated
11186,10,,elevated
11187,27,,low
11188,20,,elevated
11189,3,,elevated
11190,8,,elevated
11191,0,,elevated
11192,60,,low
11193,23,,low
11194,8,,elevated
11195,53,,elevated
11196,,lapsed 65 days,high
11197,11,,elevated
11198,0,,elevated
11199,26,,elevated
11200,17,,elevated
11201,12,,elevated
11202,30,,low
11203,5,,elevated
11204,9,,elevated
11205,23,,elevated
11206,,lapsed 74 days,high
11207,16,,elevated
11208,30,,low
11209,0,,elevated
11210,25,,low
11211,7,,elevated
11212,0,,elevated
11213,21,,low
11214,,lapsed 17 days,high
11215,47,,elevated
11216,22,,elevated
11217,26,,elevated
11218,0,,elevated
11219,0,,high
11220,30,,low
11221,,lapsed 48 days,high
11222,33,,elevated
11223,67,,elevated
11224,17,,elevated
11225,,lapsed 38 days,high
11226,28,,low
11227,34,,low
11228,30,,low
11229,,lapsed 31 days,high
11230,23,,elevated
11231,26,,elevated
11232,,lapsed 49 days,high
11233,,lapsed 19 days,high
11234,0,,elevated
11235,23,,elevated
11236,19,,low
11237,,lapsed 54 days,high
11238,27,,elevated
11239,5,,elevated
11240,0,,elevated
11241,13,,elevated
11242,,lapsed 59 days,high
11243,39,,elevated
11244,15,,elevated
11245,20,,elevated
11246,26,,elevated
11247,52,,elevated
11248,23,,elevated
11249,23,,elevated
11250,42,,elevated
11251,14,,elevated
11252,2,,elevated
11253,17,,elevated
11254,23,,low
11255,44,,low
11256,24,,elevated
11257,38,,elevated
11258,27,,low
11259,28,,low
11260,71,,elevated
11261,,lapsed 36 days,high
11262,59,,low
11263,58,,elevated
11264,11,,elevated
11265,60,,low
11266,60,,low
11267,,lapsed 18 days,elevated
11268,0,,elevated
11269,29,,low
11270,38,,elevated
11271,29,,low
11272,41,,low
11273,0,,elevated
11274,2,,elevated
11275,,lapsed 43 days,high
11276,68,,elevated
11277,14,,elevated
11278,7,,elevated
11279,30,,low
11280,,lapsed 48 days,high
11281,,lapsed 64 days,high
11282,9,,elevated
11283,25,,elevated
11284,43,,low
11285,3,,elevated
11286,19,,elevated
11287,0,,high
11288,15,,elevated
11289,45,,low
11290,3,,elevated
11291,13,,elevated
11292,0,,high
11293,17,,elevated
11294,3,,elevated
11295,0,,elevated
11296,23,,low
11297,26,,low
11298,0,,elevated
11299,30,,low
11300,52,,low
11301,12,,elevated
11302,21,,elevated
11303,0,,high
11304,29,,low
11305,7,,elevated
11306,44,,low
11307,25,,low
11308,2,,elevated
11309,23,,elevated
11310,32,,elevated
11311,50,,elevated
11312,0,,elevated
11313,31,,elevated
11314,87,,low
11315,43,,elevated
11316,,lapsed 19 days,high
11317,24,,elevated
11318,19,,elevated
11319,25,,elevated
11320,,lapsed 58 days,high
11321,0,,elevated
11322,53,,low
11323,24,,elevated
11324,6,,elevated
11325,,lapsed 38 days,high
11326,18,,elevated
11327,57,,elevated
11328,29,,elevated
11329,25,,low
11330,20,,elevated
11331,90,,low
11332,0,,high
11333,42,,elevated
11334,5,,elevated
11335,30,,elevated
11336,44,,elevated
11337,0,,elevated
11338,26,,elevated
11339,24,,low
11340,27,,elevated
11341,0,,elevated
11342,75,,elevated
11343,0,,high
11344,68,,low
11345,0,,high
11346,46,,low
11347,14,,elevated
11348,69,,low
11349,27,,elevated
11350,35,,low
11351,0,,elevated
11352,26,,elevated
11353,29,,low
11354,12,,elevated
11355,,lapsed 90 days,high
11356,33,,elevated
11357,0,,high
11358,34,,elevated
11359,24,,elevated
11360,35,,elevated
11361,0,,high
11362,6,,elevated
11363,63,,elevated
11364,,lapsed 15 days,high
11365,25,,low
11366,43,,elevated
11367,30,,low
11368,30,,elevated
11369,,lapsed 15 days,high
11370,0,,elevated
11371,,lapsed 52 days,high
11372,1,,elevated
11373,9,,elevated
11374,17,,elevated
11375,30,,low
11376,0,,elevated
11377,37,,low
11378,7,,elevated
11379,72,,low
11380,49,,elevated
11381,10,,elevated
11382,28,,low
11383,2,,elevated
11384,86,,low
11385,16,,elevated
11386,54,,elevated
11387,11,,elevated
11388,6,,elevated
11389,83,,low
11390,30,,elevated
11391,12,,elevated
11392,3,,elevated
11393,0,,high
11394,13,,elevated
11395,28,,elevated
11396,25,,elevated
11397,86,,low
11398,20,,elevated
11399,24,,elevated
11400,,lapsed 61 days,high
11401,87,,low
11402,7,,elevated
11403,18,,elevated
11404,30,,low
11405,67,,elevated
11406,29,,low
11407,24,,elevated
11408,0,,high
11409,,lapsed 47 days,high
11410,,lapsed 20 days,high
11411,31,,elevated
11412,5,,elevated
11413,23,,elevated
11414,49,,elevated
11415,23,,elevated
11416,2,,elevated
11417,88,,low
11418,13,,elevated
11419,23,,low
11420,27,,low
11421,87,,low
11422,25,,elevated
11423,54,,elevated
11424,30,,elevated
11425,29,,elevated
11426,27,,low
11427,29,,low
11428,15,,elevated
11429,23,,elevated
11430,11,,elevated
11431,28,,low
11432,24,,elevated
11433,0,,elevated
11434,55,,low
11435,22,,elevated
11436,28,,elevated
11437,13,,elevated
11438,16,,elevated
11439,21,,low
11440,19,,elevated
11441,25,,elevated
11442,40,,low
11443,2,,elevated
11444,29,,elevated
11445,7,,elevated
11446,,lapsed 54 days,high
11447,9,,elevated
11448,27,,low
11449,26,,elevated
11450,7,,elevated
11451,2,,elevated
11452,38,,elevated
11453,15,,elevated
11454,7,,elevated
11455,28,,low
11456,1,,elevated
11457,21,,elevated
11458,,lapsed 62 days,high
11459,13,,elevated
11460,44,,low
11461,30,,low
11462,44,,low
11463,,lapsed 16 days,high
11464,74,,low
11465,26,,low
11466,18,,elevated
11467,24,,low
11468,0,,high
11469,40,,low
11470,24,,low
11471,21,,elevated
11472,38,,low
11473,,lapsed 40 days,high
11474,11,,elevated
11475,3,,elevated
11476,57,,low
11477,38,,low
11478,23,,low
11479,41,,elevated
11480,0,,high
11481,59,,low
11482,0,,high
11483,0,,high
11484,10,,elevated
11485,2,,elevated
11486,45,,elevated
11487,53,,low
11488,60,,low
11489,39,,low
11490,47,,elevated
11491,60,,elevated
11492,0,,high
11493,26,,elevated
11494,,lapsed 66 days,high
11495,3,,elevated
11496,23,,low
11497,17,,elevated
11498,23,,low
11499,25,,elevated
11500,7,,elevated
11501,27,,low
11502,,lapsed 16 days,high
11503,,lapsed 15 days,high
11504,70,,elevated
11505,47,,elevated
11506,30,,low
11507,2,,elevated
11508,33,,elevated
11509,23,,elevated
11510,35,,low
11511,48,,elevated
11512,85,,elevated
11513,52,,elevated
11514,,lapsed 35 days,high
11515,35,,elevated
11516,16,,elevated
11517,,lapsed 36 days,high
11518,4,,elevated
11519,8,,elevated
11520,17,,elevated
11521,12,,elevated
11522,5,,elevated
11523,24,,elevated
11524,25,,low
11525,28,,low
11526,14,,elevated
11527,50,,low
11528,26,,low
11529,3,,elevated
11530,89,,elevated
11531,0,,elevated
11532,87,,elevated
11533,8,,elevated
11534,,lapsed 90 days,high
11535,0,,high
11536,23,,elevated
11537,40,,low
11538,27,,elevated
11539,0,,elevated
11540,11,,elevated
11541,23,,low
11542,83,,elevated
11543,25,,low
11544,0,,high
11545,29,,low
11546,30,,low
11547,41,,elevated
11548,,lapsed 15 days,high
11549,29,,low
11550,5,,elevated
11551,,lapsed 19 days,high
11552,25,,low
11553,57,,elevated
11554,28,,low
11555,63,,low
11556,26,,elevated
11557,25,,elevated
11558,11,,elevated
11559,21,,elevated
11560,0,,high
11561,58,,low
11562,14,,elevated
11563,30,,low
11564,86,,elevated
11565,20,,elevated
11566,0,,high
11567,23,,low
11568,29,,elevated
11569,11,,elevated
11570,9,,elevated
11571,83,,elevated
11572,4,,elevated
11573,27,,low
11574,36,,low
11575,14,,elevated
11576,41,,low
11577,45,,elevated
11578,28,,low
11579,13,,elevated
11580,,lapsed 69 days,high
11581,57,,elevated
11582,,lapsed 48 days,high
11583,40,,elevated
11584,55,,low
11585,0,,high
11586,9,,elevated
11587,0,,high
11588,16,,elevated
11589,0,,high
11590,3,,elevated
11591,11,,elevated
11592,24,,elevated
11593,5,,elevated
11594,40,,low
11595,27,,elevated
11596,,lapsed 30 days,elevated
11597,29,,elevated
11598,23,,elevated
11599,23,,elevated
11600,1,,elevated
11601,27,,low
11602,0,,elevated
11603,18,,elevated
11604,23,,elevated
11605,0,,elevated
11606,30,,low
11607,38,,elevated
11608,25,,elevated
11609,24,,low
11610,55,,elevated
11611,27,,low
11612,40,,low
11613,23,,elevated
11614,13,,elevated
11615,38,,low
11616,16,,elevated
11617,3,,elevated
11618,29,,low
11619,12,,elevated
11620,28,,low
11621,0,,elevated
11622,,lapsed 89 days,high
11623,43,,low
11624,0,,high
11625,35,,elevated
11626,,lapsed 41 days,high
11627,23,,low
11628,0,,elevated
11629,3,,elevated
11630,23,,elevated
11631,0,,elevated
11632,0,,elevated
11633,23,,elevated
11634,27,,elevated
11635,0,,elevated
11636,52,,elevated
11637,25,,elevated
11638,8,,elevated
11639,19,,elevated
11640,0,,elevated
11641,43,,low
11642,21,,elevated
11643,,lapsed 61 days,high
11644,42,,elevated
11645,54,,low
11646,41,,elevated
11647,23,,elevated
11648,83,,low
11649,0,,high
11650,,lapsed 55 days,high
11651,15,,low
11652,24,,elevated
11653,21,,elevated
11654,56,,elevated
11655,30,,low
11656,27,,low
11657,0,,high
11658,1,,elevated
11659,38,,elevated
11660,26,,elevated
11661,12,,elevated
11662,60,,low
11663,21,,low
11664,57,,elevated
11665,12,,elevated
11666,12,,elevated
11667,4,,elevated
11668,75,,low
11669,55,,low
11670,0,,high
11671,56,,low
11672,40,,elevated
11673,16,,elevated
11674,29,,low
11675,,lapsed 29 days,high
11676,9,,elevated
11677,,lapsed 66 days,high
11678,41,,low
11679,3,,elevated
11680,44,,low
11681,0,,high
11682,3,,elevated
11683,20,,elevated
11684,29,,low
11685,12,,elevated
11686,21,,elevated
11687,14,,elevated
11688,24,,low
11689,41,,low
11690,24,,elevated
11691,13,,elevated
11692,9,,elevated
11693,0,,elevated
11694,0,,high
11695,24,,low
11696,30,,elevated
11697,24,,elevated
11698,25,,elevated
11699,0,,elevated
11700,25,,elevated
11701,0,,elevated
11702,30,,elevated
11703,24,,elevated
11704,19,,elevated
11705,5,,elevated
11706,23,,elevated
11707,23,,elevated
11708,23,,elevated
11709,0,,high
11710,26,,low
11711,26,,low
11712,0,,elevated
11713,61,,elevated
11714,43,,low
11715,27,,low
11716,32,,elevated
11717,39,,elevated
11718,18,,elevated
11719,26,,elevated
11720,24,,elevated
11721,,lapsed 25 days,high
11722,26,,elevated
11723,29,,low
11724,11,,elevated
11725,43,,low
11726,0,,elevated
11727,47,,elevated
11728,39,,elevated
11729,39,,low
11730,25,,elevated
11731,29,,elevated
11732,43,,elevated
11733,27,,elevated
11734,,lapsed 31 days,high
11735,9,,elevated
11736,20,,low
11737,,lapsed 67 days,high
11738,60,,low
11739,0,,high
11740,0,,high
11741,24,,elevated
11742,0,,elevated
11743,14,,elevated
11744,1,,elevated
11745,8,,elevated
11746,1,,elevated
11747,68,,elevated
11748,26,,low
11749,21,,elevated
11750,3,,elevated
11751,30,,elevated
11752,59,,elevated
11753,39,,elevated
11754,12,,elevated
11755,32,,elevated
11756,40,,low
11757,32,,elevated
11758,0,,high
11759,30,,low
11760,54,,elevated
11761,6,,elevated
11762,,lapsed 66 days,high
11763,13,,elevated
11764,41,,low
11765,0,,high
11766,0,,elevated
11767,6,,elevated
11768,68,,elevated
11769,22,,low
11770,15,,elevated
11771,,lapsed 28 days,high
11772,17,,elevated
11773,0,,high
11774,28,,elevated
11775,6,,elevated
11776,5,,elevated
11777,20,,elevated
11778,15,,elevated
11779,27,,low
11780,26,,elevated
11781,70,,elevated
11782,0,,high
11783,24,,elevated
11784,16,,elevated
11785,42,,low
11786,28,,low
11787,27,,elevated
11788,4,,elevated
11789,0,,elevated
11790,42,,low
11791,7,,elevated
11792,15,,elevated
11793,0,,elevated
11794,0,,elevated
11795,,lapsed 49 days,high
11796,27,,elevated
11797,1,,elevated
11798,27,,low
11799,15,,elevated
11800,20,,elevated
11801,,lapsed 44 days,high
11802,2,,elevated
11803,19,,low
11804,0,,elevated
11805,0,,elevated
11806,22,,elevated
11807,30,,low
11808,57,,low
11809,85,,low
11810,25,,elevated
11811,0,,high
11812,25,,elevated
11813,,lapsed 65 days,high
11814,12,,elevated
11815,16,,elevated
11816,40,,elevated
11817,,lapsed 40 days,high
11818,27,,low
11819,39,,elevated
11820,0,,elevated
11821,41,,low
11822,37,,elevated
11823,39,,elevated
11824,8,,elevated
11825,16,,elevated
11826,45,,low
11827,67,,low
11828,29,,elevated
11829,9,,elevated
11830,54,,elevated
11831,89,,low
11832,,lapsed 67 days,high
11833,0,,high
11834,,lapsed 54 days,high
11835,12,,elevated
11836,24,,elevated
11837,45,,low
11838,41,,elevated
11839,34,,elevated
11840,28,,elevated
11841,,lapsed 42 days,high
11842,27,,low
11843,20,,elevated
11844,,lapsed 31 days,high
11845,28,,low
11846,26,,elevated
11847,0,,elevated
11848,9,,elevated
11849,20,,elevated
11850,26,,elevated
11851,,lapsed 46 days,high
11852,44,,elevated
11853,19,,elevated
11854,11,,elevated
11855,23,,elevated
11856,7,,elevated
11857,22,,elevated
11858,29,,low
11859,28,,elevated
11860,17,,elevated
11861,27,,elevated
11862,45,,low
11863,26,,elevated
11864,16,,elevated
11865,24,,low
11866,23,,low
11867,18,,elevated
11868,74,,elevated
11869,7,,elevated
11870,14,,elevated
11871,81,,low
11872,23,,elevated
11873,29,,elevated
11874,33,,elevated
11875,55,,elevated
11876,38,,low
11877,27,,low
11878,18,,elevated
11879,23,,low
11880,67,,low
11881,0,,high
11882,41,,elevated
11883,,lapsed 50 days,high
11884,27,,elevated
11885,60,,elevated
11886,5,,elevated
11887,30,,low
11888,88,,low
11889,26,,elevated
11890,23,,elevated
11891,0,,elevated
11892,37,,elevated
11893,38,,low
11894,42,,low
11895,58,,low
11896,,lapsed 69 days,high
11897,0,,high
11898,,lapsed 17 days,high
11899,24,,elevated
11900,,lapsed 56 days,high
11901,4,,elevated
11902,26,,elevated
11903,,lapsed 72 days,high
11904,20,,elevated
11905,22,,elevated
11906,26,,low
11907,9,,elevated
11908,0,,high
11909,39,,elevated
11910,,lapsed 37 days,high
11911,0,,elevated
11912,29,,low
11913,60,,low
11914,77,,elevated
11915,22,,low
11916,20,,elevated
11917,,lapsed 50 days,high
11918,12,,elevated
11919,27,,elevated
11920,19,,elevated
11921,79,,elevated
11922,0,,elevated
11923,27,,low
11924,30,,elevated
11925,30,,low
11926,66,,low
11927,19,,low
11928,40,,low
11929,12,,elevated
11930,79,,low
11931,10,,elevated
11932,12,,elevated
11933,7,,elevated
11934,28,,low
11935,28,,low
11936,,lapsed 42 days,high
11937,5,,elevated
11938,,lapsed 23 days,high
11939,21,,elevated
11940,42,,low
11941,1,,elevated
11942,29,,low
11943,30,,low
11944,25,,elevated
11945,,lapsed 62 days,high
11946,46,,low
11947,8,,elevated
11948,28,,low
11949,43,,elevated
11950,6,,elevated
11951,12,,elevated
11952,18,,elevated
11953,29,,elevated
11954,29,,low
11955,20,,elevated
11956,,lapsed 84 days,high
11957,58,,low
11958,0,,high
11959,5,,elevated
11960,11,,elevated
11961,24,,elevated
11962,23,,elevated
11963,3,,elevated
11964,25,,low
11965,28,,low
11966,44,,elevated
11967,2,,elevated
11968,17,,elevated
11969,29,,elevated
11970,,lapsed 66 days,high
11971,9,,elevated
11972,,lapsed 15 days,high
11973,19,,elevated
11974,14,,elevated
11975,10,,elevated
11976,29,,low
11977,29,,low
11978,30,,low
11979,0,,elevated
11980,20,,elevated
11981,0,,high
11982,1,,elevated
11983,23,,elevated
11984,30,,low
11985,40,,elevated
11986,17,,elevated
11987,17,,elevated
11988,0,,elevated
11989,22,,elevated
11990,27,,elevated
11991,27,,low
11992,27,,elevated
11993,59,,low
11994,27,,elevated
11995,,lapsed 17 days,elevated
11996,24,,low
11997,24,,low
11998,0,,elevated
11999,25,,elevated
12000,12,,elevated
12001,30,,elevated
12002,22,,elevated
12003,16,,elevated
12004,24,,elevated
12005,11,,elevated
12006,29,,low
12007,,lapsed 40 days,high
12008,58,,low
12009,85,,low
12010,38,,elevated
12011,18,,elevated
12012,89,,elevated
12013,30,,low
12014,,lapsed 59 days,high
12015,4,,elevated
12016,,lapsed 40 days,high
12017,0,,elevated
12018,30,,low
12019,4,,elevated
12020,30,,low
12021,25,,low
12022,0,,elevated
12023,22,,low
12024,27,,elevated
12025,0,,elevated
12026,7,,elevated
12027,58,,low
12028,60,,low
12029,30,,low
12030,5,,elevated
12031,60,,low
12032,60,,elevated
12033,47,,elevated
12034,,lapsed 26 days,high
12035,21,,low
12036,,lapsed 82 days,high
12037,4,,elevated
12038,,lapsed 62 days,high
12039,27,,low
12040,25,,low
12041,87,,low
12042,29,,low
12043,23,,elevated
12044,0,,elevated
12045,0,,high
12046,25,,low
12047,56,,low
12048,27,,low
12049,57,,low
12050,2,,elevated
12051,23,,elevated
12052,25,,elevated
12053,38,,elevated
12054,5,,elevated
12055,0,,elevated
12056,0,,high
12057,29,,low
12058,58,,elevated
12059,23,,elevated
12060,35,,elevated
12061,42,,elevated
12062,62,,elevated
12063,28,,elevated
12064,12,,elevated
12065,0,,elevated
12066,,lapsed 66 days,high
12067,4,,elevated
12068,52,,low
12069,28,,elevated
12070,30,,elevated
12071,61,,low
12072,19,,elevated
12073,53,,low
12074,46,,low
12075,,lapsed 16 days,high
12076,43,,elevated
12077,29,,low
12078,0,,high
12079,,lapsed 66 days,high
12080,1,,elevated
12081,84,,low
12082,0,,elevated
12083,11,,elevated
12084,3,,elevated
12085,4,,elevated
12086,9,,elevated
12087,0,,high
12088,,lapsed 88 days,high
12089,,lapsed 15 days,high
12090,0,,high
12091,60,,low
12092,87,,elevated
12093,,lapsed 64 days,high
12094,6,,elevated
12095,25,,low
12096,85,,low
12097,18,,elevated
12098,12,,elevated
12099,56,,elevated
12100,30,,low
12101,17,,elevated
12102,6,,elevated
12103,10,,elevated
12104,28,,low
12105,26,,low
12106,50,,low
12107,8,,elevated
12108,9,,elevated
12109,26,,low
12110,5,,elevated
12111,42,,low
12112,0,,elevated
12113,18,,low
12114,11,,elevated
12115,83,,elevated
12116,21,,elevated
12117,,lapsed 82 days,high
12118,41,,elevated
12119,6,,elevated
12120,0,,elevated
12121,49,,elevated
12122,0,,elevated
12123,,lapsed 53 days,high
12124,18,,elevated
12125,57,,elevated
12126,,lapsed 23 days,high
12127,72,,low
12128,0,,elevated
12129,42,,low
12130,0,,high
12131,8,,elevated
12132,24,,elevated
12133,21,,elevated
12134,24,,elevated
12135,0,,elevated
12136,42,,elevated
12137,39,,elevated
12138,0,,elevated
12139,75,,low
12140,0,,elevated
12141,22,,elevated
12142,26,,elevated
12143,86,,low
12144,9,,elevated
12145,29,,low
12146,15,,elevated
12147,24,,low
12148,27,,low
12149,30,,low
12150,88,,elevated
12151,3,,elevated
12152,44,,low
12153,31,,elevated
12154,,lapsed 15 days,high
12155,,lapsed 22 days,high
12156,56,,low
12157,0,,elevated
12158,71,,elevated
12159,13,,elevated
12160,42,,elevated
12161,11,,elevated
12162,0,,high
12163,27,,elevated
12164,12,,elevated
12165,,lapsed 48 days,high
12166,56,,low
12167,0,,high
12168,30,,elevated
12169,21,,elevated
12170,2,,elevated
12171,29,,low
12172,24,,elevated
12173,43,,low
12174,30,,low
12175,20,,elevated
12176,26,,low
12177,0,,elevated
12178,11,,elevated
12179,83,,low
12180,0,,elevated
12181,0,,elevated
12182,7,,elevated
12183,0,,high
12184,0,,elevated
12185,34,,low
12186,52,,elevated
12187,25,,elevated
12188,28,,low
12189,42,,low
12190,18,,elevated
12191,22,,elevated
12192,75,,low
12193,20,,elevated
12194,42,,elevated
12195,,lapsed 76 days,high
12196,35,,elevated
12197,21,,elevated
12198,29,,low
12199,15,,elevated
12200,31,,elevated
12201,42,,elevated
12202,9,,elevated
12203,,lapsed 45 days,high
12204,,lapsed 36 days,high
12205,4,,elevated
12206,27,,elevated
12207,59,,low
12208,19,,elevated
12209,15,,elevated
12210,19,,elevated
12211,44,,elevated
12212,,lapsed 71 days,high
12213,36,,elevated
12214,10,,elevated
12215,28,,elevated
12216,10,,elevated
12217,8,,elevated
12218,,lapsed 31 days,high
12219,24,,elevated
12220,25,,elevated
12221,0,,elevated
12222,0,,elevated
12223,18,,elevated
12224,28,,elevated
12225,,lapsed 15 days,high
12226,7,,elevated
12227,23,,elevated
12228,7,,elevated
12229,89,,low
12230,29,,low
12231,17,,elevated
12232,60,,low
12233,0,,high
12234,,lapsed 77 days,high
12235,0,,high
12236,30,,low
12237,19,,elevated
12238,0,,high
12239,29,,low
12240,88,,low
12241,24,,low
12242,35,,low
12243,23,,low
12244,43,,low
12245,,lapsed 43 days,high
12246,7,,elevated
12247,30,,elevated
12248,26,,low
12249,0,,high
12250,43,,low
12251,0,,high
12252,0,,elevated
12253,29,,low
12254,0,,elevated
12255,57,,elevated
12256,0,,high
12257,6,,elevated
12258,16,,elevated
12259,0,,elevated
12260,30,,low
12261,0,,high
12262,49,,low
12263,20,,elevated
12264,21,,elevated
12265,13,,elevated
12266,5,,elevated
12267,18,,elevated
12268,25,,elevated
12269,24,,low
12270,37,,low
12271,38,,low
12272,,lapsed 29 days,high
12273,19,,elevated
12274,60,,low
12275,2,,elevated
12276,11,,elevated
12277,7,,elevated
12278,50,,low
12279,23,,elevated
12280,14,,elevated
12281,0,,elevated
12282,36,,elevated
12283,25,,elevated
12284,65,,low
12285,0,,elevated
12286,22,,elevated
12287,56,,elevated
12288,0,,elevated
12289,49,,elevated
12290,66,,elevated
12291,68,,low
12292,0,,elevated
12293,24,,elevated
12294,58,,elevated
12295,4,,elevated
12296,14,,elevated
12297,0,,high
12298,0,,elevated
12299,0,,high
12300,,lapsed 51 days,high
12301,42,,elevated
12302,14,,elevated
12303,30,,low
12304,0,,high
12305,70,,elevated
12306,0,,high
12307,28,,low
12308,,lapsed 47 days,high
12309,3,,elevated
12310,30,,low
12311,37,,low
12312,9,,elevated
12313,29,,elevated
12314,56,,elevated
12315,25,,elevated
12316,0,,high
12317,0,,elevated
12318,17,,elevated
12319,22,,elevated
12320,2,,elevated
12321,0,,elevated
12322,26,,elevated
12323,26,,elevated
12324,41,,elevated
12325,0,,elevated
12326,56,,elevated
12327,19,,low
12328,15,,elevated
12329,29,,low
12330,87,,low
12331,11,,elevated
12332,25,,elevated
12333,,lapsed 70 days,high
12334,1,,elevated
12335,,lapsed 60 days,high
12336,0,,elevated
12337,30,,low
12338,,lapsed 77 days,high
12339,4,,elevated
12340,26,,elevated
12341,22,,elevated
12342,,lapsed 59 days,high
12343,82,,elevated
12344,0,,elevated
12345,23,,elevated
12346,15,,elevated
12347,38,,low
12348,0,,elevated
12349,59,,low
12350,7,,elevated
12351,0,,elevated
12352,0,,high
12353,23,,elevated
12354,,lapsed 40 days,high
12355,26,,low
12356,,lapsed 72 days,high
12357,,lapsed 74 days,high
12358,,lapsed 86 days,high
12359,0,,elevated
12360,18,,elevated
12361,0,,elevated
12362,2,,elevated
12363,28,,elevated
12364,,lapsed 51 days,high
12365,21,,low
12366,0,,elevated
12367,13,,elevated
12368,26,,elevated
12369,5,,elevated
12370,0,,high
12371,1,,elevated
12372,6,,elevated
12373,29,,low
12374,0,,high
12375,41,,elevated
12376,23,,low
12377,9,,elevated
12378,27,,low
12379,0,,elevated
12380,,lapsed 86 days,high
12381,,lapsed 41 days,high
12382,18,,elevated
12383,25,,elevated
12384,27,,elevated
12385,19,,low
12386,27,,low
12387,,lapsed 39 days,high
12388,59,,low
12389,29,,low
12390,0,,elevated
12391,,lapsed 48 days,high
12392,22,,elevated
12393,12,,elevated
12394,0,,elevated
12395,22,,elevated
12396,0,,elevated
12397,57,,low
12398,37,,elevated
12399,10,,elevated
12400,6,,elevated
12401,,lapsed 67 days,high
12402,18,,elevated
12403,,lapsed 61 days,high
12404,20,,low
12405,33,,elevated
12406,25,,elevated
12407,23,,low
12408,8,,elevated
12409,23,,low
12410,25,,elevated
12411,,lapsed 36 days,high
12412,71,,elevated
12413,23,,elevated
12414,27,,low
12415,34,,elevated
12416,0,,elevated
12417,39,,low
12418,56,,elevated
12419,,lapsed 62 days,high
12420,0,,high
12421,0,,elevated
12422,43,,elevated
12423,0,,elevated
12424,23,,low
12425,17,,elevated
12426,1,,elevated
12427,17,,elevated
12428,3,,elevated
12429,23,,low
12430,23,,elevated
12431,24,,elevated
12432,26,,low
12433,89,,low
12434,51,,elevated
12435,29,,low
12436,25,,low
12437,5,,elevated
12438,,lapsed 90 days,high
12439,22,,elevated
12440,15,,elevated
12441,27,,low
12442,21,,elevated
12443,55,,elevated
12444,24,,elevated
12445,2,,elevated
12446,0,,high
12447,20,,elevated
12448,35,,elevated
12449,21,,elevated
12450,39,,elevated
12451,0,,elevated
12452,15,,elevated
12453,30,,low
12454,,lapsed 57 days,high
12455,10,,elevated
12456,,lapsed 72 days,high
12457,78,,elevated
12458,12,,elevated
12459,24,,elevated
12460,16,,elevated
12461,41,,low
12462,10,,elevated
12463,,lapsed 70 days,high
12464,44,,elevated
12465,0,,high
12466,0,,elevated
12467,0,,high
12468,18,,elevated
12469,25,,elevated
12470,10,,elevated
12471,0,,high
12472,17,,elevated
12473,17,,elevated
12474,44,,elevated
12475,23,,elevated
12476,24,,low
12477,5,,elevated
12478,56,,low
12479,4,,elevated
12480,,lapsed 34 days,high
12481,,lapsed 67 days,high
12482,0,,elevated
12483,19,,elevated
12484,0,,elevated
12485,0,,high
12486,0,,elevated
12487,18,,elevated
12488,,lapsed 67 days,high
12489,31,,low
12490,24,,elevated
12491,7,,elevated
12492,,lapsed 55 days,high
12493,5,,elevated
12494,26,,elevated
12495,,lapsed 19 days,high
12496,3,,elevated
12497,29,,low
12498,44,,low
12499,9,,elevated
12500,12,,elevated
12501,4,,elevated
12502,0,,elevated
12503,2,,elevated
12504,1,,elevated
12505,28,,low
12506,,lapsed 82 days,high
12507,30,,low
12508,29,,low
12509,22,,elevated
12510,52,,elevated
12511,0,,high
12512,8,,elevated
12513,24,,elevated
12514,26,,elevated
12515,28,,low
12516,40,,elevated
12517,1,,elevated
12518,29,,low
12519,2,,elevated
12520,88,,low
12521,20,,elevated
12522,13,,elevated
12523,,lapsed 78 days,high
12524,25,,elevated
12525,21,,low
12526,12,,elevated
12527,10,,elevated
12528,21,,elevated
12529,12,,elevated
12530,22,,elevated
12531,10,,elevated
12532,0,,elevated
12533,8,,elevated
12534,21,,elevated
12535,64,,low
12536,22,,elevated
12537,0,,high
12538,35,,elevated
12539,90,,low
12540,24,,elevated
12541,22,,elevated
12542,81,,low
12543,23,,low
12544,0,,high
12545,0,,high
12546,27,,low
12547,0,,elevated
12548,12,,elevated
12549,23,,low
12550,4,,elevated
12551,0,,high
12552,19,,elevated
12553,,lapsed 69 days,high
12554,0,,elevated
12555,,lapsed 41 days,high
12556,7,,elevated
12557,41,,low
12558,21,,elevated
12559,13,,elevated
12560,53,,low
12561,41,,elevated
12562,55,,elevated
12563,23,,elevated
12564,26,,elevated
12565,12,,elevated
12566,10,,elevated
12567,52,,low
12568,40,,elevated
12569,26,,low
12570,20,,elevated
12571,0,,elevated
12572,36,,elevated
12573,,lapsed 31 days,high
12574,38,,elevated
12575,7,,elevated
12576,27,,low
12577,0,,elevated
12578,,lapsed 80 days,high
12579,,lapsed 66 days,high
12580,30,,low
12581,18,,low
12582,55,,elevated
12583,28,,low
12584,6,,elevated
12585,22,,low
12586,0,,elevated
12587,6,,elevated
12588,16,,elevated
12589,,lapsed 31 days,high
12590,38,,elevated
12591,35,,elevated
12592,26,,low
12593,26,,elevated
12594,27,,elevated
12595,30,,low
12596,29,,low
12597,0,,elevated
12598,23,,elevated
12599,8,,elevated
12600,7,,elevated
12601,15,,elevated
12602,,lapsed 38 days,high
12603,33,,elevated
12604,65,,elevated
12605,0,,elevated
12606,87,,elevated
12607,22,,elevated
12608,27,,elevated
12609,26,,elevated
12610,16,,elevated
12611,,lapsed 16 days,high
12612,,lapsed 48 days,high
12613,8,,elevated
12614,29,,low
12615,89,,low
12616,47,,elevated
12617,0,,high
12618,17,,low
12619,0,,elevated
12620,0,,high
12621,,lapsed 46 days,high
12622,47,,elevated
12623,60,,low
12624,41,,low
12625,,lapsed 38 days,high
12626,6,,elevated
12627,0,,elevated
12628,0,,high
12629,39,,low
12630,56,,low
12631,88,,low
12632,24,,elevated
12633,12,,elevated
12634,16,,elevated
12635,15,,elevated
12636,0,,elevated
12637,25,,elevated
12638,,lapsed 76 days,high
12639,,lapsed 43 days,high
12640,59,,low
12641,21,,elevated
12642,58,,low
12643,0,,high
12644,28,,low
12645,19,,elevated
12646,0,,elevated
12647,14,,elevated
12648,16,,elevated
12649,5,,elevated
12650,20,,elevated
12651,44,,elevated
12652,23,,low
12653,38,,elevated
12654,25,,elevated
12655,26,,elevated
12656,10,,elevated
12657,0,,elevated
12658,42,,elevated
12659,0,,elevated
12660,28,,elevated
12661,58,,elevated
12662,0,,elevated
12663,2,,elevated
12664,,lapsed 89 days,high
12665,19,,elevated
12666,39,,elevated
12667,55,,elevated
12668,55,,low
12669,13,,elevated
12670,23,,elevated
12671,13,,elevated
12672,45,,elevated
12673,54,,low
12674,1,,elevated
12675,0,,elevated
12676,,lapsed 15 days,high
12677,23,,elevated
12678,30,,elevated
12679,23,,elevated
12680,,lapsed 46 days,high
12681,17,,elevated
12682,,lapsed 33 days,high
12683,23,,low
12684,23,,elevated
12685,0,,elevated
12686,28,,low
12687,55,,elevated
12688,,lapsed 83 days,high
12689,,lapsed 15 days,high
12690,0,,high
12691,,lapsed 65 days,high
12692,0,,high
12693,0,,elevated
12694,20,,elevated
12695,19,,elevated
12696,24,,elevated
12697,28,,low
12698,,lapsed 56 days,high
12699,25,,elevated
12700,,lapsed 57 days,high
12701,8,,elevated
12702,5,,elevated
12703,84,,low
12704,,lapsed 19 days,high
12705,5,,elevated
12706,6,,elevated
12707,58,,low
12708,0,,elevated
12709,18,,elevated
12710,23,,low
12711,0,,high
12712,27,,elevated
12713,,lapsed 33 days,high
12714,26,,low
12715,11,,elevated
12716,0,,elevated
12717,0,,elevated
12718,21,,elevated
12719,1,,elevated
12720,85,,low
12721,85,,elevated
12722,0,,elevated
12723,0,,high
12724,0,,high
12725,0,,elevated
12726,34,,low
12727,30,,elevated
12728,12,,elevated
12729,0,,high
12730,,lapsed 21 days,high
12731,,lapsed 72 days,high
12732,28,,low
12733,2,,elevated
12734,28,,elevated
12735,30,,elevated
12736,0,,high
12737,3,,elevated
12738,42,,low
12739,6,,elevated
12740,0,,elevated
12741,23,,low
12742,25,,low
12743,55,,low
12744,41,,elevated
12745,,lapsed 24 days,high
12746,11,,elevated
12747,69,,elevated
12748,0,,elevated
12749,1,,elevated
12750,9,,elevated
12751,4,,elevated
12752,4,,elevated
12753,9,,elevated
12754,23,,elevated
12755,58,,elevated
12756,2,,elevated
12757,12,,elevated
12758,11,,elevated
12759,39,,low
12760,40,,elevated
12761,13,,elevated
12762,30,,elevated
12763,21,,elevated
12764,28,,elevated
12765,0,,elevated
12766,29,,elevated
12767,84,,elevated
12768,60,,low
12769,11,,elevated
12770,16,,elevated
12771,0,,elevated
12772,3,,elevated
12773,43,,elevated
12774,28,,elevated
12775,,lapsed 38 days,high
12776,,lapsed 45 days,high
12777,0,,high
12778,15,,elevated
12779,20,,elevated
12780,0,,elevated
12781,84,,elevated
12782,10,,elevated
12783,38,,elevated
12784,30,,low
12785,27,,elevated
12786,27,,low
12787,83,,elevated
12788,28,,low
12789,0,,elevated
12790,26,,elevated
12791,1,,elevated
12792,,lapsed 75 days,high
12793,23,,low
12794,9,,elevated
12795,21,,elevated
12796,15,,elevated
12797,21,,elevated
12798,12,,elevated
12799,28,,low
12800,3,,elevated
12801,3,,elevated
12802,59,,low
12803,9,,elevated
12804,25,,elevated
12805,16,,elevated
12806,,lapsed 32 days,elevated
12807,29,,low
12808,50,,low
12809,27,,elevated
12810,42,,low
12811,64,,elevated
12812,26,,elevated
12813,26,,elevated
12814,6,,elevated
12815,21,,low
12816,30,,elevated
12817,18,,elevated
12818,29,,elevated
12819,27,,low
12820,18,,low
12821,90,,low
12822,24,,elevated
12823,,lapsed 34 days,high
12824,25,,elevated
12825,29,,low
12826,27,,elevated
12827,23,,elevated
12828,25,,elevated
12829,2,,elevated
12830,28,,low
12831,18,,elevated
12832,38,,elevated
12833,0,,elevated
12834,20,,elevated
12835,0,,high
12836,20,,elevated
12837,25,,elevated
12838,0,,elevated
12839,13,,elevated
12840,24,,low
12841,17,,elevated
12842,10,,elevated
12843,39,,elevated
12844,21,,elevated
12845,32,,elevated
12846,22,,elevated
12847,25,,elevated
12848,60,,elevated
12849,0,,elevated
12850,55,,low
12851,0,,elevated
12852,1,,elevated
12853,27,,low
12854,28,,low
12855,27,,elevated
12856,23,,elevated
12857,0,,elevated
12858,0,,high
12859,,lapsed 43 days,high
12860,0,,elevated
12861,44,,low
12862,29,,low
12863,,lapsed 16 days,high
12864,4,,elevated
12865,28,,low
12866,0,,elevated
12867,,lapsed 86 days,high
12868,53,,elevated
12869,8,,elevated
12870,0,,elevated
12871,19,,elevated
12872,0,,high
12873,46,,elevated
12874,83,,low
12875,16,,elevated
12876,20,,low
12877,30,,elevated
12878,0,,high
12879,9,,elevated
12880,24,,elevated
12881,59,,low
12882,16,,elevated
12883,46,,low
12884,24,,low
12885,25,,elevated
12886,23,,elevated
12887,23,,elevated
12888,24,,elevated
12889,84,,elevated
12890,0,,high
12891,12,,elevated
12892,0,,elevated
12893,9,,elevated
12894,0,,elevated
12895,80,,elevated
12896,42,,elevated
12897,0,,elevated
12898,19,,elevated
12899,28,,low
12900,,lapsed 54 days,high
12901,83,,low
12902,3,,elevated
12903,29,,low
12904,0,,elevated
12905,52,,elevated
12906,6,,elevated
12907,21,,elevated
12908,30,,low
12909,8,,elevated
12910,3,,elevated
12911,9,,elevated
12912,,lapsed 77 days,high
12913,32,,elevated
12914,10,,elevated
12915,18,,elevated
12916,0,,high
12917,,lapsed 43 days,high
12918,70,,elevated
12919,42,,elevated
12920,17,,elevated
12921,4,,elevated
12922,74,,elevated
12923,29,,low
12924,,lapsed 50 days,high
12925,28,,low
12926,5,,elevated
12927,5,,elevated
12928,20,,elevated
12929,0,,elevated
12930,4,,elevated
12931,77,,elevated
12932,0,,elevated
12933,0,,high
12934,76,,elevated
12935,27,,low
12936,39,,low
12937,43,,elevated
12938,11,,elevated
12939,23,,elevated
12940,0,,high
12941,30,,low
12942,3,,elevated
12943,4,,elevated
12944,18,,elevated
12945,90,,low
12946,2,,elevated
12947,8,,elevated
12948,32,,elevated
12949,28,,elevated
12950,27,,elevated
12951,12,,elevated
12952,36,,elevated
12953,24,,elevated
12954,26,,elevated
12955,15,,elevated
12956,,lapsed 40 days,high
12957,38,,low
12958,67,,low
12959,20,,low
12960,40,,low
12961,23,,low
12962,10,,elevated
12963,0,,high
12964,22,,low
12965,2,,elevated
12966,5,,elevated
12967,2,,elevated
12968,,lapsed 57 days,high
12969,28,,low
12970,8,,elevated
12971,,lapsed 28 days,high
12972,46,,elevated
12973,0,,high
12974,58,,low
12975,28,,low
12976,0,,elevated
12977,29,,low
12978,25,,low
12979,29,,low
12980,16,,elevated
12981,30,,low
12982,35,,elevated
12983,23,,elevated
12984,34,,elevated
12985,48,,elevated
12986,23,,elevated
12987,0,,elevated
12988,0,,high
12989,37,,elevated
12990,13,,elevated
12991,27,,low
12992,0,,elevated
12993,26,,elevated
12994,79,,elevated
12995,0,,elevated
12996,27,,low
12997,27,,elevated
12998,10,,elevated
12999,,lapsed 15 days,high
13000,,lapsed 50 days,high
13001,60,,low
13002,29,,elevated
13003,43,,low
13004,8,,elevated
13005,2,,elevated
13006,0,,elevated
13007,26,,low
13008,0,,elevated
13009,6,,elevated
13010,1,,elevated
13011,33,,elevated
13012,15,,elevated
13013,13,,elevated
13014,55,,elevated
13015,60,,elevated
13016,24,,elevated
13017,29,,low
13018,41,,elevated
13019,5,,elevated
13020,25,,elevated
13021,59,,low
13022,17,,elevated
13023,90,,low
13024,,lapsed 61 days,high
13025,29,,low
13026,0,,high
13027,,lapsed 52 days,high
13028,53,,low
13029,30,,low
13030,,lapsed 52 days,high
13031,27,,low
13032,50,,elevated
13033,2,,elevated
13034,29,,low
13035,26,,elevated
13036,2,,elevated
13037,86,,low
13038,16,,elevated
13039,26,,low
13040,43,,low
13041,85,,low
13042,0,,elevated
13043,39,,low
13044,26,,low
13045,29,,elevated
13046,16,,elevated
13047,,lapsed 52 days,high
13048,25,,elevated
13049,88,,elevated
13050,17,,elevated
13051,26,,low
13052,28,,low
13053,0,,high
13054,26,,elevated
13055,,lapsed 37 days,high
13056,25,,elevated
13057,1,,elevated
13058,31,,elevated
13059,83,,low
13060,0,,high
13061,21,,elevated
13062,41,,elevated
13063,28,,low
13064,53,,low
13065,12,,elevated
13066,65,,elevated
13067,58,,low
13068,0,,elevated
13069,57,,low
13070,14,,elevated
13071,25,,low
13072,26,,elevated
13073,1,,elevated
13074,1,,elevated
13075,1,,elevated
13076,23,,elevated
13077,46,,elevated
13078,53,,elevated
13079,3,,elevated
13080,28,,low
13081,25,,elevated
13082,72,,elevated
13083,70,,low
13084,43,,elevated
13085,2,,elevated
13086,13,,elevated
13087,26,,low
13088,76,,low
13089,21,,elevated
13090,25,,elevated
13091,2,,high
13092,31,,elevated
13093,23,,elevated
13094,23,,elevated
13095,26,,low
13096,3,,elevated
13097,20,,elevated
13098,41,,low
13099,0,,elevated
13100,89,,elevated
13101,37,,low
13102,6,,elevated
13103,59,,low
13104,27,,elevated
13105,50,,low
13106,86,,low
13107,71,,elevated
13108,38,,elevated
13109,40,,low
13110,23,,low
13111,83,,low
13112,6,,elevated
13113,59,,low
13114,4,,elevated
13115,18,,elevated
13116,88,,elevated
13117,23,,low
13118,15,,elevated
13119,29,,elevated
13120,0,,elevated
13121,2,,elevated
13122,1,,elevated
13123,89,,elevated
13124,22,,elevated
13125,17,,elevated
13126,21,,elevated
13127,0,,high
13128,4,,elevated
13129,,lapsed 82 days,high
13130,21,,elevated
13131,38,,low
13132,39,,elevated
13133,0,,high
13134,12,,elevated
13135,0,,elevated
13136,51,,elevated
13137,23,,elevated
13138,7,,elevated
13139,0,,elevated
13140,25,,low
13141,2,,elevated
13142,0,,elevated
13143,55,,low
13144,38,,elevated
13145,43,,elevated
13146,9,,elevated
13147,,lapsed 88 days,high
13148,58,,elevated
13149,14,,elevated
13150,84,,low
13151,57,,low
13152,2,,elevated
13153,8,,elevated
13154,54,,elevated
13155,57,,low
13156,30,,low
13157,0,,elevated
13158,20,,elevated
13159,84,,low
13160,16,,elevated
13161,,lapsed 19 days,elevated
13162,8,,elevated
13163,24,,elevated
13164,34,,elevated
13165,25,,elevated
13166,87,,elevated
13167,61,,elevated
13168,0,,elevated
13169,16,,elevated
13170,14,,elevated
13171,0,,elevated
13172,50,,elevated
13173,,lapsed 29 days,high
13174,22,,elevated
13175,,lapsed 62 days,high
13176,7,,elevated
13177,,lapsed 57 days,high
13178,64,,elevated
13179,29,,elevated
13180,40,,low
13181,29,,low
13182,20,,elevated
13183,84,,elevated
13184,23,,elevated
13185,38,,low
13186,30,,elevated
13187,1,,elevated
13188,4,,elevated
13189,22,,elevated
13190,,lapsed 66 days,high
13191,27,,low
13192,17,,elevated
13193,11,,elevated
13194,0,,high
13195,0,,elevated
13196,26,,elevated
13197,25,,elevated
13198,25,,elevated
13199,3,,elevated
13200,16,,elevated
13201,,lapsed 23 days,high
13202,23,,elevated
13203,24,,elevated
13204,76,,low
13205,,lapsed 72 days,high
13206,23,,elevated
13207,19,,elevated
13208,36,,elevated
13209,28,,elevated
13210,27,,low
13211,7,,elevated
13212,24,,elevated
13213,4,,elevated
13214,25,,elevated
13215,8,,elevated
13216,15,,elevated
13217,15,,elevated
13218,0,,high
13219,26,,low
13220,27,,elevated
13221,10,,elevated
13222,28,,elevated
13223,1,,elevated
13224,0,,elevated
13225,90,,low
13226,63,,elevated
13227,30,,low
13228,0,,high
13229,26,,elevated
13230,86,,low
13231,6,,elevated
13232,37,,low
13233,2,,elevated
13234,0,,elevated
13235,24,,low
13236,19,,elevated
13237,27,,elevated
13238,24,,elevated
13239,26,,elevated
13240,7,,elevated
13241,24,,elevated
13242,23,,elevated
13243,6,,elevated
13244,0,,elevated
13245,7,,elevated
13246,24,,elevated
13247,29,,low
13248,16,,elevated
13249,0,,elevated
13250,45,,elevated
13251,,lapsed 79 days,high
13252,0,,high
13253,19,,elevated
13254,30,,elevated
13255,,lapsed 42 days,high
13256,0,,elevated
13257,56,,low
13258,39,,low
13259,37,,elevated
13260,20,,low
13261,0,,elevated
13262,0,,elevated
13263,60,,low
13264,50,,elevated
13265,40,,low
13266,25,,elevated
13267,28,,elevated
13268,28,,low
13269,27,,elevated
13270,,lapsed 15 days,high
13271,26,,low
13272,0,,high
13273,12,,elevated
13274,59,,low
13275,19,,elevated
13276,30,,low
13277,,lapsed 72 days,high
13278,13,,elevated
13279,39,,elevated
13280,3,,elevated
13281,14,,elevated
13282,28,,low
13283,49,,elevated
13284,12,,elevated
13285,23,,low
13286,45,,low
13287,29,,elevated
13288,0,,high
13289,,lapsed 15 days,high
13290,,lapsed 60 days,high
13291,17,,elevated
13292,24,,low
13293,10,,elevated
13294,85,,low
13295,29,,low
13296,23,,elevated
13297,44,,low
13298,3,,elevated
13299,24,,low
13300,39,,low
13301,3,,elevated
13302,29,,elevated
13303,77,,elevated
13304,,lapsed 23 days,high
13305,10,,elevated
13306,23,,elevated
13307,0,,elevated
13308,29,,low
13309,45,,elevated
13310,2,,elevated
13311,55,,elevated
13312,8,,elevated
13313,29,,low
13314,,lapsed 47 days,high
13315,,lapsed 57 days,high
13316,21,,elevated
13317,0,,high
13318,0,,elevated
13319,86,,elevated
13320,8,,elevated
13321,15,,elevated
13322,70,,elevated
13323,4,,elevated
13324,17,,elevated
13325,,lapsed 39 days,high
13326,4,,elevated
13327,60,,low
13328,4,,elevated
13329,4,,elevated
13330,,lapsed 55 days,high
13331,23,,elevated
13332,85,,low
13333,28,,low
13334,88,,low
13335,32,,elevated
13336,23,,elevated
13337,27,,low
13338,30,,low
13339,60,,low
13340,21,,elevated
13341,,lapsed 75 days,high
13342,0,,elevated
13343,12,,elevated
13344,0,,elevated
13345,29,,elevated
13346,4,,elevated
13347,,lapsed 47 days,high
13348,17,,low
13349,60,,elevated
13350,17,,elevated
13351,10,,elevated
13352,30,,low
13353,22,,low
13354,44,,low
13355,33,,elevated
13356,27,,elevated
13357,29,,elevated
13358,,lapsed 32 days,high
13359,41,,low
13360,0,,high
13361,18,,elevated
13362,14,,elevated
13363,27,,elevated
13364,,lapsed 20 days,high
13365,9,,elevated
13366,6,,elevated
13367,23,,low
13368,39,,elevated
13369,21,,low
13370,30,,low
13371,27,,elevated
13372,10,,elevated
13373,0,,high
13374,28,,low
13375,19,,elevated
13376,29,,elevated
13377,22,,elevated
13378,55,,elevated
13379,32,,elevated
13380,9,,elevated
13381,,lapsed 50 days,high
13382,25,,elevated
13383,,lapsed 60 days,high
13384,29,,elevated
13385,,lapsed 33 days,high
13386,23,,low
13387,14,,elevated
13388,8,,elevated
13389,18,,elevated
13390,8,,elevated
13391,28,,elevated
13392,27,,elevated
13393,40,,elevated
13394,43,,elevated
13395,24,,elevated
13396,,lapsed 74 days,high
13397,33,,elevated
13398,18,,low
13399,6,,elevated
13400,30,,low
13401,19,,elevated
13402,30,,elevated
13403,9,,elevated
13404,0,,elevated
13405,33,,low
13406,90,,low
13407,4,,elevated
13408,26,,elevated
13409,20,,elevated
13410,26,,low
13411,,lapsed 63 days,high
13412,25,,elevated
13413,5,,elevated
13414,9,,elevated
13415,30,,elevated
13416,16,,elevated
13417,16,,elevated
13418,23,,elevated
13419,3,,elevated
13420,25,,elevated
13421,,lapsed 21 days,elevated
13422,56,,elevated
13423,29,,elevated
13424,15,,elevated
13425,24,,elevated
13426,25,,elevated
13427,27,,elevated
13428,24,,elevated
13429,41,,elevated
13430,21,,elevated
13431,12,,elevated
13432,25,,elevated
13433,24,,elevated
13434,22,,elevated
13435,29,,low
13436,,lapsed 39 days,high
13437,20,,elevated
13438,45,,low
13439,25,,low
13440,25,,elevated
13441,34,,elevated
13442,65,,elevated
13443,0,,elevated
13444,29,,elevated
13445,26,,low
13446,12,,elevated
13447,29,,low
13448,23,,elevated
13449,3,,elevated
13450,,lapsed 67 days,high
13451,29,,low
13452,60,,low
13453,30,,low
13454,16,,elevated
13455,13,,elevated
13456,11,,elevated
13457,25,,elevated
13458,17,,elevated
13459,2,,elevated
13460,28,,elevated
13461,0,,elevated
13462,35,,elevated
13463,,lapsed 73 days,high
13464,45,,low
13465,16,,elevated
13466,83,,low
13467,29,,low
13468,0,,elevated
13469,17,,low
13470,,lapsed 90 days,high
13471,26,,low
13472,4,,elevated
13473,34,,elevated
13474,0,,elevated
13475,16,,elevated
13476,1,,elevated
13477,0,,elevated
13478,8,,elevated
13479,25,,low
13480,42,,elevated
13481,,lapsed 67 days,high
13482,28,,low
13483,19,,elevated
13484,23,,low
13485,22,,low
13486,12,,elevated
13487,25,,elevated
13488,2,,elevated
13489,14,,elevated
13490,0,,high
13491,9,,elevated
13492,0,,elevated
13493,0,,high
13494,11,,elevated
13495,18,,elevated
13496,14,,elevated
13497,30,,low
13498,24,,low
13499,27,,low
13500,26,,low
13501,27,,low
13502,,lapsed 86 days,high
13503,25,,low
13504,5,,elevated
13505,20,,elevated
13506,27,,low
13507,27,,elevated
13508,11,,elevated
13509,13,,elevated
13510,88,,low
13511,62,,elevated
13512,10,,elevated
13513,44,,low
13514,26,,elevated
13515,26,,elevated
13516,25,,elevated
13517,15,,elevated
13518,0,,elevated
13519,59,,low
13520,3,,elevated
13521,2,,elevated
13522,28,,elevated
13523,25,,elevated
13524,0,,high
13525,26,,elevated
13526,57,,elevated
13527,80,,elevated
13528,34,,elevated
13529,25,,elevated
13530,15,,elevated
13531,29,,low
13532,40,,elevated
13533,19,,low
13534,30,,low
13535,6,,elevated
13536,58,,elevated
13537,6,,elevated
13538,5,,elevated
13539,0,,elevated
13540,1,,elevated
13541,49,,elevated
13542,38,,elevated
13543,30,,elevated
13544,,lapsed 36 days,high
13545,19,,elevated
13546,19,,low
13547,38,,elevated
13548,11,,elevated
13549,24,,low
13550,38,,low
13551,3,,elevated
13552,12,,elevated
13553,16,,elevated
13554,1,,elevated
13555,13,,elevated
13556,0,,high
13557,17,,elevated
13558,23,,elevated
13559,6,,elevated
13560,24,,elevated
13561,0,,elevated
13562,,lapsed 71 days,high
13563,,lapsed 75 days,high
13564,57,,low
13565,37,,elevated
13566,29,,elevated
13567,13,,elevated
13568,9,,elevated
13569,35,,elevated
13570,28,,elevated
13571,1,,elevated
13572,5,,elevated
13573,13,,elevated
13574,27,,elevated
13575,17,,elevated
13576,5,,elevated
13577,51,,elevated
13578,38,,low
13579,5,,elevated
13580,9,,elevated
13581,38,,low
13582,17,,elevated
13583,9,,elevated
13584,24,,elevated
13585,29,,low
13586,42,,elevated
13587,10,,elevated
13588,27,,low
13589,0,,elevated
13590,42,,low
13591,75,,low
13592,26,,elevated
13593,19,,elevated
13594,0,,high
13595,39,,low
13596,42,,low
13597,8,,elevated
13598,59,,low
13599,,lapsed 61 days,high
13600,0,,high
13601,34,,low
13602,21,,elevated
13603,13,,elevated
13604,58,,elevated
13605,30,,low
13606,27,,elevated
13607,3,,elevated
13608,32,,elevated
13609,1,,elevated
13610,60,,elevated
13611,,lapsed 83 days,high
13612,27,,elevated
13613,,lapsed 38 days,high
13614,14,,elevated
13615,29,,elevated
13616,12,,elevated
13617,59,,low
13618,24,,low
13619,30,,elevated
13620,88,,low
13621,37,,low
13622,21,,low
13623,26,,elevated
13624,,lapsed 85 days,high
13625,0,,elevated
13626,1,,elevated
13627,30,,low
13628,29,,elevated
13629,45,,elevated
13630,27,,low
13631,26,,elevated
13632,26,,low
13633,18,,elevated
13634,0,,elevated
13635,59,,elevated
13636,29,,elevated
13637,25,,elevated
13638,30,,elevated
13639,54,,low
13640,60,,low
13641,5,,elevated
13642,22,,low
13643,47,,elevated
13644,11,,elevated
13645,45,,elevated
13646,61,,elevated
13647,,lapsed 52 days,high
13648,29,,elevated
13649,47,,elevated
13650,1,,elevated
13651,26,,elevated
13652,83,,elevated
13653,0,,elevated
13654,30,,low
13655,0,,elevated
13656,7,,elevated
13657,27,,elevated
13658,,lapsed 50 days,high
13659,3,,elevated
13660,,lapsed 38 days,high
13661,0,,high
13662,,lapsed 42 days,high
13663,56,,elevated
13664,87,,low
13665,31,,low
13666,40,,elevated
13667,42,,elevated
13668,0,,high
13669,26,,elevated
13670,2,,elevated
13671,11,,elevated
13672,90,,low
13673,17,,elevated
13674,16,,elevated
13675,0,,high
13676,30,,low
13677,72,,elevated
13678,28,,low
13679,,lapsed 64 days,high
13680,19,,low
13681,39,,elevated
13682,25,,low
13683,,lapsed 51 days,high
13684,20,,elevated
13685,0,,elevated
13686,18,,elevated
13687,22,,elevated
13688,4,,elevated
13689,38,,elevated
13690,27,,elevated
13691,55,,elevated
13692,0,,high
13693,10,,elevated
13694,30,,elevated
13695,28,,elevated
13696,23,,elevated
13697,,lapsed 30 days,high
13698,27,,elevated
13699,,lapsed 41 days,high
13700,0,,high
13701,2,,elevated
13702,12,,elevated
13703,21,,low
13704,23,,elevated
13705,7,,elevated
13706,66,,elevated
13707,17,,elevated
13708,13,,elevated
13709,88,,low
13710,0,,high
13711,0,,elevated
13712,0,,high
13713,58,,low
13714,,lapsed 25 days,high
13715,28,,elevated
13716,51,,elevated
13717,58,,low
13718,3,,elevated
13719,17,,elevated
13720,24,,elevated
13721,2,,elevated
13722,29,,low
13723,15,,elevated
13724,13,,elevated
13725,24,,low
13726,26,,elevated
13727,50,,low
13728,20,,elevated
13729,14,,elevated
13730,29,,elevated
13731,20,,elevated
13732,30,,low
13733,17,,elevated
13734,0,,elevated
13735,,lapsed 19 days,high
13736,0,,elevated
13737,29,,low
13738,22,,elevated
13739,21,,elevated
13740,26,,elevated
13741,4,,elevated
13742,28,,low
13743,50,,elevated
13744,85,,low
13745,27,,elevated
13746,0,,elevated
13747,19,,elevated
13748,29,,elevated
13749,,lapsed 80 days,high
13750,0,,elevated
13751,16,,elevated
13752,14,,elevated
13753,15,,elevated
13754,,lapsed 71 days,high
13755,,lapsed 63 days,high
13756,0,,elevated
13757,12,,elevated
13758,28,,elevated
13759,58,,low
13760,0,,elevated
13761,14,,elevated
13762,15,,elevated
13763,42,,low
13764,,lapsed 74 days,high
13765,,lapsed 54 days,high
13766,0,,elevated
13767,,lapsed 88 days,high
13768,,lapsed 19 days,high
13769,46,,elevated
13770,30,,low
13771,2,,elevated
13772,58,,elevated
13773,,lapsed 60 days,high
13774,6,,elevated
13775,28,,elevated
13776,26,,low
13777,0,,high
13778,8,,elevated
13779,7,,elevated
13780,1,,elevated
13781,18,,elevated
13782,6,,elevated
13783,15,,elevated
13784,16,,elevated
13785,10,,elevated
13786,28,,low
13787,41,,low
13788,23,,elevated
13789,28,,elevated
13790,26,,elevated
13791,0,,high
13792,17,,elevated
13793,27,,elevated
13794,,lapsed 51 days,high
13795,56,,low
13796,0,,high
13797,24,,elevated
13798,9,,elevated
13799,19,,elevated
13800,24,,low
13801,,lapsed 15 days,high
13802,8,,elevated
13803,11,,elevated
13804,0,,elevated
13805,6,,elevated
13806,5,,elevated
13807,,lapsed 62 days,high
13808,56,,low
13809,25,,elevated
13810,1,,elevated
13811,17,,elevated
13812,42,,low
13813,23,,elevated
13814,0,,elevated
13815,41,,low
13816,30,,elevated
13817,25,,elevated
13818,,lapsed 31 days,high
13819,3,,elevated
13820,30,,low
13821,15,,elevated
13822,12,,elevated
13823,30,,low
13824,57,,elevated
13825,26,,low
13826,24,,elevated
13827,38,,low
13828,25,,elevated
13829,,lapsed 53 days,high
13830,0,,elevated
13831,28,,low
13832,0,,high
13833,28,,elevated
13834,15,,elevated
13835,68,,elevated
13836,30,,low
13837,,lapsed 76 days,high
13838,,lapsed 58 days,high
13839,0,,elevated
13840,25,,elevated
13841,26,,low
13842,39,,elevated
13843,,lapsed 24 days,elevated
13844,17,,elevated
13845,0,,high
13846,0,,high
13847,10,,elevated
13848,1,,elevated
13849,25,,elevated
13850,0,,elevated
13851,27,,low
13852,84,,low
13853,46,,low
13854,30,,low
13855,,lapsed 26 days,high
13856,8,,elevated
13857,16,,elevated
13858,13,,elevated
13859,22,,elevated
13860,29,,low
13861,28,,elevated
13862,17,,elevated
13863,0,,elevated
13864,0,,elevated
13865,8,,elevated
13866,2,,elevated
13867,32,,low
13868,30,,low
13869,22,,elevated
13870,9,,elevated
13871,30,,low
13872,40,,elevated
13873,26,,elevated
13874,77,,elevated
13875,14,,elevated
13876,15,,elevated
13877,29,,elevated
13878,51,,elevated
13879,27,,elevated
13880,11,,elevated
13881,8,,elevated
13882,86,,elevated
13883,40,,elevated
13884,29,,low
13885,,lapsed 17 days,elevated
13886,8,,elevated
13887,23,,elevated
13888,,lapsed 21 days,high
13889,0,,elevated
13890,30,,low
13891,29,,low
13892,88,,low
13893,89,,elevated
13894,24,,elevated
13895,,lapsed 35 days,high
13896,17,,elevated
13897,44,,elevated
13898,27,,low
13899,39,,low
13900,30,,elevated
13901,17,,elevated
13902,43,,low
13903,23,,low
13904,10,,elevated
13905,88,,low
13906,31,,elevated
13907,27,,elevated
13908,0,,elevated
13909,11,,elevated
13910,29,,low
13911,20,,low
13912,0,,elevated
13913,0,,high
13914,33,,elevated
13915,43,,elevated
13916,9,,elevated
13917,15,,elevated
13918,4,,elevated
13919,40,,low
13920,21,,elevated
13921,,lapsed 71 days,high
13922,26,,elevated
13923,23,,elevated
13924,17,,elevated
13925,30,,elevated
13926,9,,elevated
13927,13,,elevated
13928,17,,elevated
13929,30,,elevated
13930,,lapsed 57 days,high
13931,33,,elevated
13932,7,,elevated
13933,0,,high
13934,49,,low
13935,30,,low
13936,40,,elevated
13937,14,,elevated
13938,20,,elevated
13939,27,,elevated
13940,35,,elevated
13941,24,,low
13942,1,,elevated
13943,0,,elevated
13944,16,,elevated
13945,11,,elevated
13946,83,,elevated
13947,9,,elevated
13948,22,,elevated
13949,,lapsed 79 days,high
13950,20,,low
13951,,lapsed 47 days,high
13952,24,,low
13953,,lapsed 79 days,high
13954,18,,elevated
13955,42,,elevated
13956,,lapsed 15 days,high
13957,32,,elevated
13958,38,,elevated
13959,25,,elevated
13960,21,,elevated
13961,57,,low
13962,26,,elevated
13963,13,,elevated
13964,12,,elevated
13965,15,,elevated
13966,1,,elevated
13967,16,,elevated
13968,,lapsed 87 days,high
13969,16,,elevated
13970,23,,elevated
13971,18,,elevated
13972,26,,low
13973,,lapsed 55 days,high
13974,61,,elevated
13975,19,,elevated
13976,0,,elevated
13977,26,,low
13978,22,,elevated
13979,23,,low
13980,27,,elevated
13981,26,,low
13982,40,,low
13983,4,,elevated
13984,0,,elevated
13985,0,,elevated
13986,48,,elevated
13987,9,,elevated
13988,30,,low
13989,,lapsed 28 days,high
13990,16,,elevated
13991,41,,elevated
13992,19,,elevated
13993,45,,low
13994,17,,elevated
13995,0,,high
13996,14,,elevated
13997,8,,elevated
13998,29,,low
13999,31,,elevated
14000,0,,high
14001,6,,elevated
14002,,lapsed 15 days,high
14003,76,,low
14004,45,,elevated
14005,13,,elevated
14006,75,,elevated
14007,60,,low
14008,64,,elevated
14009,60,,low
14010,0,,elevated
14011,,lapsed 73 days,high
14012,0,,elevated
14013,28,,low
14014,23,,low
14015,24,,elevated
14016,25,,low
14017,26,,elevated
14018,26,,low
14019,75,,elevated
14020,37,,elevated
14021,30,,elevated
14022,26,,elevated
14023,20,,elevated
14024,6,,elevated
14025,31,,elevated
14026,2,,elevated
14027,21,,elevated
14028,90,,low
14029,43,,low
14030,24,,elevated
14031,7,,elevated
14032,27,,low
14033,,lapsed 46 days,high
14034,90,,elevated
14035,14,,elevated
14036,38,,elevated
14037,0,,elevated
14038,,lapsed 75 days,high
14039,47,,elevated
14040,12,,elevated
14041,84,,low
14042,26,,elevated
14043,16,,elevated
14044,0,,high
14045,52,,elevated
14046,21,,low
14047,0,,high
14048,5,,elevated
14049,14,,elevated
14050,33,,elevated
14051,31,,elevated
14052,11,,elevated
14053,88,,low
14054,,lapsed 69 days,high
14055,84,,low
14056,11,,elevated
14057,29,,low
14058,82,,low
14059,0,,elevated
14060,19,,elevated
14061,60,,low
14062,3,,elevated
14063,,lapsed 41 days,high
14064,22,,elevated
14065,26,,low
14066,23,,low
14067,,lapsed 59 days,high
14068,76,,low
14069,7,,elevated
14070,13,,elevated
14071,,lapsed 83 days,high
14072,,lapsed 39 days,high
14073,0,,elevated
14074,0,,high
14075,63,,low
14076,15,,elevated
14077,8,,elevated
14078,0,,high
14079,2,,elevated
14080,14,,elevated
14081,26,,elevated
14082,56,,elevated
14083,,lapsed 50 days,high
14084,26,,elevated
14085,13,,elevated
14086,28,,low
14087,29,,elevated
14088,,lapsed 66 days,high
14089,23,,low
14090,18,,elevated
14091,1,,elevated
14092,26,,elevated
14093,6,,elevated
14094,4,,elevated
14095,0,,high
14096,4,,elevated
14097,6,,elevated
14098,84,,elevated
14099,8,,elevated
14100,57,,elevated
14101,,lapsed 80 days,high
14102,2,,elevated
14103,18,,elevated
14104,43,,low
14105,29,,low
14106,5,,elevated
14107,14,,elevated
14108,29,,low
14109,3,,elevated
14110,7,,elevated
14111,28,,low
14112,40,,elevated
14113,14,,elevated
14114,78,,low
14115,26,,elevated
14116,1,,elevated
14117,23,,elevated
14118,25,,elevated
14119,,lapsed 77 days,high
14120,0,,elevated
14121,0,,elevated
14122,25,,low
14123,16,,elevated
14124,6,,elevated
14125,44,,elevated
14126,3,,elevated
14127,0,,elevated
14128,27,,elevated
14129,44,,low
14130,8,,elevated
14131,26,,low
14132,,lapsed 25 days,high
14133,25,,elevated
14134,23,,elevated
14135,28,,elevated
14136,30,,elevated
14137,42,,elevated
14138,4,,elevated
14139,23,,low
14140,,lapsed 52 days,high
14141,15,,elevated
14142,,lapsed 60 days,high
14143,,lapsed 75 days,high
14144,9,,elevated
14145,,lapsed 34 days,high
14146,36,,elevated
14147,0,,high
14148,8,,elevated
14149,13,,elevated
14150,19,,elevated
14151,23,,elevated
14152,25,,elevated
14153,21,,elevated
14154,0,,high
14155,11,,elevated
14156,1,,elevated
14157,7,,elevated
14158,16,,elevated
14159,27,,low
14160,30,,low
14161,0,,high
14162,4,,elevated
14163,35,,elevated
14164,64,,elevated
14165,0,,elevated
14166,29,,low
14167,24,,low
14168,0,,elevated
14169,29,,low
14170,2,,elevated
14171,20,,elevated
14172,28,,elevated
14173,0,,elevated
14174,18,,elevated
14175,0,,high
14176,27,,elevated
14177,5,,elevated
14178,16,,elevated
14179,10,,elevated
14180,28,,elevated
14181,,lapsed 84 days,high
14182,29,,elevated
14183,84,,elevated
14184,5,,elevated
14185,3,,elevated
14186,31,,elevated
14187,0,,high
14188,18,,elevated
14189,34,,elevated
14190,23,,elevated
14191,43,,elevated
14192,12,,elevated
14193,70,,low
14194,35,,elevated
14195,26,,low
14196,17,,elevated
14197,27,,elevated
14198,26,,low
14199,0,,high
14200,26,,low
14201,7,,elevated
14202,27,,low
14203,17,,elevated
14204,19,,low
14205,29,,low
14206,26,,low
14207,69,,elevated
14208,6,,elevated
14209,83,,low
14210,16,,elevated
14211,23,,elevated
14212,19,,elevated
14213,16,,elevated
14214,30,,low
14215,27,,low
14216,30,,low
14217,4,,elevated
14218,40,,elevated
14219,71,,low
14220,86,,elevated
14221,7,,elevated
14222,25,,elevated
14223,59,,low
14224,,lapsed 18 days,high
14225,26,,elevated
14226,0,,elevated
14227,5,,elevated
14228,38,,low
14229,29,,elevated
14230,,lapsed 65 days,high
14231,25,,elevated
14232,28,,elevated
14233,27,,low
14234,3,,elevated
14235,0,,high
14236,31,,elevated
14237,,lapsed 60 days,high
14238,27,,elevated
14239,,lapsed 40 days,high
14240,49,,low
14241,2,,elevated
14242,12,,elevated
14243,1,,elevated
14244,,lapsed 26 days,high
14245,16,,elevated
14246,,lapsed 49 days,high
14247,7,,elevated
14248,,lapsed 19 days,high
14249,1,,elevated
14250,1,,elevated
14251,,lapsed 30 days,high
14252,30,,low
14253,,lapsed 35 days,high
14254,28,,low
14255,24,,elevated
14256,15,,elevated
14257,30,,low
14258,2,,elevated
14259,5,,elevated
14260,34,,low
14261,0,,high
14262,17,,elevated
14263,23,,low
14264,,lapsed 45 days,high
14265,16,,elevated
14266,24,,low
14267,0,,high
14268,,lapsed 65 days,high
14269,54,,elevated
14270,59,,low
14271,0,,elevated
14272,,lapsed 69 days,high
14273,30,,low
14274,40,,elevated
14275,0,,elevated
14276,60,,low
14277,58,,low
14278,29,,low
14279,0,,elevated
14280,60,,elevated
14281,0,,high
14282,15,,elevated
14283,0,,high
14284,24,,elevated
14285,27,,elevated
14286,28,,elevated
14287,28,,low
14288,49,,elevated
14289,12,,elevated
14290,,lapsed 53 days,high
14291,19,,low
14292,26,,elevated
14293,44,,low
14294,88,,low
14295,29,,low
14296,22,,elevated
14297,2,,elevated
14298,16,,elevated
14299,0,,elevated
14300,21,,elevated
14301,2,,elevated
14302,43,,elevated
14303,24,,elevated
14304,43,,elevated
14305,4,,elevated
14306,23,,low
14307,6,,elevated
14308,11,,elevated
14309,3,,elevated
14310,17,,elevated
14311,17,,elevated
14312,5,,elevated
14313,19,,elevated
14314,86,,low
14315,2,,elevated
14316,4,,elevated
14317,27,,low
14318,15,,elevated
14319,2,,elevated
14320,23,,low
14321,42,,low
14322,28,,elevated
14323,3,,elevated
14324,27,,low
14325,0,,elevated
14326,28,,elevated
14327,,lapsed 31 days,high
14328,85,,low
14329,0,,elevated
14330,16,,elevated
14331,87,,low
14332,7,,elevated
14333,61,,elevated
14334,15,,elevated
14335,11,,elevated
14336,23,,elevated
14337,67,,elevated
14338,2,,elevated
14339,1,,elevated
14340,36,,elevated
14341,23,,elevated
14342,27,,low
14343,,lapsed 61 days,high
14344,79,,elevated
14345,10,,elevated
14346,7,,elevated
14347,24,,low
14348,29,,low
14349,0,,elevated
14350,0,,elevated
14351,37,,low
14352,0,,elevated
14353,22,,elevated
14354,0,,elevated
14355,26,,low
14356,19,,elevated
14357,31,,elevated
14358,9,,elevated
14359,25,,elevated
14360,29,,elevated
14361,26,,low
14362,25,,elevated
14363,,lapsed 33 days,high
14364,24,,low
14365,,lapsed 81 days,high
14366,8,,elevated
14367,66,,elevated
14368,37,,elevated
14369,60,,elevated
14370,57,,low
14371,12,,elevated
14372,,lapsed 77 days,high
14373,15,,elevated
14374,28,,elevated
14375,40,,low
14376,7,,elevated
14377,33,,elevated
14378,0,,elevated
14379,0,,elevated
14380,0,,high
14381,56,,low
14382,2,,elevated
14383,6,,elevated
14384,85,,low
14385,14,,elevated
14386,17,,elevated
14387,0,,high
14388,29,,elevated
14389,,lapsed 34 days,high
14390,26,,low
14391,23,,elevated
14392,58,,low
14393,26,,low
14394,0,,high
14395,78,,elevated
14396,26,,elevated
14397,6,,elevated
14398,,lapsed 34 days,high
14399,0,,elevated
14400,60,,low
14401,23,,elevated
14402,4,,elevated
14403,,lapsed 67 days,high
14404,29,,low
14405,0,,elevated
14406,24,,low
14407,10,,elevated
14408,23,,elevated
14409,73,,elevated
14410,0,,elevated
14411,29,,low
14412,0,,high
14413,11,,elevated
14414,42,,elevated
14415,26,,elevated
14416,,lapsed 15 days,high
14417,55,,low
14418,28,,low
14419,13,,elevated
14420,30,,low
14421,2,,elevated
14422,24,,low
14423,55,,low
14424,,lapsed 15 days,elevated
14425,13,,elevated
14426,26,,elevated
14427,0,,elevated
14428,41,,low
14429,26,,elevated
14430,4,,elevated
14431,10,,elevated
14432,24,,elevated
14433,30,,low
14434,12,,elevated
14435,21,,elevated
14436,65,,elevated
14437,43,,elevated
14438,0,,elevated
14439,0,,high
14440,10,,elevated
14441,,lapsed 15 days,high
14442,81,,low
14443,59,,low
14444,16,,elevated
14445,41,,elevated
14446,27,,low
14447,20,,low
14448,4,,elevated
14449,0,,elevated
14450,7,,elevated
14451,4,,elevated
14452,25,,low
14453,36,,elevated
14454,26,,elevated
14455,24,,elevated
14456,15,,elevated
14457,0,,high
14458,38,,low
14459,26,,elevated
14460,19,,elevated
14461,28,,elevated
14462,23,,elevated
14463,43,,low
14464,70,,elevated
14465,24,,elevated
14466,12,,elevated
14467,0,,high
14468,85,,low
14469,39,,elevated
14470,22,,elevated
14471,8,,elevated
14472,22,,elevated
14473,81,,elevated
14474,24,,elevated
14475,9,,elevated
14476,7,,elevated
14477,27,,low
14478,51,,elevated
14479,24,,elevated
14480,19,,elevated
14481,15,,elevated
14482,24,,elevated
14483,19,,elevated
14484,86,,low
14485,48,,elevated
14486,21,,elevated
14487,29,,low
14488,29,,elevated
14489,14,,elevated
14490,25,,low
14491,22,,elevated
14492,20,,elevated
14493,78,,elevated
14494,9,,elevated
14495,4,,elevated
14496,14,,elevated
14497,27,,low
14498,70,,low
14499,14,,elevated
14500,33,,elevated
14501,83,,low
14502,14,,elevated
14503,,lapsed 15 days,high
14504,28,,low
14505,0,,elevated
14506,11,,elevated
14507,24,,low
14508,4,,elevated
14509,26,,elevated
14510,0,,elevated
14511,45,,low
14512,0,,elevated
14513,,lapsed 20 days,high
14514,29,,elevated
14515,16,,elevated
14516,15,,elevated
14517,2,,elevated
14518,28,,elevated
14519,23,,low
14520,34,,elevated
14521,2,,elevated
14522,35,,elevated
14523,9,,elevated
14524,12,,elevated
14525,11,,elevated
14526,,lapsed 43 days,high
14527,24,,elevated
14528,,lapsed 74 days,high
14529,0,,high
14530,34,,elevated
14531,9,,elevated
14532,23,,elevated
14533,,lapsed 23 days,high
14534,28,,elevated
14535,29,,low
14536,84,,elevated
14537,44,,elevated
14538,55,,elevated
14539,23,,elevated
14540,29,,low
14541,16,,elevated
14542,23,,elevated
14543,24,,low
14544,30,,elevated
14545,28,,elevated
14546,27,,elevated
14547,,lapsed 17 days,high
14548,0,,elevated
14549,26,,elevated
14550,38,,elevated
14551,45,,low
14552,70,,low
14553,,lapsed 74 days,high
14554,0,,elevated
14555,18,,elevated
14556,7,,elevated
14557,,lapsed 15 days,high
14558,53,,low
14559,0,,elevated
14560,27,,low
14561,29,,low
14562,4,,elevated
14563,0,,high
14564,29,,low
14565,1,,elevated
14566,18,,elevated
14567,0,,elevated
14568,9,,elevated
14569,0,,elevated
14570,20,,elevated
14571,30,,elevated
14572,30,,elevated
14573,65,,elevated
14574,32,,elevated
14575,27,,elevated
14576,34,,elevated
14577,0,,elevated
14578,0,,high
14579,,lapsed 15 days,high
14580,0,,high
14581,,lapsed 54 days,high
14582,29,,low
14583,62,,low
14584,,lapsed 74 days,high
14585,27,,elevated
14586,2,,elevated
14587,8,,elevated
14588,17,,elevated
14589,28,,elevated
14590,25,,low
14591,45,,low
14592,0,,elevated
14593,12,,elevated
14594,27,,elevated
14595,24,,elevated
14596,59,,elevated
14597,41,,low
14598,16,,elevated
14599,,lapsed 65 days,high
14600,28,,low
14601,54,,low
14602,44,,low
14603,17,,elevated
14604,26,,low
14605,29,,low
14606,7,,elevated
14607,24,,low
14608,0,,high
14609,0,,elevated
14610,0,,elevated
14611,24,,low
14612,19,,elevated
14613,33,,low
14614,28,,elevated
14615,59,,low
14616,27,,elevated
14617,8,,elevated
14618,17,,elevated
14619,0,,high
14620,0,,high
14621,52,,low
14622,66,,elevated
14623,38,,low
14624,30,,low
14625,,lapsed 42 days,high
14626,30,,low
14627,,lapsed 72 days,high
14628,16,,elevated
14629,16,,elevated
14630,59,,low
14631,3,,elevated
14632,12,,elevated
14633,39,,low
14634,4,,elevated
14635,30,,elevated
14636,30,,elevated
14637,55,,low
14638,27,,elevated
14639,57,,elevated
14640,3,,elevated
14641,,lapsed 86 days,high
14642,58,,elevated
14643,28,,low
14644,26,,elevated
14645,18,,elevated
14646,49,,elevated
14647,34,,low
14648,17,,elevated
14649,26,,low
14650,11,,elevated
14651,0,,high
14652,2,,elevated
14653,15,,elevated
14654,50,,elevated
14655,24,,elevated
14656,57,,low
14657,34,,low
14658,30,,low
14659,26,,low
14660,0,,elevated
14661,89,,low
14662,9,,elevated
14663,1,,elevated
14664,,lapsed 71 days,high
14665,2,,elevated
14666,,lapsed 37 days,high
14667,14,,elevated
14668,50,,low
14669,0,,high
14670,24,,low
14671,23,,elevated
14672,23,,low
14673,9,,elevated
14674,12,,elevated
14675,18,,elevated
14676,0,,high
14677,27,,elevated
14678,28,,low
14679,26,,low
14680,15,,elevated
14681,10,,elevated
14682,19,,low
14683,,lapsed 41 days,high
14684,23,,elevated
14685,,lapsed 70 days,high
14686,27,,elevated
14687,48,,elevated
14688,21,,elevated
14689,19,,elevated
14690,22,,elevated
14691,79,,elevated
14692,0,,elevated
14693,13,,elevated
14694,63,,elevated
14695,20,,elevated
14696,59,,low
14697,2,,elevated
14698,83,,elevated
14699,,lapsed 15 days,high
14700,20,,low
14701,89,,low
14702,,lapsed 61 days,high
14703,18,,elevated
14704,13,,elevated
14705,29,,elevated
14706,29,,elevated
14707,42,,elevated
14708,18,,elevated
14709,30,,low
14710,0,,elevated
14711,0,,high
14712,23,,elevated
14713,0,,elevated
14714,23,,low
14715,30,,elevated
14716,23,,elevated
14717,0,,high
14718,29,,elevated
14719,18,,elevated
14720,,lapsed 89 days,high
14721,29,,elevated
14722,27,,elevated
14723,90,,elevated
14724,,lapsed 81 days,high
14725,4,,elevated
14726,6,,elevated
14727,30,,elevated
14728,41,,low
14729,10,,elevated
14730,41,,elevated
14731,,lapsed 56 days,high
14732,14,,elevated
14733,12,,elevated
14734,24,,elevated
14735,0,,high
14736,83,,elevated
14737,14,,elevated
14738,,lapsed 39 days,high
14739,19,,elevated
14740,0,,high
14741,27,,elevated
14742,45,,elevated
14743,11,,elevated
14744,,lapsed 48 days,high
14745,27,,elevated
14746,26,,low
14747,5,,elevated
14748,28,,elevated
14749,0,,high
14750,17,,elevated
14751,89,,elevated
14752,,lapsed 18 days,high
14753,54,,elevated
14754,72,,elevated
14755,0,,elevated
14756,30,,low
14757,86,,low
14758,19,,elevated
14759,29,,low
14760,42,,low
14761,64,,low
14762,30,,low
14763,0,,elevated
14764,18,,elevated
14765,77,,low
14766,30,,low
14767,4,,elevated
14768,87,,elevated
14769,6,,elevated
14770,0,,elevated
14771,88,,low
14772,0,,high
14773,0,,elevated
14774,,lapsed 17 days,high
14775,14,,elevated
14776,0,,elevated
14777,19,,elevated
14778,22,,elevated
14779,28,,elevated
14780,0,,elevated
14781,8,,elevated
14782,19,,low
14783,85,,elevated
14784,89,,low
14785,27,,elevated
14786,32,,elevated
14787,0,,elevated
14788,12,,elevated
14789,22,,elevated
14790,44,,elevated
14791,24,,elevated
14792,,lapsed 52 days,high
14793,55,,elevated
14794,20,,elevated
14795,8,,elevated
14796,9,,elevated
14797,45,,low
14798,33,,low
14799,0,,high
14800,6,,elevated
14801,24,,low
14802,25,,elevated
14803,56,,elevated
14804,56,,low
14805,32,,elevated
14806,12,,elevated
14807,0,,high
14808,,lapsed 67 days,high
14809,25,,low
14810,26,,low
14811,31,,elevated
14812,45,,low
14813,44,,low
14814,43,,elevated
14815,,lapsed 17 days,high
14816,21,,elevated
14817,8,,elevated
14818,29,,elevated
14819,30,,low
14820,9,,elevated
14821,24,,low
14822,52,,elevated
14823,28,,low
14824,,lapsed 42 days,high
14825,6,,elevated
14826,,lapsed 16 days,high
14827,19,,elevated
14828,13,,elevated
14829,,lapsed 31 days,high
14830,26,,elevated
14831,,lapsed 50 days,high
14832,0,,high
