candidate_id,region,treatment_status,coverage_tier,indication_fit,engagement_readiness,acq_cost_band,awareness_stage,hcp_referral,days_in_evaluation
0001,northeast,on_competitor,commercial,high,moderate,medium,re_engagement,true,54
0002,northeast,untreated,commercial,moderate,moderate,medium,evaluation,false,57
0003,west,on_competitor,commercial,low,moderate,medium,awareness,false,43
0004,southeast,untreated,commercial,high,high,low,research,true,118
0005,midwest,untreated,cash_pay,moderate,low,medium,evaluation,true,29
0006,southwest,on_competitor,cash_pay,low,moderate,medium,evaluation,true,45
0007,southeast,untreated,other,moderate,moderate,low,evaluation,true,48
0008,southwest,untreated,medicare_medicaid,high,moderate,high,awareness,false,103
0009,southeast,untreated,commercial,low,low,medium,evaluation,false,117
0010,northeast,on_competitor,commercial,moderate,moderate,medium,research,false,46
0011,southwest,untreated,medicare_medicaid,high,high,low,evaluation,false,54
0012,southeast,on_competitor,medicare_medicaid,moderate,high,medium,re_engagement,false,14
0013,midwest,on_competitor,commercial,moderate,high,medium,research,false,112
0014,southwest,on_competitor,cash_pay,moderate,high,medium,evaluation,false,25
0015,west,untreated,medicare_medicaid,moderate,moderate,low,awareness,true,118
0016,southwest,untreated,cash_pay,high,high,medium,awareness,false,104
0017,west,untreated,cash_pay,high,moderate,medium,awareness,false,54
0018,southwest,lapsed,cash_pay,moderate,moderate,medium,evaluation,false,115
0019,northeast,untreated,commercial,high,moderate,low,awareness,true,80
0020,northeast,untreated,commercial,high,moderate,low,research,false,92
0021,midwest,lapsed,medicare_medicaid,moderate,low,low,awareness,false,54
0022,southwest,untreated,commercial,moderate,moderate,low,evaluation,false,13
0023,northeast,untreated,medicare_medicaid,moderate,moderate,low,re_engagement,false,110
0024,northeast,lapsed,medicare_medicaid,moderate,high,low,evaluation,false,52
0025,northeast,untreated,commercial,high,moderate,high,awareness,false,58
0026,west,untreated,cash_pay,moderate,moderate,medium,awareness,true,7
0027,midwest,on_competitor,cash_pay,high,moderate,medium,evaluation,true,65
0028,northeast,untreated,medicare_medicaid,moderate,high,low,re_engagement,false,76
0029,northeast,untreated,medicare_medicaid,moderate,moderate,low,evaluation,false,33
0030,west,untreated,commercial,high,low,low,research,false,12
0031,northeast,untreated,commercial,low,low,high,research,true,106
0032,southeast,on_competitor,other,low,moderate,medium,research,false,13
0033,northeast,lapsed,commercial,high,moderate,low,research,false,26
0034,west,on_competitor,medicare_medicaid,high,low,low,evaluation,false,5
0035,west,untreated,medicare_medicaid,high,moderate,medium,research,true,9
0036,west,lapsed,commercial,high,moderate,medium,research,true,46
0037,west,lapsed,cash_pay,low,high,low,awareness,false,113
0038,southwest,lapsed,cash_pay,low,high,low,evaluation,true,52
0039,west,untreated,commercial,low,low,high,evaluation,false,100
0040,southeast,on_competitor,commercial,moderate,high,high,research,false,111
0041,northeast,untreated,commercial,high,low,high,awareness,false,51
0042,west,on_competitor,commercial,high,low,low,research,false,4
0043,southeast,untreated,cash_pay,high,moderate,medium,research,false,32
0044,southeast,untreated,medicare_medicaid,low,moderate,high,evaluation,true,55
0045,west,untreated,commercial,high,low,medium,awareness,false,52
0046,west,untreated,medicare_medicaid,high,moderate,medium,evaluation,true,72
0047,midwest,untreated,commercial,high,moderate,medium,evaluation,false,56
0048,midwest,on_competitor,cash_pay,low,moderate,medium,awareness,false,79
0049,west,untreated,cash_pay,moderate,high,low,awareness,false,60
0050,west,on_competitor,medicare_medicaid,low,moderate,medium,research,false,18
0051,northeast,on_competitor,cash_pay,moderate,high,medium,awareness,false,66
0052,midwest,untreated,other,high,high,medium,research,false,40
0053,southwest,lapsed,medicare_medicaid,moderate,moderate,high,research,false,95
0054,midwest,lapsed,cash_pay,low,moderate,high,research,false,56
0055,southeast,untreated,commercial,high,moderate,low,awareness,false,90
0056,southeast,untreated,commercial,moderate,high,high,research,false,89
0057,southwest,untreated,medicare_medicaid,moderate,low,low,research,false,106
0058,west,untreated,medicare_medicaid,moderate,high,low,research,true,43
0059,west,on_competitor,cash_pay,low,low,high,research,false,75
0060,northeast,on_competitor,medicare_medicaid,high,moderate,low,research,true,41
0061,southwest,untreated,commercial,low,moderate,high,research,false,6
0062,southeast,lapsed,medicare_medicaid,moderate,moderate,high,re_engagement,true,2
0063,northeast,on_competitor,medicare_medicaid,high,low,medium,awareness,false,77
0064,west,on_competitor,commercial,low,low,low,awareness,false,86
0065,southeast,lapsed,other,high,moderate,high,awareness,false,38
0066,midwest,lapsed,commercial,low,low,medium,research,false,64
0067,northeast,on_competitor,medicare_medicaid,moderate,moderate,medium,re_engagement,false,19
0068,west,untreated,other,high,low,medium,research,false,93
0069,southeast,on_competitor,commercial,low,moderate,medium,evaluation,false,85
0070,northeast,untreated,cash_pay,high,high,high,research,false,89
0071,midwest,lapsed,medicare_medicaid,high,high,medium,research,false,60
0072,midwest,on_competitor,cash_pay,high,high,medium,awareness,false,60
0073,southeast,on_competitor,other,moderate,moderate,medium,awareness,false,92
0074,northeast,untreated,medicare_medicaid,moderate,high,low,research,false,97
0075,southeast,on_competitor,commercial,high,high,low,awareness,false,35
0076,northeast,untreated,commercial,low,moderate,high,awareness,true,36
0077,southeast,untreated,commercial,high,low,medium,evaluation,false,9
0078,west,on_competitor,commercial,low,low,low,awareness,false,53
0079,west,on_competitor,commercial,moderate,moderate,medium,re_engagement,false,39
0080,northeast,on_competitor,other,high,low,medium,awareness,true,30
0081,northeast,untreated,commercial,moderate,moderate,low,awareness,false,89
0082,northeast,lapsed,commercial,high,low,medium,evaluation,true,14
0083,west,on_competitor,other,low,high,low,awareness,false,72
0084,southeast,lapsed,medicare_medicaid,high,moderate,low,research,false,76
0085,southeast,untreated,commercial,high,high,high,evaluation,false,2
0086,west,lapsed,commercial,high,low,medium,evaluation,false,23
0087,southeast,lapsed,cash_pay,low,moderate,medium,awareness,true,20
0088,west,untreated,commercial,low,low,medium,research,false,41
0089,west,untreated,cash_pay,low,high,high,research,true,66
0090,west,untreated,medicare_medicaid,moderate,high,medium,re_engagement,false,89
0091,northeast,untreated,medicare_medicaid,moderate,moderate,medium,awareness,false,28
0092,southwest,lapsed,medicare_medicaid,high,low,medium,evaluation,false,34
0093,midwest,untreated,medicare_medicaid,moderate,high,low,research,false,17
0094,southeast,lapsed,cash_pay,moderate,low,medium,evaluation,false,38
0095,midwest,lapsed,medicare_medicaid,low,moderate,medium,awareness,false,48
0096,southeast,untreated,commercial,moderate,moderate,low,evaluation,true,95
0097,southwest,untreated,commercial,low,low,medium,awareness,false,16
0098,midwest,untreated,cash_pay,low,moderate,medium,research,false,52
0099,southwest,lapsed,commercial,moderate,high,medium,research,true,42
0100,west,lapsed,commercial,high,moderate,high,re_engagement,true,8
0101,west,untreated,commercial,high,high,high,evaluation,false,12
0102,west,untreated,other,high,low,low,research,true,67
0103,west,untreated,commercial,high,moderate,medium,evaluation,false,74
0104,midwest,untreated,commercial,high,high,high,re_engagement,false,20
0105,southwest,untreated,other,high,low,medium,research,false,49
0106,northeast,lapsed,commercial,high,moderate,medium,awareness,false,50
0107,midwest,untreated,medicare_medicaid,moderate,high,medium,research,false,36
0108,northeast,on_competitor,cash_pay,high,high,low,evaluation,false,87
0109,midwest,lapsed,other,moderate,moderate,medium,research,false,11
0110,southeast,lapsed,commercial,high,low,high,research,false,34
0111,southeast,lapsed,cash_pay,moderate,low,medium,awareness,true,9
0112,southwest,untreated,cash_pay,moderate,low,high,evaluation,false,101
0113,southeast,untreated,commercial,high,moderate,low,research,false,47
0114,northeast,untreated,commercial,low,moderate,high,awareness,true,105
0115,west,untreated,medicare_medicaid,high,high,low,re_engagement,true,30
0116,northeast,lapsed,medicare_medicaid,moderate,moderate,high,research,false,19
0117,west,lapsed,cash_pay,moderate,low,low,evaluation,true,56
0118,west,lapsed,commercial,moderate,moderate,high,research,false,24
0119,southwest,lapsed,cash_pay,high,high,medium,re_engagement,true,42
0120,northeast,untreated,medicare_medicaid,high,low,low,awareness,false,42
0121,west,on_competitor,medicare_medicaid,high,low,high,research,false,14
0122,northeast,on_competitor,commercial,moderate,high,medium,awareness,true,94
0123,northeast,untreated,commercial,moderate,moderate,medium,research,false,78
0124,west,untreated,cash_pay,moderate,moderate,high,awareness,false,51
0125,northeast,untreated,cash_pay,moderate,low,medium,awareness,true,79
0126,midwest,on_competitor,commercial,low,moderate,medium,research,true,89
0127,west,untreated,cash_pay,moderate,low,medium,re_engagement,false,105
0128,southeast,untreated,commercial,moderate,moderate,medium,awareness,false,8
0129,northeast,untreated,medicare_medicaid,moderate,moderate,low,awareness,false,71
0130,northeast,untreated,commercial,moderate,low,high,evaluation,false,76
0131,northeast,untreated,medicare_medicaid,high,moderate,high,research,false,14
0132,midwest,on_competitor,cash_pay,low,low,high,research,false,3
0133,west,on_competitor,medicare_medicaid,high,moderate,high,re_engagement,false,23
0134,midwest,lapsed,commercial,high,moderate,low,evaluation,true,53
0135,northeast,untreated,commercial,high,low,medium,re_engagement,true,96
0136,west,on_competitor,commercial,moderate,moderate,medium,awareness,false,14
0137,northeast,untreated,medicare_medicaid,moderate,moderate,medium,awareness,false,7
0138,southeast,untreated,commercial,high,high,medium,awareness,false,22
0139,midwest,untreated,commercial,moderate,moderate,medium,research,false,55
0140,southwest,untreated,cash_pay,moderate,moderate,medium,research,true,2
0141,northeast,lapsed,other,moderate,moderate,medium,research,true,55
0142,midwest,on_competitor,commercial,high,moderate,medium,awareness,false,14
0143,northeast,on_competitor,cash_pay,high,low,medium,awareness,true,32
0144,midwest,untreated,cash_pay,moderate,high,high,research,false,97
0145,west,on_competitor,other,moderate,low,medium,re_engagement,false,56
0146,southeast,untreated,commercial,high,high,medium,awareness,false,7
0147,southeast,untreated,medicare_medicaid,low,high,medium,research,false,101
0148,northeast,on_competitor,other,moderate,high,medium,research,false,57
0149,southwest,untreated,commercial,moderate,moderate,low,awareness,false,56
0150,midwest,on_competitor,commercial,low,moderate,high,evaluation,true,80
0151,northeast,on_competitor,commercial,moderate,moderate,medium,evaluation,false,111
0152,northeast,untreated,medicare_medicaid,low,moderate,medium,evaluation,true,90
0153,southeast,lapsed,commercial,moderate,low,medium,evaluation,false,87
0154,northeast,lapsed,medicare_medicaid,moderate,high,medium,re_engagement,false,98
0155,northeast,untreated,commercial,high,low,low,evaluation,false,113
0156,west,on_competitor,cash_pay,moderate,moderate,low,awareness,false,79
0157,northeast,lapsed,medicare_medicaid,moderate,moderate,low,research,false,95
0158,northeast,on_competitor,commercial,low,low,high,awareness,false,73
0159,midwest,lapsed,commercial,moderate,moderate,high,evaluation,false,17
0160,northeast,lapsed,medicare_medicaid,high,low,medium,research,true,10
0161,southeast,on_competitor,other,high,moderate,high,awareness,false,44
0162,southeast,lapsed,commercial,high,moderate,low,awareness,false,12
0163,west,lapsed,cash_pay,high,moderate,high,evaluation,true,90
0164,midwest,untreated,other,high,high,low,re_engagement,false,54
0165,southeast,untreated,commercial,high,moderate,high,research,true,115
0166,midwest,untreated,medicare_medicaid,moderate,moderate,low,awareness,false,73
0167,west,untreated,commercial,low,high,medium,research,false,70
0168,southwest,untreated,commercial,moderate,moderate,medium,research,true,30
0169,midwest,on_competitor,cash_pay,moderate,moderate,low,research,false,22
0170,west,lapsed,other,moderate,high,low,evaluation,false,4
0171,northeast,untreated,commercial,high,low,medium,re_engagement,false,32
0172,west,untreated,commercial,low,high,medium,awareness,false,55
0173,west,lapsed,other,moderate,low,medium,research,false,66
0174,northeast,untreated,medicare_medicaid,moderate,low,low,awareness,true,41
0175,southeast,on_competitor,medicare_medicaid,moderate,moderate,medium,awareness,false,45
0176,southeast,on_competitor,medicare_medicaid,moderate,high,medium,research,false,95
0177,southwest,on_competitor,commercial,moderate,low,low,awareness,false,46
0178,southwest,untreated,commercial,high,moderate,medium,research,true,17
0179,southeast,on_competitor,medicare_medicaid,high,high,medium,research,false,71
0180,west,untreated,cash_pay,high,moderate,medium,re_engagement,true,17
0181,midwest,lapsed,other,moderate,high,medium,evaluation,false,44
0182,midwest,on_competitor,commercial,high,high,medium,evaluation,true,46
0183,northeast,untreated,commercial,high,low,low,research,false,102
0184,northeast,lapsed,other,high,moderate,medium,research,false,52
0185,northeast,lapsed,other,moderate,moderate,medium,research,false,99
0186,midwest,on_competitor,cash_pay,high,moderate,high,evaluation,false,38
0187,southeast,untreated,cash_pay,high,low,high,evaluation,false,81
0188,southeast,lapsed,medicare_medicaid,moderate,high,medium,research,false,21
0189,west,on_competitor,medicare_medicaid,low,moderate,high,awareness,true,82
0190,southeast,on_competitor,commercial,moderate,moderate,low,re_engagement,false,82
0191,midwest,lapsed,cash_pay,moderate,moderate,low,awareness,false,61
0192,southeast,untreated,commercial,low,moderate,high,research,false,97
0193,midwest,untreated,commercial,moderate,high,low,awareness,false,49
0194,southeast,lapsed,other,low,low,high,evaluation,true,20
0195,midwest,untreated,medicare_medicaid,high,high,high,research,false,27
0196,northeast,on_competitor,commercial,moderate,low,medium,awareness,true,13
0197,southwest,untreated,cash_pay,moderate,moderate,medium,research,true,70
0198,southeast,untreated,medicare_medicaid,moderate,low,medium,research,true,12
0199,west,untreated,commercial,low,low,low,research,false,5
0200,west,untreated,cash_pay,moderate,high,high,awareness,false,40
0201,southwest,untreated,cash_pay,high,moderate,high,research,false,38
0202,northeast,untreated,commercial,high,moderate,medium,re_engagement,false,80
0203,midwest,untreated,other,moderate,low,medium,evaluation,false,21
0204,west,on_competitor,cash_pay,moderate,low,low,research,false,24
0205,southeast,untreated,commercial,moderate,moderate,high,re_engagement,false,94
0206,west,on_competitor,medicare_medicaid,moderate,low,medium,research,false,58
0207,southeast,lapsed,commercial,moderate,moderate,medium,evaluation,false,24
0208,southeast,lapsed,commercial,low,low,high,evaluation,false,62
0209,southeast,untreated,other,moderate,moderate,low,evaluation,false,50
0210,southwest,lapsed,cash_pay,high,moderate,medium,research,false,32
0211,northeast,on_competitor,cash_pay,high,moderate,low,awareness,false,30
0212,west,untreated,medicare_medicaid,moderate,high,medium,evaluation,true,98
0213,southwest,untreated,other,high,moderate,high,research,false,96
0214,southeast,lapsed,medicare_medicaid,low,high,medium,research,false,119
0215,southwest,untreated,commercial,low,low,low,evaluation,false,23
0216,southwest,lapsed,other,low,high,medium,awareness,false,36
0217,west,untreated,medicare_medicaid,low,high,medium,awareness,false,42
0218,midwest,untreated,commercial,high,moderate,high,research,false,22
0219,midwest,on_competitor,commercial,moderate,moderate,medium,awareness,false,61
0220,southeast,untreated,commercial,high,low,high,awareness,false,1
0221,southeast,untreated,commercial,moderate,moderate,low,evaluation,false,113
0222,southeast,on_competitor,commercial,low,moderate,medium,awareness,true,19
0223,southwest,untreated,commercial,moderate,low,high,evaluation,false,97
0224,west,untreated,cash_pay,high,moderate,medium,awareness,false,7
0225,southwest,lapsed,commercial,moderate,high,high,research,false,91
0226,northeast,on_competitor,medicare_medicaid,low,moderate,medium,research,true,59
0227,southeast,on_competitor,commercial,high,high,low,awareness,false,89
0228,southwest,untreated,other,high,low,low,research,false,98
0229,west,on_competitor,other,high,low,medium,re_engagement,false,10
0230,west,on_competitor,medicare_medicaid,moderate,moderate,low,research,false,93
0231,west,lapsed,cash_pay,low,moderate,medium,research,false,29
0232,southeast,untreated,commercial,low,moderate,low,evaluation,false,98
0233,southwest,lapsed,commercial,high,moderate,medium,evaluation,false,31
0234,southeast,on_competitor,commercial,high,low,low,research,false,104
0235,midwest,lapsed,medicare_medicaid,moderate,low,low,re_engagement,false,66
0236,southeast,untreated,commercial,low,low,high,evaluation,false,63
0237,southeast,untreated,medicare_medicaid,moderate,moderate,medium,research,false,23
0238,midwest,on_competitor,cash_pay,high,moderate,high,re_engagement,false,53
0239,northeast,on_competitor,commercial,high,moderate,high,evaluation,true,92
0240,northeast,lapsed,commercial,moderate,high,low,evaluation,false,85
0241,midwest,on_competitor,cash_pay,high,low,low,re_engagement,false,15
0242,west,on_competitor,other,moderate,moderate,medium,awareness,false,36
0243,midwest,untreated,commercial,high,moderate,medium,awareness,false,60
0244,southeast,on_competitor,commercial,high,high,high,evaluation,true,70
0245,midwest,lapsed,commercial,high,moderate,medium,evaluation,false,83
0246,southeast,lapsed,cash_pay,moderate,moderate,medium,research,false,45
0247,west,untreated,medicare_medicaid,low,moderate,medium,awareness,true,108
0248,west,untreated,commercial,high,high,medium,awareness,true,27
0249,southeast,untreated,medicare_medicaid,moderate,moderate,medium,research,true,70
0250,northeast,untreated,cash_pay,moderate,moderate,medium,evaluation,false,120
0251,northeast,lapsed,commercial,high,high,medium,evaluation,false,50
0252,southwest,untreated,medicare_medicaid,high,moderate,low,evaluation,true,109
0253,northeast,on_competitor,commercial,high,moderate,medium,evaluation,true,108
0254,west,untreated,medicare_medicaid,low,high,medium,awareness,true,111
0255,midwest,on_competitor,commercial,low,moderate,low,research,false,22
0256,southeast,lapsed,other,moderate,low,medium,research,true,20
0257,midwest,on_competitor,cash_pay,moderate,moderate,medium,evaluation,false,88
0258,midwest,on_competitor,other,high,moderate,high,research,false,76
0259,west,untreated,commercial,high,low,medium,research,false,55
0260,midwest,untreated,commercial,moderate,moderate,low,awareness,false,48
0261,midwest,on_competitor,cash_pay,high,high,low,awareness,false,34
0262,northeast,untreated,medicare_medicaid,moderate,moderate,low,awareness,false,76
0263,southeast,on_competitor,commercial,high,moderate,low,re_engagement,false,31
0264,northeast,on_competitor,commercial,high,moderate,medium,awareness,false,53
0265,west,untreated,commercial,low,moderate,medium,research,false,17
0266,southwest,untreated,commercial,moderate,low,medium,awareness,false,110
0267,midwest,on_competitor,commercial,moderate,moderate,medium,awareness,false,40
0268,west,untreated,medicare_medicaid,moderate,high,medium,evaluation,false,14
0269,northeast,lapsed,other,high,low,low,evaluation,false,26
0270,southeast,untreated,medicare_medicaid,low,low,medium,research,false,30
0271,northeast,untreated,medicare_medicaid,high,moderate,medium,research,false,118
0272,west,lapsed,medicare_medicaid,moderate,moderate,high,research,false,10
0273,southeast,untreated,medicare_medicaid,high,moderate,medium,evaluation,false,96
0274,northeast,untreated,commercial,high,moderate,medium,re_engagement,true,61
0275,west,untreated,commercial,high,high,medium,research,false,28
0276,southeast,untreated,cash_pay,moderate,moderate,medium,awareness,true,53
0277,northeast,lapsed,cash_pay,moderate,moderate,medium,evaluation,false,44
0278,southeast,untreated,medicare_medicaid,high,moderate,high,awareness,false,82
0279,west,untreated,other,moderate,moderate,medium,awareness,false,59
0280,southeast,untreated,commercial,moderate,moderate,low,research,true,75
0281,northeast,untreated,commercial,high,moderate,high,research,false,68
0282,southeast,untreated,medicare_medicaid,high,low,medium,evaluation,false,78
0283,northeast,untreated,commercial,moderate,high,medium,evaluation,false,75
0284,northeast,untreated,commercial,high,high,medium,research,false,17
0285,southeast,on_competitor,medicare_medicaid,moderate,low,high,awareness,true,36
0286,southeast,untreated,medicare_medicaid,high,moderate,low,awareness,false,71
0287,midwest,untreated,medicare_medicaid,moderate,low,medium,awareness,true,97
0288,northeast,untreated,commercial,high,low,medium,evaluation,false,65
0289,northeast,untreated,cash_pay,low,moderate,high,awareness,false,69
0290,southeast,untreated,cash_pay,moderate,high,high,awareness,false,110
0291,southeast,lapsed,other,moderate,high,high,research,false,90
0292,southeast,on_competitor,medicare_medicaid,moderate,low,high,research,false,76
0293,southeast,on_competitor,cash_pay,high,high,high,re_engagement,false,12
0294,west,untreated,commercial,high,moderate,medium,evaluation,true,18
0295,west,on_competitor,cash_pay,moderate,moderate,medium,awareness,false,57
0296,west,untreated,cash_pay,moderate,moderate,medium,re_engagement,false,62
0297,northeast,untreated,cash_pay,moderate,moderate,medium,evaluation,false,8
0298,southeast,on_competitor,other,low,moderate,medium,awareness,false,16
0299,midwest,on_competitor,commercial,moderate,high,low,evaluation,false,15
0300,northeast,lapsed,medicare_medicaid,low,moderate,high,re_engagement,false,38
0301,southwest,untreated,commercial,moderate,high,medium,re_engagement,true,50
0302,west,on_competitor,cash_pay,moderate,high,low,awareness,true,75
0303,west,untreated,commercial,moderate,low,high,research,true,9
0304,northeast,untreated,cash_pay,high,moderate,low,research,false,111
0305,southwest,untreated,commercial,moderate,high,medium,research,false,80
0306,southwest,on_competitor,medicare_medicaid,moderate,high,high,awareness,true,93
0307,southwest,untreated,commercial,high,moderate,low,research,false,77
0308,southwest,untreated,commercial,low,low,low,research,true,50
0309,northeast,untreated,other,low,moderate,low,research,false,67
0310,northeast,lapsed,commercial,high,moderate,high,research,false,22
0311,southwest,on_competitor,cash_pay,high,high,low,awareness,true,101
0312,southeast,untreated,cash_pay,moderate,moderate,medium,evaluation,false,19
0313,southeast,untreated,medicare_medicaid,high,low,medium,research,false,106
0314,west,on_competitor,commercial,moderate,low,low,awareness,false,14
0315,midwest,untreated,commercial,moderate,moderate,low,evaluation,false,20
0316,southeast,untreated,medicare_medicaid,low,high,medium,evaluation,false,93
0317,west,lapsed,commercial,low,moderate,low,evaluation,false,9
0318,midwest,untreated,commercial,low,high,low,evaluation,false,86
0319,northeast,on_competitor,medicare_medicaid,high,low,low,research,false,19
0320,southwest,untreated,commercial,low,moderate,medium,awareness,false,117
0321,southeast,on_competitor,commercial,high,moderate,high,awareness,false,5
0322,northeast,lapsed,medicare_medicaid,high,low,medium,research,true,25
0323,west,untreated,cash_pay,high,moderate,high,re_engagement,false,93
0324,west,lapsed,commercial,high,moderate,low,research,false,112
0325,southeast,untreated,cash_pay,high,moderate,medium,awareness,false,53
0326,northeast,untreated,other,moderate,high,high,re_engagement,false,89
0327,midwest,lapsed,cash_pay,moderate,moderate,medium,research,false,7
0328,southwest,untreated,commercial,high,moderate,high,evaluation,false,40
0329,northeast,untreated,other,high,low,low,awareness,false,40
0330,midwest,untreated,other,high,moderate,low,awareness,true,87
0331,west,untreated,medicare_medicaid,high,low,low,evaluation,false,50
0332,west,untreated,commercial,low,high,medium,research,false,31
0333,northeast,untreated,cash_pay,high,high,high,awareness,true,51
0334,midwest,untreated,medicare_medicaid,moderate,high,high,awareness,true,115
0335,west,on_competitor,commercial,low,low,low,re_engagement,true,118
0336,west,on_competitor,commercial,high,moderate,low,awareness,true,35
0337,northeast,untreated,medicare_medicaid,moderate,moderate,medium,re_engagement,false,11
0338,northeast,untreated,commercial,low,moderate,medium,evaluation,false,48
0339,southeast,on_competitor,medicare_medicaid,moderate,low,medium,research,true,40
0340,northeast,on_competitor,cash_pay,high,low,medium,research,false,29
0341,northeast,lapsed,medicare_medicaid,high,low,high,awareness,false,28
0342,southwest,on_competitor,commercial,low,low,low,awareness,false,94
0343,southwest,on_competitor,commercial,moderate,low,medium,research,true,103
0344,midwest,lapsed,commercial,moderate,high,low,awareness,false,0
0345,midwest,untreated,cash_pay,high,high,high,re_engagement,true,18
0346,southwest,on_competitor,cash_pay,low,low,high,research,false,50
0347,southeast,on_competitor,commercial,low,moderate,medium,evaluation,false,40
0348,southwest,untreated,medicare_medicaid,low,low,low,research,true,39
0349,southeast,on_competitor,commercial,high,moderate,medium,evaluation,false,72
0350,midwest,untreated,other,low,high,medium,re_engagement,true,95
0351,southeast,untreated,commercial,moderate,low,high,evaluation,false,42
0352,southeast,untreated,commercial,high,high,low,awareness,false,93
0353,northeast,untreated,commercial,low,moderate,medium,evaluation,false,73
0354,west,on_competitor,commercial,high,low,low,awareness,false,9
0355,southwest,untreated,commercial,high,low,high,awareness,false,114
0356,northeast,untreated,other,high,low,low,awareness,true,24
0357,midwest,untreated,other,moderate,moderate,low,awareness,false,70
0358,northeast,lapsed,commercial,moderate,moderate,medium,research,true,3
0359,midwest,untreated,other,moderate,high,high,research,false,33
0360,midwest,untreated,commercial,low,moderate,medium,awareness,false,28
0361,midwest,lapsed,commercial,moderate,high,medium,evaluation,false,96
0362,midwest,on_competitor,cash_pay,low,moderate,medium,re_engagement,false,112
0363,southeast,untreated,commercial,low,high,medium,research,false,79
0364,southwest,untreated,medicare_medicaid,low,high,low,awareness,true,10
0365,southeast,lapsed,other,moderate,low,low,re_engagement,false,8
0366,midwest,untreated,medicare_medicaid,low,moderate,high,awareness,false,75
0367,southeast,on_competitor,commercial,high,moderate,high,re_engagement,false,72
0368,west,on_competitor,cash_pay,low,low,low,evaluation,false,60
0369,southeast,untreated,commercial,moderate,moderate,low,re_engagement,false,30
0370,midwest,untreated,commercial,high,moderate,high,awareness,false,109
0371,northeast,on_competitor,cash_pay,high,low,medium,evaluation,false,53
0372,northeast,on_competitor,medicare_medicaid,low,moderate,medium,research,false,7
0373,northeast,untreated,commercial,moderate,high,high,re_engagement,true,24
0374,northeast,lapsed,commercial,high,high,medium,awareness,false,59
0375,midwest,untreated,commercial,high,moderate,medium,awareness,false,75
0376,southeast,on_competitor,cash_pay,high,low,low,awareness,true,109
0377,southwest,on_competitor,cash_pay,moderate,moderate,low,research,true,99
0378,west,lapsed,medicare_medicaid,high,high,high,awareness,false,120
0379,southwest,untreated,medicare_medicaid,moderate,moderate,medium,awareness,false,86
0380,midwest,on_competitor,medicare_medicaid,high,low,high,evaluation,false,76
0381,southeast,on_competitor,commercial,high,low,medium,re_engagement,false,91
0382,west,lapsed,commercial,moderate,high,low,evaluation,false,51
0383,west,on_competitor,cash_pay,moderate,low,low,research,false,4
0384,southwest,on_competitor,cash_pay,high,moderate,medium,evaluation,false,120
0385,midwest,on_competitor,cash_pay,low,low,low,awareness,true,33
0386,midwest,on_competitor,other,low,low,medium,awareness,false,111
0387,west,untreated,commercial,high,moderate,high,research,false,74
0388,midwest,on_competitor,medicare_medicaid,high,high,medium,research,false,111
0389,northeast,lapsed,commercial,moderate,moderate,high,research,false,91
0390,northeast,untreated,commercial,low,moderate,low,research,true,99
0391,west,untreated,medicare_medicaid,moderate,high,medium,evaluation,false,61
0392,northeast,untreated,commercial,high,high,medium,evaluation,true,86
0393,west,untreated,commercial,low,moderate,low,research,false,8
0394,southeast,lapsed,commercial,moderate,moderate,medium,re_engagement,false,43
0395,midwest,lapsed,cash_pay,high,low,high,awareness,false,16
0396,northeast,untreated,medicare_medicaid,high,moderate,high,research,false,98
0397,northeast,on_competitor,other,moderate,moderate,low,evaluation,false,48
0398,southeast,untreated,cash_pay,high,moderate,low,research,true,66
0399,midwest,untreated,commercial,low,high,medium,awareness,true,13
0400,midwest,untreated,cash_pay,low,low,medium,research,true,70
0401,northeast,untreated,other,high,high,medium,re_engagement,false,85
0402,southwest,untreated,cash_pay,high,moderate,high,evaluation,false,37
0403,northeast,untreated,cash_pay,low,low,medium,evaluation,false,14
0404,west,untreated,commercial,low,moderate,low,research,false,79
0405,west,untreated,commercial,high,high,medium,research,false,88
0406,west,lapsed,medicare_medicaid,moderate,high,medium,awareness,false,20
0407,southwest,untreated,medicare_medicaid,moderate,moderate,medium,evaluation,false,110
0408,west,on_competitor,other,high,low,low,research,true,33
0409,northeast,on_competitor,cash_pay,moderate,moderate,medium,awareness,false,111
0410,midwest,untreated,cash_pay,high,moderate,low,research,false,49
0411,west,untreated,other,moderate,high,high,research,false,63
0412,northeast,lapsed,medicare_medicaid,high,low,low,awareness,false,51
0413,northeast,lapsed,medicare_medicaid,moderate,high,medium,awareness,false,95
0414,northeast,on_competitor,commercial,moderate,high,low,research,false,38
0415,midwest,lapsed,medicare_medicaid,moderate,moderate,high,evaluation,false,42
0416,midwest,on_competitor,medicare_medicaid,moderate,moderate,low,evaluation,false,43
0417,midwest,untreated,cash_pay,moderate,moderate,low,re_engagement,false,105
0418,west,on_competitor,commercial,moderate,high,high,research,false,100
0419,southeast,untreated,cash_pay,high,moderate,medium,awareness,false,58
0420,southwest,on_competitor,commercial,moderate,moderate,low,re_engagement,false,61
0421,west,lapsed,other,moderate,high,high,awareness,false,77
0422,midwest,lapsed,commercial,low,low,high,awareness,false,37
0423,northeast,untreated,commercial,moderate,moderate,low,evaluation,false,91
0424,midwest,on_competitor,commercial,high,moderate,medium,re_engagement,true,90
0425,southwest,on_competitor,medicare_medicaid,moderate,moderate,low,research,false,73
0426,west,lapsed,medicare_medicaid,low,moderate,high,research,true,13
0427,northeast,untreated,medicare_medicaid,high,low,low,awareness,false,107
0428,west,untreated,commercial,moderate,moderate,medium,research,false,71
0429,west,lapsed,medicare_medicaid,high,low,high,awareness,false,118
0430,southeast,untreated,cash_pay,moderate,low,low,evaluation,true,111
0431,southwest,on_competitor,cash_pay,low,moderate,medium,evaluation,false,77
0432,west,untreated,commercial,moderate,low,low,re_engagement,false,15
0433,southeast,untreated,medicare_medicaid,high,moderate,low,awareness,false,19
0434,southwest,untreated,medicare_medicaid,moderate,moderate,high,awareness,false,70
0435,west,untreated,commercial,high,high,low,research,false,68
0436,southeast,untreated,other,moderate,moderate,low,re_engagement,false,60
0437,west,lapsed,other,high,moderate,medium,re_engagement,false,79
0438,northeast,untreated,other,moderate,low,low,awareness,false,3
0439,west,lapsed,commercial,low,moderate,low,re_engagement,true,65
0440,northeast,untreated,other,moderate,moderate,medium,awareness,false,27
0441,southeast,lapsed,commercial,moderate,moderate,high,evaluation,false,120
0442,west,untreated,commercial,moderate,high,low,awareness,false,9
0443,northeast,on_competitor,commercial,moderate,moderate,medium,awareness,false,68
0444,west,untreated,commercial,moderate,high,high,research,false,37
0445,southeast,on_competitor,commercial,moderate,moderate,medium,evaluation,false,68
0446,west,untreated,cash_pay,low,moderate,medium,awareness,false,101
0447,west,lapsed,other,high,low,low,awareness,false,50
0448,southwest,on_competitor,commercial,moderate,low,medium,research,false,65
0449,northeast,untreated,medicare_medicaid,high,high,medium,research,true,96
0450,southwest,lapsed,medicare_medicaid,moderate,moderate,low,awareness,false,62
0451,southeast,lapsed,medicare_medicaid,high,moderate,low,awareness,false,42
0452,southeast,on_competitor,medicare_medicaid,moderate,moderate,medium,research,true,31
0453,west,on_competitor,medicare_medicaid,high,moderate,medium,awareness,false,57
0454,southeast,untreated,medicare_medicaid,high,moderate,high,evaluation,true,68
0455,west,untreated,medicare_medicaid,moderate,low,high,evaluation,false,74
0456,midwest,untreated,other,moderate,moderate,high,research,false,46
0457,southwest,untreated,medicare_medicaid,low,high,medium,awareness,false,1
0458,west,on_competitor,cash_pay,moderate,high,medium,research,true,72
0459,southwest,on_competitor,cash_pay,moderate,moderate,low,research,true,47
0460,west,untreated,medicare_medicaid,moderate,moderate,high,re_engagement,true,83
0461,west,untreated,medicare_medicaid,low,low,low,research,true,83
0462,midwest,untreated,other,high,high,high,awareness,false,104
0463,midwest,lapsed,medicare_medicaid,moderate,moderate,low,awareness,true,82
0464,northeast,untreated,commercial,moderate,low,medium,research,false,14
0465,midwest,untreated,commercial,high,low,low,awareness,false,20
0466,midwest,untreated,other,high,high,high,research,false,72
0467,southwest,on_competitor,cash_pay,low,low,low,research,false,61
0468,west,untreated,medicare_medicaid,moderate,low,low,evaluation,false,92
0469,southwest,on_competitor,medicare_medicaid,high,moderate,low,awareness,false,116
0470,southeast,untreated,commercial,high,moderate,medium,awareness,false,64
0471,northeast,on_competitor,medicare_medicaid,low,moderate,low,re_engagement,false,55
0472,southeast,on_competitor,commercial,moderate,high,high,evaluation,false,75
0473,southwest,lapsed,cash_pay,moderate,moderate,low,evaluation,false,10
0474,southwest,untreated,commercial,high,moderate,high,research,true,0
0475,northeast,untreated,cash_pay,moderate,high,medium,research,false,68
0476,southeast,untreated,commercial,moderate,low,medium,evaluation,false,47
0477,midwest,on_competitor,other,moderate,low,medium,awareness,false,15
0478,southeast,on_competitor,medicare_medicaid,high,high,medium,awareness,false,89
0479,northeast,on_competitor,commercial,moderate,low,high,research,false,11
0480,northeast,untreated,commercial,high,moderate,high,research,false,91
0481,northeast,lapsed,cash_pay,high,moderate,low,evaluation,false,66
0482,northeast,untreated,medicare_medicaid,moderate,high,low,awareness,false,0
0483,northeast,lapsed,commercial,moderate,moderate,medium,awareness,true,90
0484,northeast,untreated,commercial,low,low,medium,re_engagement,false,77
0485,midwest,lapsed,commercial,high,high,medium,research,false,43
0486,west,lapsed,other,low,low,medium,evaluation,false,72
0487,southeast,untreated,commercial,moderate,moderate,high,re_engagement,false,33
0488,midwest,untreated,other,moderate,high,medium,re_engagement,false,1
0489,southeast,on_competitor,commercial,moderate,moderate,medium,research,true,40
0490,southwest,untreated,commercial,low,moderate,high,research,true,94
0491,southeast,untreated,commercial,low,low,medium,evaluation,true,10
0492,west,on_competitor,medicare_medicaid,moderate,moderate,low,research,false,63
0493,southwest,lapsed,medicare_medicaid,high,high,high,research,false,96
0494,northeast,on_competitor,cash_pay,moderate,moderate,medium,research,false,22
0495,northeast,untreated,medicare_medicaid,high,high,medium,research,true,46
0496,southeast,on_competitor,medicare_medicaid,high,moderate,medium,research,false,26
0497,west,untreated,commercial,moderate,moderate,medium,re_engagement,false,104
0498,southeast,untreated,commercial,moderate,moderate,low,re_engagement,true,103
0499,southeast,untreated,commercial,low,moderate,medium,awareness,false,32
0500,midwest,on_competitor,commercial,moderate,high,high,research,false,57
0501,southeast,on_competitor,commercial,moderate,low,medium,research,false,86
0502,northeast,lapsed,medicare_medicaid,moderate,high,high,research,false,62
0503,southeast,on_competitor,commercial,moderate,moderate,high,re_engagement,false,118
0504,midwest,untreated,medicare_medicaid,low,high,low,awareness,false,37
0505,midwest,on_competitor,commercial,low,low,high,evaluation,false,57
0506,northeast,untreated,commercial,moderate,moderate,high,evaluation,true,21
0507,northeast,untreated,other,moderate,high,high,research,false,13
0508,northeast,untreated,medicare_medicaid,low,moderate,low,awareness,false,16
0509,northeast,on_competitor,commercial,high,low,high,research,false,119
0510,southeast,untreated,other,moderate,high,medium,evaluation,false,72
0511,midwest,untreated,medicare_medicaid,low,moderate,low,awareness,false,52
0512,southeast,untreated,commercial,low,low,medium,research,true,118
0513,west,untreated,commercial,moderate,low,medium,evaluation,false,24
0514,midwest,untreated,commercial,high,moderate,medium,research,false,54
0515,midwest,on_competitor,cash_pay,moderate,moderate,low,evaluation,false,34
0516,west,untreated,commercial,high,moderate,medium,awareness,false,24
0517,northeast,untreated,other,high,low,low,awareness,false,1
0518,northeast,untreated,medicare_medicaid,high,moderate,high,re_engagement,false,101
0519,northeast,untreated,cash_pay,high,high,medium,research,true,114
0520,west,lapsed,cash_pay,high,low,low,evaluation,false,94
0521,northeast,lapsed,cash_pay,high,moderate,low,research,false,119
0522,midwest,untreated,commercial,low,moderate,low,evaluation,true,113
0523,west,untreated,other,high,moderate,low,evaluation,false,50
0524,northeast,on_competitor,commercial,moderate,moderate,medium,research,true,20
0525,west,untreated,commercial,low,low,low,research,true,68
0526,northeast,on_competitor,commercial,low,low,high,evaluation,false,24
0527,southeast,untreated,cash_pay,high,high,medium,research,false,62
0528,northeast,untreated,commercial,moderate,moderate,high,re_engagement,false,8
0529,southeast,on_competitor,cash_pay,moderate,moderate,high,research,false,113
0530,west,untreated,cash_pay,high,moderate,medium,research,false,67
0531,west,on_competitor,commercial,high,moderate,medium,awareness,false,5
0532,northeast,lapsed,cash_pay,high,moderate,low,research,false,84
0533,midwest,untreated,medicare_medicaid,high,high,medium,awareness,false,83
0534,southwest,untreated,commercial,low,high,medium,re_engagement,false,47
0535,northeast,on_competitor,medicare_medicaid,moderate,moderate,high,awareness,true,66
0536,west,untreated,medicare_medicaid,high,moderate,low,evaluation,true,95
0537,west,on_competitor,cash_pay,moderate,moderate,medium,research,true,101
0538,southeast,untreated,commercial,high,low,medium,research,false,41
0539,southeast,lapsed,medicare_medicaid,low,moderate,low,research,false,70
0540,southeast,lapsed,other,moderate,moderate,medium,re_engagement,false,66
0541,southwest,untreated,commercial,low,high,medium,evaluation,false,105
0542,midwest,untreated,medicare_medicaid,low,high,low,research,true,46
0543,southeast,lapsed,commercial,high,moderate,medium,awareness,true,41
0544,northeast,on_competitor,cash_pay,moderate,moderate,high,research,false,93
0545,southeast,lapsed,cash_pay,low,moderate,high,research,false,15
0546,northeast,lapsed,medicare_medicaid,moderate,high,high,research,false,5
0547,midwest,untreated,commercial,moderate,high,medium,re_engagement,false,96
0548,midwest,on_competitor,commercial,high,moderate,low,awareness,false,6
0549,southeast,on_competitor,commercial,moderate,moderate,high,research,true,50
0550,northeast,on_competitor,medicare_medicaid,moderate,high,low,evaluation,false,118
0551,northeast,on_competitor,commercial,high,high,medium,evaluation,false,21
0552,midwest,lapsed,other,moderate,high,low,evaluation,true,47
0553,west,untreated,commercial,moderate,high,medium,awareness,false,36
0554,west,untreated,commercial,moderate,high,low,research,true,66
0555,midwest,on_competitor,medicare_medicaid,low,moderate,medium,research,false,67
0556,northeast,untreated,commercial,moderate,moderate,low,evaluation,true,49
0557,west,on_competitor,other,high,high,low,re_engagement,false,48
0558,west,untreated,other,moderate,moderate,low,awareness,false,71
0559,northeast,lapsed,commercial,moderate,moderate,medium,awareness,false,45
0560,southeast,untreated,other,low,moderate,low,awareness,false,104
0561,southwest,lapsed,other,high,moderate,medium,awareness,false,66
0562,midwest,lapsed,medicare_medicaid,high,high,low,re_engagement,false,42
0563,northeast,untreated,medicare_medicaid,moderate,moderate,low,awareness,false,115
0564,northeast,on_competitor,other,low,high,high,re_engagement,false,71
0565,west,on_competitor,commercial,low,high,low,awareness,false,52
0566,west,untreated,cash_pay,moderate,moderate,low,awareness,true,3
0567,midwest,on_competitor,commercial,moderate,high,low,evaluation,false,88
0568,northeast,on_competitor,cash_pay,moderate,moderate,low,research,false,20
0569,northeast,untreated,cash_pay,high,high,medium,evaluation,false,96
0570,northeast,untreated,other,moderate,moderate,medium,re_engagement,false,54
0571,northeast,untreated,cash_pay,moderate,moderate,medium,evaluation,false,67
0572,west,on_competitor,commercial,high,moderate,high,re_engagement,false,68
0573,west,untreated,medicare_medicaid,moderate,moderate,low,awareness,false,38
0574,southeast,on_competitor,commercial,high,low,medium,re_engagement,false,82
0575,west,untreated,commercial,moderate,low,medium,awareness,false,57
0576,midwest,untreated,other,low,low,low,awareness,false,91
0577,west,on_competitor,commercial,high,moderate,medium,research,false,101
0578,midwest,lapsed,commercial,moderate,high,low,awareness,false,110
0579,southwest,untreated,commercial,moderate,moderate,medium,evaluation,false,80
0580,southwest,untreated,other,high,low,low,research,false,103
0581,southwest,untreated,commercial,moderate,moderate,medium,awareness,false,31
0582,southeast,lapsed,medicare_medicaid,low,high,low,awareness,false,18
0583,west,lapsed,cash_pay,high,low,low,research,true,86
0584,west,untreated,medicare_medicaid,moderate,moderate,high,evaluation,false,4
0585,southeast,untreated,commercial,high,high,medium,research,false,17
0586,west,untreated,commercial,moderate,high,low,awareness,false,80
0587,northeast,on_competitor,cash_pay,moderate,low,medium,research,false,33
0588,southwest,on_competitor,commercial,high,moderate,medium,evaluation,false,23
0589,northeast,lapsed,commercial,high,high,medium,evaluation,false,26
0590,southwest,on_competitor,commercial,high,moderate,medium,awareness,true,36
0591,northeast,untreated,commercial,moderate,low,low,awareness,false,72
0592,northeast,on_competitor,commercial,high,moderate,medium,re_engagement,false,82
0593,northeast,untreated,medicare_medicaid,low,low,medium,evaluation,false,7
0594,southeast,lapsed,cash_pay,high,moderate,low,evaluation,false,113
0595,northeast,on_competitor,commercial,low,moderate,medium,research,true,77
0596,midwest,untreated,cash_pay,moderate,moderate,medium,awareness,false,63
0597,southeast,lapsed,cash_pay,high,moderate,low,research,true,25
0598,southeast,lapsed,commercial,moderate,moderate,low,re_engagement,false,67
0599,southeast,untreated,cash_pay,high,low,medium,re_engagement,true,4
0600,west,untreated,medicare_medicaid,high,low,medium,research,true,59
0601,northeast,lapsed,cash_pay,moderate,high,high,evaluation,true,25
0602,southeast,untreated,commercial,moderate,high,low,awareness,true,79
0603,northeast,on_competitor,medicare_medicaid,moderate,moderate,high,evaluation,false,21
0604,midwest,untreated,commercial,moderate,high,medium,evaluation,true,6
0605,southeast,untreated,cash_pay,low,moderate,medium,research,false,42
0606,west,lapsed,medicare_medicaid,moderate,low,high,research,true,104
0607,west,lapsed,commercial,high,moderate,high,research,false,18
0608,midwest,lapsed,other,moderate,moderate,medium,evaluation,false,58
0609,northeast,untreated,commercial,moderate,low,low,research,false,65
0610,west,untreated,cash_pay,high,moderate,high,research,false,52
0611,southeast,untreated,commercial,moderate,high,low,evaluation,false,55
0612,southeast,on_competitor,medicare_medicaid,high,moderate,medium,evaluation,false,14
0613,midwest,on_competitor,medicare_medicaid,low,high,high,awareness,true,104
0614,west,on_competitor,commercial,moderate,high,low,awareness,false,96
0615,northeast,on_competitor,commercial,high,moderate,medium,research,true,87
0616,southeast,lapsed,cash_pay,moderate,low,high,evaluation,false,11
0617,midwest,on_competitor,medicare_medicaid,low,low,low,re_engagement,false,0
0618,west,on_competitor,commercial,low,low,low,evaluation,false,40
0619,southeast,on_competitor,medicare_medicaid,high,high,low,research,false,46
0620,northeast,lapsed,other,moderate,high,low,awareness,false,62
0621,southwest,on_competitor,commercial,high,low,high,re_engagement,false,119
0622,northeast,untreated,medicare_medicaid,moderate,moderate,medium,awareness,false,73
0623,west,untreated,cash_pay,high,low,medium,awareness,true,61
0624,northeast,on_competitor,medicare_medicaid,moderate,high,medium,re_engagement,false,99
0625,midwest,untreated,medicare_medicaid,moderate,high,medium,evaluation,false,87
0626,west,on_competitor,commercial,high,moderate,high,research,false,60
0627,southeast,on_competitor,commercial,low,moderate,low,evaluation,false,38
0628,midwest,on_competitor,commercial,moderate,high,low,re_engagement,false,79
0629,midwest,untreated,commercial,high,low,low,research,false,32
0630,northeast,untreated,commercial,moderate,high,medium,evaluation,false,89
0631,northeast,untreated,medicare_medicaid,high,low,high,research,false,107
0632,southwest,untreated,cash_pay,high,moderate,medium,awareness,false,44
0633,southeast,untreated,cash_pay,high,moderate,medium,research,false,118
0634,southeast,on_competitor,cash_pay,moderate,high,high,awareness,false,57
0635,southeast,untreated,medicare_medicaid,low,high,medium,research,false,78
0636,west,lapsed,commercial,high,high,medium,research,false,95
0637,west,untreated,cash_pay,moderate,moderate,high,awareness,true,1
0638,northeast,lapsed,commercial,high,moderate,low,awareness,true,3
0639,northeast,on_competitor,medicare_medicaid,low,high,medium,awareness,false,11
0640,northeast,lapsed,medicare_medicaid,low,moderate,high,re_engagement,false,32
0641,west,untreated,commercial,moderate,low,high,evaluation,false,98
0642,northeast,untreated,commercial,moderate,moderate,medium,awareness,false,33
0643,northeast,untreated,other,high,moderate,medium,awareness,false,55
0644,west,untreated,other,moderate,high,low,research,false,57
0645,midwest,untreated,medicare_medicaid,high,high,medium,awareness,false,50
0646,midwest,on_competitor,other,moderate,moderate,high,evaluation,false,69
0647,southeast,untreated,medicare_medicaid,moderate,high,medium,re_engagement,false,38
0648,midwest,untreated,other,high,moderate,high,awareness,false,98
0649,northeast,untreated,medicare_medicaid,low,moderate,low,research,true,88
0650,northeast,untreated,medicare_medicaid,moderate,high,low,evaluation,false,62
0651,west,untreated,medicare_medicaid,moderate,low,high,re_engagement,true,43
0652,west,untreated,commercial,high,low,medium,research,false,111
0653,west,on_competitor,commercial,high,moderate,medium,awareness,false,79
0654,west,untreated,commercial,high,high,medium,evaluation,false,21
0655,northeast,lapsed,cash_pay,high,moderate,medium,awareness,true,43
0656,southwest,lapsed,medicare_medicaid,high,low,medium,awareness,false,101
0657,northeast,untreated,commercial,high,moderate,high,awareness,false,21
0658,southwest,untreated,commercial,high,low,medium,evaluation,true,62
0659,northeast,untreated,other,moderate,moderate,low,evaluation,false,60
0660,northeast,on_competitor,medicare_medicaid,moderate,moderate,high,research,true,23
0661,midwest,on_competitor,commercial,low,moderate,medium,research,true,67
0662,midwest,lapsed,cash_pay,low,moderate,medium,evaluation,true,6
0663,west,untreated,medicare_medicaid,low,moderate,low,evaluation,true,82
0664,northeast,untreated,commercial,moderate,low,medium,awareness,true,68
0665,west,untreated,medicare_medicaid,high,low,medium,research,false,25
0666,southwest,on_competitor,commercial,high,high,low,research,true,114
0667,midwest,untreated,medicare_medicaid,low,high,high,research,false,17
0668,northeast,untreated,commercial,high,moderate,low,research,false,14
0669,midwest,lapsed,commercial,high,low,medium,evaluation,false,78
0670,midwest,lapsed,medicare_medicaid,high,moderate,medium,re_engagement,true,60
0671,southeast,lapsed,cash_pay,moderate,high,medium,research,false,75
0672,southwest,lapsed,other,moderate,high,high,evaluation,false,54
0673,midwest,on_competitor,cash_pay,low,moderate,low,research,true,93
0674,northeast,untreated,commercial,high,low,low,evaluation,true,58
0675,west,lapsed,commercial,moderate,low,high,research,false,47
0676,west,on_competitor,commercial,moderate,moderate,medium,research,false,96
0677,southwest,untreated,medicare_medicaid,moderate,low,low,re_engagement,false,7
0678,southwest,untreated,commercial,high,moderate,medium,awareness,false,82
0679,northeast,on_competitor,cash_pay,high,low,low,awareness,false,120
0680,southwest,on_competitor,cash_pay,moderate,low,medium,re_engagement,false,54
0681,northeast,untreated,commercial,moderate,moderate,low,evaluation,false,68
0682,midwest,lapsed,commercial,moderate,moderate,high,re_engagement,true,113
0683,northeast,untreated,other,high,low,low,awareness,false,63
0684,northeast,untreated,other,high,moderate,medium,re_engagement,false,53
0685,west,untreated,commercial,high,low,low,re_engagement,false,52
0686,west,on_competitor,cash_pay,moderate,moderate,medium,research,false,72
0687,west,untreated,commercial,high,moderate,high,evaluation,true,45
0688,southwest,untreated,medicare_medicaid,high,moderate,low,awareness,false,115
0689,northeast,on_competitor,commercial,high,moderate,low,awareness,true,71
0690,west,on_competitor,other,high,moderate,high,research,true,3
0691,midwest,untreated,commercial,moderate,moderate,low,evaluation,false,42
0692,southeast,on_competitor,other,low,low,high,evaluation,false,93
0693,southeast,lapsed,medicare_medicaid,moderate,low,low,research,false,51
0694,northeast,on_competitor,commercial,high,moderate,low,research,false,98
0695,northeast,untreated,medicare_medicaid,moderate,moderate,low,research,true,40
0696,midwest,on_competitor,commercial,moderate,moderate,medium,research,false,1
0697,southeast,untreated,other,low,high,medium,research,false,102
0698,northeast,untreated,cash_pay,low,moderate,medium,evaluation,false,18
0699,midwest,untreated,cash_pay,low,high,high,evaluation,true,52
0700,southeast,on_competitor,commercial,moderate,moderate,high,awareness,false,37
0701,northeast,on_competitor,cash_pay,low,moderate,medium,research,true,0
0702,southeast,untreated,medicare_medicaid,moderate,high,medium,awareness,true,116
0703,southeast,on_competitor,commercial,high,low,low,evaluation,false,72
0704,southeast,untreated,medicare_medicaid,low,low,medium,evaluation,true,33
0705,northeast,untreated,commercial,low,high,low,awareness,false,116
0706,northeast,lapsed,commercial,moderate,high,low,evaluation,false,76
0707,midwest,on_competitor,cash_pay,low,moderate,medium,evaluation,false,12
0708,southeast,on_competitor,commercial,high,moderate,high,research,false,20
0709,northeast,untreated,commercial,high,low,medium,evaluation,false,68
0710,west,on_competitor,cash_pay,moderate,low,low,awareness,true,44
0711,southeast,untreated,cash_pay,low,moderate,high,research,false,3
0712,northeast,on_competitor,commercial,moderate,moderate,medium,awareness,false,54
0713,west,on_competitor,commercial,moderate,low,low,awareness,false,65
0714,midwest,on_competitor,other,high,moderate,low,awareness,true,77
0715,southwest,untreated,commercial,high,high,high,re_engagement,false,44
0716,west,untreated,cash_pay,moderate,moderate,low,evaluation,false,67
0717,northeast,untreated,commercial,low,moderate,high,awareness,true,64
0718,midwest,lapsed,medicare_medicaid,high,moderate,low,evaluation,false,54
0719,northeast,untreated,commercial,low,high,low,awareness,false,90
0720,west,untreated,commercial,moderate,moderate,medium,evaluation,false,107
0721,midwest,untreated,commercial,low,high,low,evaluation,false,86
0722,northeast,untreated,medicare_medicaid,moderate,moderate,medium,evaluation,true,50
0723,midwest,untreated,commercial,low,low,low,re_engagement,false,76
0724,southeast,lapsed,commercial,moderate,moderate,high,evaluation,false,96
0725,west,on_competitor,commercial,moderate,moderate,medium,research,false,98
0726,northeast,untreated,medicare_medicaid,high,low,low,evaluation,false,63
0727,southwest,on_competitor,commercial,moderate,high,medium,awareness,true,96
0728,midwest,untreated,medicare_medicaid,high,moderate,medium,research,false,69
0729,southwest,on_competitor,commercial,moderate,low,medium,awareness,false,58
0730,northeast,untreated,medicare_medicaid,moderate,low,low,research,false,49
0731,northeast,untreated,medicare_medicaid,moderate,moderate,medium,research,false,64
0732,southeast,untreated,medicare_medicaid,high,moderate,high,awareness,true,75
0733,west,untreated,commercial,moderate,high,high,research,true,44
0734,southeast,lapsed,commercial,high,high,medium,awareness,false,111
0735,southeast,untreated,commercial,high,moderate,high,research,false,34
0736,midwest,untreated,commercial,high,moderate,medium,awareness,false,88
0737,southeast,on_competitor,medicare_medicaid,moderate,moderate,medium,research,false,63
0738,southwest,on_competitor,commercial,low,high,low,awareness,false,102
0739,west,untreated,commercial,low,high,medium,awareness,false,60
0740,southeast,untreated,commercial,low,moderate,low,evaluation,false,53
0741,midwest,untreated,medicare_medicaid,moderate,high,low,evaluation,false,73
0742,west,untreated,cash_pay,low,high,medium,evaluation,false,116
0743,midwest,untreated,medicare_medicaid,moderate,moderate,low,awareness,false,38
0744,southeast,lapsed,cash_pay,low,moderate,high,awareness,false,20
0745,midwest,untreated,commercial,high,high,low,evaluation,false,71
0746,southeast,lapsed,other,high,moderate,low,evaluation,false,70
0747,west,untreated,other,moderate,high,high,awareness,false,110
0748,southwest,untreated,other,moderate,low,medium,evaluation,false,30
0749,west,untreated,other,moderate,low,high,re_engagement,false,113
0750,midwest,untreated,cash_pay,high,low,medium,evaluation,false,119
0751,northeast,untreated,commercial,low,moderate,low,research,false,47
0752,northeast,on_competitor,medicare_medicaid,moderate,high,low,evaluation,true,60
0753,west,on_competitor,commercial,low,moderate,high,evaluation,false,88
0754,west,lapsed,commercial,moderate,moderate,medium,re_engagement,false,68
0755,west,lapsed,commercial,low,moderate,high,awareness,true,105
0756,southeast,on_competitor,cash_pay,high,moderate,medium,evaluation,false,101
0757,southwest,untreated,cash_pay,low,moderate,medium,evaluation,false,112
0758,northeast,lapsed,commercial,high,high,medium,evaluation,false,41
0759,northeast,untreated,commercial,moderate,moderate,high,awareness,false,80
0760,midwest,untreated,commercial,high,moderate,high,evaluation,true,76
0761,west,on_competitor,commercial,moderate,moderate,low,evaluation,false,102
0762,northeast,untreated,commercial,moderate,moderate,high,research,true,2
0763,west,lapsed,medicare_medicaid,low,low,low,evaluation,true,51
0764,midwest,on_competitor,commercial,low,high,medium,awareness,false,98
0765,midwest,lapsed,medicare_medicaid,high,moderate,low,re_engagement,false,36
0766,southeast,on_competitor,medicare_medicaid,high,high,high,evaluation,true,23
0767,northeast,untreated,commercial,high,moderate,high,research,false,58
0768,midwest,untreated,cash_pay,low,moderate,low,research,false,76
0769,northeast,untreated,commercial,high,high,high,re_engagement,false,102
0770,west,on_competitor,commercial,high,moderate,medium,research,false,114
0771,midwest,on_competitor,commercial,moderate,low,high,awareness,false,67
0772,southeast,untreated,commercial,low,moderate,high,awareness,false,55
0773,southwest,untreated,medicare_medicaid,moderate,high,medium,re_engagement,false,62
0774,northeast,on_competitor,cash_pay,moderate,low,low,awareness,false,4
0775,northeast,untreated,medicare_medicaid,high,low,medium,research,false,71
0776,midwest,untreated,cash_pay,low,high,low,re_engagement,true,21
0777,west,on_competitor,medicare_medicaid,moderate,high,high,awareness,false,23
0778,northeast,untreated,cash_pay,moderate,low,low,evaluation,false,50
0779,southwest,untreated,commercial,high,high,medium,evaluation,false,80
0780,midwest,lapsed,commercial,low,moderate,high,awareness,false,93
0781,west,lapsed,commercial,low,low,low,evaluation,false,70
0782,southeast,lapsed,commercial,high,low,high,awareness,false,20
0783,southeast,untreated,medicare_medicaid,low,high,low,evaluation,false,117
0784,west,untreated,commercial,moderate,low,medium,research,false,60
0785,midwest,untreated,commercial,moderate,moderate,low,evaluation,true,65
0786,midwest,untreated,commercial,moderate,high,medium,evaluation,false,37
0787,northeast,untreated,cash_pay,high,low,medium,awareness,false,54
0788,northeast,untreated,commercial,high,high,medium,awareness,false,72
0789,southeast,lapsed,medicare_medicaid,moderate,high,medium,research,false,107
0790,northeast,untreated,cash_pay,high,moderate,medium,evaluation,false,33
0791,southwest,untreated,cash_pay,high,high,high,awareness,false,55
0792,northeast,on_competitor,commercial,high,moderate,medium,re_engagement,false,77
0793,southeast,on_competitor,cash_pay,moderate,moderate,high,evaluation,false,11
0794,northeast,untreated,commercial,high,low,high,awareness,false,83
0795,west,untreated,cash_pay,moderate,high,high,awareness,false,14
0796,northeast,untreated,cash_pay,low,moderate,high,research,true,72
0797,southeast,lapsed,commercial,high,low,medium,research,false,74
0798,midwest,on_competitor,commercial,moderate,moderate,medium,research,false,104
0799,northeast,lapsed,commercial,high,moderate,medium,awareness,false,113
0800,midwest,untreated,other,high,moderate,low,awareness,true,44
0801,midwest,untreated,medicare_medicaid,moderate,low,high,evaluation,false,113
0802,west,untreated,other,low,moderate,medium,evaluation,false,108
0803,northeast,untreated,medicare_medicaid,high,moderate,low,awareness,false,101
0804,southwest,untreated,commercial,high,high,low,re_engagement,false,20
0805,west,untreated,medicare_medicaid,low,moderate,low,awareness,false,62
0806,southeast,untreated,commercial,high,low,low,awareness,false,65
0807,northeast,on_competitor,commercial,low,low,high,evaluation,false,100
0808,west,on_competitor,other,low,high,low,evaluation,false,116
0809,west,untreated,cash_pay,moderate,moderate,high,awareness,false,104
0810,west,untreated,medicare_medicaid,moderate,low,low,evaluation,false,64
0811,southeast,untreated,cash_pay,moderate,moderate,low,evaluation,false,100
0812,west,untreated,commercial,moderate,moderate,high,evaluation,false,3
0813,west,untreated,cash_pay,moderate,high,medium,research,false,55
0814,west,untreated,medicare_medicaid,moderate,low,low,evaluation,false,84
0815,southwest,lapsed,commercial,low,moderate,high,evaluation,false,44
0816,southeast,untreated,medicare_medicaid,low,moderate,medium,awareness,false,100
0817,southeast,on_competitor,commercial,low,moderate,high,re_engagement,true,68
0818,west,untreated,cash_pay,high,low,low,awareness,false,66
0819,midwest,untreated,commercial,low,moderate,low,evaluation,false,54
0820,northeast,lapsed,commercial,high,moderate,medium,awareness,false,15
0821,midwest,untreated,commercial,high,high,medium,research,false,120
0822,midwest,on_competitor,medicare_medicaid,high,moderate,high,evaluation,false,91
0823,west,untreated,commercial,moderate,high,high,research,true,54
0824,northeast,lapsed,commercial,low,moderate,medium,research,false,75
0825,west,on_competitor,cash_pay,moderate,moderate,high,evaluation,false,93
0826,west,lapsed,commercial,high,moderate,low,evaluation,false,15
0827,midwest,on_competitor,commercial,high,moderate,high,awareness,false,14
0828,midwest,untreated,commercial,high,moderate,high,awareness,false,101
0829,west,untreated,medicare_medicaid,low,moderate,low,awareness,false,0
0830,southeast,untreated,cash_pay,moderate,moderate,medium,re_engagement,false,60
0831,west,lapsed,commercial,high,moderate,high,evaluation,true,93
0832,west,untreated,medicare_medicaid,moderate,high,medium,research,false,113
0833,southeast,untreated,commercial,high,high,medium,evaluation,false,82
0834,midwest,untreated,commercial,moderate,moderate,low,research,true,60
0835,northeast,untreated,medicare_medicaid,moderate,low,low,awareness,false,107
0836,southeast,lapsed,cash_pay,moderate,moderate,low,re_engagement,true,55
0837,northeast,untreated,medicare_medicaid,moderate,high,high,research,false,23
0838,northeast,untreated,commercial,moderate,high,medium,awareness,true,7
0839,northeast,untreated,commercial,low,high,high,re_engagement,true,30
0840,midwest,on_competitor,medicare_medicaid,moderate,moderate,low,awareness,false,52
0841,northeast,untreated,medicare_medicaid,low,high,medium,research,true,97
0842,west,on_competitor,commercial,moderate,high,medium,awareness,false,47
0843,northeast,on_competitor,commercial,low,low,medium,awareness,false,106
0844,west,on_competitor,commercial,high,low,low,awareness,false,44
0845,northeast,lapsed,cash_pay,high,high,medium,awareness,true,89
0846,northeast,untreated,medicare_medicaid,high,moderate,medium,re_engagement,false,87
0847,midwest,lapsed,other,moderate,moderate,medium,awareness,true,76
0848,southwest,untreated,commercial,low,moderate,low,awareness,true,71
0849,west,lapsed,cash_pay,moderate,low,medium,awareness,true,106
0850,southeast,lapsed,commercial,low,moderate,medium,research,false,103
0851,northeast,on_competitor,medicare_medicaid,low,moderate,low,awareness,false,117
0852,northeast,on_competitor,cash_pay,moderate,low,low,re_engagement,false,4
0853,southwest,untreated,cash_pay,high,high,high,research,false,72
0854,northeast,untreated,commercial,moderate,moderate,medium,awareness,false,95
0855,southeast,untreated,medicare_medicaid,high,moderate,high,awareness,false,88
0856,midwest,on_competitor,medicare_medicaid,low,high,medium,evaluation,false,109
0857,southeast,lapsed,other,high,moderate,medium,research,false,113
0858,northeast,on_competitor,other,moderate,moderate,medium,awareness,false,103
0859,west,untreated,other,moderate,high,low,awareness,false,80
0860,northeast,on_competitor,medicare_medicaid,high,low,high,evaluation,false,60
0861,southeast,untreated,commercial,high,low,high,evaluation,false,97
0862,southeast,untreated,commercial,low,low,medium,re_engagement,false,100
0863,southwest,untreated,medicare_medicaid,high,moderate,low,evaluation,false,37
0864,southeast,lapsed,medicare_medicaid,moderate,low,high,evaluation,false,59
0865,southwest,on_competitor,medicare_medicaid,high,low,high,research,false,24
0866,northeast,untreated,cash_pay,moderate,low,high,awareness,false,45
0867,west,untreated,medicare_medicaid,high,low,low,awareness,false,83
0868,southeast,on_competitor,other,moderate,high,medium,research,false,1
0869,west,untreated,commercial,high,low,medium,awareness,false,25
0870,northeast,on_competitor,commercial,high,moderate,medium,research,false,109
0871,southwest,on_competitor,medicare_medicaid,moderate,high,medium,evaluation,true,28
0872,midwest,lapsed,medicare_medicaid,moderate,high,medium,evaluation,false,103
0873,northeast,on_competitor,commercial,low,moderate,low,awareness,true,37
0874,midwest,untreated,other,high,low,low,awareness,true,33
0875,southeast,on_competitor,medicare_medicaid,high,high,high,re_engagement,true,86
0876,west,untreated,other,high,high,medium,research,false,21
0877,southwest,lapsed,other,low,low,low,awareness,false,101
0878,midwest,untreated,medicare_medicaid,high,moderate,medium,re_engagement,false,75
0879,midwest,untreated,cash_pay,high,high,high,re_engagement,false,74
0880,northeast,lapsed,commercial,moderate,moderate,low,research,false,82
0881,southeast,on_competitor,medicare_medicaid,high,moderate,medium,research,false,60
0882,southeast,untreated,other,moderate,high,low,awareness,false,50
0883,southeast,untreated,commercial,high,low,low,awareness,false,37
0884,southeast,untreated,medicare_medicaid,moderate,moderate,medium,research,false,102
0885,southeast,untreated,commercial,moderate,high,low,re_engagement,false,64
0886,west,untreated,cash_pay,low,high,low,awareness,true,25
0887,southeast,on_competitor,cash_pay,moderate,low,low,research,true,109
0888,west,on_competitor,other,high,moderate,high,evaluation,false,51
0889,west,lapsed,commercial,moderate,low,high,re_engagement,false,92
0890,midwest,on_competitor,medicare_medicaid,moderate,low,medium,research,false,40
0891,southeast,lapsed,other,moderate,moderate,high,awareness,true,111
0892,southwest,untreated,commercial,low,low,medium,research,false,51
0893,west,on_competitor,commercial,moderate,moderate,low,awareness,false,42
0894,west,on_competitor,other,moderate,moderate,medium,re_engagement,true,49
0895,northeast,untreated,medicare_medicaid,moderate,low,low,awareness,false,4
0896,midwest,lapsed,commercial,high,low,medium,awareness,false,67
0897,northeast,untreated,medicare_medicaid,high,low,medium,awareness,true,68
0898,west,untreated,commercial,low,high,high,awareness,false,85
0899,midwest,untreated,other,moderate,moderate,medium,awareness,true,18
0900,west,untreated,medicare_medicaid,high,moderate,medium,research,false,5
0901,southeast,on_competitor,other,moderate,moderate,medium,awareness,false,103
0902,southeast,lapsed,commercial,moderate,moderate,medium,evaluation,false,12
0903,southwest,untreated,commercial,low,moderate,medium,awareness,false,89
0904,southwest,on_competitor,other,moderate,low,low,research,false,64
0905,southeast,on_competitor,medicare_medicaid,high,moderate,medium,awareness,false,95
0906,southeast,untreated,commercial,high,high,low,evaluation,true,85
0907,midwest,on_competitor,commercial,moderate,high,high,awareness,false,107
0908,west,untreated,medicare_medicaid,high,high,medium,awareness,false,1
0909,northeast,on_competitor,commercial,high,high,medium,awareness,false,107
0910,midwest,on_competitor,medicare_medicaid,moderate,high,medium,research,false,6
0911,west,on_competitor,other,high,high,low,research,false,43
0912,west,lapsed,commercial,low,high,high,evaluation,false,5
0913,northeast,untreated,commercial,moderate,high,low,research,false,15
0914,northeast,untreated,commercial,high,moderate,low,awareness,false,84
0915,west,lapsed,commercial,high,high,medium,research,false,13
0916,west,on_competitor,other,moderate,high,low,awareness,false,49
0917,southwest,on_competitor,medicare_medicaid,high,moderate,high,awareness,false,61
0918,northeast,untreated,other,moderate,moderate,medium,research,false,1
0919,midwest,untreated,other,high,moderate,high,research,true,47
0920,northeast,untreated,commercial,moderate,high,medium,re_engagement,false,112
0921,southeast,untreated,medicare_medicaid,moderate,moderate,high,evaluation,false,3
0922,west,untreated,commercial,high,high,high,re_engagement,false,89
0923,midwest,on_competitor,commercial,high,moderate,low,re_engagement,true,24
0924,southwest,untreated,other,high,high,medium,evaluation,true,64
0925,west,untreated,commercial,moderate,high,low,awareness,false,57
0926,northeast,lapsed,cash_pay,moderate,low,medium,research,false,54
0927,west,untreated,cash_pay,low,low,low,research,false,97
0928,southeast,lapsed,medicare_medicaid,moderate,high,medium,awareness,false,71
0929,northeast,on_competitor,commercial,moderate,high,low,awareness,false,92
0930,southeast,untreated,commercial,moderate,moderate,medium,awareness,false,9
0931,northeast,untreated,other,moderate,moderate,low,research,false,116
0932,southeast,on_competitor,cash_pay,moderate,moderate,low,research,false,31
0933,northeast,untreated,cash_pay,moderate,moderate,medium,evaluation,false,58
0934,northeast,lapsed,commercial,moderate,moderate,low,awareness,true,91
0935,southeast,lapsed,medicare_medicaid,low,moderate,low,research,false,32
0936,midwest,on_competitor,medicare_medicaid,low,moderate,medium,evaluation,false,111
0937,midwest,untreated,cash_pay,high,high,medium,re_engagement,false,39
0938,northeast,untreated,medicare_medicaid,high,low,medium,research,false,55
0939,southeast,untreated,cash_pay,high,high,high,research,false,23
0940,west,untreated,cash_pay,high,low,high,research,false,13
0941,northeast,lapsed,commercial,high,moderate,medium,research,false,86
0942,northeast,on_competitor,commercial,low,moderate,high,awareness,true,101
0943,midwest,untreated,other,moderate,low,medium,awareness,false,47
0944,southeast,on_competitor,commercial,high,moderate,medium,research,false,111
0945,northeast,untreated,medicare_medicaid,moderate,moderate,high,awareness,false,111
0946,southwest,on_competitor,cash_pay,high,moderate,medium,re_engagement,false,84
0947,southwest,untreated,other,low,high,medium,awareness,false,41
0948,northeast,on_competitor,medicare_medicaid,moderate,low,medium,re_engagement,false,60
0949,west,lapsed,other,moderate,moderate,low,awareness,false,73
0950,west,on_competitor,commercial,moderate,high,high,re_engagement,false,59
0951,southeast,untreated,commercial,moderate,high,low,evaluation,false,11
0952,southwest,untreated,commercial,low,moderate,medium,awareness,false,85
0953,southwest,untreated,commercial,high,moderate,medium,awareness,false,111
0954,midwest,untreated,other,high,moderate,high,evaluation,false,83
0955,midwest,on_competitor,cash_pay,low,high,low,awareness,true,94
0956,northeast,on_competitor,other,moderate,high,medium,research,false,39
0957,midwest,untreated,cash_pay,low,moderate,medium,evaluation,false,66
0958,midwest,on_competitor,commercial,high,low,medium,evaluation,false,28
0959,midwest,untreated,medicare_medicaid,high,moderate,high,evaluation,false,39
0960,west,untreated,commercial,low,moderate,medium,awareness,false,48
0961,west,untreated,commercial,moderate,low,high,awareness,false,118
0962,northeast,lapsed,medicare_medicaid,moderate,low,medium,evaluation,false,70
0963,southeast,untreated,medicare_medicaid,high,moderate,low,evaluation,false,118
0964,west,untreated,commercial,high,low,medium,evaluation,false,90
0965,west,untreated,medicare_medicaid,moderate,moderate,high,awareness,false,25
0966,northeast,on_competitor,cash_pay,moderate,moderate,high,awareness,false,54
0967,northeast,on_competitor,commercial,high,moderate,high,awareness,false,43
0968,southwest,on_competitor,medicare_medicaid,moderate,high,low,research,false,22
0969,southeast,on_competitor,medicare_medicaid,moderate,moderate,high,re_engagement,false,35
0970,southeast,on_competitor,commercial,high,high,medium,re_engagement,false,75
0971,midwest,on_competitor,commercial,moderate,low,low,research,false,55
0972,northeast,untreated,commercial,moderate,low,medium,research,false,50
0973,midwest,on_competitor,cash_pay,moderate,moderate,medium,evaluation,false,15
0974,northeast,on_competitor,medicare_medicaid,high,low,medium,awareness,false,40
0975,northeast,untreated,commercial,high,moderate,high,awareness,false,64
0976,southwest,untreated,commercial,low,moderate,low,awareness,false,115
0977,west,on_competitor,medicare_medicaid,moderate,moderate,medium,re_engagement,false,68
0978,west,untreated,medicare_medicaid,high,high,low,evaluation,true,17
0979,northeast,on_competitor,commercial,high,moderate,low,awareness,false,115
0980,midwest,untreated,other,moderate,low,low,awareness,false,34
0981,west,lapsed,commercial,high,moderate,high,research,false,19
0982,west,untreated,commercial,low,high,low,research,false,52
0983,west,untreated,commercial,high,moderate,high,awareness,true,48
0984,northeast,lapsed,other,moderate,high,medium,re_engagement,false,103
0985,midwest,untreated,cash_pay,low,moderate,medium,re_engagement,true,96
0986,southeast,untreated,cash_pay,low,moderate,medium,evaluation,false,16
0987,west,untreated,cash_pay,moderate,high,medium,awareness,false,81
0988,west,lapsed,commercial,moderate,moderate,low,re_engagement,false,64
0989,southwest,untreated,medicare_medicaid,moderate,low,low,evaluation,true,39
0990,southeast,untreated,commercial,high,moderate,high,awareness,true,95
0991,southwest,untreated,cash_pay,high,low,medium,re_engagement,true,63
0992,southwest,untreated,other,moderate,moderate,medium,re_engagement,false,91
0993,midwest,untreated,commercial,low,moderate,high,re_engagement,false,87
0994,midwest,on_competitor,other,moderate,low,medium,awareness,true,107
0995,southeast,untreated,commercial,moderate,high,high,awareness,false,106
0996,west,on_competitor,commercial,high,moderate,low,evaluation,false,27
0997,southwest,lapsed,other,moderate,low,high,re_engagement,false,7
0998,midwest,untreated,commercial,high,high,high,awareness,false,12
0999,northeast,untreated,medicare_medicaid,low,moderate,high,awareness,false,32
1000,southeast,untreated,commercial,moderate,high,high,awareness,false,107
1001,northeast,untreated,cash_pay,high,low,medium,awareness,false,17
1002,west,untreated,other,high,high,medium,evaluation,false,53
1003,midwest,untreated,medicare_medicaid,high,low,high,research,false,94
1004,southeast,lapsed,commercial,high,high,low,research,false,30
1005,west,untreated,medicare_medicaid,moderate,high,medium,awareness,true,54
1006,northeast,untreated,medicare_medicaid,high,low,high,re_engagement,false,105
1007,midwest,untreated,cash_pay,high,moderate,medium,awareness,false,80
1008,northeast,on_competitor,commercial,high,low,high,research,false,11
1009,southeast,lapsed,medicare_medicaid,moderate,low,low,research,true,54
1010,southeast,on_competitor,commercial,high,moderate,medium,awareness,true,5
1011,west,untreated,commercial,high,moderate,medium,research,false,62
1012,southeast,untreated,commercial,high,moderate,high,awareness,false,46
1013,midwest,on_competitor,medicare_medicaid,high,moderate,medium,awareness,true,80
1014,northeast,on_competitor,medicare_medicaid,low,moderate,low,evaluation,false,9
1015,midwest,lapsed,commercial,moderate,low,medium,awareness,true,53
1016,southeast,on_competitor,cash_pay,low,low,high,re_engagement,false,91
1017,southeast,untreated,medicare_medicaid,moderate,low,high,awareness,false,16
1018,southwest,untreated,commercial,low,high,high,research,false,65
1019,northeast,lapsed,cash_pay,moderate,low,medium,awareness,true,20
1020,midwest,on_competitor,commercial,low,moderate,medium,evaluation,false,109
1021,west,untreated,medicare_medicaid,high,high,low,awareness,true,113
1022,northeast,untreated,cash_pay,high,low,high,awareness,true,83
1023,midwest,untreated,commercial,high,moderate,medium,evaluation,false,78
1024,southwest,untreated,medicare_medicaid,high,moderate,medium,awareness,false,2
1025,southwest,on_competitor,cash_pay,moderate,high,medium,research,false,111
1026,midwest,on_competitor,commercial,moderate,moderate,low,evaluation,false,50
1027,northeast,untreated,cash_pay,high,low,low,awareness,true,110
1028,midwest,untreated,other,high,moderate,medium,re_engagement,false,87
1029,northeast,on_competitor,commercial,high,low,high,awareness,false,93
1030,northeast,on_competitor,commercial,moderate,high,low,evaluation,false,16
1031,northeast,untreated,commercial,moderate,high,high,re_engagement,true,94
1032,west,lapsed,commercial,high,low,high,evaluation,false,61
1033,northeast,untreated,medicare_medicaid,moderate,high,high,awareness,false,65
1034,southeast,lapsed,commercial,high,high,medium,research,false,117
1035,southeast,lapsed,other,low,high,low,awareness,true,36
1036,midwest,untreated,commercial,low,low,high,research,true,67
1037,northeast,untreated,medicare_medicaid,low,moderate,medium,awareness,false,34
1038,west,lapsed,other,low,moderate,low,awareness,false,19
1039,northeast,on_competitor,commercial,moderate,low,high,evaluation,true,54
1040,southeast,lapsed,commercial,low,high,medium,awareness,false,88
1041,midwest,lapsed,medicare_medicaid,high,low,high,research,false,68
1042,midwest,on_competitor,cash_pay,moderate,moderate,medium,research,false,95
1043,northeast,untreated,commercial,high,low,medium,research,true,14
1044,southeast,untreated,cash_pay,low,low,low,awareness,false,119
1045,southeast,lapsed,cash_pay,high,high,high,evaluation,false,3
1046,southeast,on_competitor,commercial,high,moderate,medium,research,true,18
1047,northeast,untreated,commercial,moderate,low,low,awareness,false,95
1048,southwest,on_competitor,medicare_medicaid,moderate,moderate,medium,awareness,true,7
1049,northeast,lapsed,cash_pay,moderate,high,high,evaluation,false,70
1050,southeast,on_competitor,medicare_medicaid,high,high,high,awareness,true,48
1051,northeast,lapsed,commercial,moderate,high,low,evaluation,false,107
1052,west,untreated,medicare_medicaid,moderate,moderate,medium,awareness,false,54
1053,northeast,untreated,commercial,moderate,low,low,awareness,false,8
1054,northeast,untreated,other,high,high,high,awareness,true,72
1055,midwest,on_competitor,cash_pay,high,moderate,high,awareness,false,36
1056,midwest,lapsed,commercial,moderate,moderate,low,evaluation,false,114
1057,northeast,on_competitor,cash_pay,high,moderate,medium,research,false,37
1058,west,untreated,commercial,moderate,low,low,awareness,false,18
1059,northeast,on_competitor,other,moderate,moderate,medium,re_engagement,false,100
1060,southeast,untreated,medicare_medicaid,low,high,medium,evaluation,false,78
1061,southwest,on_competitor,medicare_medicaid,low,high,low,evaluation,false,111
1062,west,lapsed,commercial,high,moderate,high,awareness,false,46
1063,northeast,untreated,cash_pay,moderate,low,high,evaluation,false,118
1064,northeast,untreated,medicare_medicaid,high,low,medium,evaluation,false,16
1065,midwest,untreated,medicare_medicaid,high,high,medium,research,false,87
1066,southwest,untreated,commercial,moderate,moderate,medium,awareness,true,48
1067,southeast,untreated,commercial,moderate,moderate,low,research,false,115
1068,northeast,lapsed,commercial,high,low,medium,research,false,8
1069,southwest,untreated,medicare_medicaid,moderate,moderate,low,awareness,true,60
1070,northeast,untreated,medicare_medicaid,low,low,low,evaluation,false,60
1071,northeast,untreated,commercial,moderate,moderate,low,awareness,true,35
1072,southeast,untreated,cash_pay,low,moderate,medium,awareness,false,11
1073,southeast,lapsed,other,high,high,high,research,false,100
1074,west,untreated,commercial,moderate,moderate,low,evaluation,false,9
1075,midwest,on_competitor,commercial,moderate,low,medium,evaluation,false,1
1076,midwest,untreated,commercial,low,high,high,research,false,0
1077,southwest,lapsed,cash_pay,moderate,moderate,medium,awareness,false,24
1078,midwest,untreated,commercial,high,moderate,high,re_engagement,false,1
1079,southeast,untreated,commercial,high,low,low,research,false,52
1080,southeast,untreated,medicare_medicaid,moderate,low,low,awareness,false,22
1081,northeast,on_competitor,medicare_medicaid,high,moderate,medium,evaluation,false,120
1082,west,lapsed,other,low,high,medium,research,false,63
1083,midwest,on_competitor,medicare_medicaid,moderate,moderate,high,evaluation,false,27
1084,midwest,untreated,commercial,high,moderate,low,re_engagement,false,52
1085,west,lapsed,cash_pay,moderate,low,high,research,false,84
1086,west,untreated,cash_pay,moderate,high,high,research,true,19
1087,west,on_competitor,medicare_medicaid,moderate,moderate,low,research,false,71
1088,northeast,lapsed,medicare_medicaid,low,low,medium,awareness,false,93
1089,southwest,untreated,medicare_medicaid,moderate,high,high,research,false,100
1090,west,untreated,other,low,high,medium,awareness,true,1
1091,midwest,on_competitor,commercial,moderate,low,low,research,false,16
1092,midwest,lapsed,cash_pay,high,moderate,low,awareness,false,92
1093,west,on_competitor,cash_pay,moderate,moderate,high,evaluation,false,74
1094,northeast,lapsed,other,high,high,low,awareness,true,108
1095,west,untreated,commercial,moderate,high,low,re_engagement,true,87
1096,southwest,untreated,medicare_medicaid,moderate,high,low,re_engagement,false,80
1097,northeast,on_competitor,other,low,moderate,medium,research,true,94
1098,northeast,untreated,medicare_medicaid,moderate,moderate,high,awareness,false,115
1099,southeast,untreated,commercial,moderate,low,low,research,false,44
1100,west,on_competitor,medicare_medicaid,low,moderate,high,re_engagement,false,25
1101,southwest,on_competitor,commercial,moderate,moderate,high,awareness,false,92
1102,southwest,untreated,medicare_medicaid,moderate,low,medium,research,false,72
1103,southwest,untreated,cash_pay,moderate,low,high,awareness,false,77
1104,west,lapsed,other,high,high,low,awareness,false,45
1105,northeast,untreated,commercial,high,moderate,low,evaluation,false,27
1106,west,untreated,other,moderate,moderate,medium,research,true,35
1107,southwest,on_competitor,cash_pay,moderate,moderate,medium,evaluation,false,104
1108,northeast,untreated,cash_pay,moderate,low,medium,awareness,true,41
1109,northeast,on_competitor,commercial,high,low,medium,awareness,false,16
1110,southeast,lapsed,other,low,high,medium,awareness,true,102
1111,southeast,untreated,commercial,high,high,high,research,true,38
1112,midwest,on_competitor,cash_pay,low,high,medium,research,true,6
1113,northeast,lapsed,other,low,moderate,low,awareness,false,103
1114,southwest,untreated,other,low,low,low,evaluation,true,38
1115,southeast,untreated,medicare_medicaid,low,high,low,awareness,false,16
1116,northeast,untreated,medicare_medicaid,low,low,medium,evaluation,false,30
1117,west,on_competitor,other,high,moderate,low,awareness,false,10
1118,west,untreated,commercial,moderate,low,medium,awareness,false,27
1119,northeast,untreated,cash_pay,high,high,low,research,false,109
1120,southwest,untreated,cash_pay,moderate,low,low,awareness,false,49
1121,southwest,lapsed,medicare_medicaid,moderate,high,low,awareness,false,111
1122,northeast,on_competitor,medicare_medicaid,high,high,low,research,false,60
1123,midwest,on_competitor,commercial,low,high,medium,awareness,false,65
1124,southeast,untreated,commercial,high,moderate,high,awareness,true,22
1125,midwest,on_competitor,medicare_medicaid,moderate,moderate,medium,re_engagement,true,6
1126,midwest,lapsed,commercial,moderate,moderate,high,evaluation,false,50
1127,west,untreated,cash_pay,high,high,high,research,false,76
1128,northeast,untreated,commercial,low,moderate,medium,evaluation,false,21
1129,northeast,untreated,commercial,low,high,low,research,false,22
1130,southwest,lapsed,commercial,moderate,high,medium,research,true,111
1131,northeast,untreated,cash_pay,moderate,low,high,research,true,18
1132,northeast,on_competitor,cash_pay,high,moderate,medium,research,false,32
1133,northeast,untreated,commercial,moderate,low,high,evaluation,false,76
1134,southeast,untreated,medicare_medicaid,moderate,high,medium,awareness,false,45
1135,southeast,untreated,cash_pay,low,moderate,medium,awareness,false,81
1136,southeast,untreated,medicare_medicaid,moderate,low,high,re_engagement,true,116
1137,southwest,on_competitor,commercial,moderate,low,medium,awareness,false,43
1138,northeast,lapsed,cash_pay,moderate,low,medium,awareness,true,118
1139,midwest,on_competitor,commercial,low,moderate,medium,awareness,false,102
1140,midwest,untreated,commercial,low,high,medium,awareness,false,106
1141,southeast,untreated,commercial,high,low,medium,evaluation,true,11
1142,northeast,on_competitor,cash_pay,moderate,low,low,awareness,false,31
1143,midwest,lapsed,medicare_medicaid,low,high,low,awareness,false,72
1144,southwest,untreated,cash_pay,high,low,low,research,true,39
1145,midwest,untreated,medicare_medicaid,moderate,moderate,high,research,true,56
1146,midwest,on_competitor,medicare_medicaid,high,moderate,medium,re_engagement,false,116
1147,southwest,on_competitor,medicare_medicaid,moderate,moderate,medium,awareness,false,16
1148,southwest,on_competitor,cash_pay,high,low,low,evaluation,false,97
1149,midwest,lapsed,commercial,high,low,medium,awareness,true,37
1150,west,on_competitor,cash_pay,high,moderate,medium,evaluation,false,66
1151,west,untreated,medicare_medicaid,high,moderate,high,awareness,false,119
1152,midwest,untreated,medicare_medicaid,high,high,medium,awareness,true,26
1153,northeast,untreated,medicare_medicaid,moderate,low,low,research,true,30
1154,midwest,lapsed,cash_pay,moderate,low,medium,research,false,23
1155,west,untreated,commercial,moderate,moderate,low,research,false,12
1156,midwest,lapsed,medicare_medicaid,moderate,moderate,low,research,false,3
1157,northeast,untreated,commercial,moderate,high,medium,evaluation,false,116
1158,southwest,lapsed,medicare_medicaid,moderate,moderate,high,research,false,64
1159,southwest,untreated,medicare_medicaid,moderate,high,low,evaluation,false,58
1160,west,on_competitor,commercial,moderate,moderate,medium,re_engagement,false,48
1161,midwest,lapsed,commercial,moderate,moderate,medium,awareness,false,75
1162,southeast,lapsed,medicare_medicaid,moderate,high,high,awareness,true,13
1163,west,untreated,commercial,high,low,high,evaluation,true,112
1164,southwest,untreated,cash_pay,moderate,high,medium,awareness,false,9
1165,southeast,untreated,medicare_medicaid,high,high,low,research,true,81
1166,northeast,on_competitor,commercial,moderate,moderate,low,awareness,false,103
1167,northeast,on_competitor,commercial,low,high,low,awareness,true,99
1168,midwest,untreated,commercial,high,moderate,high,evaluation,false,106
1169,west,untreated,medicare_medicaid,high,low,high,evaluation,false,80
1170,northeast,untreated,commercial,moderate,moderate,low,awareness,false,42
1171,west,untreated,commercial,low,moderate,medium,re_engagement,true,36
1172,midwest,untreated,cash_pay,low,moderate,medium,awareness,false,14
1173,southwest,on_competitor,other,moderate,high,medium,awareness,false,7
1174,midwest,untreated,cash_pay,low,moderate,high,awareness,true,72
1175,west,lapsed,cash_pay,high,low,high,research,false,10
1176,midwest,lapsed,commercial,moderate,high,medium,awareness,false,61
1177,west,untreated,other,high,high,high,evaluation,false,110
1178,west,untreated,commercial,moderate,moderate,medium,awareness,false,70
1179,southeast,untreated,other,low,moderate,low,research,true,29
1180,northeast,untreated,commercial,moderate,low,medium,awareness,false,111
1181,west,on_competitor,commercial,high,high,low,research,false,31
1182,northeast,lapsed,commercial,moderate,moderate,low,re_engagement,true,90
1183,southeast,on_competitor,other,high,moderate,high,evaluation,false,83
1184,southwest,untreated,commercial,moderate,high,medium,research,false,62
1185,northeast,untreated,commercial,low,high,medium,awareness,false,104
1186,northeast,on_competitor,commercial,moderate,low,high,awareness,false,34
1187,southeast,untreated,cash_pay,high,moderate,medium,research,false,49
1188,northeast,untreated,commercial,moderate,moderate,medium,awareness,false,119
1189,midwest,untreated,other,low,low,high,research,false,43
1190,midwest,on_competitor,cash_pay,moderate,low,high,evaluation,false,92
1191,southeast,lapsed,other,moderate,moderate,medium,evaluation,false,48
1192,southwest,untreated,commercial,low,moderate,medium,awareness,false,98
1193,southeast,on_competitor,commercial,moderate,moderate,medium,evaluation,false,77
1194,southeast,untreated,medicare_medicaid,low,low,medium,awareness,true,4
1195,midwest,lapsed,cash_pay,high,high,high,awareness,false,40
1196,southeast,lapsed,commercial,moderate,high,medium,awareness,true,111
1197,northeast,on_competitor,commercial,high,moderate,high,research,true,91
1198,southwest,untreated,other,low,high,high,evaluation,false,5
1199,southeast,on_competitor,commercial,moderate,moderate,low,awareness,false,105
1200,northeast,on_competitor,medicare_medicaid,high,high,medium,research,false,114
1201,midwest,on_competitor,other,moderate,high,low,re_engagement,false,3
1202,northeast,untreated,commercial,moderate,moderate,high,evaluation,false,48
1203,northeast,lapsed,cash_pay,moderate,low,low,awareness,false,28
1204,southwest,on_competitor,medicare_medicaid,moderate,moderate,low,re_engagement,false,77
1205,midwest,untreated,medicare_medicaid,high,low,low,awareness,false,98
1206,northeast,lapsed,commercial,low,moderate,medium,re_engagement,false,10
1207,midwest,untreated,other,moderate,moderate,medium,research,false,105
1208,southwest,lapsed,commercial,low,moderate,medium,research,false,43
1209,northeast,untreated,medicare_medicaid,low,moderate,medium,evaluation,false,112
1210,northeast,untreated,commercial,moderate,moderate,medium,awareness,false,106
1211,west,untreated,other,high,low,high,re_engagement,false,51
1212,southeast,on_competitor,commercial,high,low,medium,research,true,92
1213,west,untreated,commercial,moderate,moderate,medium,evaluation,false,61
1214,west,on_competitor,cash_pay,moderate,low,medium,awareness,true,75
1215,west,untreated,commercial,moderate,moderate,medium,re_engagement,true,38
1216,northeast,untreated,medicare_medicaid,moderate,moderate,high,awareness,false,96
1217,northeast,untreated,cash_pay,moderate,low,low,research,false,78
1218,southeast,untreated,commercial,high,moderate,low,awareness,false,33
1219,west,lapsed,other,moderate,high,low,evaluation,false,3
1220,northeast,on_competitor,other,moderate,high,medium,evaluation,false,36
1221,midwest,lapsed,cash_pay,moderate,low,low,awareness,false,108
1222,southwest,untreated,medicare_medicaid,high,high,low,evaluation,false,102
1223,west,untreated,cash_pay,high,moderate,low,evaluation,false,99
1224,west,untreated,other,high,high,medium,research,true,71
1225,southwest,on_competitor,commercial,moderate,high,low,research,false,86
1226,midwest,untreated,medicare_medicaid,high,moderate,low,evaluation,true,66
1227,west,lapsed,commercial,high,moderate,low,awareness,false,33
1228,midwest,on_competitor,commercial,high,moderate,high,re_engagement,false,112
1229,midwest,untreated,cash_pay,moderate,moderate,medium,awareness,true,112
1230,west,lapsed,commercial,moderate,high,medium,awareness,false,84
1231,west,untreated,cash_pay,moderate,moderate,high,research,false,30
1232,southeast,untreated,commercial,low,moderate,medium,awareness,false,52
1233,southeast,untreated,commercial,low,high,medium,awareness,false,39
1234,northeast,untreated,cash_pay,moderate,low,low,re_engagement,false,16
1235,northeast,on_competitor,cash_pay,low,high,medium,re_engagement,false,70
1236,northeast,untreated,commercial,moderate,low,high,research,false,37
1237,southwest,lapsed,commercial,high,moderate,high,awareness,true,120
1238,midwest,on_competitor,cash_pay,high,moderate,low,evaluation,false,4
1239,northeast,untreated,cash_pay,moderate,high,medium,awareness,true,9
1240,west,untreated,cash_pay,high,moderate,medium,re_engagement,true,75
1241,northeast,on_competitor,medicare_medicaid,high,moderate,medium,awareness,false,25
1242,southwest,untreated,medicare_medicaid,high,moderate,low,research,false,36
1243,midwest,lapsed,commercial,high,moderate,medium,research,false,13
1244,midwest,untreated,commercial,moderate,moderate,medium,awareness,false,18
1245,southwest,lapsed,commercial,high,low,medium,awareness,true,78
1246,midwest,lapsed,cash_pay,moderate,high,medium,research,false,106
1247,southeast,untreated,medicare_medicaid,moderate,high,medium,evaluation,false,69
1248,southwest,untreated,commercial,moderate,moderate,medium,evaluation,false,117
1249,west,untreated,commercial,moderate,high,medium,awareness,false,14
1250,southeast,untreated,commercial,low,moderate,medium,research,false,37
1251,southwest,untreated,cash_pay,low,moderate,medium,re_engagement,false,21
1252,midwest,untreated,commercial,moderate,moderate,medium,awareness,false,119
1253,west,untreated,other,low,high,medium,research,false,22
1254,northeast,untreated,other,high,high,medium,research,false,7
1255,midwest,on_competitor,commercial,moderate,low,medium,awareness,true,36
1256,southwest,lapsed,medicare_medicaid,high,moderate,medium,awareness,false,84
1257,midwest,untreated,commercial,high,high,medium,awareness,false,82
1258,southeast,on_competitor,cash_pay,moderate,moderate,high,re_engagement,false,60
1259,northeast,untreated,commercial,high,low,medium,awareness,false,0
1260,southwest,untreated,commercial,moderate,moderate,medium,awareness,false,15
1261,southeast,untreated,cash_pay,moderate,moderate,high,awareness,true,77
1262,southwest,lapsed,other,low,moderate,high,research,false,100
1263,northeast,untreated,other,moderate,high,high,evaluation,false,44
1264,northeast,on_competitor,medicare_medicaid,low,low,medium,awareness,false,1
1265,southeast,untreated,commercial,moderate,moderate,high,re_engagement,false,1
1266,northeast,on_competitor,commercial,moderate,high,medium,awareness,false,73
1267,southwest,lapsed,other,low,moderate,medium,research,false,96
1268,northeast,on_competitor,commercial,moderate,moderate,medium,awareness,false,10
1269,west,untreated,commercial,moderate,high,low,research,false,24
1270,west,on_competitor,commercial,moderate,low,high,awareness,false,92
1271,midwest,lapsed,other,moderate,low,medium,awareness,false,64
1272,southeast,untreated,commercial,high,moderate,medium,research,false,107
1273,northeast,lapsed,commercial,high,moderate,medium,evaluation,false,59
1274,southwest,untreated,commercial,high,moderate,medium,awareness,true,1
1275,southeast,untreated,commercial,moderate,high,high,evaluation,false,24
1276,west,on_competitor,commercial,high,moderate,low,research,false,106
1277,southwest,untreated,commercial,high,moderate,low,research,false,44
1278,midwest,on_competitor,cash_pay,moderate,high,high,research,true,72
1279,west,untreated,commercial,low,low,low,evaluation,false,106
1280,southeast,on_competitor,medicare_medicaid,high,high,low,re_engagement,false,80
1281,northeast,untreated,medicare_medicaid,high,moderate,medium,awareness,false,80
1282,southwest,untreated,commercial,moderate,moderate,high,awareness,false,20
1283,northeast,untreated,commercial,low,moderate,medium,research,false,106
1284,west,untreated,medicare_medicaid,moderate,moderate,low,re_engagement,false,119
1285,midwest,lapsed,medicare_medicaid,moderate,low,medium,awareness,false,118
1286,midwest,untreated,medicare_medicaid,moderate,low,medium,awareness,false,100
1287,southwest,lapsed,commercial,moderate,low,medium,awareness,true,18
1288,northeast,untreated,commercial,high,low,medium,evaluation,true,71
1289,southeast,lapsed,medicare_medicaid,high,moderate,medium,evaluation,false,85
1290,midwest,untreated,commercial,low,moderate,medium,re_engagement,false,41
1291,west,lapsed,cash_pay,moderate,moderate,low,research,false,75
1292,southwest,untreated,commercial,high,moderate,medium,awareness,false,50
1293,west,lapsed,commercial,high,high,medium,awareness,false,54
1294,southeast,untreated,medicare_medicaid,moderate,high,high,awareness,false,66
1295,midwest,lapsed,commercial,moderate,high,high,evaluation,true,40
1296,midwest,untreated,medicare_medicaid,high,moderate,medium,research,true,54
1297,midwest,untreated,medicare_medicaid,low,moderate,medium,research,false,68
1298,northeast,lapsed,commercial,moderate,low,high,awareness,true,119
1299,southeast,on_competitor,medicare_medicaid,moderate,low,medium,research,true,111
1300,southeast,untreated,other,moderate,high,medium,awareness,false,69
1301,southeast,untreated,commercial,moderate,moderate,low,awareness,false,68
1302,southeast,on_competitor,commercial,high,moderate,medium,research,false,58
1303,southeast,on_competitor,cash_pay,low,moderate,medium,research,true,47
1304,midwest,untreated,cash_pay,low,high,medium,evaluation,false,81
1305,southeast,on_competitor,commercial,low,high,medium,re_engagement,false,55
1306,west,lapsed,medicare_medicaid,low,moderate,medium,evaluation,false,6
1307,midwest,untreated,cash_pay,moderate,moderate,high,awareness,false,77
1308,northeast,untreated,commercial,high,high,high,evaluation,false,59
1309,southwest,on_competitor,commercial,high,high,medium,awareness,false,91
1310,midwest,on_competitor,medicare_medicaid,moderate,moderate,medium,research,false,40
1311,southeast,untreated,medicare_medicaid,moderate,high,medium,evaluation,false,4
1312,midwest,on_competitor,commercial,moderate,low,low,evaluation,false,38
1313,southeast,untreated,medicare_medicaid,high,moderate,low,research,false,97
1314,southwest,untreated,medicare_medicaid,moderate,high,high,awareness,false,108
1315,southeast,untreated,commercial,high,moderate,high,evaluation,false,51
1316,southeast,on_competitor,commercial,low,moderate,high,evaluation,false,87
1317,west,lapsed,commercial,moderate,moderate,high,research,false,105
1318,northeast,lapsed,cash_pay,moderate,high,high,evaluation,false,87
1319,southeast,lapsed,medicare_medicaid,low,moderate,medium,research,true,79
1320,northeast,untreated,medicare_medicaid,moderate,high,medium,awareness,false,87
1321,southeast,untreated,cash_pay,low,moderate,medium,re_engagement,false,20
1322,west,untreated,commercial,moderate,moderate,low,awareness,true,3
1323,midwest,untreated,commercial,moderate,low,high,re_engagement,false,14
1324,west,lapsed,cash_pay,low,high,medium,awareness,false,87
1325,southwest,on_competitor,other,low,high,medium,awareness,false,15
1326,midwest,on_competitor,other,moderate,moderate,high,awareness,false,106
1327,west,lapsed,commercial,moderate,moderate,medium,research,true,18
1328,west,lapsed,medicare_medicaid,moderate,moderate,medium,evaluation,true,31
1329,northeast,on_competitor,commercial,moderate,high,high,research,false,33
1330,west,untreated,commercial,moderate,high,low,awareness,true,66
1331,northeast,untreated,commercial,high,moderate,high,awareness,false,60
1332,west,on_competitor,commercial,low,high,medium,evaluation,false,29
1333,northeast,untreated,commercial,moderate,high,medium,evaluation,false,51
1334,southwest,untreated,other,moderate,moderate,medium,research,false,118
1335,northeast,untreated,medicare_medicaid,high,low,low,re_engagement,false,39
1336,northeast,untreated,medicare_medicaid,moderate,high,low,research,false,81
1337,west,lapsed,cash_pay,moderate,moderate,low,awareness,false,51
1338,southwest,on_competitor,medicare_medicaid,high,low,high,research,true,102
1339,midwest,untreated,commercial,high,moderate,medium,evaluation,false,88
1340,northeast,on_competitor,other,high,moderate,medium,evaluation,false,115
1341,midwest,lapsed,commercial,high,moderate,medium,research,false,100
1342,west,untreated,commercial,moderate,moderate,medium,awareness,false,76
1343,midwest,untreated,medicare_medicaid,low,high,high,evaluation,true,103
1344,west,on_competitor,other,high,moderate,low,evaluation,false,61
1345,southwest,untreated,commercial,low,high,low,research,false,56
1346,west,untreated,commercial,high,low,medium,research,true,97
1347,southeast,untreated,other,moderate,moderate,medium,awareness,false,97
1348,southeast,untreated,commercial,moderate,moderate,medium,re_engagement,true,86
1349,northeast,untreated,cash_pay,moderate,low,medium,awareness,false,60
1350,west,on_competitor,cash_pay,high,low,medium,evaluation,false,18
1351,west,untreated,cash_pay,high,moderate,medium,evaluation,true,120
1352,southwest,untreated,commercial,low,low,high,awareness,false,26
1353,southeast,on_competitor,cash_pay,high,moderate,medium,research,false,102
1354,midwest,untreated,cash_pay,high,high,medium,research,false,60
1355,southwest,lapsed,cash_pay,moderate,low,medium,awareness,false,75
1356,northeast,untreated,medicare_medicaid,high,moderate,high,awareness,true,95
1357,southwest,untreated,cash_pay,low,low,medium,research,false,56
1358,midwest,untreated,cash_pay,high,moderate,low,awareness,false,8
1359,west,lapsed,cash_pay,low,moderate,high,evaluation,true,41
1360,midwest,untreated,commercial,moderate,moderate,low,evaluation,true,15
1361,southeast,on_competitor,cash_pay,moderate,low,low,re_engagement,false,72
1362,northeast,untreated,medicare_medicaid,moderate,low,medium,research,false,94
1363,northeast,untreated,medicare_medicaid,high,high,medium,evaluation,false,59
1364,southwest,on_competitor,cash_pay,moderate,moderate,low,research,false,94
1365,southeast,untreated,commercial,moderate,moderate,high,evaluation,false,113
1366,midwest,untreated,commercial,low,high,low,research,false,28
1367,west,on_competitor,medicare_medicaid,moderate,high,high,re_engagement,false,91
1368,northeast,lapsed,cash_pay,high,high,low,research,false,99
1369,southeast,untreated,commercial,low,low,medium,awareness,true,34
1370,southwest,untreated,cash_pay,high,low,high,awareness,false,3
1371,west,untreated,cash_pay,moderate,moderate,medium,awareness,false,104
1372,southwest,untreated,medicare_medicaid,moderate,moderate,low,awareness,false,94
1373,west,on_competitor,commercial,high,low,high,research,false,14
1374,northeast,lapsed,commercial,moderate,low,low,research,false,8
1375,west,untreated,commercial,low,high,medium,research,false,35
1376,southwest,on_competitor,commercial,low,high,low,research,true,60
1377,northeast,on_competitor,cash_pay,low,moderate,medium,research,true,22
1378,midwest,untreated,commercial,low,moderate,medium,re_engagement,false,3
1379,southeast,untreated,medicare_medicaid,low,high,medium,evaluation,false,113
1380,west,untreated,commercial,moderate,moderate,high,evaluation,true,12
1381,southwest,untreated,commercial,low,high,medium,re_engagement,false,68
1382,west,untreated,cash_pay,high,moderate,high,awareness,false,69
1383,midwest,untreated,cash_pay,moderate,moderate,high,awareness,true,16
1384,northeast,lapsed,medicare_medicaid,moderate,moderate,low,research,false,32
1385,west,untreated,commercial,low,moderate,medium,research,false,97
1386,southeast,lapsed,commercial,high,moderate,high,evaluation,false,80
1387,northeast,untreated,commercial,high,high,high,awareness,false,73
1388,west,untreated,commercial,low,low,medium,re_engagement,false,33
1389,northeast,on_competitor,commercial,moderate,low,medium,re_engagement,false,103
1390,west,lapsed,medicare_medicaid,high,low,high,awareness,false,54
1391,southwest,on_competitor,commercial,high,moderate,low,research,false,111
1392,midwest,untreated,medicare_medicaid,low,low,high,awareness,false,113
1393,northeast,lapsed,cash_pay,high,high,medium,research,false,19
1394,midwest,on_competitor,commercial,moderate,moderate,medium,re_engagement,true,20
1395,northeast,untreated,medicare_medicaid,moderate,low,high,awareness,false,78
1396,northeast,untreated,commercial,low,moderate,medium,research,false,60
1397,northeast,untreated,other,high,high,medium,awareness,false,78
1398,northeast,on_competitor,cash_pay,high,moderate,low,re_engagement,false,31
1399,northeast,untreated,commercial,moderate,high,medium,awareness,false,17
1400,northeast,lapsed,cash_pay,low,high,medium,evaluation,false,1
1401,midwest,on_competitor,medicare_medicaid,moderate,moderate,low,research,false,69
1402,midwest,on_competitor,commercial,low,low,medium,awareness,false,48
1403,southeast,lapsed,medicare_medicaid,moderate,high,medium,re_engagement,false,37
1404,northeast,untreated,other,moderate,moderate,medium,re_engagement,false,107
1405,southeast,on_competitor,commercial,high,low,high,evaluation,false,81
1406,southeast,untreated,cash_pay,low,high,low,evaluation,false,63
1407,southeast,untreated,commercial,low,low,medium,research,false,77
1408,southwest,untreated,commercial,moderate,moderate,high,re_engagement,false,15
1409,northeast,lapsed,medicare_medicaid,moderate,moderate,high,evaluation,true,82
1410,west,on_competitor,medicare_medicaid,moderate,low,high,evaluation,false,85
1411,northeast,lapsed,commercial,moderate,moderate,low,research,true,58
1412,southeast,lapsed,cash_pay,high,low,low,research,true,58
1413,midwest,on_competitor,cash_pay,high,moderate,high,evaluation,false,96
1414,west,untreated,cash_pay,low,moderate,medium,evaluation,false,29
1415,southeast,untreated,other,high,moderate,medium,evaluation,false,25
1416,west,untreated,commercial,low,low,high,re_engagement,false,14
1417,southeast,untreated,medicare_medicaid,moderate,moderate,medium,awareness,false,9
1418,northeast,untreated,medicare_medicaid,low,moderate,low,evaluation,false,50
1419,southeast,untreated,cash_pay,moderate,low,high,research,false,41
1420,southeast,lapsed,commercial,moderate,moderate,low,research,false,28
1421,northeast,untreated,medicare_medicaid,high,high,low,awareness,false,107
1422,midwest,untreated,other,high,high,medium,research,false,115
1423,west,lapsed,cash_pay,low,low,low,research,false,119
1424,midwest,untreated,commercial,moderate,moderate,high,evaluation,false,74
1425,southwest,untreated,cash_pay,moderate,moderate,medium,evaluation,false,92
1426,west,untreated,other,low,high,low,evaluation,false,56
1427,southeast,untreated,other,high,moderate,medium,awareness,false,111
1428,northeast,on_competitor,commercial,low,moderate,low,re_engagement,true,76
1429,west,untreated,other,low,high,medium,research,false,42
1430,west,untreated,medicare_medicaid,moderate,low,high,research,false,78
1431,west,untreated,medicare_medicaid,moderate,high,low,research,true,24
1432,midwest,untreated,cash_pay,high,high,medium,research,true,11
1433,southeast,untreated,cash_pay,moderate,low,medium,research,false,23
1434,southeast,untreated,cash_pay,low,moderate,low,research,false,82
1435,southeast,on_competitor,cash_pay,moderate,high,medium,re_engagement,true,47
1436,northeast,untreated,other,high,moderate,medium,evaluation,false,47
1437,southwest,lapsed,commercial,moderate,high,low,research,false,116
1438,southeast,untreated,commercial,moderate,low,high,research,false,56
1439,northeast,untreated,medicare_medicaid,low,low,high,awareness,false,44
1440,midwest,on_competitor,commercial,high,high,low,research,false,58
1441,midwest,lapsed,commercial,moderate,high,medium,awareness,false,30
1442,midwest,lapsed,cash_pay,high,high,high,research,false,84
1443,west,on_competitor,commercial,moderate,moderate,medium,research,false,68
1444,west,on_competitor,medicare_medicaid,high,high,high,awareness,false,51
1445,northeast,untreated,commercial,high,moderate,medium,awareness,false,98
1446,west,untreated,commercial,low,high,low,re_engagement,false,73
1447,west,on_competitor,cash_pay,moderate,high,medium,awareness,false,6
1448,west,lapsed,medicare_medicaid,moderate,low,medium,evaluation,true,27
1449,southwest,untreated,other,moderate,high,low,awareness,false,1
1450,southeast,untreated,other,high,moderate,high,evaluation,false,42
1451,southwest,lapsed,cash_pay,high,low,low,awareness,false,85
1452,southwest,untreated,medicare_medicaid,moderate,low,medium,re_engagement,false,116
1453,west,untreated,commercial,moderate,moderate,high,evaluation,false,76
1454,west,untreated,commercial,moderate,high,medium,awareness,true,20
1455,midwest,lapsed,commercial,high,low,low,evaluation,false,50
1456,southeast,untreated,cash_pay,high,low,medium,re_engagement,true,11
1457,midwest,on_competitor,commercial,low,moderate,low,awareness,false,23
1458,west,untreated,commercial,moderate,moderate,medium,research,false,84
1459,west,lapsed,commercial,high,moderate,medium,re_engagement,false,32
1460,southeast,lapsed,commercial,moderate,moderate,low,awareness,true,23
1461,southeast,on_competitor,cash_pay,high,moderate,high,research,false,20
1462,southwest,untreated,commercial,moderate,moderate,medium,research,true,119
1463,northeast,untreated,other,moderate,high,low,awareness,false,72
1464,northeast,untreated,medicare_medicaid,moderate,high,medium,re_engagement,false,82
1465,west,untreated,commercial,low,high,medium,awareness,false,81
1466,southwest,untreated,commercial,moderate,moderate,low,evaluation,true,49
1467,southwest,lapsed,commercial,high,low,low,research,false,69
1468,southwest,lapsed,commercial,moderate,high,medium,re_engagement,false,57
1469,southeast,untreated,commercial,high,moderate,medium,awareness,true,24
1470,southwest,on_competitor,cash_pay,moderate,moderate,medium,re_engagement,false,47
1471,northeast,on_competitor,commercial,high,moderate,medium,evaluation,false,79
1472,northeast,untreated,commercial,low,moderate,high,research,false,3
1473,southeast,on_competitor,medicare_medicaid,high,moderate,medium,awareness,false,100
1474,northeast,lapsed,commercial,high,moderate,high,research,false,97
1475,west,on_competitor,cash_pay,moderate,low,low,awareness,false,6
1476,northeast,untreated,other,high,moderate,high,awareness,true,79
1477,midwest,lapsed,cash_pay,moderate,moderate,low,awareness,false,115
1478,northeast,lapsed,commercial,low,moderate,medium,evaluation,false,35
1479,southwest,on_competitor,other,moderate,high,medium,evaluation,true,48
1480,midwest,untreated,cash_pay,moderate,low,medium,research,false,57
1481,southwest,lapsed,other,moderate,low,high,re_engagement,true,17
1482,west,on_competitor,other,high,low,high,awareness,false,37
1483,southwest,on_competitor,commercial,moderate,low,low,re_engagement,false,21
1484,southeast,untreated,medicare_medicaid,low,low,low,awareness,true,83
1485,southeast,untreated,medicare_medicaid,moderate,high,medium,evaluation,false,10
1486,northeast,untreated,cash_pay,low,high,medium,awareness,true,60
1487,northeast,untreated,medicare_medicaid,moderate,moderate,high,evaluation,false,52
1488,northeast,on_competitor,commercial,high,high,low,awareness,false,85
1489,west,untreated,commercial,moderate,high,high,evaluation,true,9
1490,northeast,untreated,medicare_medicaid,high,high,low,evaluation,false,43
1491,midwest,lapsed,commercial,moderate,low,medium,re_engagement,false,13
1492,northeast,on_competitor,commercial,low,low,low,evaluation,true,55
1493,northeast,on_competitor,commercial,high,moderate,medium,research,true,63
1494,northeast,on_competitor,commercial,moderate,low,low,awareness,true,22
1495,southeast,lapsed,cash_pay,moderate,high,low,evaluation,true,108
1496,southwest,untreated,commercial,moderate,moderate,medium,research,false,54
1497,southeast,untreated,commercial,high,low,medium,awareness,true,7
1498,southeast,untreated,cash_pay,moderate,low,low,evaluation,false,1
1499,west,lapsed,commercial,moderate,low,medium,research,false,72
1500,west,untreated,medicare_medicaid,moderate,moderate,medium,evaluation,false,95
1501,midwest,untreated,commercial,high,moderate,medium,re_engagement,false,51
1502,southwest,untreated,medicare_medicaid,high,low,medium,awareness,true,40
1503,southwest,untreated,commercial,high,moderate,high,re_engagement,true,23
1504,northeast,untreated,medicare_medicaid,high,high,medium,awareness,false,109
1505,northeast,on_competitor,medicare_medicaid,moderate,moderate,high,awareness,false,7
1506,northeast,untreated,other,moderate,moderate,low,research,false,27
1507,northeast,untreated,commercial,high,moderate,medium,research,true,16
1508,southeast,on_competitor,commercial,moderate,high,medium,research,true,47
1509,northeast,untreated,commercial,high,low,medium,re_engagement,false,100
1510,southeast,untreated,cash_pay,moderate,low,high,evaluation,false,116
1511,midwest,untreated,commercial,low,moderate,medium,awareness,false,12
1512,northeast,untreated,commercial,moderate,moderate,high,re_engagement,false,8
1513,west,untreated,cash_pay,high,high,high,awareness,false,81
1514,southeast,untreated,medicare_medicaid,moderate,low,high,research,false,113
1515,west,on_competitor,medicare_medicaid,low,moderate,low,evaluation,false,24
1516,midwest,on_competitor,commercial,high,moderate,high,awareness,true,37
1517,west,untreated,cash_pay,high,moderate,high,awareness,false,71
1518,southeast,untreated,commercial,low,moderate,low,research,false,75
1519,southwest,untreated,commercial,low,moderate,medium,awareness,false,70
1520,southeast,untreated,commercial,high,moderate,high,evaluation,false,96
1521,southwest,on_competitor,commercial,moderate,high,low,awareness,true,66
1522,west,untreated,commercial,high,moderate,low,research,true,51
1523,midwest,on_competitor,medicare_medicaid,moderate,high,high,evaluation,false,14
1524,southwest,on_competitor,commercial,high,moderate,low,evaluation,false,61
1525,northeast,untreated,commercial,high,low,medium,awareness,false,85
1526,midwest,untreated,commercial,high,moderate,medium,awareness,true,4
1527,midwest,untreated,commercial,moderate,moderate,medium,re_engagement,true,27
1528,northeast,untreated,medicare_medicaid,moderate,high,medium,research,false,96
1529,southeast,on_competitor,commercial,high,high,low,awareness,false,83
1530,west,on_competitor,commercial,high,moderate,low,re_engagement,true,97
1531,west,on_competitor,cash_pay,moderate,low,high,research,true,80
1532,southwest,untreated,cash_pay,high,high,low,evaluation,false,26
1533,west,untreated,cash_pay,moderate,moderate,high,re_engagement,false,76
1534,southwest,untreated,cash_pay,high,moderate,high,evaluation,false,109
1535,southeast,untreated,commercial,moderate,moderate,high,awareness,false,82
1536,southeast,untreated,cash_pay,high,moderate,low,evaluation,false,38
1537,midwest,untreated,other,low,low,low,evaluation,false,101
1538,southwest,untreated,medicare_medicaid,high,high,low,re_engagement,false,71
1539,northeast,untreated,medicare_medicaid,high,moderate,low,research,false,4
1540,west,untreated,commercial,low,moderate,low,awareness,false,35
1541,west,on_competitor,commercial,high,moderate,high,awareness,false,103
1542,west,untreated,cash_pay,low,moderate,high,research,false,108
1543,southeast,on_competitor,commercial,high,low,medium,research,false,92
1544,northeast,on_competitor,cash_pay,high,high,medium,research,false,37
1545,west,untreated,other,moderate,moderate,high,awareness,false,17
1546,southeast,untreated,medicare_medicaid,moderate,low,low,awareness,false,110
1547,northeast,lapsed,commercial,moderate,moderate,high,research,false,101
1548,west,untreated,commercial,moderate,high,medium,awareness,true,0
1549,midwest,untreated,other,moderate,moderate,high,research,false,107
1550,midwest,on_competitor,commercial,moderate,moderate,medium,evaluation,false,13
1551,west,untreated,commercial,moderate,low,medium,re_engagement,false,102
1552,northeast,untreated,commercial,low,high,medium,evaluation,false,12
1553,northeast,lapsed,commercial,high,high,high,evaluation,true,57
1554,southeast,lapsed,commercial,moderate,moderate,medium,research,true,54
1555,southwest,on_competitor,medicare_medicaid,moderate,moderate,high,research,false,32
1556,southwest,on_competitor,commercial,moderate,high,medium,evaluation,false,87
1557,northeast,untreated,commercial,moderate,low,medium,research,true,92
1558,midwest,lapsed,commercial,high,moderate,medium,research,false,70
1559,west,on_competitor,commercial,moderate,high,low,re_engagement,false,119
1560,northeast,untreated,commercial,high,moderate,high,research,false,32
1561,west,on_competitor,medicare_medicaid,low,moderate,low,awareness,false,14
1562,southwest,on_competitor,commercial,moderate,high,medium,evaluation,false,22
1563,northeast,on_competitor,commercial,high,moderate,high,awareness,false,89
1564,northeast,lapsed,commercial,high,low,medium,awareness,false,101
1565,northeast,on_competitor,medicare_medicaid,moderate,moderate,low,research,false,71
1566,northeast,on_competitor,commercial,low,moderate,medium,research,false,118
1567,northeast,lapsed,commercial,moderate,moderate,medium,re_engagement,false,33
1568,southwest,untreated,medicare_medicaid,moderate,high,low,awareness,false,95
1569,northeast,on_competitor,commercial,moderate,high,medium,research,true,112
1570,southeast,lapsed,commercial,moderate,high,medium,research,true,22
1571,midwest,untreated,medicare_medicaid,low,high,low,research,false,8
1572,southwest,untreated,commercial,high,moderate,medium,evaluation,false,105
1573,northeast,untreated,medicare_medicaid,low,low,low,evaluation,false,50
1574,west,untreated,commercial,low,moderate,high,research,false,111
1575,northeast,on_competitor,medicare_medicaid,high,low,medium,awareness,true,10
1576,west,on_competitor,cash_pay,high,moderate,low,evaluation,false,43
1577,midwest,untreated,commercial,high,low,medium,research,false,88
1578,midwest,on_competitor,medicare_medicaid,moderate,low,low,awareness,false,43
1579,midwest,on_competitor,commercial,moderate,low,high,research,false,118
1580,southwest,lapsed,medicare_medicaid,high,moderate,high,research,false,33
1581,west,on_competitor,commercial,moderate,low,high,evaluation,true,87
1582,midwest,untreated,commercial,moderate,moderate,low,evaluation,false,81
1583,midwest,untreated,medicare_medicaid,high,low,high,research,false,91
1584,midwest,untreated,medicare_medicaid,high,moderate,low,re_engagement,false,50
1585,northeast,untreated,other,low,moderate,high,research,false,72
1586,southeast,untreated,other,moderate,moderate,low,research,false,17
1587,southeast,untreated,cash_pay,high,low,low,research,false,100
1588,west,untreated,medicare_medicaid,high,moderate,low,awareness,false,92
1589,southeast,untreated,commercial,moderate,moderate,low,research,false,19
1590,midwest,untreated,cash_pay,high,low,medium,research,true,20
1591,west,untreated,other,high,moderate,low,evaluation,false,58
1592,southwest,on_competitor,other,high,high,medium,research,false,108
1593,northeast,untreated,commercial,high,moderate,medium,evaluation,false,78
1594,northeast,on_competitor,cash_pay,high,moderate,medium,re_engagement,false,2
1595,midwest,untreated,cash_pay,moderate,moderate,medium,research,false,48
1596,southeast,untreated,commercial,high,moderate,medium,re_engagement,false,112
1597,northeast,untreated,other,high,moderate,medium,evaluation,false,44
1598,northeast,untreated,medicare_medicaid,moderate,moderate,medium,research,false,116
1599,midwest,lapsed,commercial,low,moderate,medium,evaluation,false,48
1600,west,untreated,commercial,low,high,medium,awareness,true,119
1601,northeast,untreated,commercial,moderate,low,low,research,true,8
1602,northeast,untreated,commercial,moderate,low,high,re_engagement,true,70
1603,southeast,untreated,commercial,high,low,medium,awareness,false,34
1604,northeast,lapsed,commercial,moderate,low,medium,awareness,false,31
1605,southeast,on_competitor,commercial,high,low,medium,re_engagement,false,21
1606,northeast,untreated,commercial,low,low,medium,awareness,false,22
1607,west,on_competitor,commercial,moderate,high,high,awareness,false,67
1608,west,on_competitor,commercial,moderate,moderate,medium,re_engagement,false,45
1609,midwest,on_competitor,cash_pay,moderate,high,high,awareness,false,16
1610,northeast,lapsed,medicare_medicaid,high,moderate,medium,research,false,47
1611,midwest,untreated,cash_pay,high,low,high,research,false,97
1612,west,on_competitor,commercial,high,high,low,research,false,59
1613,southeast,on_competitor,commercial,high,low,low,awareness,false,12
1614,northeast,untreated,medicare_medicaid,moderate,moderate,medium,research,false,65
1615,northeast,on_competitor,other,low,high,medium,awareness,false,1
1616,northeast,lapsed,cash_pay,high,high,low,research,true,51
1617,midwest,untreated,commercial,high,moderate,high,research,false,97
1618,west,untreated,commercial,moderate,moderate,medium,awareness,false,119
1619,southeast,lapsed,cash_pay,moderate,moderate,low,evaluation,true,78
1620,southeast,untreated,commercial,high,low,low,research,false,105
1621,southeast,lapsed,medicare_medicaid,low,high,high,awareness,true,93
1622,northeast,untreated,medicare_medicaid,low,low,medium,awareness,false,115
1623,west,untreated,commercial,moderate,low,medium,research,false,94
1624,west,untreated,medicare_medicaid,moderate,low,medium,evaluation,false,99
1625,northeast,lapsed,commercial,moderate,moderate,medium,research,false,51
1626,midwest,untreated,cash_pay,high,low,medium,evaluation,true,31
1627,northeast,untreated,commercial,moderate,moderate,medium,research,false,10
1628,midwest,untreated,other,moderate,low,high,awareness,false,55
1629,midwest,untreated,commercial,low,high,low,re_engagement,false,50
1630,southeast,on_competitor,cash_pay,high,moderate,low,awareness,false,48
1631,northeast,lapsed,commercial,moderate,high,medium,re_engagement,false,101
1632,west,lapsed,other,high,high,low,re_engagement,false,87
1633,west,lapsed,medicare_medicaid,high,high,medium,awareness,false,10
1634,midwest,lapsed,cash_pay,high,high,medium,re_engagement,true,75
1635,west,untreated,commercial,moderate,high,medium,evaluation,true,99
1636,northeast,on_competitor,medicare_medicaid,moderate,high,high,evaluation,false,103
1637,southwest,untreated,commercial,moderate,low,medium,re_engagement,false,108
1638,southeast,untreated,commercial,high,high,low,research,true,13
1639,northeast,lapsed,cash_pay,high,moderate,medium,awareness,false,52
1640,west,untreated,other,moderate,moderate,high,awareness,false,4
1641,southeast,untreated,commercial,high,low,high,research,false,59
1642,southeast,on_competitor,cash_pay,high,high,medium,re_engagement,false,40
1643,west,lapsed,cash_pay,high,low,low,awareness,true,112
1644,northeast,lapsed,other,high,moderate,high,re_engagement,false,53
1645,northeast,untreated,commercial,high,moderate,medium,awareness,false,64
1646,northeast,untreated,medicare_medicaid,low,moderate,low,research,false,75
1647,midwest,on_competitor,medicare_medicaid,low,low,medium,evaluation,false,68
1648,midwest,lapsed,commercial,high,moderate,high,awareness,false,53
1649,southwest,lapsed,medicare_medicaid,high,moderate,medium,research,false,83
1650,west,lapsed,medicare_medicaid,moderate,moderate,low,awareness,false,105
1651,southeast,untreated,medicare_medicaid,low,low,low,evaluation,false,53
1652,southwest,untreated,cash_pay,moderate,low,high,evaluation,false,74
1653,west,untreated,commercial,high,high,high,research,false,69
1654,northeast,on_competitor,medicare_medicaid,high,high,medium,awareness,false,93
1655,west,untreated,medicare_medicaid,moderate,low,low,awareness,true,119
1656,southwest,untreated,medicare_medicaid,moderate,high,low,awareness,false,30
1657,west,untreated,cash_pay,high,high,high,awareness,false,106
1658,midwest,on_competitor,commercial,moderate,moderate,low,evaluation,false,49
1659,midwest,lapsed,commercial,high,low,high,evaluation,true,8
1660,southeast,untreated,medicare_medicaid,moderate,high,high,evaluation,false,43
1661,west,lapsed,medicare_medicaid,low,low,medium,awareness,false,61
1662,west,on_competitor,commercial,low,high,medium,re_engagement,false,98
1663,southeast,untreated,commercial,low,high,low,research,true,85
1664,west,lapsed,commercial,low,low,high,awareness,false,76
1665,west,on_competitor,medicare_medicaid,moderate,moderate,medium,evaluation,true,103
1666,west,untreated,commercial,high,low,low,evaluation,true,38
1667,southwest,on_competitor,medicare_medicaid,low,low,low,evaluation,false,67
1668,midwest,untreated,cash_pay,moderate,high,low,awareness,true,17
1669,midwest,lapsed,cash_pay,high,high,low,awareness,false,23
1670,midwest,on_competitor,commercial,high,moderate,high,evaluation,false,10
1671,midwest,lapsed,medicare_medicaid,moderate,moderate,medium,awareness,false,96
1672,southeast,lapsed,cash_pay,high,moderate,medium,awareness,true,120
1673,northeast,on_competitor,medicare_medicaid,moderate,moderate,medium,awareness,false,71
1674,southeast,lapsed,commercial,high,low,medium,awareness,false,60
1675,west,untreated,commercial,low,low,medium,re_engagement,true,66
1676,midwest,lapsed,cash_pay,low,moderate,low,research,false,49
1677,midwest,untreated,commercial,moderate,moderate,high,awareness,false,109
1678,west,lapsed,commercial,moderate,high,low,research,false,88
1679,northeast,untreated,medicare_medicaid,high,moderate,low,awareness,false,95
1680,northeast,untreated,commercial,low,moderate,low,awareness,true,14
1681,northeast,lapsed,commercial,high,high,medium,evaluation,false,41
1682,southeast,lapsed,medicare_medicaid,high,moderate,high,awareness,false,24
1683,west,lapsed,medicare_medicaid,moderate,low,medium,awareness,false,20
1684,southwest,untreated,commercial,moderate,moderate,medium,re_engagement,true,35
1685,west,untreated,medicare_medicaid,moderate,high,medium,awareness,false,25
1686,southeast,on_competitor,medicare_medicaid,moderate,high,low,re_engagement,true,30
1687,southeast,on_competitor,other,moderate,moderate,low,awareness,false,32
1688,southeast,on_competitor,medicare_medicaid,moderate,moderate,low,research,false,30
1689,southeast,lapsed,commercial,low,low,high,research,false,117
1690,midwest,untreated,medicare_medicaid,high,high,high,evaluation,false,43
1691,northeast,untreated,commercial,high,low,low,evaluation,false,80
1692,west,untreated,medicare_medicaid,moderate,high,medium,awareness,false,5
1693,southeast,lapsed,cash_pay,moderate,moderate,medium,research,false,13
1694,northeast,on_competitor,commercial,high,moderate,medium,evaluation,true,70
1695,northeast,untreated,cash_pay,high,high,low,re_engagement,false,35
1696,southwest,on_competitor,other,high,low,medium,awareness,false,76
1697,midwest,on_competitor,cash_pay,high,moderate,medium,evaluation,false,0
1698,midwest,lapsed,other,moderate,low,low,research,false,73
1699,southeast,untreated,commercial,high,moderate,medium,awareness,true,80
1700,west,on_competitor,commercial,low,high,low,awareness,false,25
1701,midwest,untreated,medicare_medicaid,high,high,low,re_engagement,true,80
1702,west,on_competitor,cash_pay,moderate,moderate,high,awareness,false,21
1703,midwest,untreated,medicare_medicaid,low,high,high,awareness,true,13
1704,west,untreated,commercial,moderate,moderate,high,research,false,75
1705,southwest,lapsed,other,low,high,high,research,false,57
1706,midwest,untreated,cash_pay,high,high,low,evaluation,false,2
1707,southeast,untreated,cash_pay,moderate,high,medium,evaluation,true,6
1708,west,untreated,other,high,moderate,high,research,false,17
1709,northeast,untreated,cash_pay,moderate,high,low,evaluation,false,9
1710,midwest,untreated,commercial,moderate,high,medium,awareness,true,54
1711,west,untreated,commercial,moderate,moderate,low,awareness,false,54
1712,midwest,on_competitor,cash_pay,high,high,low,evaluation,true,97
1713,northeast,untreated,medicare_medicaid,high,low,low,awareness,false,103
1714,northeast,on_competitor,medicare_medicaid,moderate,low,medium,re_engagement,false,7
1715,west,on_competitor,medicare_medicaid,moderate,low,medium,evaluation,false,64
1716,west,on_competitor,commercial,high,low,medium,research,false,62
1717,west,on_competitor,commercial,low,moderate,medium,awareness,false,5
1718,midwest,untreated,commercial,high,moderate,high,research,false,11
1719,midwest,untreated,medicare_medicaid,moderate,moderate,low,awareness,false,29
1720,southeast,lapsed,commercial,high,high,medium,evaluation,false,5
1721,northeast,on_competitor,commercial,moderate,low,medium,research,false,2
1722,west,on_competitor,other,low,moderate,low,awareness,false,118
1723,southeast,untreated,cash_pay,high,moderate,medium,awareness,false,33
1724,west,lapsed,medicare_medicaid,moderate,low,low,awareness,false,24
1725,northeast,on_competitor,commercial,high,high,medium,research,false,21
1726,west,on_competitor,medicare_medicaid,high,moderate,low,re_engagement,false,16
1727,west,untreated,medicare_medicaid,high,moderate,high,awareness,false,105
1728,southwest,untreated,medicare_medicaid,high,low,medium,awareness,false,23
1729,northeast,untreated,medicare_medicaid,high,moderate,low,re_engagement,false,2
1730,midwest,on_competitor,commercial,moderate,low,medium,re_engagement,false,117
1731,west,lapsed,cash_pay,high,moderate,medium,awareness,false,42
1732,northeast,on_competitor,medicare_medicaid,moderate,moderate,medium,awareness,false,109
1733,northeast,untreated,commercial,low,low,low,research,false,113
1734,southeast,on_competitor,commercial,high,high,low,research,false,92
1735,northeast,lapsed,commercial,low,high,low,evaluation,false,17
1736,southeast,untreated,commercial,low,low,medium,re_engagement,false,78
1737,midwest,on_competitor,other,low,high,high,evaluation,false,92
1738,southwest,lapsed,commercial,high,low,high,awareness,true,99
1739,midwest,untreated,cash_pay,moderate,high,medium,awareness,false,63
1740,southeast,untreated,other,high,moderate,medium,awareness,false,27
1741,midwest,untreated,commercial,low,high,medium,evaluation,false,81
1742,southeast,on_competitor,medicare_medicaid,high,moderate,medium,evaluation,false,96
1743,northeast,lapsed,cash_pay,high,high,medium,awareness,false,35
1744,southeast,untreated,commercial,low,moderate,high,awareness,false,52
1745,northeast,lapsed,commercial,high,low,low,re_engagement,false,101
1746,midwest,on_competitor,commercial,moderate,moderate,high,re_engagement,false,111
1747,midwest,lapsed,commercial,moderate,low,low,re_engagement,true,19
1748,northeast,on_competitor,other,high,low,high,awareness,false,6
1749,midwest,lapsed,commercial,moderate,moderate,high,research,false,115
1750,northeast,untreated,medicare_medicaid,high,moderate,low,awareness,false,0
1751,southwest,on_competitor,cash_pay,high,high,high,re_engagement,false,67
1752,northeast,untreated,commercial,high,moderate,low,evaluation,false,88
1753,west,untreated,medicare_medicaid,low,moderate,low,awareness,false,119
1754,southwest,untreated,other,moderate,high,high,evaluation,false,80
1755,midwest,untreated,cash_pay,low,moderate,high,evaluation,false,95
1756,west,on_competitor,other,moderate,low,low,research,false,49
1757,midwest,on_competitor,commercial,moderate,moderate,high,re_engagement,false,101
1758,northeast,lapsed,commercial,high,high,high,evaluation,false,18
1759,southeast,on_competitor,medicare_medicaid,low,high,medium,awareness,false,19
1760,northeast,untreated,cash_pay,low,high,medium,evaluation,false,120
1761,northeast,lapsed,medicare_medicaid,high,moderate,high,evaluation,false,66
1762,southwest,untreated,cash_pay,low,low,high,re_engagement,false,113
1763,southwest,on_competitor,other,moderate,moderate,low,evaluation,false,51
1764,southeast,on_competitor,medicare_medicaid,moderate,high,high,research,false,52
1765,southwest,on_competitor,commercial,moderate,low,low,evaluation,false,98
1766,midwest,untreated,medicare_medicaid,low,low,low,awareness,false,69
1767,midwest,untreated,cash_pay,low,moderate,high,evaluation,false,21
1768,northeast,untreated,commercial,low,moderate,medium,re_engagement,true,7
1769,southwest,untreated,commercial,high,high,low,research,false,105
1770,northeast,lapsed,commercial,moderate,moderate,low,awareness,false,109
1771,northeast,on_competitor,commercial,high,moderate,low,research,false,52
1772,northeast,on_competitor,commercial,moderate,moderate,high,research,false,50
1773,west,untreated,medicare_medicaid,high,moderate,high,evaluation,false,44
1774,west,untreated,cash_pay,moderate,moderate,medium,research,true,20
1775,southwest,on_competitor,commercial,moderate,high,high,evaluation,false,24
1776,midwest,untreated,commercial,high,low,medium,re_engagement,true,117
1777,northeast,lapsed,medicare_medicaid,high,high,high,re_engagement,true,13
1778,northeast,untreated,commercial,high,moderate,high,re_engagement,false,59
1779,midwest,untreated,commercial,high,high,low,evaluation,false,33
1780,west,on_competitor,commercial,moderate,high,high,awareness,true,104
1781,southeast,untreated,other,high,high,low,awareness,false,13
1782,southwest,lapsed,cash_pay,moderate,moderate,high,awareness,false,81
1783,midwest,untreated,cash_pay,moderate,high,medium,awareness,false,53
1784,midwest,untreated,cash_pay,moderate,moderate,medium,awareness,false,105
1785,west,untreated,commercial,high,moderate,medium,re_engagement,false,43
1786,west,untreated,other,high,low,medium,evaluation,false,87
1787,northeast,lapsed,medicare_medicaid,high,low,medium,re_engagement,false,103
1788,west,untreated,commercial,high,moderate,low,evaluation,true,80
1789,west,untreated,commercial,moderate,low,medium,evaluation,false,57
1790,west,lapsed,commercial,high,high,medium,re_engagement,true,73
1791,midwest,untreated,other,moderate,low,medium,research,false,30
1792,midwest,untreated,commercial,moderate,high,low,re_engagement,true,42
1793,southwest,on_competitor,medicare_medicaid,high,low,medium,evaluation,false,32
1794,southeast,untreated,commercial,low,moderate,medium,research,false,82
1795,southeast,untreated,medicare_medicaid,moderate,low,high,awareness,false,11
1796,northeast,untreated,other,moderate,moderate,low,evaluation,false,3
1797,midwest,lapsed,commercial,high,moderate,medium,evaluation,false,78
1798,southeast,on_competitor,commercial,moderate,low,medium,evaluation,true,106
1799,midwest,untreated,commercial,low,high,medium,awareness,false,51
1800,west,on_competitor,cash_pay,high,moderate,high,evaluation,false,96
1801,southeast,lapsed,medicare_medicaid,moderate,moderate,low,awareness,false,69
1802,west,untreated,cash_pay,high,high,medium,research,false,17
1803,west,untreated,commercial,moderate,moderate,low,research,false,34
1804,west,on_competitor,commercial,low,moderate,high,research,true,51
1805,northeast,untreated,medicare_medicaid,high,moderate,medium,re_engagement,false,116
1806,southeast,lapsed,other,high,low,low,evaluation,false,77
1807,southeast,on_competitor,commercial,low,moderate,medium,research,false,82
1808,southeast,untreated,commercial,low,moderate,medium,evaluation,false,36
1809,northeast,lapsed,commercial,moderate,high,medium,research,false,118
1810,southwest,lapsed,medicare_medicaid,high,high,high,awareness,false,101
1811,west,untreated,commercial,high,moderate,medium,awareness,false,13
1812,northeast,untreated,medicare_medicaid,high,moderate,medium,re_engagement,true,102
1813,west,untreated,commercial,low,high,high,evaluation,false,13
1814,west,untreated,commercial,moderate,high,medium,research,false,89
1815,midwest,on_competitor,commercial,moderate,high,medium,awareness,true,108
1816,midwest,untreated,cash_pay,moderate,low,high,research,false,99
1817,northeast,untreated,commercial,moderate,moderate,high,research,false,38
1818,northeast,lapsed,cash_pay,moderate,low,high,awareness,false,93
1819,southwest,on_competitor,cash_pay,high,moderate,medium,awareness,true,78
1820,southwest,lapsed,cash_pay,moderate,moderate,low,evaluation,false,5
1821,southeast,untreated,medicare_medicaid,moderate,low,low,awareness,false,105
1822,west,lapsed,cash_pay,low,high,low,awareness,true,26
1823,southeast,on_competitor,cash_pay,moderate,moderate,low,research,false,49
1824,southwest,on_competitor,medicare_medicaid,moderate,low,high,awareness,false,81
1825,west,on_competitor,commercial,moderate,moderate,low,evaluation,false,90
1826,southeast,untreated,commercial,low,moderate,high,awareness,false,104
1827,northeast,untreated,cash_pay,high,moderate,high,evaluation,false,79
1828,southeast,untreated,commercial,high,high,low,awareness,false,59
1829,midwest,untreated,cash_pay,moderate,moderate,medium,awareness,true,44
1830,southeast,untreated,cash_pay,high,moderate,medium,research,false,120
1831,northeast,untreated,commercial,low,low,medium,research,false,30
1832,southeast,on_competitor,medicare_medicaid,high,moderate,low,research,true,87
1833,southeast,untreated,cash_pay,high,moderate,medium,awareness,false,3
1834,northeast,untreated,medicare_medicaid,moderate,moderate,medium,re_engagement,false,93
1835,southeast,untreated,cash_pay,high,moderate,medium,awareness,false,41
1836,west,on_competitor,commercial,moderate,low,low,research,false,53
1837,west,untreated,medicare_medicaid,moderate,moderate,low,research,false,2
1838,southeast,on_competitor,commercial,low,low,medium,evaluation,true,57
1839,west,on_competitor,medicare_medicaid,high,moderate,medium,awareness,false,85
1840,midwest,lapsed,medicare_medicaid,moderate,high,medium,re_engagement,false,74
1841,southwest,lapsed,medicare_medicaid,high,high,medium,re_engagement,true,46
1842,west,untreated,cash_pay,moderate,high,high,awareness,false,77
1843,west,lapsed,medicare_medicaid,moderate,low,medium,evaluation,false,92
1844,southeast,on_competitor,medicare_medicaid,high,moderate,medium,awareness,false,96
1845,west,on_competitor,commercial,high,low,low,research,true,73
1846,midwest,lapsed,commercial,high,low,low,awareness,false,115
1847,northeast,lapsed,cash_pay,moderate,high,high,re_engagement,false,84
1848,southeast,untreated,medicare_medicaid,moderate,moderate,low,research,true,0
1849,southwest,on_competitor,commercial,moderate,moderate,medium,awareness,false,81
1850,northeast,untreated,commercial,high,moderate,medium,research,false,84
1851,northeast,untreated,cash_pay,moderate,high,medium,awareness,false,5
1852,west,untreated,medicare_medicaid,moderate,moderate,high,evaluation,false,25
1853,west,lapsed,commercial,high,high,medium,awareness,true,22
1854,southwest,untreated,cash_pay,moderate,high,high,awareness,true,36
1855,midwest,untreated,commercial,moderate,low,high,research,false,17
1856,southeast,untreated,commercial,low,moderate,medium,research,false,92
1857,west,untreated,cash_pay,moderate,high,high,evaluation,false,44
1858,west,untreated,medicare_medicaid,high,high,high,awareness,false,54
1859,midwest,lapsed,medicare_medicaid,moderate,low,low,evaluation,false,9
1860,west,lapsed,commercial,low,low,medium,research,true,29
1861,southeast,on_competitor,commercial,moderate,moderate,medium,awareness,false,75
1862,northeast,untreated,commercial,high,moderate,high,research,false,110
1863,southwest,untreated,medicare_medicaid,high,moderate,high,awareness,true,2
1864,southwest,on_competitor,commercial,moderate,low,medium,research,false,39
1865,southeast,on_competitor,medicare_medicaid,moderate,moderate,low,evaluation,false,32
1866,northeast,untreated,cash_pay,high,moderate,low,research,false,102
1867,northeast,on_competitor,commercial,low,moderate,medium,awareness,false,35
1868,northeast,on_competitor,commercial,moderate,moderate,medium,evaluation,false,57
1869,midwest,untreated,cash_pay,high,moderate,low,awareness,false,52
1870,southeast,untreated,medicare_medicaid,high,high,low,re_engagement,false,67
1871,midwest,lapsed,commercial,moderate,high,low,awareness,false,44
1872,midwest,on_competitor,commercial,moderate,moderate,low,awareness,true,0
1873,southwest,untreated,cash_pay,moderate,moderate,low,evaluation,false,118
1874,southeast,untreated,commercial,low,high,medium,research,false,89
1875,northeast,lapsed,commercial,high,moderate,low,re_engagement,false,3
1876,west,on_competitor,commercial,moderate,moderate,low,awareness,true,83
1877,northeast,untreated,cash_pay,moderate,low,medium,evaluation,false,89
1878,northeast,untreated,commercial,low,high,high,awareness,false,64
1879,midwest,untreated,medicare_medicaid,moderate,moderate,high,evaluation,false,63
1880,west,on_competitor,commercial,moderate,moderate,high,research,false,37
1881,southwest,untreated,other,high,moderate,high,research,false,31
1882,northeast,untreated,commercial,high,moderate,high,evaluation,false,74
1883,northeast,on_competitor,medicare_medicaid,low,high,high,awareness,false,108
1884,west,lapsed,commercial,moderate,moderate,high,research,true,11
1885,west,untreated,medicare_medicaid,moderate,moderate,medium,awareness,false,115
1886,southwest,lapsed,cash_pay,high,moderate,high,research,false,113
1887,midwest,lapsed,other,low,high,medium,awareness,false,64
1888,southwest,on_competitor,other,moderate,low,high,re_engagement,false,114
1889,midwest,untreated,commercial,high,low,high,research,false,29
1890,southeast,on_competitor,medicare_medicaid,moderate,high,low,evaluation,false,5
1891,southeast,untreated,medicare_medicaid,low,high,low,research,false,51
1892,west,untreated,commercial,high,low,medium,research,false,76
1893,midwest,on_competitor,medicare_medicaid,moderate,low,medium,re_engagement,false,61
1894,northeast,on_competitor,commercial,high,moderate,low,evaluation,false,54
1895,southeast,untreated,medicare_medicaid,moderate,high,medium,evaluation,false,70
1896,southeast,on_competitor,commercial,high,low,medium,evaluation,false,82
1897,southeast,untreated,commercial,moderate,moderate,medium,evaluation,false,69
1898,southeast,untreated,medicare_medicaid,high,moderate,medium,awareness,true,71
1899,southeast,untreated,commercial,low,moderate,low,evaluation,false,69
1900,midwest,untreated,medicare_medicaid,moderate,high,medium,research,false,78
1901,southeast,untreated,other,moderate,high,high,research,false,8
1902,midwest,untreated,commercial,high,high,high,research,false,92
1903,west,untreated,other,moderate,high,high,awareness,false,29
1904,west,untreated,other,high,low,low,awareness,false,12
1905,west,untreated,cash_pay,low,moderate,high,evaluation,false,33
1906,northeast,untreated,commercial,high,high,low,awareness,false,51
1907,midwest,lapsed,cash_pay,low,low,low,research,false,76
1908,west,on_competitor,medicare_medicaid,moderate,low,medium,re_engagement,false,70
1909,southeast,untreated,medicare_medicaid,moderate,low,low,awareness,false,23
1910,midwest,lapsed,other,moderate,moderate,medium,evaluation,false,74
1911,midwest,untreated,medicare_medicaid,low,moderate,medium,re_engagement,true,43
1912,southwest,on_competitor,cash_pay,high,high,low,research,true,108
1913,midwest,on_competitor,commercial,moderate,moderate,medium,research,true,10
1914,west,untreated,commercial,moderate,low,medium,research,false,31
1915,west,untreated,commercial,moderate,high,medium,awareness,false,6
1916,west,untreated,medicare_medicaid,low,moderate,high,awareness,true,117
1917,southeast,untreated,cash_pay,moderate,moderate,medium,research,false,6
1918,southeast,untreated,commercial,low,low,medium,re_engagement,false,56
1919,southwest,untreated,medicare_medicaid,moderate,moderate,medium,awareness,false,103
1920,southeast,on_competitor,commercial,moderate,high,medium,research,true,81
1921,southeast,untreated,cash_pay,high,moderate,medium,research,false,6
1922,southwest,untreated,medicare_medicaid,low,high,low,awareness,false,57
1923,southwest,untreated,medicare_medicaid,moderate,moderate,high,research,false,13
1924,southeast,untreated,other,high,low,high,evaluation,false,102
1925,southeast,untreated,commercial,moderate,low,low,research,false,50
1926,midwest,untreated,medicare_medicaid,high,high,medium,re_engagement,false,119
1927,northeast,on_competitor,cash_pay,moderate,low,medium,awareness,true,103
1928,northeast,untreated,commercial,high,high,low,evaluation,false,43
1929,southeast,untreated,medicare_medicaid,moderate,low,low,research,false,81
1930,southwest,untreated,other,high,high,medium,evaluation,false,41
1931,southeast,lapsed,cash_pay,low,high,medium,research,false,47
1932,midwest,untreated,cash_pay,low,low,low,awareness,true,119
1933,southeast,on_competitor,cash_pay,moderate,moderate,high,evaluation,false,104
1934,midwest,lapsed,other,moderate,high,medium,evaluation,false,21
1935,northeast,untreated,cash_pay,moderate,moderate,low,awareness,false,91
1936,midwest,untreated,cash_pay,high,low,high,evaluation,false,91
1937,northeast,on_competitor,medicare_medicaid,moderate,high,medium,research,true,79
1938,southeast,lapsed,commercial,high,high,high,evaluation,false,13
1939,west,untreated,commercial,moderate,moderate,high,evaluation,false,22
1940,southeast,untreated,medicare_medicaid,high,high,low,research,false,112
1941,northeast,untreated,medicare_medicaid,high,moderate,medium,awareness,false,96
1942,west,lapsed,commercial,moderate,high,medium,re_engagement,false,32
1943,west,lapsed,cash_pay,moderate,moderate,medium,research,true,113
1944,midwest,on_competitor,commercial,low,moderate,medium,evaluation,true,107
1945,northeast,untreated,commercial,high,high,medium,research,false,48
1946,northeast,on_competitor,commercial,high,moderate,low,research,false,30
1947,northeast,on_competitor,other,low,moderate,medium,research,false,120
1948,northeast,lapsed,commercial,low,low,medium,research,true,18
1949,west,untreated,commercial,high,low,low,evaluation,false,55
1950,northeast,untreated,commercial,low,moderate,high,re_engagement,false,91
1951,northeast,untreated,commercial,high,moderate,high,awareness,false,30
1952,southeast,lapsed,commercial,high,low,medium,evaluation,false,35
1953,west,untreated,cash_pay,moderate,high,medium,re_engagement,false,106
1954,northeast,on_competitor,commercial,moderate,low,medium,evaluation,false,0
1955,west,untreated,other,low,moderate,medium,awareness,true,88
1956,southeast,untreated,other,moderate,high,low,re_engagement,false,47
1957,northeast,untreated,commercial,low,low,low,awareness,false,69
1958,southeast,untreated,cash_pay,low,high,medium,awareness,false,47
1959,west,on_competitor,medicare_medicaid,moderate,moderate,low,research,false,79
1960,southeast,untreated,medicare_medicaid,high,high,medium,research,false,72
1961,midwest,untreated,medicare_medicaid,moderate,low,low,awareness,false,54
1962,midwest,untreated,commercial,moderate,moderate,medium,awareness,true,11
1963,southwest,untreated,cash_pay,high,low,medium,research,false,23
1964,southeast,untreated,commercial,low,low,high,research,false,120
1965,midwest,untreated,commercial,high,low,medium,research,false,85
1966,midwest,on_competitor,commercial,high,high,medium,evaluation,false,18
1967,midwest,untreated,medicare_medicaid,low,moderate,low,awareness,false,42
1968,northeast,untreated,commercial,moderate,low,high,evaluation,false,117
1969,west,untreated,commercial,high,moderate,high,awareness,false,16
1970,midwest,untreated,commercial,low,moderate,low,research,false,6
1971,southeast,untreated,other,low,moderate,high,research,true,17
1972,southwest,untreated,other,moderate,low,medium,re_engagement,false,35
1973,northeast,untreated,medicare_medicaid,low,low,low,evaluation,false,30
1974,southwest,untreated,commercial,low,moderate,high,evaluation,true,8
1975,southeast,untreated,medicare_medicaid,moderate,low,low,research,false,78
1976,midwest,untreated,cash_pay,low,moderate,medium,research,false,5
1977,northeast,on_competitor,cash_pay,moderate,high,medium,awareness,true,9
1978,midwest,lapsed,medicare_medicaid,high,moderate,high,evaluation,false,112
1979,west,untreated,medicare_medicaid,high,moderate,high,awareness,false,59
1980,midwest,untreated,commercial,low,moderate,medium,awareness,false,14
1981,west,untreated,other,moderate,moderate,low,research,false,103
1982,northeast,on_competitor,cash_pay,moderate,high,medium,awareness,false,84
1983,northeast,on_competitor,commercial,moderate,moderate,high,evaluation,false,56
1984,west,untreated,cash_pay,high,low,medium,awareness,false,69
1985,west,untreated,medicare_medicaid,moderate,high,medium,awareness,false,69
1986,midwest,untreated,other,high,high,high,evaluation,false,108
1987,southwest,untreated,medicare_medicaid,high,high,high,re_engagement,false,50
1988,midwest,untreated,commercial,high,moderate,low,awareness,false,76
1989,southwest,untreated,other,high,high,medium,awareness,true,76
1990,northeast,untreated,other,low,moderate,medium,research,false,87
1991,southeast,untreated,commercial,low,moderate,low,evaluation,true,3
1992,midwest,untreated,other,high,low,low,re_engagement,false,0
1993,west,lapsed,commercial,low,low,high,research,false,1
1994,southeast,untreated,cash_pay,low,high,low,awareness,false,23
1995,southeast,lapsed,cash_pay,moderate,moderate,medium,re_engagement,false,56
1996,southwest,untreated,medicare_medicaid,moderate,moderate,high,research,false,119
1997,west,untreated,medicare_medicaid,moderate,low,medium,evaluation,true,50
1998,west,untreated,commercial,high,moderate,low,re_engagement,true,35
1999,southwest,untreated,cash_pay,moderate,moderate,medium,evaluation,true,69
2000,midwest,untreated,commercial,high,moderate,high,research,true,69
2001,west,untreated,commercial,high,moderate,low,research,true,7
2002,midwest,untreated,other,high,high,medium,re_engagement,false,70
2003,midwest,untreated,cash_pay,moderate,high,medium,awareness,false,34
2004,northeast,on_competitor,other,high,high,high,awareness,false,47
2005,northeast,lapsed,commercial,moderate,low,high,awareness,true,20
2006,west,on_competitor,commercial,high,moderate,low,re_engagement,true,13
2007,southeast,untreated,medicare_medicaid,moderate,moderate,medium,evaluation,true,28
2008,west,untreated,commercial,moderate,high,low,re_engagement,false,86
2009,southeast,untreated,medicare_medicaid,low,moderate,medium,awareness,true,113
2010,northeast,lapsed,commercial,high,high,high,awareness,false,118
2011,southeast,lapsed,cash_pay,moderate,low,medium,awareness,false,23
2012,midwest,untreated,medicare_medicaid,moderate,high,low,re_engagement,false,85
2013,northeast,lapsed,commercial,moderate,moderate,medium,awareness,false,59
2014,west,lapsed,commercial,low,high,high,evaluation,false,96
2015,northeast,on_competitor,medicare_medicaid,low,high,high,evaluation,true,45
2016,midwest,lapsed,commercial,moderate,moderate,low,research,true,13
2017,midwest,on_competitor,commercial,high,moderate,low,research,false,95
2018,southwest,untreated,commercial,moderate,moderate,medium,evaluation,false,98
2019,northeast,untreated,medicare_medicaid,low,moderate,low,research,false,120
2020,southwest,untreated,medicare_medicaid,high,moderate,medium,re_engagement,false,84
2021,midwest,untreated,commercial,moderate,high,low,research,false,68
2022,southwest,untreated,other,high,low,low,awareness,false,35
2023,west,on_competitor,other,low,moderate,low,re_engagement,false,73
2024,northeast,on_competitor,commercial,high,moderate,low,awareness,true,6
2025,west,untreated,commercial,low,high,medium,research,false,89
2026,southeast,lapsed,cash_pay,high,low,low,awareness,false,6
2027,southeast,untreated,commercial,low,high,medium,research,false,56
2028,southeast,untreated,other,high,moderate,low,awareness,true,20
2029,northeast,lapsed,medicare_medicaid,low,low,low,awareness,false,5
2030,northeast,lapsed,cash_pay,moderate,high,high,awareness,false,94
2031,southeast,on_competitor,medicare_medicaid,moderate,high,low,re_engagement,false,53
2032,midwest,untreated,commercial,moderate,moderate,high,evaluation,false,58
2033,southwest,lapsed,commercial,high,moderate,low,research,false,46
2034,southeast,untreated,commercial,moderate,high,medium,research,false,25
2035,midwest,on_competitor,commercial,high,moderate,low,evaluation,false,58
2036,west,untreated,commercial,moderate,low,low,re_engagement,false,100
2037,northeast,untreated,cash_pay,high,moderate,medium,awareness,true,86
2038,midwest,untreated,other,high,moderate,high,research,false,12
2039,southwest,on_competitor,commercial,high,moderate,high,awareness,false,87
2040,northeast,untreated,medicare_medicaid,low,low,medium,re_engagement,false,58
2041,northeast,lapsed,commercial,high,moderate,low,awareness,true,104
2042,west,untreated,commercial,moderate,moderate,medium,research,true,92
2043,southwest,untreated,cash_pay,moderate,moderate,medium,research,false,51
2044,southwest,on_competitor,cash_pay,high,low,high,evaluation,false,46
2045,southeast,lapsed,medicare_medicaid,low,moderate,medium,evaluation,false,48
2046,northeast,lapsed,commercial,high,high,medium,research,false,116
2047,southeast,untreated,cash_pay,moderate,low,medium,evaluation,true,51
2048,southeast,on_competitor,other,moderate,moderate,high,awareness,false,30
2049,southwest,untreated,commercial,high,low,medium,awareness,true,15
2050,southeast,lapsed,other,low,moderate,medium,awareness,false,120
2051,northeast,untreated,cash_pay,low,high,high,research,false,84
2052,northeast,on_competitor,other,moderate,high,medium,evaluation,true,120
2053,southeast,on_competitor,commercial,low,high,medium,research,false,71
2054,northeast,untreated,commercial,low,moderate,high,research,false,102
2055,southeast,untreated,medicare_medicaid,low,moderate,low,awareness,false,111
2056,west,on_competitor,commercial,moderate,low,high,evaluation,false,56
2057,northeast,untreated,medicare_medicaid,moderate,moderate,low,awareness,false,7
2058,northeast,on_competitor,cash_pay,moderate,low,high,re_engagement,true,118
2059,southeast,lapsed,medicare_medicaid,low,high,high,research,false,93
2060,southeast,untreated,commercial,moderate,low,low,awareness,false,73
2061,northeast,on_competitor,other,moderate,moderate,medium,awareness,false,116
2062,northeast,untreated,commercial,high,moderate,medium,research,false,3
2063,northeast,on_competitor,cash_pay,low,low,medium,evaluation,false,45
2064,west,lapsed,medicare_medicaid,low,high,low,evaluation,false,29
2065,northeast,on_competitor,medicare_medicaid,moderate,high,medium,research,false,114
2066,northeast,on_competitor,commercial,high,moderate,low,research,true,50
2067,northeast,untreated,other,high,high,medium,evaluation,true,64
2068,west,lapsed,commercial,high,high,low,research,false,108
2069,southwest,lapsed,commercial,low,moderate,medium,awareness,true,109
2070,west,untreated,medicare_medicaid,low,low,medium,awareness,false,25
2071,west,untreated,commercial,high,low,low,evaluation,true,20
2072,midwest,lapsed,medicare_medicaid,moderate,moderate,high,research,false,109
2073,northeast,on_competitor,cash_pay,low,moderate,low,evaluation,false,7
2074,west,untreated,medicare_medicaid,low,high,medium,re_engagement,false,114
2075,west,on_competitor,cash_pay,high,low,low,awareness,false,101
2076,northeast,untreated,commercial,moderate,moderate,high,re_engagement,false,83
2077,northeast,on_competitor,other,high,low,low,evaluation,false,36
2078,northeast,on_competitor,cash_pay,moderate,moderate,low,evaluation,false,5
2079,southeast,untreated,commercial,high,moderate,low,awareness,false,34
2080,midwest,untreated,other,high,moderate,low,re_engagement,true,92
2081,southwest,untreated,medicare_medicaid,moderate,moderate,high,awareness,false,103
2082,southeast,untreated,medicare_medicaid,high,high,medium,evaluation,true,93
2083,northeast,on_competitor,commercial,high,high,medium,re_engagement,false,59
2084,west,on_competitor,commercial,moderate,moderate,low,awareness,false,61
2085,west,untreated,other,high,moderate,medium,evaluation,false,43
2086,southwest,on_competitor,medicare_medicaid,moderate,moderate,medium,evaluation,false,120
2087,midwest,on_competitor,other,moderate,high,medium,evaluation,false,39
2088,southwest,untreated,medicare_medicaid,moderate,moderate,low,awareness,true,15
2089,southeast,on_competitor,commercial,high,low,low,awareness,false,102
2090,midwest,lapsed,cash_pay,high,moderate,medium,research,false,85
2091,midwest,on_competitor,commercial,moderate,moderate,medium,re_engagement,false,25
2092,southeast,untreated,medicare_medicaid,high,low,low,research,false,89
2093,northeast,untreated,medicare_medicaid,moderate,moderate,medium,awareness,false,10
2094,midwest,untreated,medicare_medicaid,high,moderate,low,awareness,false,75
2095,northeast,untreated,commercial,high,moderate,medium,evaluation,false,30
2096,west,lapsed,medicare_medicaid,low,moderate,medium,research,false,50
2097,southeast,untreated,medicare_medicaid,high,low,high,re_engagement,false,37
2098,southeast,on_competitor,commercial,high,low,medium,research,false,75
2099,midwest,untreated,cash_pay,low,high,medium,awareness,false,34
2100,southeast,lapsed,medicare_medicaid,moderate,moderate,medium,awareness,true,42
2101,northeast,untreated,cash_pay,moderate,high,medium,evaluation,false,112
2102,west,on_competitor,commercial,high,high,low,re_engagement,false,16
2103,northeast,untreated,cash_pay,moderate,moderate,medium,evaluation,false,36
2104,west,on_competitor,commercial,moderate,moderate,high,awareness,false,5
2105,midwest,untreated,cash_pay,moderate,high,medium,awareness,true,3
2106,west,untreated,commercial,high,high,medium,research,false,110
2107,west,untreated,commercial,high,moderate,medium,research,true,120
2108,west,untreated,other,moderate,low,low,research,false,33
2109,southeast,on_competitor,commercial,high,low,medium,awareness,true,113
2110,west,untreated,commercial,moderate,high,high,awareness,false,23
2111,northeast,untreated,commercial,high,moderate,medium,research,false,86
2112,southeast,lapsed,cash_pay,low,high,high,re_engagement,false,90
2113,northeast,on_competitor,cash_pay,moderate,moderate,low,re_engagement,false,82
2114,midwest,on_competitor,other,high,high,high,awareness,false,7
2115,midwest,untreated,cash_pay,high,high,low,research,false,54
2116,northeast,untreated,cash_pay,moderate,low,high,awareness,true,19
2117,northeast,on_competitor,commercial,high,moderate,high,awareness,false,29
2118,northeast,untreated,commercial,moderate,moderate,low,re_engagement,false,46
2119,northeast,lapsed,cash_pay,high,moderate,medium,evaluation,false,115
2120,northeast,on_competitor,medicare_medicaid,high,high,high,re_engagement,false,71
2121,west,on_competitor,commercial,high,moderate,high,evaluation,true,69
2122,northeast,untreated,other,moderate,moderate,high,evaluation,true,91
2123,northeast,untreated,cash_pay,high,low,low,evaluation,false,117
2124,west,lapsed,medicare_medicaid,moderate,low,high,research,false,63
2125,southeast,untreated,commercial,moderate,moderate,high,re_engagement,true,46
2126,northeast,on_competitor,cash_pay,moderate,low,medium,awareness,false,119
2127,northeast,untreated,medicare_medicaid,low,moderate,medium,research,false,36
2128,southwest,on_competitor,cash_pay,high,high,low,awareness,false,120
2129,northeast,untreated,commercial,high,high,medium,re_engagement,true,89
2130,west,untreated,commercial,low,moderate,medium,re_engagement,false,58
2131,southwest,lapsed,medicare_medicaid,moderate,low,high,research,false,75
2132,midwest,lapsed,medicare_medicaid,high,moderate,high,evaluation,false,22
2133,southwest,untreated,other,moderate,high,medium,awareness,true,109
2134,northeast,untreated,commercial,high,moderate,high,research,false,108
2135,southwest,lapsed,cash_pay,high,moderate,low,re_engagement,false,56
2136,west,lapsed,commercial,low,moderate,medium,re_engagement,true,59
2137,northeast,untreated,cash_pay,moderate,moderate,medium,research,false,111
2138,west,untreated,medicare_medicaid,high,moderate,low,research,false,20
2139,midwest,lapsed,commercial,high,high,high,research,false,20
2140,midwest,lapsed,commercial,high,moderate,medium,awareness,false,3
2141,midwest,on_competitor,other,high,moderate,low,re_engagement,false,98
2142,northeast,untreated,medicare_medicaid,high,moderate,medium,awareness,false,85
2143,northeast,on_competitor,commercial,low,moderate,medium,re_engagement,true,48
2144,west,untreated,medicare_medicaid,high,moderate,medium,awareness,false,28
2145,west,on_competitor,commercial,high,moderate,high,evaluation,true,104
2146,northeast,on_competitor,commercial,low,high,low,evaluation,false,116
2147,west,lapsed,medicare_medicaid,low,moderate,medium,re_engagement,false,1
2148,midwest,untreated,medicare_medicaid,high,moderate,medium,re_engagement,false,107
2149,northeast,lapsed,cash_pay,high,low,high,research,false,61
2150,southeast,untreated,commercial,moderate,moderate,medium,re_engagement,false,39
2151,northeast,on_competitor,medicare_medicaid,high,moderate,low,research,false,55
2152,northeast,lapsed,commercial,high,moderate,low,awareness,false,27
2153,northeast,on_competitor,cash_pay,low,low,medium,re_engagement,false,11
2154,midwest,untreated,commercial,moderate,moderate,medium,research,false,67
2155,northeast,untreated,medicare_medicaid,high,moderate,low,re_engagement,false,2
2156,west,on_competitor,cash_pay,high,moderate,low,awareness,false,69
2157,southwest,untreated,commercial,moderate,moderate,low,awareness,false,30
2158,northeast,on_competitor,commercial,moderate,low,high,research,false,72
2159,northeast,on_competitor,medicare_medicaid,moderate,moderate,high,evaluation,false,109
2160,west,untreated,other,high,low,medium,research,false,26
2161,midwest,untreated,other,high,moderate,low,evaluation,false,103
2162,west,on_competitor,commercial,moderate,high,medium,re_engagement,true,9
2163,west,untreated,cash_pay,high,high,medium,awareness,false,65
2164,northeast,on_competitor,other,moderate,moderate,high,research,false,120
2165,southwest,on_competitor,commercial,low,moderate,medium,evaluation,false,80
2166,west,on_competitor,commercial,moderate,low,medium,evaluation,false,31
2167,midwest,on_competitor,medicare_medicaid,moderate,moderate,medium,research,true,75
2168,west,untreated,medicare_medicaid,moderate,moderate,medium,awareness,false,91
2169,northeast,lapsed,commercial,high,low,medium,research,true,111
2170,west,untreated,commercial,moderate,moderate,medium,research,false,43
2171,midwest,untreated,medicare_medicaid,moderate,high,medium,awareness,true,110
2172,southeast,on_competitor,medicare_medicaid,high,moderate,medium,re_engagement,false,97
2173,midwest,untreated,medicare_medicaid,moderate,moderate,medium,awareness,false,32
2174,west,on_competitor,cash_pay,high,moderate,high,awareness,false,64
2175,northeast,lapsed,medicare_medicaid,high,moderate,high,research,false,74
2176,midwest,on_competitor,other,high,moderate,low,awareness,true,77
2177,west,untreated,cash_pay,low,moderate,low,evaluation,false,20
2178,southwest,untreated,commercial,moderate,moderate,high,awareness,false,34
2179,southeast,on_competitor,medicare_medicaid,moderate,high,high,research,true,85
2180,southeast,lapsed,commercial,low,moderate,medium,evaluation,false,109
2181,northeast,on_competitor,commercial,low,high,low,re_engagement,false,117
2182,northeast,untreated,commercial,high,moderate,medium,awareness,false,99
2183,west,on_competitor,commercial,low,moderate,low,research,false,24
2184,southwest,lapsed,medicare_medicaid,low,moderate,medium,awareness,false,116
2185,northeast,on_competitor,commercial,moderate,moderate,medium,awareness,true,96
2186,southeast,untreated,medicare_medicaid,high,moderate,low,re_engagement,false,76
2187,northeast,on_competitor,medicare_medicaid,moderate,low,medium,re_engagement,false,47
2188,southwest,untreated,commercial,moderate,high,medium,research,false,111
2189,southeast,untreated,medicare_medicaid,high,low,low,research,false,27
2190,west,lapsed,commercial,moderate,high,medium,re_engagement,false,36
2191,southeast,on_competitor,medicare_medicaid,moderate,moderate,low,evaluation,false,28
2192,midwest,untreated,commercial,high,moderate,medium,awareness,false,110
2193,northeast,lapsed,cash_pay,moderate,moderate,high,re_engagement,true,91
2194,northeast,on_competitor,cash_pay,high,low,medium,research,false,82
2195,southeast,on_competitor,commercial,high,moderate,medium,awareness,false,39
2196,west,untreated,commercial,low,high,low,research,false,78
2197,northeast,untreated,commercial,high,low,low,awareness,true,57
2198,southeast,untreated,commercial,high,high,high,awareness,false,93
2199,west,on_competitor,commercial,moderate,moderate,medium,awareness,false,73
2200,southeast,untreated,cash_pay,moderate,high,low,research,true,24
2201,northeast,untreated,commercial,moderate,moderate,low,evaluation,false,23
2202,northeast,untreated,medicare_medicaid,moderate,high,high,awareness,false,61
2203,northeast,on_competitor,commercial,moderate,high,medium,awareness,true,88
2204,southeast,untreated,medicare_medicaid,low,moderate,medium,evaluation,false,12
2205,southwest,untreated,commercial,moderate,high,low,research,true,61
2206,southeast,untreated,commercial,low,moderate,low,awareness,true,50
2207,midwest,untreated,commercial,high,low,low,re_engagement,true,75
2208,west,on_competitor,medicare_medicaid,high,moderate,medium,research,false,68
2209,west,lapsed,medicare_medicaid,high,high,low,research,false,37
2210,northeast,lapsed,commercial,high,low,high,awareness,false,115
2211,midwest,lapsed,medicare_medicaid,high,high,high,research,false,62
2212,west,untreated,commercial,moderate,low,medium,evaluation,true,18
2213,west,untreated,medicare_medicaid,moderate,moderate,medium,evaluation,true,17
2214,midwest,untreated,medicare_medicaid,low,moderate,low,awareness,false,74
2215,southwest,on_competitor,commercial,high,high,low,re_engagement,false,97
2216,midwest,lapsed,commercial,moderate,high,medium,evaluation,true,64
2217,southeast,untreated,medicare_medicaid,moderate,moderate,medium,re_engagement,false,10
2218,southwest,untreated,medicare_medicaid,low,high,high,evaluation,false,107
2219,midwest,on_competitor,commercial,high,moderate,low,awareness,false,54
2220,midwest,lapsed,commercial,moderate,high,high,awareness,false,96
2221,west,untreated,other,high,low,medium,awareness,false,95
2222,northeast,on_competitor,commercial,moderate,high,high,research,false,60
2223,west,untreated,commercial,high,moderate,low,awareness,false,105
2224,northeast,on_competitor,medicare_medicaid,high,moderate,low,awareness,true,59
2225,northeast,untreated,commercial,moderate,low,medium,research,false,117
2226,northeast,untreated,commercial,moderate,moderate,low,research,false,7
2227,midwest,on_competitor,medicare_medicaid,low,low,high,research,false,37
2228,southeast,untreated,medicare_medicaid,low,low,low,research,true,44
2229,northeast,on_competitor,commercial,high,low,medium,evaluation,false,116
2230,midwest,untreated,medicare_medicaid,low,moderate,medium,evaluation,false,0
2231,southeast,untreated,commercial,high,low,low,evaluation,false,9
2232,northeast,untreated,other,moderate,low,medium,awareness,false,104
2233,southeast,on_competitor,cash_pay,high,moderate,low,awareness,false,0
2234,southwest,untreated,commercial,high,moderate,medium,re_engagement,false,13
2235,southeast,untreated,commercial,high,low,low,awareness,true,2
2236,midwest,on_competitor,commercial,moderate,high,high,re_engagement,false,80
2237,southwest,lapsed,medicare_medicaid,high,moderate,high,re_engagement,false,97
2238,southeast,untreated,other,high,moderate,high,evaluation,false,114
2239,west,untreated,commercial,high,high,medium,research,false,71
2240,west,lapsed,cash_pay,low,low,high,evaluation,true,39
2241,midwest,lapsed,cash_pay,low,moderate,low,research,false,45
2242,northeast,lapsed,commercial,moderate,low,medium,evaluation,true,91
2243,northeast,untreated,other,low,moderate,medium,evaluation,false,2
2244,northeast,untreated,commercial,high,high,low,awareness,false,21
2245,northeast,lapsed,commercial,high,moderate,medium,awareness,false,35
2246,northeast,untreated,medicare_medicaid,moderate,low,low,research,true,47
2247,southeast,lapsed,medicare_medicaid,high,moderate,medium,awareness,false,118
2248,west,untreated,medicare_medicaid,moderate,moderate,medium,research,false,32
2249,midwest,lapsed,commercial,high,high,medium,awareness,true,37
2250,west,untreated,medicare_medicaid,moderate,high,low,research,false,4
2251,southeast,untreated,medicare_medicaid,moderate,high,medium,awareness,false,88
2252,northeast,on_competitor,other,moderate,high,medium,evaluation,false,102
2253,northeast,untreated,medicare_medicaid,high,low,medium,awareness,false,77
2254,northeast,untreated,medicare_medicaid,high,low,medium,awareness,false,27
2255,northeast,on_competitor,cash_pay,high,moderate,low,awareness,false,48
2256,west,on_competitor,medicare_medicaid,high,moderate,low,awareness,false,32
2257,southwest,untreated,cash_pay,moderate,low,high,awareness,true,103
2258,northeast,lapsed,cash_pay,moderate,moderate,medium,re_engagement,true,28
2259,southeast,on_competitor,cash_pay,low,high,low,evaluation,true,43
2260,southwest,untreated,commercial,high,low,high,evaluation,true,34
2261,west,untreated,cash_pay,moderate,high,medium,awareness,true,82
2262,southeast,on_competitor,commercial,high,moderate,medium,research,false,71
2263,southwest,untreated,commercial,low,low,medium,research,true,4
2264,northeast,untreated,medicare_medicaid,high,low,medium,evaluation,true,55
2265,southeast,on_competitor,cash_pay,high,moderate,medium,research,false,54
2266,southwest,on_competitor,medicare_medicaid,moderate,high,medium,awareness,true,67
2267,midwest,untreated,commercial,moderate,moderate,medium,re_engagement,false,14
2268,midwest,on_competitor,medicare_medicaid,moderate,high,medium,awareness,false,92
2269,southwest,on_competitor,cash_pay,low,high,medium,evaluation,true,25
2270,southwest,on_competitor,commercial,high,moderate,medium,re_engagement,false,15
2271,southwest,untreated,commercial,high,high,medium,awareness,true,21
2272,west,untreated,medicare_medicaid,moderate,low,medium,awareness,false,97
2273,northeast,untreated,commercial,moderate,high,low,evaluation,false,30
2274,midwest,on_competitor,commercial,moderate,low,medium,awareness,false,51
2275,northeast,on_competitor,other,low,moderate,high,evaluation,false,17
2276,northeast,on_competitor,medicare_medicaid,low,moderate,high,research,false,91
2277,southeast,on_competitor,medicare_medicaid,moderate,moderate,high,re_engagement,false,110
2278,southeast,lapsed,other,moderate,high,low,research,false,75
2279,west,untreated,commercial,high,high,high,re_engagement,true,12
2280,northeast,on_competitor,commercial,moderate,moderate,medium,awareness,true,73
2281,southeast,lapsed,other,high,high,high,awareness,false,41
2282,southeast,on_competitor,commercial,moderate,moderate,medium,research,false,113
2283,southwest,on_competitor,medicare_medicaid,high,high,low,awareness,false,92
2284,northeast,untreated,cash_pay,low,moderate,low,awareness,false,57
2285,west,on_competitor,other,high,low,low,research,false,8
2286,west,untreated,other,moderate,low,medium,re_engagement,false,20
2287,northeast,lapsed,other,high,moderate,low,awareness,false,17
2288,southeast,on_competitor,medicare_medicaid,moderate,low,medium,evaluation,false,44
2289,southeast,on_competitor,cash_pay,moderate,low,low,research,true,33
2290,northeast,untreated,commercial,moderate,moderate,medium,awareness,false,95
2291,northeast,lapsed,other,moderate,low,medium,awareness,true,3
2292,southeast,on_competitor,medicare_medicaid,high,moderate,medium,evaluation,false,104
2293,west,on_competitor,other,high,moderate,low,re_engagement,false,114
2294,southeast,untreated,other,low,moderate,high,awareness,false,42
2295,southeast,untreated,cash_pay,moderate,low,high,awareness,false,33
2296,midwest,untreated,medicare_medicaid,moderate,moderate,low,re_engagement,false,95
2297,west,on_competitor,medicare_medicaid,high,moderate,low,research,false,103
2298,southeast,untreated,medicare_medicaid,moderate,high,low,re_engagement,false,79
2299,southwest,lapsed,commercial,moderate,moderate,high,evaluation,false,59
2300,west,lapsed,medicare_medicaid,moderate,moderate,low,re_engagement,true,65
2301,midwest,untreated,other,low,high,medium,awareness,true,6
2302,southeast,untreated,cash_pay,high,high,low,awareness,false,55
2303,midwest,lapsed,cash_pay,high,high,high,awareness,false,88
2304,southeast,untreated,cash_pay,moderate,high,medium,research,true,70
2305,northeast,untreated,commercial,low,moderate,medium,awareness,false,36
2306,southwest,untreated,cash_pay,moderate,moderate,low,evaluation,false,51
2307,southwest,untreated,commercial,low,low,high,awareness,true,112
2308,northeast,untreated,cash_pay,high,moderate,low,awareness,false,6
2309,west,untreated,medicare_medicaid,high,low,medium,awareness,false,111
2310,northeast,untreated,commercial,high,low,low,research,false,75
2311,southwest,on_competitor,commercial,high,moderate,high,awareness,false,60
2312,southeast,lapsed,cash_pay,moderate,high,high,evaluation,false,5
2313,northeast,on_competitor,medicare_medicaid,moderate,low,high,re_engagement,false,78
2314,southwest,lapsed,cash_pay,high,moderate,low,re_engagement,false,67
2315,southeast,untreated,commercial,high,high,medium,awareness,false,90
2316,midwest,untreated,commercial,moderate,low,medium,evaluation,false,99
2317,west,untreated,cash_pay,moderate,low,low,awareness,false,14
2318,midwest,on_competitor,cash_pay,high,high,medium,evaluation,false,49
2319,midwest,untreated,commercial,high,moderate,low,research,false,110
2320,southwest,untreated,commercial,high,high,medium,research,false,59
2321,midwest,lapsed,commercial,moderate,moderate,low,evaluation,true,112
2322,northeast,untreated,other,high,moderate,high,research,false,48
2323,west,on_competitor,commercial,moderate,high,high,evaluation,false,55
2324,northeast,on_competitor,medicare_medicaid,low,low,medium,re_engagement,false,11
2325,west,untreated,cash_pay,low,low,medium,awareness,false,27
2326,northeast,untreated,other,low,moderate,low,evaluation,false,27
2327,west,on_competitor,medicare_medicaid,low,moderate,low,evaluation,false,28
2328,southeast,untreated,commercial,moderate,low,low,awareness,false,5
2329,southeast,untreated,commercial,moderate,moderate,high,research,false,37
2330,west,untreated,commercial,low,moderate,medium,awareness,true,0
2331,west,untreated,other,high,moderate,low,re_engagement,false,104
2332,west,lapsed,cash_pay,high,moderate,medium,awareness,false,110
2333,midwest,untreated,commercial,moderate,moderate,high,awareness,false,97
2334,midwest,on_competitor,commercial,high,moderate,high,awareness,false,76
2335,northeast,untreated,commercial,high,low,medium,evaluation,false,98
2336,west,untreated,medicare_medicaid,high,high,low,research,true,64
2337,southeast,untreated,cash_pay,moderate,moderate,high,evaluation,false,92
2338,northeast,untreated,commercial,low,moderate,high,re_engagement,false,9
2339,midwest,lapsed,commercial,moderate,high,low,research,false,98
2340,west,on_competitor,commercial,high,moderate,medium,evaluation,false,57
2341,southeast,untreated,commercial,moderate,moderate,low,research,true,106
2342,southwest,on_competitor,commercial,moderate,low,medium,evaluation,false,16
2343,midwest,untreated,cash_pay,low,moderate,medium,evaluation,true,33
2344,southwest,untreated,other,moderate,high,low,awareness,false,30
2345,southeast,untreated,commercial,moderate,low,high,research,false,95
2346,southwest,untreated,medicare_medicaid,moderate,low,high,awareness,false,94
2347,midwest,untreated,cash_pay,moderate,low,medium,awareness,false,55
2348,midwest,lapsed,cash_pay,high,low,low,evaluation,false,110
2349,west,untreated,medicare_medicaid,high,high,low,re_engagement,true,13
2350,northeast,untreated,medicare_medicaid,high,low,medium,awareness,false,54
2351,west,untreated,commercial,low,moderate,low,evaluation,false,70
2352,southeast,untreated,other,low,low,low,research,false,23
2353,northeast,untreated,commercial,low,moderate,medium,awareness,false,34
2354,southeast,untreated,medicare_medicaid,high,moderate,low,awareness,false,113
2355,southwest,on_competitor,cash_pay,high,low,medium,evaluation,false,87
2356,northeast,untreated,medicare_medicaid,high,moderate,medium,awareness,false,73
2357,northeast,untreated,cash_pay,high,moderate,medium,re_engagement,false,0
2358,southwest,on_competitor,commercial,moderate,low,low,awareness,false,93
2359,southwest,on_competitor,commercial,moderate,high,medium,awareness,false,97
2360,midwest,untreated,commercial,low,high,medium,research,true,98
2361,southeast,on_competitor,commercial,moderate,moderate,medium,awareness,true,110
2362,west,untreated,commercial,high,moderate,medium,evaluation,false,57
2363,midwest,on_competitor,medicare_medicaid,high,high,medium,re_engagement,false,108
2364,northeast,lapsed,medicare_medicaid,moderate,low,medium,evaluation,true,5
2365,west,untreated,other,moderate,low,high,awareness,true,33
2366,southwest,on_competitor,medicare_medicaid,high,high,high,awareness,true,21
2367,northeast,untreated,commercial,high,moderate,medium,evaluation,true,79
2368,northeast,lapsed,commercial,high,moderate,high,awareness,false,64
2369,west,lapsed,commercial,moderate,moderate,high,awareness,false,37
2370,southeast,lapsed,commercial,moderate,high,medium,research,false,68
2371,northeast,lapsed,commercial,low,high,low,awareness,false,56
2372,west,on_competitor,commercial,low,moderate,medium,re_engagement,true,31
2373,southeast,lapsed,commercial,moderate,moderate,low,awareness,true,23
2374,southwest,on_competitor,medicare_medicaid,moderate,low,medium,re_engagement,true,16
2375,southeast,untreated,cash_pay,high,moderate,medium,awareness,false,35
2376,northeast,untreated,cash_pay,moderate,moderate,medium,re_engagement,true,3
2377,southeast,lapsed,medicare_medicaid,moderate,high,medium,awareness,false,68
2378,southeast,lapsed,commercial,high,high,low,research,false,42
2379,southeast,untreated,commercial,moderate,high,medium,awareness,false,107
2380,west,untreated,medicare_medicaid,moderate,moderate,low,research,true,88
2381,west,on_competitor,commercial,high,moderate,medium,awareness,false,41
2382,midwest,on_competitor,commercial,high,low,low,evaluation,false,5
2383,midwest,untreated,cash_pay,high,high,low,awareness,false,71
2384,northeast,untreated,cash_pay,low,high,medium,research,false,55
2385,southwest,untreated,commercial,moderate,low,medium,research,false,69
2386,west,untreated,medicare_medicaid,moderate,moderate,medium,awareness,false,34
2387,northeast,untreated,medicare_medicaid,high,moderate,low,evaluation,false,94
2388,west,untreated,commercial,moderate,high,high,awareness,true,23
2389,west,untreated,other,moderate,low,high,research,false,24
2390,southeast,on_competitor,commercial,high,low,low,awareness,false,11
2391,midwest,untreated,medicare_medicaid,moderate,moderate,medium,research,false,56
2392,southeast,untreated,commercial,low,low,high,awareness,false,55
2393,northeast,untreated,cash_pay,moderate,high,low,awareness,false,10
2394,southeast,on_competitor,cash_pay,moderate,high,low,evaluation,true,75
2395,west,untreated,medicare_medicaid,moderate,high,medium,research,false,41
2396,southeast,untreated,other,moderate,low,low,re_engagement,false,50
2397,west,untreated,cash_pay,high,high,medium,research,true,54
2398,west,untreated,medicare_medicaid,low,moderate,low,re_engagement,true,52
2399,west,untreated,cash_pay,high,moderate,high,awareness,false,91
2400,southeast,untreated,other,high,low,low,awareness,false,114
2401,southeast,untreated,other,low,low,medium,evaluation,false,77
2402,midwest,untreated,commercial,high,moderate,low,awareness,false,65
2403,northeast,on_competitor,commercial,low,moderate,medium,awareness,false,5
2404,southeast,lapsed,commercial,high,low,low,research,true,44
2405,southeast,untreated,commercial,low,moderate,medium,evaluation,true,45
2406,west,lapsed,commercial,high,low,low,research,true,88
2407,northeast,untreated,medicare_medicaid,moderate,high,low,re_engagement,false,29
2408,southeast,untreated,other,moderate,low,low,research,false,41
2409,midwest,on_competitor,cash_pay,high,low,medium,awareness,false,6
2410,west,untreated,medicare_medicaid,moderate,moderate,medium,re_engagement,false,35
2411,northeast,untreated,cash_pay,high,low,high,re_engagement,false,53
2412,southeast,untreated,medicare_medicaid,moderate,moderate,low,research,false,100
2413,west,untreated,other,high,moderate,medium,research,true,7
2414,midwest,untreated,medicare_medicaid,moderate,high,high,awareness,true,58
2415,west,on_competitor,commercial,high,high,medium,re_engagement,true,115
2416,west,untreated,medicare_medicaid,low,moderate,low,awareness,false,56
2417,northeast,on_competitor,commercial,moderate,low,low,re_engagement,true,23
2418,southwest,untreated,medicare_medicaid,moderate,moderate,low,awareness,false,65
2419,southeast,on_competitor,commercial,moderate,moderate,high,awareness,false,26
2420,northeast,on_competitor,medicare_medicaid,high,moderate,medium,evaluation,false,51
2421,west,untreated,cash_pay,moderate,low,high,evaluation,false,17
2422,west,lapsed,commercial,moderate,moderate,high,evaluation,false,51
2423,southeast,on_competitor,commercial,high,low,high,research,true,119
2424,southwest,lapsed,commercial,high,low,medium,evaluation,false,78
2425,southwest,untreated,cash_pay,low,moderate,medium,research,false,113
2426,west,on_competitor,commercial,high,moderate,high,research,false,39
2427,northeast,on_competitor,medicare_medicaid,high,high,medium,research,false,30
2428,northeast,lapsed,cash_pay,low,moderate,high,research,true,36
2429,midwest,untreated,other,moderate,low,medium,awareness,false,68
2430,northeast,untreated,commercial,moderate,high,high,awareness,false,95
2431,west,on_competitor,commercial,high,high,high,evaluation,false,59
2432,northeast,on_competitor,medicare_medicaid,low,high,medium,re_engagement,false,28
2433,southeast,on_competitor,medicare_medicaid,moderate,low,high,awareness,false,108
2434,west,untreated,other,moderate,low,medium,awareness,true,120
2435,northeast,untreated,medicare_medicaid,low,low,medium,awareness,false,6
2436,midwest,untreated,medicare_medicaid,moderate,low,high,awareness,true,19
2437,midwest,on_competitor,commercial,high,low,low,awareness,false,96
2438,west,lapsed,commercial,high,moderate,medium,awareness,false,82
2439,midwest,on_competitor,commercial,moderate,high,high,evaluation,false,113
2440,west,lapsed,commercial,moderate,moderate,low,awareness,true,2
2441,northeast,untreated,commercial,moderate,high,high,awareness,false,33
2442,northeast,untreated,cash_pay,moderate,moderate,medium,awareness,false,105
2443,southwest,lapsed,commercial,high,moderate,high,re_engagement,true,20
2444,southeast,on_competitor,commercial,high,high,high,re_engagement,false,31
2445,midwest,untreated,commercial,moderate,low,high,awareness,false,83
2446,northeast,on_competitor,other,high,moderate,low,evaluation,false,5
2447,northeast,untreated,cash_pay,high,low,medium,evaluation,false,99
2448,west,lapsed,other,low,low,low,re_engagement,false,18
2449,southwest,untreated,medicare_medicaid,low,high,medium,re_engagement,false,19
2450,southwest,lapsed,commercial,high,moderate,medium,evaluation,false,52
2451,northeast,untreated,commercial,high,low,high,evaluation,false,22
2452,northeast,untreated,commercial,moderate,moderate,low,research,false,1
2453,southeast,untreated,other,low,moderate,medium,awareness,false,78
2454,southwest,lapsed,other,moderate,high,high,research,false,70
2455,southeast,untreated,medicare_medicaid,moderate,low,medium,research,false,78
2456,southwest,untreated,medicare_medicaid,high,high,medium,awareness,false,103
2457,midwest,untreated,commercial,high,moderate,medium,re_engagement,false,19
2458,southeast,lapsed,commercial,low,moderate,low,re_engagement,false,119
2459,west,untreated,cash_pay,low,low,medium,evaluation,false,4
2460,west,lapsed,medicare_medicaid,high,high,low,evaluation,false,19
2461,west,lapsed,medicare_medicaid,high,moderate,medium,awareness,false,38
2462,west,untreated,other,high,low,medium,re_engagement,false,7
2463,northeast,untreated,cash_pay,high,low,high,research,false,13
2464,southeast,on_competitor,other,moderate,low,medium,re_engagement,false,117
2465,west,lapsed,medicare_medicaid,low,moderate,low,awareness,false,46
2466,southwest,untreated,medicare_medicaid,moderate,high,medium,research,false,19
2467,west,on_competitor,cash_pay,low,moderate,high,awareness,false,39
2468,northeast,untreated,commercial,high,high,low,evaluation,false,51
2469,northeast,untreated,medicare_medicaid,high,high,medium,re_engagement,true,53
2470,midwest,untreated,medicare_medicaid,low,high,medium,evaluation,false,76
2471,midwest,on_competitor,medicare_medicaid,high,moderate,low,evaluation,false,109
2472,southeast,lapsed,medicare_medicaid,moderate,high,low,research,false,68
2473,northeast,untreated,commercial,low,low,high,evaluation,false,41
2474,west,untreated,commercial,moderate,high,high,research,false,45
2475,west,untreated,other,high,moderate,medium,awareness,false,32
2476,west,untreated,medicare_medicaid,high,high,medium,evaluation,false,103
2477,southwest,untreated,medicare_medicaid,high,low,medium,research,false,14
2478,northeast,lapsed,medicare_medicaid,moderate,high,low,awareness,false,1
2479,southeast,on_competitor,commercial,moderate,low,high,awareness,false,91
2480,northeast,on_competitor,cash_pay,high,high,medium,evaluation,false,94
2481,northeast,on_competitor,commercial,low,moderate,medium,awareness,false,95
2482,southeast,untreated,medicare_medicaid,high,moderate,medium,awareness,false,48
2483,southeast,untreated,medicare_medicaid,low,moderate,medium,research,true,119
2484,southwest,untreated,commercial,low,moderate,medium,awareness,false,55
2485,midwest,untreated,other,moderate,low,low,awareness,false,91
2486,west,untreated,commercial,low,low,medium,re_engagement,false,10
2487,west,untreated,other,low,moderate,low,research,false,71
2488,northeast,untreated,commercial,high,high,medium,research,false,58
2489,west,on_competitor,commercial,high,high,high,evaluation,false,34
2490,southeast,untreated,medicare_medicaid,moderate,low,high,evaluation,false,17
2491,southwest,lapsed,commercial,moderate,moderate,medium,evaluation,false,93
2492,southeast,untreated,cash_pay,moderate,moderate,medium,re_engagement,true,41
2493,midwest,on_competitor,other,high,low,low,research,false,38
2494,southeast,untreated,cash_pay,low,high,high,research,true,118
2495,southeast,lapsed,commercial,moderate,moderate,low,awareness,false,113
2496,west,on_competitor,medicare_medicaid,low,moderate,medium,awareness,true,5
2497,southwest,on_competitor,commercial,moderate,moderate,low,awareness,false,43
2498,northeast,untreated,other,moderate,moderate,medium,research,false,73
2499,northeast,on_competitor,commercial,high,moderate,medium,awareness,false,44
2500,southwest,lapsed,other,moderate,high,low,evaluation,false,5
2501,west,untreated,other,high,moderate,medium,research,true,2
2502,northeast,on_competitor,medicare_medicaid,moderate,moderate,medium,awareness,false,36
2503,southeast,on_competitor,commercial,low,moderate,medium,awareness,false,63
2504,west,untreated,commercial,high,low,low,research,true,69
2505,southeast,untreated,commercial,low,high,medium,re_engagement,true,25
2506,southwest,untreated,commercial,high,high,high,evaluation,true,29
2507,midwest,on_competitor,commercial,moderate,high,medium,research,false,7
2508,northeast,untreated,commercial,high,moderate,medium,research,true,48
2509,west,lapsed,commercial,high,low,medium,re_engagement,false,6
2510,midwest,untreated,medicare_medicaid,moderate,low,high,evaluation,false,55
2511,southwest,lapsed,cash_pay,moderate,high,medium,re_engagement,false,24
2512,west,lapsed,medicare_medicaid,moderate,moderate,medium,re_engagement,false,59
2513,northeast,untreated,commercial,moderate,moderate,medium,evaluation,false,31
2514,west,lapsed,commercial,high,high,medium,research,true,108
2515,west,lapsed,medicare_medicaid,moderate,low,low,research,false,37
2516,northeast,untreated,medicare_medicaid,high,high,low,research,false,58
2517,west,untreated,medicare_medicaid,high,moderate,high,evaluation,false,28
2518,southwest,on_competitor,medicare_medicaid,high,high,low,research,false,0
2519,midwest,untreated,commercial,moderate,moderate,low,awareness,false,84
2520,midwest,untreated,commercial,moderate,low,medium,evaluation,false,42
2521,west,lapsed,commercial,moderate,low,medium,research,false,79
2522,midwest,untreated,commercial,high,moderate,medium,awareness,false,86
2523,west,untreated,medicare_medicaid,moderate,low,high,research,false,27
2524,northeast,untreated,other,moderate,low,high,research,false,61
2525,west,untreated,commercial,moderate,high,medium,awareness,false,21
2526,west,on_competitor,commercial,high,moderate,low,research,false,93
2527,southwest,untreated,commercial,moderate,low,medium,evaluation,false,54
2528,northeast,untreated,medicare_medicaid,high,low,high,awareness,true,90
2529,west,untreated,medicare_medicaid,high,low,high,research,false,33
2530,west,lapsed,commercial,moderate,moderate,medium,research,true,118
2531,midwest,untreated,cash_pay,moderate,moderate,high,evaluation,false,76
2532,southeast,on_competitor,other,moderate,high,medium,re_engagement,false,1
2533,midwest,lapsed,cash_pay,high,low,high,research,true,16
2534,southwest,on_competitor,commercial,moderate,high,low,research,false,112
2535,west,on_competitor,medicare_medicaid,low,moderate,low,re_engagement,false,2
2536,northeast,untreated,medicare_medicaid,moderate,moderate,high,awareness,false,104
2537,midwest,on_competitor,other,low,moderate,high,re_engagement,true,50
2538,west,on_competitor,medicare_medicaid,high,moderate,medium,awareness,false,26
2539,west,untreated,medicare_medicaid,high,moderate,high,awareness,false,6
2540,northeast,untreated,cash_pay,moderate,high,medium,research,false,73
2541,southwest,on_competitor,other,moderate,low,medium,research,false,34
2542,west,on_competitor,commercial,moderate,high,low,evaluation,false,19
2543,west,untreated,commercial,moderate,moderate,low,awareness,false,0
2544,southeast,untreated,other,moderate,moderate,medium,awareness,false,118
2545,southeast,on_competitor,commercial,moderate,low,medium,re_engagement,true,60
2546,northeast,untreated,commercial,moderate,moderate,high,research,false,16
2547,northeast,untreated,commercial,moderate,high,low,awareness,false,38
2548,west,untreated,medicare_medicaid,moderate,moderate,low,evaluation,true,67
2549,midwest,untreated,medicare_medicaid,moderate,high,medium,research,true,8
2550,southwest,untreated,commercial,high,moderate,high,awareness,false,65
2551,northeast,on_competitor,commercial,moderate,moderate,medium,evaluation,false,77
2552,southeast,on_competitor,commercial,high,moderate,medium,research,true,77
2553,midwest,untreated,cash_pay,low,moderate,medium,evaluation,false,19
2554,northeast,on_competitor,commercial,moderate,moderate,low,re_engagement,false,45
2555,southeast,on_competitor,medicare_medicaid,high,moderate,high,research,false,81
2556,midwest,lapsed,medicare_medicaid,low,moderate,medium,research,true,55
2557,west,untreated,commercial,high,low,high,evaluation,false,45
2558,midwest,lapsed,cash_pay,high,moderate,high,awareness,true,39
2559,northeast,untreated,medicare_medicaid,moderate,moderate,low,research,false,46
2560,northeast,lapsed,commercial,moderate,moderate,low,re_engagement,false,20
2561,midwest,untreated,cash_pay,high,moderate,high,research,false,65
2562,southeast,lapsed,medicare_medicaid,high,moderate,low,re_engagement,false,94
2563,west,on_competitor,commercial,moderate,moderate,medium,evaluation,false,66
2564,west,untreated,medicare_medicaid,moderate,moderate,low,research,false,82
2565,northeast,lapsed,commercial,low,low,high,awareness,false,19
2566,northeast,untreated,commercial,high,moderate,medium,evaluation,false,2
2567,southwest,lapsed,commercial,moderate,high,medium,awareness,false,74
2568,northeast,untreated,commercial,moderate,low,low,evaluation,false,54
2569,southeast,untreated,cash_pay,moderate,moderate,low,re_engagement,false,59
2570,midwest,lapsed,cash_pay,high,low,medium,awareness,true,67
2571,west,untreated,cash_pay,moderate,moderate,high,evaluation,false,8
2572,northeast,untreated,medicare_medicaid,high,moderate,medium,re_engagement,false,80
2573,southeast,untreated,medicare_medicaid,moderate,moderate,medium,awareness,true,19
2574,west,lapsed,commercial,high,moderate,medium,awareness,false,100
2575,northeast,on_competitor,cash_pay,moderate,moderate,high,awareness,false,82
2576,midwest,on_competitor,commercial,moderate,low,medium,awareness,false,83
2577,northeast,lapsed,commercial,moderate,low,medium,re_engagement,true,75
2578,midwest,untreated,commercial,moderate,moderate,medium,awareness,false,90
2579,southwest,untreated,medicare_medicaid,high,low,high,awareness,false,53
2580,midwest,untreated,medicare_medicaid,low,low,high,re_engagement,true,45
2581,northeast,on_competitor,medicare_medicaid,high,high,low,evaluation,false,27
2582,southeast,untreated,medicare_medicaid,moderate,low,medium,re_engagement,false,82
2583,midwest,untreated,medicare_medicaid,low,high,low,evaluation,false,39
2584,midwest,untreated,commercial,low,moderate,medium,research,true,117
2585,west,on_competitor,other,low,low,high,awareness,false,56
2586,midwest,untreated,commercial,low,moderate,low,awareness,false,112
2587,midwest,lapsed,medicare_medicaid,low,high,medium,awareness,false,34
2588,midwest,untreated,commercial,low,moderate,low,re_engagement,false,104
2589,west,on_competitor,medicare_medicaid,high,high,medium,re_engagement,false,61
2590,midwest,untreated,medicare_medicaid,low,moderate,high,research,false,20
2591,west,on_competitor,commercial,moderate,high,medium,research,false,90
2592,midwest,untreated,commercial,moderate,low,medium,evaluation,false,29
2593,southeast,untreated,commercial,low,moderate,medium,evaluation,false,31
2594,west,on_competitor,commercial,moderate,high,low,research,false,32
2595,west,untreated,commercial,moderate,moderate,low,awareness,false,34
2596,southwest,on_competitor,medicare_medicaid,moderate,moderate,medium,re_engagement,false,9
2597,northeast,untreated,medicare_medicaid,high,low,low,re_engagement,false,97
2598,southeast,untreated,medicare_medicaid,moderate,high,medium,evaluation,true,62
2599,southeast,lapsed,cash_pay,high,low,high,research,false,81
2600,southwest,lapsed,cash_pay,high,high,high,evaluation,false,95
2601,west,untreated,medicare_medicaid,moderate,high,medium,awareness,false,58
2602,west,untreated,other,moderate,low,low,re_engagement,false,117
2603,northeast,untreated,other,high,low,high,awareness,false,28
2604,midwest,untreated,commercial,low,high,medium,research,false,53
2605,midwest,untreated,commercial,moderate,moderate,low,awareness,false,104
2606,southeast,untreated,commercial,high,high,high,awareness,false,50
2607,southeast,lapsed,commercial,low,moderate,low,research,false,96
2608,northeast,untreated,medicare_medicaid,moderate,moderate,high,research,false,42
2609,west,untreated,medicare_medicaid,moderate,moderate,high,awareness,true,77
2610,northeast,untreated,cash_pay,moderate,low,medium,re_engagement,false,42
2611,west,untreated,other,low,low,low,awareness,false,112
2612,midwest,on_competitor,commercial,low,high,low,research,false,29
2613,southwest,untreated,commercial,moderate,moderate,medium,research,false,25
2614,northeast,untreated,commercial,moderate,moderate,medium,research,false,8
2615,west,untreated,commercial,moderate,moderate,medium,evaluation,false,65
2616,west,untreated,cash_pay,moderate,high,medium,research,false,10
2617,midwest,untreated,commercial,low,high,medium,research,true,13
2618,northeast,lapsed,cash_pay,high,moderate,low,evaluation,false,40
2619,northeast,untreated,cash_pay,low,moderate,medium,evaluation,true,54
2620,west,lapsed,commercial,low,high,high,awareness,false,1
2621,northeast,untreated,commercial,high,moderate,high,re_engagement,false,42
2622,northeast,lapsed,commercial,low,high,medium,awareness,false,3
2623,midwest,untreated,commercial,high,moderate,medium,awareness,true,110
2624,southwest,untreated,commercial,moderate,high,low,awareness,true,40
2625,southwest,untreated,commercial,moderate,high,medium,evaluation,true,84
2626,west,on_competitor,cash_pay,high,high,medium,awareness,false,24
2627,northeast,untreated,commercial,high,low,high,awareness,false,32
2628,west,untreated,medicare_medicaid,high,high,low,research,false,38
2629,southeast,on_competitor,commercial,high,moderate,medium,awareness,false,93
2630,southwest,lapsed,commercial,moderate,moderate,medium,re_engagement,false,35
2631,midwest,on_competitor,medicare_medicaid,high,moderate,low,research,false,42
2632,southwest,on_competitor,other,moderate,low,medium,awareness,false,114
2633,northeast,untreated,cash_pay,low,moderate,medium,research,false,34
2634,southwest,untreated,commercial,moderate,moderate,medium,awareness,false,34
2635,southeast,lapsed,cash_pay,moderate,moderate,medium,evaluation,false,52
2636,midwest,untreated,cash_pay,moderate,moderate,low,awareness,false,90
2637,southeast,on_competitor,other,high,high,medium,awareness,false,82
2638,southeast,on_competitor,commercial,moderate,low,medium,awareness,false,52
2639,midwest,on_competitor,medicare_medicaid,moderate,high,high,research,false,37
2640,midwest,on_competitor,commercial,moderate,low,medium,evaluation,false,45
2641,west,lapsed,medicare_medicaid,high,low,medium,awareness,false,3
2642,midwest,untreated,commercial,high,high,medium,evaluation,false,120
2643,midwest,untreated,medicare_medicaid,moderate,moderate,medium,research,true,93
2644,northeast,untreated,commercial,high,moderate,high,research,false,98
2645,northeast,untreated,medicare_medicaid,low,moderate,high,evaluation,false,89
2646,west,untreated,commercial,low,moderate,medium,evaluation,false,103
2647,southwest,on_competitor,commercial,moderate,moderate,medium,evaluation,false,14
2648,southeast,untreated,other,moderate,moderate,low,research,false,3
2649,southwest,untreated,commercial,high,moderate,low,re_engagement,true,44
2650,midwest,on_competitor,commercial,moderate,high,medium,evaluation,true,96
2651,northeast,untreated,commercial,high,moderate,medium,evaluation,false,26
2652,southeast,lapsed,cash_pay,high,low,medium,evaluation,true,7
2653,southwest,lapsed,medicare_medicaid,high,high,low,research,true,1
2654,midwest,lapsed,cash_pay,moderate,high,low,evaluation,false,118
2655,southwest,untreated,commercial,moderate,low,high,re_engagement,false,69
2656,west,lapsed,commercial,moderate,high,low,awareness,false,25
2657,southwest,untreated,other,high,high,low,awareness,false,9
2658,west,untreated,medicare_medicaid,moderate,moderate,high,research,true,69
2659,northeast,untreated,cash_pay,high,moderate,low,research,true,17
2660,northeast,on_competitor,medicare_medicaid,low,low,high,awareness,false,111
2661,southwest,untreated,medicare_medicaid,low,high,low,awareness,false,108
2662,southeast,on_competitor,other,low,high,high,awareness,false,108
2663,midwest,untreated,commercial,moderate,moderate,low,evaluation,true,117
2664,southeast,on_competitor,other,moderate,moderate,high,re_engagement,true,82
2665,southeast,untreated,cash_pay,high,high,high,awareness,true,76
2666,southwest,on_competitor,commercial,high,moderate,high,awareness,false,22
2667,midwest,on_competitor,commercial,high,high,medium,research,false,119
2668,midwest,on_competitor,medicare_medicaid,moderate,moderate,high,research,false,36
2669,southwest,untreated,medicare_medicaid,low,high,low,re_engagement,false,43
2670,southeast,untreated,medicare_medicaid,moderate,moderate,high,awareness,true,23
2671,west,untreated,medicare_medicaid,moderate,high,medium,research,true,48
2672,midwest,lapsed,medicare_medicaid,high,low,medium,awareness,false,0
2673,southeast,lapsed,medicare_medicaid,low,low,low,evaluation,false,99
2674,southwest,lapsed,commercial,moderate,low,medium,research,false,102
2675,midwest,on_competitor,medicare_medicaid,high,moderate,low,evaluation,true,111
2676,northeast,on_competitor,commercial,moderate,high,medium,awareness,false,60
2677,northeast,untreated,commercial,low,moderate,low,awareness,true,92
2678,southeast,on_competitor,medicare_medicaid,high,moderate,high,evaluation,false,44
2679,west,on_competitor,other,high,moderate,high,research,true,98
2680,midwest,on_competitor,other,high,low,low,evaluation,false,46
2681,midwest,lapsed,commercial,moderate,moderate,low,re_engagement,true,9
2682,southeast,untreated,medicare_medicaid,low,moderate,medium,awareness,false,111
2683,west,on_competitor,medicare_medicaid,low,low,low,research,false,58
2684,southwest,untreated,commercial,high,high,medium,research,false,2
2685,west,untreated,medicare_medicaid,low,moderate,high,evaluation,false,71
2686,northeast,on_competitor,commercial,high,moderate,medium,evaluation,false,117
2687,west,lapsed,commercial,moderate,moderate,medium,awareness,false,63
2688,midwest,on_competitor,commercial,moderate,moderate,low,research,false,106
2689,southwest,untreated,medicare_medicaid,high,moderate,high,research,false,54
2690,northeast,untreated,commercial,high,moderate,low,evaluation,false,114
2691,southeast,untreated,commercial,moderate,low,medium,research,false,115
2692,northeast,on_competitor,commercial,high,moderate,medium,research,false,81
2693,southeast,on_competitor,commercial,moderate,low,high,awareness,false,103
2694,southeast,untreated,commercial,moderate,low,low,awareness,true,4
2695,midwest,untreated,commercial,high,moderate,low,re_engagement,false,41
2696,southeast,on_competitor,commercial,low,low,medium,evaluation,false,48
2697,southeast,untreated,commercial,high,low,low,evaluation,false,43
2698,southeast,on_competitor,commercial,high,high,medium,re_engagement,true,49
2699,southeast,untreated,other,high,moderate,low,re_engagement,false,11
2700,northeast,untreated,commercial,high,high,low,awareness,false,69
2701,northeast,lapsed,commercial,moderate,moderate,high,research,true,109
2702,northeast,lapsed,commercial,high,moderate,low,awareness,false,75
2703,northeast,untreated,medicare_medicaid,low,moderate,low,awareness,true,74
2704,midwest,untreated,medicare_medicaid,high,moderate,medium,research,false,0
2705,northeast,untreated,cash_pay,moderate,moderate,medium,awareness,false,91
2706,southeast,on_competitor,medicare_medicaid,moderate,moderate,high,awareness,false,74
2707,west,lapsed,commercial,high,low,medium,evaluation,true,95
2708,southwest,untreated,medicare_medicaid,moderate,low,medium,awareness,false,37
2709,southeast,untreated,commercial,high,moderate,medium,re_engagement,false,86
2710,southwest,on_competitor,other,moderate,low,medium,research,false,7
2711,west,untreated,medicare_medicaid,moderate,high,low,research,false,105
2712,southeast,on_competitor,medicare_medicaid,moderate,high,medium,awareness,true,8
2713,southeast,on_competitor,medicare_medicaid,moderate,moderate,medium,evaluation,false,26
2714,northeast,untreated,commercial,moderate,moderate,medium,awareness,true,104
2715,west,on_competitor,medicare_medicaid,high,high,medium,awareness,false,77
2716,northeast,untreated,commercial,moderate,moderate,medium,re_engagement,false,68
2717,west,on_competitor,cash_pay,moderate,high,low,research,false,80
2718,southeast,untreated,medicare_medicaid,high,moderate,high,evaluation,true,84
2719,west,on_competitor,medicare_medicaid,high,high,high,re_engagement,false,17
2720,northeast,untreated,commercial,low,low,high,awareness,false,37
2721,southeast,untreated,cash_pay,high,low,low,awareness,true,35
2722,southeast,untreated,other,low,moderate,high,evaluation,false,96
2723,midwest,untreated,commercial,moderate,moderate,medium,awareness,false,102
2724,west,on_competitor,cash_pay,high,moderate,low,awareness,false,16
2725,southeast,lapsed,commercial,low,low,low,evaluation,false,98
2726,southeast,untreated,commercial,moderate,moderate,low,awareness,true,56
2727,northeast,on_competitor,medicare_medicaid,high,high,low,awareness,false,100
2728,southwest,on_competitor,commercial,moderate,moderate,medium,research,false,119
2729,west,lapsed,medicare_medicaid,high,moderate,medium,research,false,17
2730,southwest,untreated,commercial,moderate,moderate,low,evaluation,false,11
2731,midwest,untreated,cash_pay,low,low,high,awareness,false,112
2732,northeast,untreated,medicare_medicaid,moderate,moderate,medium,research,false,93
2733,southeast,untreated,commercial,high,high,high,re_engagement,false,25
2734,northeast,untreated,commercial,moderate,high,high,evaluation,false,92
2735,southeast,on_competitor,other,high,low,high,re_engagement,true,96
2736,west,untreated,medicare_medicaid,moderate,low,medium,re_engagement,false,77
2737,west,untreated,medicare_medicaid,moderate,moderate,high,evaluation,false,117
2738,southeast,untreated,other,high,moderate,medium,research,false,106
2739,southwest,untreated,commercial,moderate,low,low,research,true,6
2740,southwest,lapsed,cash_pay,high,low,low,awareness,false,115
2741,west,on_competitor,cash_pay,high,low,low,research,false,81
2742,west,on_competitor,commercial,moderate,high,low,awareness,false,49
2743,southeast,lapsed,medicare_medicaid,low,high,medium,awareness,false,27
2744,midwest,untreated,commercial,high,high,medium,awareness,false,119
2745,southeast,untreated,commercial,low,moderate,low,awareness,false,4
2746,midwest,untreated,other,high,low,medium,research,false,61
2747,southeast,on_competitor,commercial,moderate,moderate,high,research,false,10
2748,midwest,on_competitor,cash_pay,moderate,moderate,medium,awareness,true,52
2749,southwest,untreated,cash_pay,low,moderate,high,awareness,true,45
2750,northeast,on_competitor,commercial,high,moderate,medium,awareness,false,31
2751,midwest,on_competitor,cash_pay,high,high,medium,awareness,false,99
2752,southeast,on_competitor,commercial,moderate,moderate,low,research,false,77
2753,northeast,lapsed,cash_pay,high,high,medium,awareness,false,59
2754,west,untreated,medicare_medicaid,moderate,moderate,low,awareness,false,94
2755,northeast,on_competitor,commercial,moderate,low,medium,re_engagement,true,69
2756,northeast,untreated,other,moderate,moderate,medium,re_engagement,false,81
2757,west,untreated,medicare_medicaid,moderate,high,medium,research,false,95
2758,northeast,lapsed,cash_pay,moderate,high,low,evaluation,false,117
2759,northeast,untreated,medicare_medicaid,high,low,low,awareness,true,109
2760,northeast,untreated,medicare_medicaid,moderate,low,high,research,false,108
2761,west,lapsed,other,high,moderate,high,evaluation,false,15
2762,midwest,on_competitor,medicare_medicaid,high,moderate,medium,evaluation,false,58
2763,northeast,untreated,medicare_medicaid,moderate,moderate,low,awareness,false,2
2764,southeast,on_competitor,commercial,low,moderate,low,evaluation,false,46
2765,midwest,untreated,commercial,moderate,high,low,awareness,false,79
2766,midwest,on_competitor,commercial,high,moderate,medium,evaluation,false,100
2767,northeast,on_competitor,other,high,moderate,low,awareness,false,116
2768,northeast,untreated,medicare_medicaid,high,moderate,medium,awareness,false,59
2769,midwest,lapsed,cash_pay,low,high,medium,research,false,45
2770,northeast,untreated,commercial,high,moderate,medium,evaluation,false,114
2771,southwest,on_competitor,other,moderate,moderate,high,evaluation,true,26
2772,southwest,untreated,medicare_medicaid,high,moderate,medium,awareness,false,39
2773,southeast,untreated,cash_pay,moderate,high,medium,evaluation,false,5
2774,west,lapsed,cash_pay,moderate,high,medium,awareness,false,95
2775,northeast,untreated,commercial,high,low,low,evaluation,false,14
2776,west,untreated,cash_pay,low,moderate,low,awareness,false,108
2777,northeast,on_competitor,medicare_medicaid,moderate,low,high,awareness,true,92
2778,northeast,untreated,cash_pay,moderate,high,medium,awareness,true,120
2779,west,untreated,other,high,moderate,high,awareness,false,8
2780,southwest,untreated,medicare_medicaid,high,moderate,medium,awareness,false,90
2781,southeast,untreated,medicare_medicaid,high,moderate,low,re_engagement,true,100
2782,northeast,lapsed,commercial,moderate,moderate,medium,re_engagement,false,38
2783,southwest,on_competitor,other,moderate,low,high,re_engagement,false,106
2784,northeast,lapsed,other,moderate,low,medium,evaluation,true,78
2785,southwest,untreated,medicare_medicaid,moderate,moderate,low,research,false,95
2786,west,untreated,medicare_medicaid,moderate,moderate,high,evaluation,false,13
2787,midwest,untreated,medicare_medicaid,low,moderate,medium,re_engagement,true,67
2788,southwest,on_competitor,commercial,high,moderate,high,evaluation,true,93
2789,southwest,on_competitor,cash_pay,high,low,low,awareness,false,55
2790,west,untreated,medicare_medicaid,moderate,moderate,medium,research,false,104
2791,northeast,untreated,other,moderate,low,medium,research,false,74
2792,west,on_competitor,medicare_medicaid,high,moderate,medium,research,true,41
2793,west,lapsed,commercial,high,low,high,research,false,3
2794,southwest,untreated,other,low,moderate,high,awareness,false,49
2795,midwest,untreated,commercial,high,low,medium,re_engagement,false,50
2796,northeast,untreated,medicare_medicaid,high,high,high,research,true,111
2797,west,on_competitor,commercial,moderate,high,medium,evaluation,false,57
2798,southwest,on_competitor,commercial,moderate,high,low,awareness,true,25
2799,northeast,untreated,cash_pay,high,high,medium,research,false,63
2800,midwest,untreated,other,moderate,moderate,medium,re_engagement,true,108
2801,midwest,untreated,cash_pay,moderate,high,low,awareness,false,63
2802,northeast,on_competitor,commercial,high,high,medium,evaluation,true,89
2803,midwest,lapsed,commercial,low,moderate,low,awareness,false,63
2804,west,lapsed,cash_pay,moderate,moderate,high,re_engagement,false,52
2805,southwest,on_competitor,commercial,moderate,moderate,medium,awareness,false,32
2806,northeast,lapsed,commercial,high,moderate,medium,research,false,105
2807,southwest,untreated,medicare_medicaid,moderate,low,medium,evaluation,false,109
2808,southwest,untreated,commercial,moderate,moderate,low,research,false,55
2809,west,lapsed,medicare_medicaid,high,high,medium,research,false,60
2810,midwest,untreated,medicare_medicaid,high,low,medium,evaluation,false,27
2811,west,on_competitor,commercial,low,moderate,high,evaluation,false,4
2812,west,untreated,cash_pay,high,high,high,awareness,true,34
2813,northeast,untreated,cash_pay,high,high,low,re_engagement,false,25
2814,west,on_competitor,medicare_medicaid,low,moderate,low,re_engagement,false,81
2815,southeast,on_competitor,medicare_medicaid,moderate,high,high,awareness,true,71
2816,northeast,lapsed,commercial,high,moderate,low,re_engagement,true,23
2817,northeast,lapsed,commercial,high,high,high,research,false,87
2818,northeast,on_competitor,commercial,moderate,low,high,awareness,false,92
2819,northeast,lapsed,commercial,high,high,high,awareness,false,113
2820,southeast,untreated,medicare_medicaid,low,moderate,low,evaluation,true,6
2821,midwest,on_competitor,medicare_medicaid,moderate,moderate,medium,research,true,80
2822,southwest,on_competitor,cash_pay,low,moderate,medium,awareness,true,85
2823,southeast,lapsed,cash_pay,high,moderate,medium,evaluation,false,53
2824,northeast,untreated,cash_pay,moderate,high,medium,research,false,17
2825,west,lapsed,cash_pay,high,moderate,medium,re_engagement,true,54
2826,northeast,untreated,cash_pay,high,high,low,re_engagement,false,50
2827,midwest,untreated,other,moderate,high,medium,research,true,108
2828,midwest,untreated,commercial,high,moderate,high,awareness,true,42
2829,west,on_competitor,medicare_medicaid,low,high,medium,evaluation,false,86
2830,southwest,lapsed,other,high,low,high,research,false,4
2831,southeast,untreated,other,moderate,moderate,low,research,false,51
2832,northeast,untreated,medicare_medicaid,moderate,low,low,awareness,true,46
2833,southeast,on_competitor,medicare_medicaid,moderate,high,medium,awareness,true,36
2834,northeast,on_competitor,commercial,low,high,low,research,false,28
2835,northeast,lapsed,commercial,moderate,high,high,research,true,82
2836,northeast,untreated,commercial,moderate,low,high,research,false,100
2837,west,lapsed,other,high,high,low,research,false,10
2838,west,on_competitor,medicare_medicaid,low,high,low,research,false,115
2839,southeast,untreated,commercial,moderate,low,low,awareness,true,65
2840,midwest,on_competitor,medicare_medicaid,high,low,medium,evaluation,true,110
2841,southeast,untreated,commercial,high,low,low,evaluation,false,103
2842,midwest,on_competitor,medicare_medicaid,high,high,high,evaluation,false,21
2843,midwest,on_competitor,medicare_medicaid,moderate,high,high,awareness,false,92
2844,southeast,on_competitor,medicare_medicaid,moderate,moderate,medium,research,false,30
2845,midwest,on_competitor,commercial,high,high,medium,awareness,true,6
2846,southeast,lapsed,commercial,high,high,medium,awareness,true,30
2847,midwest,on_competitor,commercial,high,high,medium,awareness,false,112
2848,southeast,on_competitor,commercial,moderate,moderate,medium,awareness,false,86
2849,northeast,on_competitor,other,moderate,high,medium,awareness,false,75
2850,west,on_competitor,medicare_medicaid,high,high,medium,awareness,false,12
2851,southwest,on_competitor,other,moderate,moderate,low,research,false,101
2852,midwest,on_competitor,medicare_medicaid,high,high,low,research,false,112
2853,west,on_competitor,medicare_medicaid,moderate,moderate,low,research,false,18
2854,southeast,on_competitor,commercial,high,high,medium,awareness,false,93
2855,northeast,on_competitor,cash_pay,moderate,moderate,low,research,false,51
2856,west,untreated,cash_pay,moderate,low,medium,re_engagement,false,63
2857,northeast,untreated,medicare_medicaid,low,moderate,low,re_engagement,true,17
2858,west,untreated,cash_pay,low,moderate,high,awareness,false,113
2859,midwest,untreated,commercial,high,moderate,medium,awareness,false,99
2860,southeast,untreated,medicare_medicaid,high,high,medium,awareness,false,68
2861,northeast,on_competitor,other,high,high,low,awareness,false,72
2862,midwest,untreated,medicare_medicaid,high,moderate,medium,re_engagement,true,35
2863,midwest,on_competitor,medicare_medicaid,moderate,moderate,low,evaluation,false,73
2864,west,lapsed,commercial,low,low,medium,evaluation,true,119
2865,southeast,untreated,commercial,high,low,low,evaluation,false,74
2866,midwest,untreated,commercial,moderate,moderate,low,awareness,true,14
2867,midwest,untreated,other,moderate,high,high,awareness,false,78
2868,west,on_competitor,medicare_medicaid,high,moderate,high,research,false,76
2869,northeast,untreated,cash_pay,high,high,low,evaluation,false,53
2870,west,untreated,medicare_medicaid,moderate,high,high,re_engagement,false,63
2871,west,untreated,cash_pay,low,moderate,high,awareness,false,106
2872,midwest,untreated,other,high,moderate,high,evaluation,false,13
2873,southeast,untreated,commercial,moderate,moderate,low,research,false,67
2874,west,lapsed,medicare_medicaid,low,high,medium,re_engagement,false,14
2875,west,on_competitor,commercial,high,low,medium,evaluation,false,14
2876,west,untreated,medicare_medicaid,moderate,high,high,awareness,false,67
2877,midwest,untreated,cash_pay,high,moderate,high,awareness,false,76
2878,southeast,untreated,medicare_medicaid,high,high,medium,re_engagement,false,30
2879,southwest,on_competitor,medicare_medicaid,low,high,high,re_engagement,true,80
2880,southwest,untreated,cash_pay,low,high,high,awareness,false,94
2881,midwest,untreated,cash_pay,moderate,low,high,evaluation,false,111
2882,northeast,untreated,other,low,low,medium,research,true,89
2883,northeast,on_competitor,medicare_medicaid,high,high,low,evaluation,false,29
2884,southeast,untreated,cash_pay,moderate,high,high,research,false,84
2885,west,on_competitor,medicare_medicaid,moderate,moderate,medium,research,false,68
2886,midwest,untreated,other,high,low,medium,re_engagement,false,58
2887,west,untreated,commercial,moderate,low,low,research,true,112
2888,southwest,untreated,medicare_medicaid,low,moderate,medium,awareness,false,28
2889,southwest,on_competitor,cash_pay,high,high,low,awareness,false,34
2890,midwest,untreated,cash_pay,low,high,high,research,false,23
2891,southeast,on_competitor,commercial,high,low,low,evaluation,false,21
2892,southwest,untreated,cash_pay,high,moderate,medium,awareness,false,103
2893,southeast,lapsed,medicare_medicaid,high,moderate,medium,re_engagement,true,94
2894,west,untreated,other,moderate,moderate,medium,research,true,63
2895,midwest,untreated,medicare_medicaid,high,high,low,awareness,false,38
2896,southwest,lapsed,medicare_medicaid,moderate,moderate,high,research,true,115
2897,northeast,lapsed,medicare_medicaid,high,moderate,low,evaluation,false,22
2898,southwest,untreated,commercial,moderate,moderate,medium,re_engagement,false,22
2899,midwest,on_competitor,commercial,moderate,high,low,evaluation,false,69
2900,northeast,on_competitor,medicare_medicaid,low,low,high,awareness,false,80
2901,southeast,lapsed,commercial,moderate,moderate,low,research,true,38
2902,midwest,on_competitor,commercial,high,high,medium,re_engagement,false,48
2903,midwest,untreated,cash_pay,moderate,low,medium,awareness,false,93
2904,southeast,on_competitor,medicare_medicaid,high,moderate,low,awareness,false,106
2905,southwest,untreated,commercial,moderate,moderate,high,research,false,47
2906,southwest,on_competitor,other,low,low,low,research,false,111
2907,southeast,lapsed,commercial,moderate,low,medium,awareness,false,15
2908,midwest,lapsed,commercial,moderate,low,medium,awareness,false,58
2909,southeast,untreated,commercial,moderate,moderate,medium,research,false,57
2910,midwest,on_competitor,commercial,high,moderate,medium,evaluation,false,111
2911,west,lapsed,medicare_medicaid,high,high,medium,awareness,true,97
2912,midwest,untreated,cash_pay,low,low,medium,awareness,false,45
2913,west,untreated,commercial,high,moderate,medium,re_engagement,false,49
2914,southeast,untreated,medicare_medicaid,moderate,high,low,awareness,false,78
2915,southwest,lapsed,medicare_medicaid,high,low,high,awareness,false,2
2916,west,on_competitor,commercial,moderate,low,low,research,true,105
2917,southwest,on_competitor,other,moderate,moderate,medium,evaluation,false,115
2918,southeast,untreated,commercial,high,high,low,re_engagement,false,68
2919,west,untreated,medicare_medicaid,moderate,low,high,awareness,false,9
2920,west,on_competitor,commercial,moderate,moderate,high,research,false,6
2921,northeast,on_competitor,medicare_medicaid,high,moderate,low,evaluation,false,18
2922,midwest,untreated,medicare_medicaid,high,low,medium,awareness,false,117
2923,southeast,untreated,other,low,moderate,medium,research,false,114
2924,southeast,untreated,commercial,low,moderate,low,awareness,false,80
2925,southeast,on_competitor,cash_pay,high,moderate,low,awareness,true,19
2926,southeast,untreated,medicare_medicaid,high,moderate,medium,awareness,false,107
2927,southeast,untreated,commercial,high,moderate,medium,evaluation,false,49
2928,southeast,untreated,medicare_medicaid,moderate,moderate,high,research,false,62
2929,southeast,lapsed,medicare_medicaid,moderate,moderate,low,awareness,false,36
2930,west,lapsed,commercial,high,high,medium,evaluation,false,111
2931,west,untreated,commercial,moderate,moderate,medium,awareness,false,2
2932,midwest,lapsed,medicare_medicaid,high,moderate,medium,awareness,true,96
2933,northeast,untreated,cash_pay,high,moderate,high,evaluation,true,108
2934,northeast,untreated,commercial,moderate,moderate,low,evaluation,false,43
2935,southwest,untreated,cash_pay,moderate,moderate,low,re_engagement,false,110
2936,southwest,on_competitor,medicare_medicaid,high,moderate,high,evaluation,false,4
2937,northeast,untreated,other,moderate,high,medium,evaluation,false,96
2938,west,on_competitor,commercial,moderate,low,medium,research,false,40
2939,northeast,lapsed,commercial,low,moderate,medium,research,false,51
2940,southeast,untreated,commercial,moderate,low,medium,evaluation,false,62
2941,southeast,on_competitor,medicare_medicaid,moderate,moderate,medium,evaluation,false,113
2942,midwest,untreated,cash_pay,moderate,moderate,medium,research,false,67
2943,northeast,on_competitor,cash_pay,moderate,moderate,low,awareness,false,63
2944,southeast,untreated,commercial,high,moderate,low,research,true,19
2945,northeast,untreated,commercial,low,moderate,medium,awareness,false,111
2946,midwest,untreated,cash_pay,high,moderate,medium,awareness,false,110
2947,northeast,untreated,commercial,moderate,moderate,low,re_engagement,false,21
2948,northeast,lapsed,medicare_medicaid,moderate,low,high,research,false,89
2949,southeast,on_competitor,commercial,low,moderate,medium,awareness,false,117
2950,midwest,untreated,commercial,high,moderate,low,re_engagement,false,98
2951,west,untreated,commercial,low,low,high,research,true,15
2952,midwest,untreated,commercial,moderate,moderate,high,research,false,86
2953,northeast,on_competitor,commercial,low,low,medium,evaluation,false,110
2954,midwest,untreated,cash_pay,high,moderate,high,awareness,false,68
2955,midwest,on_competitor,medicare_medicaid,moderate,high,low,awareness,false,104
2956,southeast,untreated,commercial,moderate,low,low,re_engagement,true,77
2957,midwest,lapsed,cash_pay,high,low,low,research,false,22
2958,southeast,untreated,medicare_medicaid,high,high,low,evaluation,true,31
2959,southwest,untreated,commercial,high,high,low,awareness,true,103
2960,northeast,untreated,medicare_medicaid,high,moderate,high,research,false,52
2961,midwest,untreated,medicare_medicaid,high,moderate,medium,evaluation,false,102
2962,southwest,untreated,commercial,moderate,moderate,low,research,true,120
2963,southwest,on_competitor,commercial,high,moderate,medium,re_engagement,false,102
2964,southeast,untreated,commercial,moderate,moderate,medium,evaluation,true,7
2965,southwest,lapsed,cash_pay,moderate,moderate,low,awareness,false,15
2966,northeast,untreated,cash_pay,low,high,low,evaluation,false,81
2967,west,untreated,commercial,moderate,low,high,awareness,true,34
2968,west,untreated,cash_pay,moderate,high,medium,awareness,false,81
2969,southwest,lapsed,commercial,high,high,medium,awareness,true,18
2970,southwest,untreated,medicare_medicaid,low,high,medium,research,true,103
2971,midwest,untreated,commercial,moderate,high,medium,re_engagement,false,42
2972,midwest,on_competitor,other,moderate,moderate,low,evaluation,false,2
2973,northeast,lapsed,medicare_medicaid,high,low,low,awareness,false,108
2974,midwest,untreated,medicare_medicaid,low,moderate,medium,research,false,2
2975,northeast,untreated,medicare_medicaid,moderate,moderate,medium,re_engagement,false,4
2976,southeast,untreated,medicare_medicaid,high,low,low,research,false,118
2977,west,untreated,commercial,moderate,low,high,evaluation,false,26
2978,southwest,untreated,commercial,high,low,high,awareness,true,12
2979,southwest,on_competitor,medicare_medicaid,high,moderate,high,awareness,false,115
2980,west,lapsed,medicare_medicaid,high,high,medium,evaluation,false,109
2981,midwest,lapsed,other,high,high,low,evaluation,false,9
2982,west,on_competitor,commercial,low,moderate,high,awareness,false,71
2983,southeast,untreated,commercial,moderate,moderate,medium,evaluation,false,28
2984,west,untreated,medicare_medicaid,low,high,medium,research,false,67
2985,southeast,on_competitor,cash_pay,high,moderate,medium,awareness,false,120
2986,west,on_competitor,cash_pay,high,low,medium,re_engagement,false,14
2987,northeast,on_competitor,commercial,high,low,medium,research,false,87
2988,southeast,lapsed,other,moderate,moderate,medium,research,false,70
2989,southwest,untreated,cash_pay,moderate,low,medium,awareness,false,81
2990,southwest,untreated,commercial,high,low,medium,evaluation,false,89
2991,southeast,on_competitor,cash_pay,low,high,medium,evaluation,false,67
2992,southwest,untreated,other,moderate,moderate,low,evaluation,true,78
2993,southeast,on_competitor,commercial,high,moderate,high,awareness,false,82
2994,southwest,untreated,medicare_medicaid,moderate,moderate,low,evaluation,false,6
2995,northeast,on_competitor,cash_pay,low,high,low,evaluation,false,10
2996,southeast,on_competitor,medicare_medicaid,moderate,high,low,awareness,false,69
2997,northeast,on_competitor,cash_pay,moderate,moderate,medium,awareness,false,98
2998,west,untreated,commercial,high,moderate,medium,awareness,true,26
2999,southeast,untreated,commercial,low,moderate,low,evaluation,false,112
3000,southeast,on_competitor,cash_pay,high,moderate,low,research,true,31
3001,southwest,on_competitor,commercial,low,moderate,low,evaluation,false,81
3002,midwest,on_competitor,commercial,high,high,high,evaluation,false,73
3003,midwest,untreated,commercial,moderate,low,medium,evaluation,false,19
3004,southeast,lapsed,commercial,low,low,high,re_engagement,false,108
3005,west,on_competitor,commercial,high,high,medium,research,false,17
3006,northeast,untreated,commercial,high,low,medium,research,false,36
3007,northeast,on_competitor,medicare_medicaid,moderate,high,medium,research,false,114
3008,midwest,on_competitor,commercial,moderate,moderate,medium,awareness,false,88
3009,northeast,untreated,commercial,moderate,moderate,medium,research,false,69
3010,west,untreated,cash_pay,moderate,moderate,medium,research,false,55
3011,west,untreated,medicare_medicaid,high,high,medium,evaluation,false,101
3012,midwest,on_competitor,commercial,low,moderate,medium,research,false,52
3013,northeast,lapsed,commercial,high,moderate,high,evaluation,true,51
3014,west,lapsed,commercial,high,high,medium,research,false,84
3015,northeast,untreated,commercial,high,moderate,low,awareness,false,30
3016,west,on_competitor,medicare_medicaid,moderate,moderate,low,re_engagement,false,64
3017,southeast,untreated,commercial,high,low,medium,awareness,false,42
3018,southeast,lapsed,commercial,moderate,high,high,research,false,44
3019,west,on_competitor,medicare_medicaid,moderate,low,medium,evaluation,false,62
3020,midwest,untreated,medicare_medicaid,moderate,high,high,research,false,80
3021,west,on_competitor,commercial,high,moderate,medium,re_engagement,false,0
3022,midwest,untreated,commercial,low,low,medium,evaluation,false,63
3023,midwest,on_competitor,cash_pay,low,high,low,research,false,73
3024,northeast,untreated,cash_pay,moderate,moderate,medium,research,true,3
3025,west,untreated,commercial,high,moderate,medium,evaluation,true,13
3026,northeast,untreated,commercial,moderate,moderate,medium,research,false,76
3027,midwest,untreated,commercial,high,low,low,evaluation,false,103
3028,west,on_competitor,cash_pay,low,moderate,medium,awareness,false,101
3029,southwest,untreated,commercial,moderate,moderate,medium,research,false,58
3030,midwest,untreated,commercial,moderate,low,low,research,true,24
3031,northeast,on_competitor,commercial,moderate,low,medium,research,false,78
3032,southeast,untreated,medicare_medicaid,high,moderate,high,research,false,104
3033,southwest,lapsed,commercial,low,high,high,re_engagement,false,85
3034,midwest,untreated,cash_pay,low,low,medium,research,false,49
3035,midwest,lapsed,other,high,low,medium,awareness,false,103
3036,southeast,on_competitor,cash_pay,high,low,high,research,false,74
3037,west,untreated,medicare_medicaid,low,low,low,awareness,false,41
3038,west,lapsed,commercial,high,moderate,medium,research,false,107
3039,midwest,untreated,commercial,low,low,medium,awareness,false,48
3040,west,lapsed,commercial,moderate,moderate,low,awareness,false,102
3041,midwest,on_competitor,cash_pay,low,moderate,low,re_engagement,true,2
3042,northeast,on_competitor,commercial,low,moderate,low,research,false,92
3043,southeast,untreated,commercial,moderate,moderate,medium,awareness,false,17
3044,southwest,untreated,commercial,moderate,high,medium,re_engagement,false,14
3045,northeast,untreated,commercial,moderate,high,medium,re_engagement,false,37
3046,midwest,untreated,cash_pay,high,moderate,medium,research,false,30
3047,southeast,on_competitor,cash_pay,high,moderate,medium,evaluation,true,53
3048,northeast,untreated,commercial,high,moderate,medium,research,false,13
3049,west,untreated,commercial,high,low,low,evaluation,false,101
3050,midwest,untreated,medicare_medicaid,high,moderate,medium,awareness,false,96
3051,west,untreated,commercial,low,low,medium,re_engagement,false,96
3052,northeast,untreated,commercial,high,moderate,low,re_engagement,false,6
3053,northeast,untreated,cash_pay,moderate,high,medium,research,false,59
3054,midwest,lapsed,commercial,low,low,low,awareness,false,93
3055,southwest,untreated,other,moderate,high,low,research,false,96
3056,west,untreated,medicare_medicaid,moderate,moderate,low,evaluation,false,25
3057,southeast,on_competitor,commercial,moderate,moderate,medium,evaluation,true,52
3058,northeast,untreated,cash_pay,low,moderate,medium,awareness,false,98
3059,southeast,on_competitor,commercial,high,high,low,evaluation,true,116
3060,northeast,on_competitor,medicare_medicaid,high,low,medium,research,false,119
3061,west,untreated,cash_pay,moderate,moderate,medium,evaluation,false,24
3062,southeast,untreated,medicare_medicaid,high,moderate,low,awareness,false,48
3063,northeast,untreated,commercial,moderate,high,medium,research,false,30
3064,midwest,untreated,commercial,moderate,low,medium,research,false,109
3065,southeast,untreated,commercial,high,low,high,re_engagement,false,58
3066,west,on_competitor,commercial,high,low,high,awareness,false,33
3067,southeast,on_competitor,cash_pay,moderate,moderate,high,research,false,111
3068,west,untreated,commercial,high,moderate,low,awareness,false,56
3069,northeast,on_competitor,commercial,high,moderate,low,research,false,61
3070,midwest,untreated,cash_pay,low,moderate,medium,re_engagement,false,52
3071,northeast,lapsed,commercial,low,moderate,medium,re_engagement,false,86
3072,southeast,on_competitor,medicare_medicaid,moderate,low,low,research,false,37
3073,southeast,untreated,other,high,high,low,research,false,48
3074,southeast,on_competitor,commercial,low,moderate,medium,research,false,83
3075,southeast,on_competitor,commercial,high,moderate,medium,awareness,false,56
3076,southwest,lapsed,medicare_medicaid,high,high,medium,research,false,52
3077,northeast,untreated,medicare_medicaid,high,moderate,high,research,false,10
3078,southeast,untreated,commercial,high,high,medium,awareness,false,4
3079,southwest,untreated,medicare_medicaid,high,high,low,evaluation,false,6
3080,northeast,on_competitor,medicare_medicaid,high,moderate,low,research,false,3
3081,southwest,lapsed,commercial,low,high,low,re_engagement,false,44
3082,northeast,on_competitor,medicare_medicaid,low,moderate,low,awareness,true,43
3083,west,untreated,commercial,moderate,low,low,research,false,43
3084,midwest,untreated,other,high,high,medium,evaluation,false,100
3085,northeast,untreated,commercial,high,high,high,awareness,false,52
3086,southeast,on_competitor,commercial,high,high,medium,re_engagement,false,67
3087,southeast,on_competitor,commercial,moderate,high,medium,re_engagement,true,31
3088,southwest,lapsed,commercial,low,moderate,medium,awareness,false,53
3089,southwest,lapsed,cash_pay,moderate,moderate,medium,research,false,117
3090,midwest,lapsed,cash_pay,moderate,high,low,awareness,false,52
3091,west,untreated,medicare_medicaid,moderate,moderate,medium,research,false,97
3092,midwest,untreated,commercial,high,moderate,medium,awareness,false,43
3093,northeast,on_competitor,commercial,moderate,moderate,medium,awareness,false,62
3094,southeast,untreated,commercial,moderate,moderate,medium,evaluation,false,7
3095,southeast,lapsed,commercial,low,moderate,medium,evaluation,false,51
3096,midwest,on_competitor,commercial,high,high,high,research,false,116
3097,southeast,on_competitor,medicare_medicaid,low,high,low,re_engagement,false,63
3098,northeast,untreated,medicare_medicaid,moderate,moderate,low,awareness,true,33
3099,southwest,untreated,commercial,high,moderate,low,evaluation,false,90
3100,midwest,untreated,commercial,high,moderate,medium,research,false,61
3101,northeast,on_competitor,commercial,high,high,low,research,false,92
3102,northeast,untreated,cash_pay,low,moderate,low,awareness,false,25
3103,midwest,on_competitor,medicare_medicaid,moderate,high,medium,re_engagement,false,117
3104,northeast,untreated,medicare_medicaid,high,moderate,medium,awareness,true,2
3105,midwest,lapsed,cash_pay,moderate,moderate,low,evaluation,false,23
3106,west,untreated,cash_pay,moderate,high,low,research,false,69
3107,northeast,untreated,commercial,moderate,low,high,research,false,97
3108,southeast,lapsed,cash_pay,moderate,low,low,awareness,false,80
3109,west,lapsed,medicare_medicaid,moderate,moderate,medium,re_engagement,false,14
3110,southeast,untreated,cash_pay,high,low,high,evaluation,false,78
3111,northeast,lapsed,cash_pay,high,moderate,low,awareness,false,74
3112,southwest,lapsed,medicare_medicaid,moderate,moderate,low,awareness,false,61
3113,southeast,untreated,commercial,high,moderate,high,evaluation,true,46
3114,northeast,untreated,commercial,moderate,moderate,low,evaluation,false,34
3115,midwest,lapsed,commercial,high,moderate,medium,awareness,false,96
3116,west,untreated,commercial,low,high,high,awareness,false,100
3117,northeast,untreated,commercial,high,low,high,awareness,false,67
3118,southeast,lapsed,cash_pay,high,moderate,medium,evaluation,false,82
3119,midwest,on_competitor,medicare_medicaid,low,moderate,medium,re_engagement,false,31
3120,northeast,lapsed,commercial,moderate,low,medium,research,false,51
3121,northeast,untreated,commercial,moderate,high,low,re_engagement,true,38
3122,southeast,lapsed,cash_pay,moderate,moderate,medium,research,false,90
3123,southeast,untreated,other,moderate,moderate,medium,awareness,false,76
3124,west,untreated,commercial,moderate,low,high,awareness,false,79
3125,southwest,untreated,medicare_medicaid,moderate,high,medium,awareness,false,75
3126,west,lapsed,medicare_medicaid,high,moderate,medium,awareness,true,105
3127,midwest,on_competitor,other,high,low,low,research,false,107
3128,northeast,on_competitor,other,moderate,high,low,awareness,false,32
3129,midwest,untreated,commercial,moderate,moderate,low,awareness,true,117
3130,northeast,untreated,commercial,high,high,low,evaluation,false,45
3131,west,untreated,commercial,moderate,low,medium,evaluation,false,19
3132,west,lapsed,medicare_medicaid,low,moderate,low,research,true,104
3133,northeast,untreated,commercial,moderate,low,high,evaluation,true,11
3134,west,lapsed,cash_pay,low,low,medium,evaluation,false,39
3135,southeast,on_competitor,cash_pay,high,moderate,medium,awareness,false,96
3136,midwest,untreated,commercial,low,moderate,low,re_engagement,false,16
3137,southeast,lapsed,commercial,moderate,high,medium,evaluation,true,85
3138,west,lapsed,other,moderate,high,low,re_engagement,true,55
3139,southeast,lapsed,commercial,high,moderate,medium,research,false,83
3140,southeast,untreated,cash_pay,high,moderate,medium,research,false,64
3141,west,untreated,commercial,high,low,high,research,true,6
3142,midwest,on_competitor,medicare_medicaid,moderate,moderate,low,research,true,102
3143,southeast,lapsed,commercial,low,moderate,low,re_engagement,false,68
3144,northeast,on_competitor,cash_pay,high,moderate,medium,re_engagement,false,84
3145,southeast,on_competitor,commercial,moderate,low,medium,awareness,true,61
3146,west,lapsed,commercial,high,moderate,medium,evaluation,false,37
3147,midwest,untreated,medicare_medicaid,high,moderate,medium,awareness,false,99
3148,midwest,untreated,commercial,moderate,moderate,high,evaluation,false,72
3149,west,untreated,commercial,high,moderate,medium,re_engagement,false,61
3150,northeast,untreated,medicare_medicaid,moderate,moderate,medium,awareness,false,97
3151,northeast,untreated,medicare_medicaid,high,high,medium,evaluation,false,26
3152,southeast,lapsed,cash_pay,moderate,low,medium,awareness,false,2
3153,northeast,on_competitor,medicare_medicaid,low,moderate,high,awareness,false,90
3154,west,untreated,commercial,high,moderate,medium,research,false,20
3155,northeast,lapsed,commercial,moderate,high,high,awareness,false,17
3156,southwest,lapsed,commercial,high,moderate,high,awareness,false,64
3157,west,lapsed,medicare_medicaid,moderate,moderate,low,evaluation,false,58
3158,midwest,untreated,commercial,high,moderate,low,evaluation,false,31
3159,west,on_competitor,commercial,high,high,low,awareness,false,119
3160,northeast,untreated,medicare_medicaid,moderate,high,high,research,false,40
3161,southeast,lapsed,commercial,moderate,moderate,low,awareness,false,48
3162,southeast,untreated,medicare_medicaid,high,moderate,low,awareness,true,28
3163,southeast,lapsed,commercial,moderate,moderate,high,re_engagement,true,10
3164,midwest,on_competitor,cash_pay,low,high,medium,evaluation,false,64
3165,northeast,lapsed,commercial,moderate,high,medium,awareness,true,74
3166,midwest,untreated,commercial,high,moderate,low,research,false,53
3167,northeast,untreated,commercial,high,moderate,high,evaluation,false,19
3168,northeast,untreated,other,moderate,high,medium,evaluation,true,9
3169,midwest,untreated,medicare_medicaid,high,high,high,evaluation,false,116
3170,west,on_competitor,commercial,moderate,moderate,low,awareness,true,97
3171,midwest,untreated,commercial,high,high,high,evaluation,false,72
3172,northeast,lapsed,commercial,moderate,low,low,awareness,false,84
3173,northeast,on_competitor,commercial,moderate,moderate,medium,awareness,true,5
3174,northeast,untreated,commercial,moderate,moderate,low,evaluation,false,81
3175,northeast,untreated,other,low,moderate,low,awareness,true,111
3176,northeast,on_competitor,commercial,high,moderate,low,evaluation,false,103
3177,southeast,lapsed,commercial,moderate,moderate,medium,awareness,true,33
3178,southeast,lapsed,other,high,moderate,high,awareness,false,60
3179,west,on_competitor,medicare_medicaid,high,high,high,re_engagement,false,79
3180,midwest,on_competitor,other,moderate,moderate,low,research,false,50
3181,southwest,on_competitor,commercial,high,moderate,high,awareness,false,2
3182,southeast,untreated,cash_pay,high,low,medium,research,false,118
3183,southeast,lapsed,medicare_medicaid,high,high,medium,research,false,52
3184,northeast,on_competitor,commercial,high,low,low,awareness,false,66
3185,midwest,untreated,cash_pay,high,moderate,medium,research,false,32
3186,midwest,untreated,other,high,low,low,awareness,false,102
3187,west,untreated,medicare_medicaid,low,low,low,research,false,39
3188,west,on_competitor,cash_pay,low,moderate,low,re_engagement,true,13
3189,west,on_competitor,cash_pay,low,moderate,low,re_engagement,false,37
3190,southwest,untreated,commercial,low,moderate,low,awareness,false,66
3191,midwest,untreated,commercial,moderate,moderate,high,awareness,false,61
3192,northeast,on_competitor,commercial,high,high,low,re_engagement,true,79
3193,midwest,on_competitor,commercial,moderate,low,low,research,true,94
3194,west,on_competitor,medicare_medicaid,high,moderate,high,re_engagement,false,88
3195,southeast,lapsed,medicare_medicaid,moderate,low,low,evaluation,false,44
3196,southeast,lapsed,commercial,moderate,low,low,research,false,70
3197,northeast,untreated,cash_pay,low,low,low,awareness,true,97
3198,midwest,untreated,medicare_medicaid,high,high,medium,evaluation,false,29
3199,midwest,lapsed,commercial,low,high,low,awareness,false,75
3200,northeast,on_competitor,cash_pay,moderate,moderate,medium,evaluation,false,76
3201,northeast,untreated,commercial,low,moderate,medium,awareness,false,76
3202,southeast,on_competitor,commercial,moderate,low,medium,re_engagement,false,95
3203,northeast,on_competitor,commercial,moderate,low,low,awareness,false,49
3204,northeast,lapsed,medicare_medicaid,moderate,low,low,evaluation,true,104
3205,northeast,untreated,commercial,moderate,high,low,awareness,false,79
3206,northeast,on_competitor,other,low,high,medium,research,true,97
3207,west,untreated,medicare_medicaid,high,moderate,low,evaluation,false,116
3208,midwest,on_competitor,commercial,high,moderate,low,awareness,false,67
3209,west,untreated,other,moderate,moderate,medium,research,false,46
3210,west,lapsed,commercial,high,low,high,research,true,17
3211,northeast,untreated,commercial,moderate,moderate,low,research,true,80
3212,west,on_competitor,cash_pay,high,moderate,high,evaluation,false,30
3213,northeast,untreated,other,moderate,high,high,research,true,31
3214,west,untreated,medicare_medicaid,moderate,moderate,medium,re_engagement,true,115
3215,southwest,on_competitor,medicare_medicaid,moderate,moderate,low,research,false,59
3216,midwest,on_competitor,medicare_medicaid,high,low,high,awareness,false,53
3217,southeast,on_competitor,medicare_medicaid,high,low,high,evaluation,false,90
3218,southeast,on_competitor,commercial,low,high,medium,re_engagement,false,54
3219,midwest,untreated,medicare_medicaid,high,moderate,low,awareness,false,76
3220,west,on_competitor,commercial,moderate,moderate,high,evaluation,false,118
3221,northeast,on_competitor,commercial,high,high,medium,awareness,false,30
3222,northeast,untreated,commercial,moderate,moderate,medium,awareness,true,65
3223,midwest,untreated,commercial,moderate,moderate,medium,research,false,98
3224,midwest,untreated,other,moderate,moderate,medium,research,false,97
3225,midwest,untreated,medicare_medicaid,high,moderate,low,awareness,true,86
3226,southeast,untreated,other,high,moderate,medium,re_engagement,false,83
3227,southeast,untreated,commercial,high,moderate,medium,awareness,true,101
3228,northeast,untreated,commercial,high,moderate,medium,awareness,false,80
3229,midwest,untreated,commercial,moderate,low,high,awareness,true,113
3230,west,untreated,medicare_medicaid,high,moderate,low,research,false,117
3231,southeast,untreated,commercial,moderate,high,medium,evaluation,false,17
3232,southeast,on_competitor,medicare_medicaid,moderate,moderate,medium,evaluation,false,26
3233,southeast,on_competitor,commercial,moderate,moderate,medium,evaluation,true,46
3234,northeast,lapsed,commercial,high,moderate,low,awareness,false,22
3235,northeast,untreated,commercial,high,moderate,low,awareness,true,83
3236,northeast,on_competitor,other,moderate,moderate,high,evaluation,true,58
3237,northeast,untreated,commercial,moderate,moderate,high,research,false,14
3238,west,lapsed,commercial,moderate,low,medium,research,false,93
3239,northeast,on_competitor,commercial,high,moderate,high,awareness,true,12
3240,southeast,untreated,medicare_medicaid,high,moderate,low,evaluation,false,12
3241,west,untreated,medicare_medicaid,high,moderate,medium,evaluation,false,75
3242,northeast,untreated,commercial,high,high,medium,evaluation,false,90
3243,west,untreated,cash_pay,high,low,medium,research,false,89
3244,west,untreated,other,low,moderate,high,awareness,false,56
3245,northeast,on_competitor,other,moderate,low,high,awareness,false,22
3246,west,lapsed,medicare_medicaid,moderate,high,low,awareness,false,20
3247,southeast,lapsed,medicare_medicaid,low,moderate,medium,research,true,5
3248,southwest,untreated,commercial,moderate,low,low,re_engagement,false,115
3249,west,on_competitor,commercial,moderate,moderate,high,research,false,108
3250,west,lapsed,commercial,moderate,low,medium,evaluation,false,98
3251,west,untreated,medicare_medicaid,high,moderate,high,research,false,56
3252,midwest,untreated,cash_pay,high,high,medium,research,false,2
3253,west,on_competitor,medicare_medicaid,low,moderate,low,evaluation,false,11
3254,northeast,lapsed,medicare_medicaid,low,moderate,medium,research,false,102
3255,southwest,on_competitor,medicare_medicaid,low,high,high,awareness,false,76
3256,northeast,on_competitor,other,high,moderate,medium,awareness,false,81
3257,midwest,on_competitor,medicare_medicaid,high,moderate,high,awareness,false,94
3258,southeast,untreated,cash_pay,moderate,moderate,medium,re_engagement,false,59
3259,southwest,untreated,commercial,moderate,high,high,evaluation,true,86
3260,midwest,untreated,medicare_medicaid,high,low,medium,evaluation,false,71
3261,midwest,lapsed,medicare_medicaid,high,low,low,awareness,false,50
3262,northeast,on_competitor,other,moderate,moderate,medium,research,false,74
3263,west,lapsed,other,moderate,moderate,low,research,false,84
3264,west,untreated,commercial,low,high,medium,re_engagement,true,54
3265,west,untreated,other,high,high,high,evaluation,false,13
3266,northeast,on_competitor,cash_pay,high,moderate,medium,research,false,66
3267,midwest,untreated,cash_pay,moderate,high,high,evaluation,false,54
3268,west,untreated,medicare_medicaid,moderate,low,medium,research,false,70
3269,midwest,untreated,commercial,low,low,medium,research,false,26
3270,southeast,untreated,medicare_medicaid,low,low,medium,research,false,87
3271,northeast,on_competitor,medicare_medicaid,moderate,high,medium,awareness,false,19
3272,west,untreated,medicare_medicaid,high,high,low,research,false,16
3273,southeast,lapsed,cash_pay,moderate,high,high,re_engagement,false,87
3274,southeast,lapsed,commercial,high,moderate,medium,evaluation,false,57
3275,midwest,untreated,commercial,high,high,low,research,false,101
3276,southwest,on_competitor,medicare_medicaid,moderate,moderate,medium,research,false,116
3277,northeast,lapsed,commercial,moderate,high,medium,awareness,false,101
3278,southeast,untreated,medicare_medicaid,moderate,low,low,research,false,76
3279,midwest,untreated,medicare_medicaid,moderate,low,high,awareness,false,51
3280,northeast,untreated,cash_pay,low,moderate,low,evaluation,true,49
3281,southeast,untreated,medicare_medicaid,high,high,low,research,false,43
3282,northeast,on_competitor,other,high,moderate,low,research,false,77
3283,southeast,lapsed,cash_pay,high,high,medium,re_engagement,false,76
3284,west,untreated,commercial,high,high,medium,awareness,false,92
3285,west,on_competitor,commercial,low,low,medium,awareness,false,19
3286,southeast,untreated,other,moderate,moderate,medium,research,false,120
3287,northeast,lapsed,cash_pay,low,moderate,low,awareness,false,26
3288,midwest,untreated,medicare_medicaid,moderate,low,high,research,false,70
3289,west,on_competitor,cash_pay,low,moderate,medium,evaluation,false,20
3290,southeast,on_competitor,medicare_medicaid,high,high,medium,awareness,true,22
3291,northeast,lapsed,commercial,moderate,low,medium,evaluation,false,35
3292,west,untreated,commercial,moderate,moderate,medium,research,false,21
3293,southwest,lapsed,commercial,high,high,medium,evaluation,false,3
3294,southwest,lapsed,commercial,low,moderate,high,awareness,false,46
3295,southeast,untreated,cash_pay,high,moderate,high,research,false,2
3296,southwest,on_competitor,other,moderate,moderate,low,evaluation,false,46
3297,midwest,untreated,medicare_medicaid,high,moderate,high,awareness,false,103
3298,midwest,on_competitor,commercial,moderate,moderate,high,re_engagement,true,115
3299,midwest,on_competitor,medicare_medicaid,low,moderate,low,research,false,17
3300,southwest,untreated,other,moderate,high,medium,research,true,3
3301,northeast,untreated,medicare_medicaid,moderate,low,low,research,false,69
3302,west,untreated,commercial,low,moderate,medium,re_engagement,false,73
3303,midwest,lapsed,commercial,moderate,high,low,awareness,false,33
3304,west,untreated,commercial,high,moderate,low,research,true,73
3305,southwest,on_competitor,medicare_medicaid,high,high,medium,re_engagement,true,0
3306,west,on_competitor,medicare_medicaid,moderate,low,medium,awareness,false,13
3307,northeast,on_competitor,cash_pay,high,high,medium,research,false,56
3308,midwest,on_competitor,commercial,low,moderate,medium,awareness,true,4
3309,midwest,lapsed,commercial,moderate,high,low,research,false,92
3310,southeast,untreated,commercial,moderate,moderate,low,evaluation,false,90
3311,northeast,on_competitor,commercial,low,high,high,research,false,101
3312,southeast,on_competitor,medicare_medicaid,moderate,moderate,high,evaluation,false,54
3313,southwest,untreated,other,moderate,high,high,research,false,86
3314,west,on_competitor,commercial,moderate,high,low,awareness,false,92
3315,southeast,untreated,other,moderate,low,low,re_engagement,true,58
3316,southwest,lapsed,cash_pay,low,low,high,research,false,100
3317,southeast,on_competitor,medicare_medicaid,moderate,low,high,awareness,false,43
3318,northeast,untreated,cash_pay,high,moderate,high,research,false,50
3319,northeast,untreated,commercial,moderate,moderate,low,evaluation,false,51
3320,west,untreated,medicare_medicaid,moderate,high,low,research,false,26
3321,southeast,untreated,commercial,high,moderate,medium,awareness,true,88
3322,southwest,lapsed,medicare_medicaid,low,low,high,awareness,false,114
3323,midwest,untreated,other,high,high,low,awareness,false,52
3324,west,untreated,commercial,moderate,moderate,low,awareness,false,68
3325,west,untreated,other,high,low,low,research,false,63
3326,northeast,on_competitor,commercial,high,moderate,low,research,false,118
3327,west,untreated,cash_pay,moderate,high,low,evaluation,false,87
3328,west,untreated,commercial,high,high,low,awareness,false,13
3329,midwest,untreated,commercial,moderate,low,low,awareness,true,23
3330,midwest,untreated,cash_pay,high,high,high,awareness,false,120
3331,midwest,lapsed,medicare_medicaid,moderate,moderate,high,research,false,42
3332,southeast,untreated,commercial,moderate,moderate,low,awareness,true,78
3333,northeast,lapsed,other,low,low,medium,re_engagement,true,42
3334,southeast,lapsed,medicare_medicaid,high,low,high,research,false,114
3335,midwest,untreated,commercial,low,low,medium,evaluation,false,31
3336,west,untreated,commercial,high,low,high,research,false,17
3337,west,on_competitor,commercial,low,low,high,awareness,false,78
3338,northeast,untreated,commercial,high,moderate,low,awareness,false,38
3339,northeast,untreated,cash_pay,low,high,high,evaluation,false,62
3340,southeast,untreated,medicare_medicaid,high,moderate,high,research,false,102
3341,northeast,lapsed,commercial,moderate,high,medium,awareness,false,69
3342,northeast,on_competitor,commercial,high,moderate,low,evaluation,false,65
3343,northeast,untreated,medicare_medicaid,moderate,moderate,medium,awareness,false,70
3344,northeast,on_competitor,commercial,low,low,medium,research,false,5
3345,southeast,lapsed,other,high,moderate,medium,research,false,68
3346,northeast,untreated,medicare_medicaid,moderate,moderate,high,awareness,true,10
3347,west,on_competitor,commercial,moderate,moderate,high,awareness,false,110
3348,west,untreated,other,high,moderate,medium,research,false,100
3349,southwest,untreated,medicare_medicaid,moderate,moderate,medium,evaluation,false,60
3350,midwest,untreated,commercial,high,high,low,re_engagement,false,71
3351,southeast,untreated,other,low,high,low,research,false,34
3352,southeast,on_competitor,cash_pay,moderate,low,medium,research,false,54
3353,southwest,untreated,commercial,low,low,medium,evaluation,true,32
3354,southeast,untreated,commercial,moderate,high,high,evaluation,false,81
3355,northeast,on_competitor,medicare_medicaid,low,low,high,awareness,false,100
3356,west,untreated,other,high,moderate,high,research,false,89
3357,southwest,on_competitor,cash_pay,low,low,medium,awareness,true,61
3358,midwest,lapsed,other,high,moderate,medium,re_engagement,false,82
3359,midwest,untreated,cash_pay,low,moderate,medium,awareness,false,65
3360,southwest,on_competitor,cash_pay,moderate,moderate,low,evaluation,false,9
3361,northeast,lapsed,medicare_medicaid,high,moderate,high,research,true,108
3362,northeast,untreated,medicare_medicaid,high,moderate,high,evaluation,false,20
3363,northeast,untreated,commercial,moderate,moderate,low,awareness,false,6
3364,southwest,untreated,medicare_medicaid,high,high,medium,research,true,97
3365,midwest,untreated,commercial,moderate,moderate,medium,re_engagement,false,9
3366,west,untreated,other,high,high,medium,evaluation,true,51
3367,northeast,untreated,medicare_medicaid,moderate,moderate,medium,re_engagement,false,46
3368,west,on_competitor,commercial,moderate,moderate,high,research,false,72
3369,midwest,untreated,other,high,moderate,high,awareness,false,17
3370,midwest,on_competitor,medicare_medicaid,high,moderate,high,evaluation,false,71
3371,southeast,untreated,commercial,high,moderate,medium,research,false,7
3372,southwest,lapsed,cash_pay,moderate,moderate,high,awareness,false,12
3373,midwest,lapsed,cash_pay,high,low,medium,awareness,false,19
3374,northeast,untreated,cash_pay,moderate,moderate,medium,evaluation,false,25
3375,west,untreated,medicare_medicaid,high,high,high,research,false,22
3376,northeast,on_competitor,commercial,low,low,low,evaluation,true,25
3377,southeast,lapsed,commercial,low,low,medium,awareness,false,11
3378,southwest,lapsed,commercial,low,high,medium,awareness,false,90
3379,southwest,untreated,medicare_medicaid,low,high,high,evaluation,false,41
3380,northeast,untreated,medicare_medicaid,moderate,low,high,awareness,false,93
3381,southeast,lapsed,medicare_medicaid,high,high,low,evaluation,false,88
3382,midwest,untreated,medicare_medicaid,high,moderate,low,awareness,false,19
3383,northeast,untreated,commercial,moderate,high,low,awareness,true,75
3384,midwest,lapsed,commercial,moderate,moderate,medium,evaluation,false,74
3385,southeast,untreated,cash_pay,high,high,medium,evaluation,false,4
3386,northeast,untreated,commercial,high,low,medium,evaluation,true,19
3387,southeast,untreated,cash_pay,moderate,high,medium,re_engagement,false,8
3388,northeast,lapsed,cash_pay,high,moderate,medium,research,false,101
3389,southeast,on_competitor,commercial,low,high,medium,evaluation,true,113
3390,southeast,lapsed,cash_pay,moderate,moderate,high,awareness,false,60
3391,southeast,on_competitor,cash_pay,moderate,moderate,medium,research,false,58
3392,northeast,untreated,commercial,moderate,high,low,awareness,false,82
3393,northeast,untreated,medicare_medicaid,low,moderate,high,awareness,false,96
3394,west,untreated,commercial,high,low,medium,evaluation,true,54
3395,midwest,untreated,commercial,moderate,moderate,high,re_engagement,false,50
3396,southeast,on_competitor,cash_pay,low,high,medium,awareness,false,95
3397,midwest,on_competitor,commercial,high,moderate,high,awareness,true,53
3398,northeast,untreated,commercial,low,low,medium,re_engagement,false,37
3399,west,untreated,medicare_medicaid,moderate,moderate,medium,awareness,false,93
3400,midwest,untreated,commercial,moderate,low,high,evaluation,true,47
3401,southeast,on_competitor,commercial,high,low,low,evaluation,false,53
3402,southwest,on_competitor,other,moderate,high,high,research,false,116
3403,west,untreated,commercial,low,low,low,re_engagement,false,4
3404,northeast,untreated,commercial,high,moderate,medium,evaluation,false,94
3405,west,untreated,commercial,high,low,low,research,true,42
3406,northeast,untreated,medicare_medicaid,moderate,high,medium,awareness,false,14
3407,southeast,on_competitor,cash_pay,high,high,low,awareness,true,48
3408,northeast,lapsed,medicare_medicaid,high,moderate,high,evaluation,false,9
3409,midwest,untreated,commercial,moderate,low,medium,evaluation,false,44
3410,northeast,lapsed,commercial,low,moderate,high,re_engagement,false,108
3411,midwest,lapsed,commercial,high,high,low,evaluation,false,87
3412,southwest,untreated,cash_pay,high,moderate,medium,awareness,false,108
3413,midwest,untreated,commercial,low,high,high,re_engagement,false,48
3414,midwest,on_competitor,commercial,high,high,high,re_engagement,false,111
3415,southeast,lapsed,medicare_medicaid,moderate,moderate,high,re_engagement,false,86
3416,northeast,on_competitor,cash_pay,high,high,medium,research,false,117
3417,northeast,lapsed,commercial,high,low,high,evaluation,false,2
3418,west,untreated,medicare_medicaid,moderate,high,medium,research,false,1
3419,northeast,on_competitor,medicare_medicaid,moderate,moderate,medium,re_engagement,true,103
3420,southwest,untreated,commercial,moderate,moderate,medium,awareness,false,94
3421,midwest,on_competitor,medicare_medicaid,low,low,low,research,false,1
3422,southwest,untreated,cash_pay,low,low,high,evaluation,false,34
3423,midwest,untreated,cash_pay,moderate,moderate,low,awareness,true,52
3424,midwest,on_competitor,cash_pay,moderate,low,medium,research,true,87
3425,northeast,lapsed,medicare_medicaid,moderate,low,low,evaluation,false,81
3426,southeast,on_competitor,other,moderate,high,high,re_engagement,false,120
3427,midwest,on_competitor,commercial,low,moderate,medium,re_engagement,false,102
3428,west,untreated,cash_pay,moderate,low,high,awareness,true,21
3429,west,on_competitor,cash_pay,low,moderate,medium,research,false,6
3430,southeast,lapsed,commercial,high,moderate,medium,awareness,true,66
3431,southwest,on_competitor,cash_pay,high,moderate,high,research,true,113
3432,midwest,on_competitor,commercial,moderate,high,medium,awareness,false,15
3433,southwest,untreated,commercial,moderate,moderate,high,re_engagement,false,30
3434,midwest,untreated,commercial,high,moderate,medium,re_engagement,true,93
3435,west,lapsed,other,low,low,high,awareness,false,92
3436,southwest,on_competitor,medicare_medicaid,low,moderate,medium,awareness,false,113
3437,northeast,untreated,commercial,high,high,low,evaluation,false,106
3438,southwest,untreated,cash_pay,moderate,moderate,medium,research,false,52
3439,northeast,on_competitor,medicare_medicaid,low,low,medium,awareness,false,46
3440,southeast,untreated,commercial,low,moderate,high,evaluation,true,1
3441,southwest,untreated,medicare_medicaid,low,moderate,high,awareness,true,31
3442,west,untreated,medicare_medicaid,moderate,moderate,high,evaluation,false,103
3443,northeast,lapsed,commercial,low,low,medium,research,false,65
3444,midwest,untreated,medicare_medicaid,moderate,moderate,medium,awareness,false,52
3445,northeast,lapsed,commercial,high,moderate,low,re_engagement,false,50
3446,northeast,untreated,medicare_medicaid,high,moderate,high,research,false,57
3447,southeast,lapsed,medicare_medicaid,high,low,high,awareness,false,16
3448,northeast,on_competitor,medicare_medicaid,high,moderate,high,awareness,true,95
3449,southwest,untreated,commercial,high,low,high,awareness,true,116
3450,northeast,on_competitor,other,moderate,low,high,awareness,false,42
3451,midwest,untreated,commercial,high,moderate,medium,research,true,90
3452,midwest,on_competitor,medicare_medicaid,moderate,high,medium,research,false,26
3453,southwest,untreated,commercial,low,high,medium,awareness,false,16
3454,southwest,untreated,medicare_medicaid,high,low,medium,research,false,106
3455,northeast,lapsed,medicare_medicaid,high,low,low,awareness,false,91
3456,west,untreated,medicare_medicaid,low,high,medium,awareness,false,32
3457,northeast,lapsed,cash_pay,high,high,low,evaluation,false,80
3458,southwest,on_competitor,medicare_medicaid,moderate,moderate,medium,re_engagement,true,82
3459,midwest,untreated,other,high,high,low,research,false,80
3460,southwest,untreated,medicare_medicaid,moderate,moderate,medium,research,false,83
3461,southeast,on_competitor,cash_pay,high,moderate,high,awareness,false,85
3462,west,on_competitor,medicare_medicaid,moderate,moderate,low,awareness,true,105
3463,west,untreated,other,moderate,moderate,medium,awareness,false,16
3464,midwest,on_competitor,medicare_medicaid,moderate,high,medium,re_engagement,false,117
3465,midwest,on_competitor,commercial,high,moderate,low,awareness,false,47
3466,west,on_competitor,medicare_medicaid,high,moderate,low,evaluation,true,42
3467,southeast,untreated,cash_pay,moderate,moderate,medium,evaluation,false,58
3468,southeast,untreated,commercial,high,moderate,medium,evaluation,false,18
3469,southeast,on_competitor,medicare_medicaid,low,high,medium,awareness,true,60
3470,northeast,untreated,commercial,moderate,moderate,high,research,true,86
3471,northeast,lapsed,medicare_medicaid,moderate,low,low,awareness,false,41
3472,southeast,on_competitor,commercial,moderate,moderate,low,research,false,27
3473,northeast,untreated,cash_pay,high,high,high,research,true,85
3474,west,untreated,other,high,moderate,high,awareness,false,23
3475,west,untreated,commercial,moderate,high,low,re_engagement,false,50
3476,northeast,untreated,commercial,moderate,moderate,medium,research,false,2
3477,northeast,on_competitor,cash_pay,high,moderate,high,research,false,113
3478,west,on_competitor,medicare_medicaid,moderate,moderate,medium,awareness,false,55
3479,west,on_competitor,medicare_medicaid,high,high,low,research,false,98
3480,west,on_competitor,medicare_medicaid,moderate,high,medium,research,false,34
3481,southwest,untreated,cash_pay,high,moderate,low,re_engagement,false,56
3482,southwest,on_competitor,cash_pay,moderate,low,medium,research,false,84
3483,southeast,untreated,other,high,high,medium,re_engagement,false,56
3484,midwest,untreated,cash_pay,moderate,low,low,evaluation,false,77
3485,midwest,lapsed,medicare_medicaid,moderate,moderate,medium,awareness,false,65
3486,west,lapsed,cash_pay,moderate,moderate,medium,evaluation,false,28
3487,southwest,untreated,commercial,moderate,moderate,low,awareness,false,87
3488,northeast,untreated,commercial,moderate,high,medium,awareness,false,53
3489,southeast,on_competitor,commercial,high,low,low,research,false,58
3490,southwest,untreated,commercial,moderate,high,low,awareness,false,5
3491,northeast,lapsed,medicare_medicaid,moderate,moderate,high,research,false,64
3492,west,on_competitor,medicare_medicaid,low,high,high,awareness,false,77
3493,northeast,untreated,commercial,moderate,moderate,medium,awareness,false,65
3494,west,untreated,cash_pay,high,moderate,high,research,false,1
3495,southwest,untreated,commercial,high,moderate,medium,research,false,11
3496,midwest,lapsed,commercial,low,low,medium,research,false,14
3497,southeast,untreated,cash_pay,high,low,medium,research,false,94
3498,northeast,lapsed,other,moderate,moderate,medium,evaluation,false,61
3499,northeast,untreated,commercial,low,moderate,low,awareness,false,108
3500,west,on_competitor,cash_pay,low,moderate,medium,re_engagement,true,54
3501,southwest,untreated,commercial,low,high,low,research,true,17
3502,southwest,untreated,cash_pay,low,high,low,re_engagement,true,111
3503,southwest,on_competitor,medicare_medicaid,high,moderate,medium,evaluation,false,0
3504,northeast,untreated,medicare_medicaid,low,low,high,evaluation,false,92
3505,northeast,untreated,commercial,moderate,low,medium,awareness,false,86
3506,northeast,untreated,medicare_medicaid,high,moderate,medium,re_engagement,false,16
3507,west,lapsed,cash_pay,low,moderate,medium,awareness,true,41
3508,southwest,untreated,medicare_medicaid,moderate,moderate,low,research,true,14
3509,west,on_competitor,commercial,moderate,moderate,medium,research,false,13
3510,southwest,lapsed,cash_pay,moderate,moderate,medium,research,false,45
3511,northeast,untreated,commercial,moderate,low,high,awareness,true,100
3512,northeast,untreated,medicare_medicaid,moderate,high,low,evaluation,false,5
3513,west,lapsed,medicare_medicaid,moderate,high,low,evaluation,false,34
3514,southeast,untreated,commercial,low,high,medium,research,false,94
3515,southwest,untreated,medicare_medicaid,moderate,high,high,awareness,false,76
3516,west,on_competitor,medicare_medicaid,low,moderate,medium,research,true,35
3517,northeast,untreated,medicare_medicaid,high,moderate,medium,evaluation,false,116
3518,southeast,untreated,commercial,moderate,moderate,medium,evaluation,false,112
3519,southeast,on_competitor,commercial,moderate,low,low,awareness,false,51
3520,southwest,untreated,medicare_medicaid,high,moderate,medium,awareness,false,87
3521,midwest,untreated,medicare_medicaid,moderate,high,medium,awareness,false,51
3522,west,untreated,commercial,moderate,moderate,high,re_engagement,false,80
3523,west,lapsed,medicare_medicaid,high,moderate,medium,evaluation,false,105
3524,northeast,on_competitor,commercial,high,low,high,awareness,false,18
3525,southeast,untreated,other,high,moderate,medium,evaluation,true,41
3526,midwest,on_competitor,medicare_medicaid,moderate,low,medium,awareness,false,7
3527,northeast,untreated,medicare_medicaid,low,low,medium,evaluation,true,15
3528,southeast,untreated,commercial,high,low,medium,awareness,true,19
3529,west,untreated,commercial,moderate,low,high,research,false,113
3530,west,on_competitor,cash_pay,high,moderate,high,awareness,true,115
3531,west,on_competitor,medicare_medicaid,high,low,high,evaluation,false,112
3532,midwest,lapsed,medicare_medicaid,moderate,moderate,high,awareness,true,119
3533,northeast,on_competitor,commercial,moderate,moderate,medium,evaluation,true,13
3534,southwest,on_competitor,cash_pay,moderate,high,medium,re_engagement,false,59
3535,midwest,untreated,cash_pay,low,moderate,medium,research,false,99
3536,southeast,lapsed,commercial,high,moderate,medium,re_engagement,true,95
3537,midwest,on_competitor,medicare_medicaid,high,moderate,low,evaluation,true,14
3538,midwest,untreated,medicare_medicaid,moderate,high,low,awareness,false,43
3539,midwest,untreated,medicare_medicaid,moderate,moderate,low,awareness,false,55
3540,southeast,untreated,commercial,high,moderate,medium,awareness,false,64
3541,west,untreated,commercial,moderate,moderate,low,evaluation,true,116
3542,southeast,untreated,commercial,high,low,low,awareness,false,4
3543,southeast,untreated,other,high,low,low,awareness,false,1
3544,northeast,lapsed,other,high,moderate,high,research,false,90
3545,southeast,untreated,commercial,high,low,high,awareness,true,108
3546,northeast,untreated,commercial,high,moderate,medium,evaluation,false,59
3547,northeast,untreated,commercial,high,moderate,low,awareness,false,46
3548,midwest,on_competitor,commercial,moderate,moderate,low,research,false,107
3549,midwest,lapsed,commercial,moderate,low,high,awareness,false,19
3550,southeast,untreated,medicare_medicaid,low,high,low,re_engagement,false,5
3551,northeast,lapsed,commercial,high,high,medium,awareness,true,112
3552,southeast,untreated,commercial,high,moderate,high,evaluation,false,27
3553,midwest,on_competitor,commercial,moderate,low,low,research,false,49
3554,southwest,untreated,cash_pay,moderate,high,high,research,false,20
3555,midwest,lapsed,commercial,low,high,medium,research,true,106
3556,west,lapsed,medicare_medicaid,low,moderate,medium,evaluation,false,17
3557,west,untreated,commercial,high,low,high,evaluation,false,75
3558,southeast,lapsed,commercial,moderate,low,medium,re_engagement,true,34
3559,southwest,on_competitor,commercial,high,moderate,low,re_engagement,false,93
3560,southwest,untreated,medicare_medicaid,high,moderate,medium,re_engagement,false,12
3561,southeast,untreated,commercial,low,moderate,medium,evaluation,false,90
3562,midwest,untreated,cash_pay,high,moderate,medium,research,true,52
3563,midwest,on_competitor,other,moderate,low,high,evaluation,false,33
3564,midwest,untreated,medicare_medicaid,moderate,low,low,evaluation,true,88
3565,midwest,untreated,commercial,moderate,moderate,medium,research,false,46
3566,southeast,on_competitor,commercial,moderate,high,low,research,false,28
3567,southwest,on_competitor,commercial,moderate,moderate,low,research,false,16
3568,midwest,untreated,commercial,low,low,low,re_engagement,true,9
3569,midwest,untreated,commercial,moderate,high,low,evaluation,false,32
3570,northeast,untreated,commercial,low,moderate,low,re_engagement,false,50
3571,southwest,untreated,cash_pay,low,high,medium,research,false,80
3572,west,lapsed,medicare_medicaid,high,low,medium,research,false,48
3573,southwest,untreated,commercial,moderate,moderate,low,awareness,false,15
3574,northeast,untreated,commercial,high,moderate,medium,awareness,false,49
3575,southeast,on_competitor,commercial,high,moderate,high,awareness,false,82
3576,southwest,untreated,medicare_medicaid,high,low,medium,awareness,true,42
3577,midwest,untreated,cash_pay,moderate,moderate,medium,awareness,false,52
3578,southwest,untreated,medicare_medicaid,high,moderate,medium,re_engagement,false,53
3579,northeast,on_competitor,cash_pay,high,moderate,low,research,false,61
3580,west,lapsed,cash_pay,high,high,medium,awareness,false,35
3581,midwest,untreated,commercial,high,moderate,high,evaluation,false,97
3582,midwest,lapsed,cash_pay,moderate,moderate,medium,evaluation,false,79
3583,midwest,untreated,commercial,moderate,high,medium,evaluation,false,35
3584,southwest,lapsed,cash_pay,moderate,moderate,low,awareness,false,56
3585,midwest,untreated,commercial,moderate,moderate,medium,research,false,29
3586,southeast,on_competitor,cash_pay,high,low,medium,research,false,98
3587,midwest,lapsed,commercial,moderate,high,medium,re_engagement,false,23
3588,northeast,on_competitor,commercial,high,low,medium,evaluation,false,99
3589,northeast,untreated,commercial,low,low,low,awareness,false,27
3590,southwest,untreated,commercial,high,high,high,re_engagement,false,66
3591,midwest,untreated,medicare_medicaid,moderate,high,low,research,false,54
3592,southwest,untreated,cash_pay,low,low,medium,awareness,false,17
3593,northeast,lapsed,cash_pay,moderate,high,medium,awareness,true,97
3594,west,on_competitor,commercial,low,high,medium,research,false,68
3595,southwest,untreated,commercial,moderate,low,low,re_engagement,false,81
3596,midwest,untreated,other,low,high,low,awareness,false,57
3597,southeast,lapsed,cash_pay,moderate,moderate,high,awareness,false,44
3598,west,on_competitor,medicare_medicaid,moderate,high,medium,evaluation,false,60
3599,west,untreated,commercial,high,low,medium,evaluation,true,20
3600,northeast,on_competitor,cash_pay,low,low,medium,awareness,false,32
3601,west,untreated,medicare_medicaid,high,moderate,medium,re_engagement,false,31
3602,southwest,untreated,medicare_medicaid,high,moderate,high,awareness,false,97
3603,west,untreated,commercial,moderate,high,low,research,true,4
3604,midwest,lapsed,cash_pay,moderate,moderate,medium,awareness,false,103
3605,southeast,untreated,cash_pay,high,high,high,awareness,false,86
3606,southeast,untreated,commercial,high,high,low,awareness,true,57
3607,west,on_competitor,commercial,moderate,moderate,high,awareness,false,54
3608,midwest,untreated,cash_pay,moderate,high,low,awareness,true,71
3609,southwest,on_competitor,other,moderate,high,high,re_engagement,true,80
3610,southeast,lapsed,cash_pay,low,high,medium,evaluation,true,46
3611,west,untreated,medicare_medicaid,low,moderate,medium,evaluation,false,28
3612,midwest,untreated,other,low,moderate,high,research,false,31
3613,midwest,untreated,medicare_medicaid,low,moderate,high,awareness,true,59
3614,northeast,untreated,commercial,low,moderate,medium,awareness,false,41
3615,southeast,untreated,commercial,moderate,moderate,medium,evaluation,false,49
3616,northeast,lapsed,other,high,low,high,awareness,false,7
3617,southeast,lapsed,medicare_medicaid,moderate,high,medium,research,false,76
3618,northeast,untreated,cash_pay,low,high,high,awareness,false,30
3619,northeast,on_competitor,cash_pay,moderate,moderate,high,awareness,false,17
3620,southeast,untreated,commercial,high,low,medium,awareness,false,82
3621,southeast,untreated,medicare_medicaid,moderate,moderate,medium,awareness,true,6
3622,northeast,lapsed,medicare_medicaid,moderate,low,medium,awareness,false,58
3623,west,untreated,commercial,low,low,medium,awareness,false,113
3624,southeast,on_competitor,commercial,moderate,moderate,low,evaluation,true,117
3625,southeast,untreated,cash_pay,moderate,moderate,high,research,false,119
3626,southwest,untreated,medicare_medicaid,high,high,high,awareness,true,56
3627,southeast,on_competitor,cash_pay,moderate,moderate,medium,research,false,47
3628,west,untreated,commercial,moderate,high,low,research,false,61
3629,midwest,on_competitor,commercial,high,moderate,medium,research,false,70
3630,midwest,lapsed,cash_pay,moderate,high,medium,re_engagement,false,16
3631,midwest,untreated,cash_pay,moderate,moderate,low,research,false,115
3632,northeast,untreated,medicare_medicaid,moderate,moderate,high,research,true,19
3633,southwest,lapsed,medicare_medicaid,moderate,moderate,low,awareness,false,47
3634,west,lapsed,commercial,high,low,medium,awareness,false,46
3635,southeast,untreated,commercial,high,low,high,research,false,23
3636,southeast,lapsed,medicare_medicaid,low,high,medium,re_engagement,false,89
3637,west,lapsed,commercial,high,low,medium,evaluation,false,102
3638,northeast,on_competitor,medicare_medicaid,moderate,high,low,research,false,42
3639,midwest,on_competitor,cash_pay,high,moderate,medium,awareness,false,49
3640,west,lapsed,medicare_medicaid,low,low,medium,research,false,113
3641,midwest,untreated,commercial,moderate,low,low,research,false,25
3642,northeast,on_competitor,commercial,high,high,medium,awareness,false,24
3643,west,on_competitor,cash_pay,low,moderate,medium,awareness,false,85
3644,northeast,on_competitor,medicare_medicaid,moderate,high,medium,re_engagement,false,78
3645,southeast,untreated,other,moderate,high,high,evaluation,false,31
3646,southeast,on_competitor,cash_pay,high,high,low,research,true,37
3647,west,untreated,medicare_medicaid,moderate,high,high,awareness,false,32
3648,midwest,untreated,cash_pay,moderate,low,medium,research,false,76
3649,southeast,on_competitor,commercial,moderate,moderate,high,awareness,false,21
3650,midwest,untreated,medicare_medicaid,high,low,medium,research,false,72
3651,southeast,on_competitor,commercial,high,low,medium,evaluation,true,35
3652,northeast,untreated,commercial,moderate,low,high,re_engagement,false,34
3653,midwest,on_competitor,commercial,moderate,low,low,re_engagement,false,68
3654,northeast,untreated,cash_pay,high,moderate,medium,re_engagement,false,34
3655,midwest,untreated,commercial,high,moderate,low,evaluation,false,6
3656,west,lapsed,commercial,moderate,moderate,medium,re_engagement,false,41
3657,southeast,untreated,other,moderate,moderate,medium,evaluation,false,86
3658,west,on_competitor,medicare_medicaid,moderate,low,medium,evaluation,false,71
3659,northeast,on_competitor,commercial,high,moderate,high,evaluation,false,54
3660,southeast,untreated,medicare_medicaid,high,moderate,low,research,false,13
3661,southeast,untreated,commercial,high,high,low,awareness,true,87
3662,southeast,untreated,medicare_medicaid,high,moderate,low,awareness,false,11
3663,midwest,on_competitor,medicare_medicaid,moderate,low,medium,evaluation,false,40
3664,midwest,lapsed,commercial,high,high,low,awareness,true,72
3665,southwest,untreated,other,moderate,low,low,research,false,91
3666,southeast,untreated,commercial,moderate,high,low,re_engagement,false,78
3667,west,lapsed,medicare_medicaid,high,high,medium,research,false,115
3668,west,lapsed,other,moderate,low,medium,research,false,16
3669,west,untreated,commercial,moderate,high,low,awareness,false,64
3670,northeast,lapsed,other,high,moderate,medium,evaluation,false,28
3671,northeast,untreated,medicare_medicaid,high,low,low,research,false,36
3672,southwest,untreated,cash_pay,high,low,low,evaluation,true,31
3673,northeast,untreated,commercial,moderate,high,medium,research,false,22
3674,southeast,untreated,other,low,moderate,low,evaluation,false,41
3675,northeast,untreated,medicare_medicaid,high,high,low,evaluation,false,7
3676,west,untreated,commercial,high,low,high,evaluation,false,118
3677,midwest,untreated,medicare_medicaid,high,moderate,low,awareness,true,89
3678,west,on_competitor,medicare_medicaid,moderate,high,low,awareness,false,24
3679,northeast,on_competitor,medicare_medicaid,high,moderate,medium,research,false,89
3680,northeast,untreated,cash_pay,high,low,high,research,true,110
3681,midwest,untreated,commercial,high,moderate,low,evaluation,false,80
3682,southeast,lapsed,commercial,high,moderate,medium,evaluation,false,8
3683,southeast,untreated,medicare_medicaid,moderate,high,medium,awareness,false,46
3684,northeast,on_competitor,commercial,moderate,high,medium,evaluation,false,24
3685,southwest,untreated,commercial,low,low,low,evaluation,false,57
3686,northeast,lapsed,medicare_medicaid,high,moderate,high,evaluation,false,14
3687,southeast,lapsed,cash_pay,moderate,moderate,medium,evaluation,false,117
3688,west,lapsed,cash_pay,high,moderate,high,research,false,58
3689,southeast,untreated,commercial,moderate,moderate,medium,re_engagement,false,30
3690,west,untreated,other,moderate,moderate,high,research,false,77
3691,northeast,on_competitor,cash_pay,high,moderate,high,research,false,3
3692,west,untreated,commercial,high,moderate,medium,evaluation,false,111
3693,northeast,untreated,cash_pay,moderate,low,medium,awareness,false,120
3694,southwest,lapsed,commercial,high,high,low,research,false,54
3695,southwest,untreated,commercial,high,moderate,low,awareness,true,119
3696,west,lapsed,cash_pay,low,high,medium,research,false,94
3697,southwest,untreated,other,moderate,moderate,low,evaluation,false,108
3698,west,on_competitor,commercial,moderate,high,low,awareness,false,85
3699,northeast,untreated,other,low,moderate,medium,research,false,63
3700,northeast,on_competitor,medicare_medicaid,moderate,moderate,medium,re_engagement,true,72
3701,west,untreated,cash_pay,moderate,moderate,medium,re_engagement,false,81
3702,midwest,untreated,commercial,moderate,moderate,high,evaluation,true,45
3703,southwest,lapsed,commercial,high,moderate,high,evaluation,false,94
3704,west,on_competitor,cash_pay,moderate,moderate,medium,awareness,false,54
3705,southeast,untreated,cash_pay,moderate,moderate,low,research,false,93
3706,west,untreated,commercial,moderate,low,medium,research,false,78
3707,west,lapsed,other,moderate,moderate,medium,research,false,75
3708,northeast,untreated,commercial,moderate,low,medium,awareness,false,32
3709,midwest,untreated,commercial,low,high,low,research,false,24
3710,northeast,untreated,commercial,moderate,high,medium,research,true,82
3711,northeast,untreated,cash_pay,moderate,moderate,low,awareness,false,54
3712,northeast,on_competitor,medicare_medicaid,high,moderate,medium,research,true,23
3713,southeast,on_competitor,cash_pay,moderate,moderate,medium,research,false,21
3714,northeast,lapsed,commercial,moderate,moderate,medium,re_engagement,true,31
3715,southeast,on_competitor,cash_pay,low,moderate,high,evaluation,false,61
3716,midwest,on_competitor,medicare_medicaid,low,high,medium,awareness,true,38
3717,west,untreated,commercial,high,low,low,evaluation,false,4
3718,northeast,lapsed,other,high,moderate,medium,evaluation,true,75
3719,southeast,on_competitor,medicare_medicaid,low,high,medium,awareness,false,52
3720,southwest,on_competitor,cash_pay,low,low,medium,awareness,false,97
3721,west,untreated,medicare_medicaid,low,high,low,evaluation,true,38
3722,midwest,untreated,cash_pay,moderate,moderate,medium,evaluation,true,117
3723,northeast,lapsed,medicare_medicaid,high,moderate,medium,research,false,79
3724,northeast,on_competitor,commercial,low,moderate,low,research,false,26
3725,west,on_competitor,other,high,high,medium,awareness,true,58
3726,northeast,untreated,commercial,low,moderate,high,re_engagement,true,23
3727,southwest,untreated,other,high,low,low,awareness,true,29
3728,southeast,untreated,commercial,moderate,high,medium,research,true,107
3729,west,lapsed,commercial,high,moderate,medium,awareness,false,79
3730,west,lapsed,commercial,moderate,moderate,low,awareness,false,118
3731,west,on_competitor,commercial,moderate,low,medium,research,false,9
3732,west,untreated,commercial,high,low,low,evaluation,false,51
3733,midwest,untreated,other,high,high,high,research,false,42
3734,northeast,untreated,medicare_medicaid,moderate,moderate,high,awareness,false,120
3735,southwest,on_competitor,commercial,moderate,low,medium,awareness,false,12
3736,west,on_competitor,medicare_medicaid,moderate,moderate,low,evaluation,false,21
3737,midwest,untreated,commercial,moderate,moderate,low,research,false,64
3738,northeast,untreated,commercial,high,low,high,evaluation,false,73
3739,midwest,on_competitor,commercial,high,moderate,low,awareness,true,90
3740,midwest,untreated,other,high,moderate,medium,awareness,false,79
3741,midwest,lapsed,medicare_medicaid,moderate,moderate,medium,evaluation,true,23
3742,midwest,lapsed,commercial,moderate,low,medium,research,true,53
3743,southeast,untreated,medicare_medicaid,high,low,medium,evaluation,false,71
3744,southwest,on_competitor,commercial,high,moderate,low,awareness,false,112
3745,northeast,on_competitor,other,high,moderate,high,re_engagement,false,18
3746,southwest,lapsed,other,moderate,low,medium,awareness,false,99
3747,southwest,untreated,commercial,low,low,high,awareness,false,56
3748,west,on_competitor,medicare_medicaid,high,low,medium,evaluation,false,81
3749,west,lapsed,cash_pay,moderate,moderate,high,evaluation,false,38
3750,midwest,untreated,cash_pay,low,moderate,low,awareness,false,22
3751,west,on_competitor,commercial,high,high,low,evaluation,false,2
3752,west,on_competitor,cash_pay,moderate,moderate,high,awareness,false,17
3753,northeast,untreated,commercial,low,moderate,high,re_engagement,false,26
3754,midwest,on_competitor,cash_pay,moderate,low,medium,awareness,false,89
3755,midwest,untreated,commercial,moderate,low,medium,awareness,false,24
3756,midwest,lapsed,cash_pay,moderate,moderate,medium,research,false,117
3757,northeast,untreated,cash_pay,high,low,high,awareness,false,77
3758,northeast,untreated,cash_pay,moderate,moderate,medium,evaluation,false,40
3759,west,untreated,cash_pay,high,low,high,re_engagement,true,61
3760,west,untreated,medicare_medicaid,moderate,moderate,low,research,false,116
3761,west,untreated,medicare_medicaid,moderate,moderate,medium,evaluation,false,119
3762,southeast,untreated,medicare_medicaid,high,low,low,awareness,false,95
3763,southwest,untreated,medicare_medicaid,high,high,high,awareness,true,41
3764,southeast,on_competitor,commercial,moderate,moderate,medium,re_engagement,false,117
3765,midwest,untreated,medicare_medicaid,high,moderate,high,evaluation,false,51
3766,west,on_competitor,commercial,low,moderate,low,research,false,117
3767,northeast,lapsed,commercial,moderate,moderate,high,evaluation,false,5
3768,northeast,lapsed,other,moderate,high,high,awareness,false,56
3769,west,untreated,medicare_medicaid,moderate,moderate,high,research,false,86
3770,west,untreated,cash_pay,low,low,low,re_engagement,false,40
3771,southeast,lapsed,cash_pay,moderate,low,low,awareness,false,26
3772,southwest,untreated,other,low,moderate,low,awareness,false,93
3773,west,on_competitor,medicare_medicaid,high,low,low,evaluation,false,65
3774,southeast,lapsed,commercial,moderate,moderate,low,awareness,true,8
3775,southeast,untreated,cash_pay,high,high,low,research,false,8
3776,midwest,untreated,medicare_medicaid,moderate,moderate,low,awareness,false,73
3777,southwest,untreated,commercial,moderate,low,low,evaluation,false,32
3778,northeast,untreated,commercial,high,moderate,low,awareness,true,107
3779,northeast,untreated,medicare_medicaid,high,high,medium,awareness,false,73
3780,northeast,untreated,medicare_medicaid,low,high,medium,evaluation,false,45
3781,southwest,untreated,medicare_medicaid,high,high,medium,evaluation,false,102
3782,southwest,on_competitor,medicare_medicaid,moderate,moderate,medium,evaluation,false,54
3783,southeast,untreated,commercial,high,moderate,medium,awareness,false,77
3784,midwest,on_competitor,medicare_medicaid,moderate,moderate,high,awareness,false,28
3785,southeast,untreated,medicare_medicaid,high,moderate,medium,research,false,82
3786,midwest,on_competitor,cash_pay,high,moderate,high,awareness,false,74
3787,west,on_competitor,cash_pay,high,moderate,high,research,false,40
3788,midwest,untreated,other,high,low,medium,awareness,false,17
3789,southwest,untreated,cash_pay,moderate,low,medium,research,false,40
3790,southwest,untreated,commercial,high,moderate,medium,awareness,true,59
3791,northeast,lapsed,commercial,moderate,moderate,low,evaluation,false,87
3792,west,on_competitor,cash_pay,moderate,high,high,evaluation,false,120
3793,west,lapsed,medicare_medicaid,moderate,moderate,medium,research,false,75
3794,northeast,lapsed,cash_pay,moderate,low,high,evaluation,true,4
3795,northeast,untreated,medicare_medicaid,low,high,high,awareness,false,8
3796,west,lapsed,commercial,high,moderate,medium,research,true,120
3797,southwest,untreated,commercial,moderate,moderate,medium,research,false,32
3798,northeast,lapsed,medicare_medicaid,moderate,moderate,high,research,false,72
3799,midwest,on_competitor,commercial,high,high,medium,evaluation,false,20
3800,west,untreated,medicare_medicaid,moderate,high,high,research,true,107
3801,southeast,untreated,medicare_medicaid,low,low,medium,awareness,false,86
3802,northeast,untreated,cash_pay,high,low,medium,awareness,false,79
3803,west,on_competitor,other,moderate,high,high,awareness,false,36
3804,northeast,lapsed,other,moderate,high,medium,evaluation,false,17
3805,west,untreated,other,moderate,low,low,evaluation,true,47
3806,southwest,on_competitor,medicare_medicaid,high,moderate,high,research,true,107
3807,southwest,untreated,cash_pay,moderate,high,high,re_engagement,false,26
3808,southeast,untreated,cash_pay,moderate,high,low,awareness,true,8
3809,west,untreated,other,moderate,high,low,awareness,false,83
3810,northeast,on_competitor,commercial,low,high,high,awareness,true,110
3811,southwest,untreated,medicare_medicaid,low,moderate,medium,awareness,false,17
3812,southeast,untreated,commercial,moderate,low,medium,evaluation,false,78
3813,west,untreated,commercial,moderate,moderate,high,awareness,true,97
3814,southwest,on_competitor,medicare_medicaid,high,moderate,medium,evaluation,true,13
3815,midwest,untreated,cash_pay,moderate,low,low,awareness,true,71
3816,northeast,untreated,commercial,high,high,medium,re_engagement,false,82
3817,midwest,untreated,commercial,low,moderate,low,research,false,11
3818,southwest,on_competitor,medicare_medicaid,moderate,high,low,evaluation,false,16
3819,southeast,untreated,cash_pay,moderate,moderate,low,re_engagement,false,33
3820,southeast,on_competitor,commercial,high,high,medium,research,false,65
3821,southeast,lapsed,medicare_medicaid,high,moderate,medium,evaluation,false,63
3822,northeast,untreated,other,low,moderate,medium,awareness,false,2
3823,northeast,on_competitor,commercial,low,high,low,research,false,45
3824,midwest,on_competitor,commercial,moderate,high,high,research,false,28
3825,midwest,untreated,commercial,high,moderate,medium,awareness,false,114
3826,west,on_competitor,commercial,high,moderate,low,awareness,true,105
3827,west,untreated,medicare_medicaid,moderate,high,medium,research,false,34
3828,midwest,lapsed,medicare_medicaid,high,low,medium,evaluation,false,116
3829,southeast,untreated,commercial,low,moderate,medium,re_engagement,false,45
3830,west,lapsed,cash_pay,high,moderate,medium,research,false,87
3831,west,on_competitor,commercial,moderate,moderate,low,awareness,false,115
3832,northeast,untreated,other,moderate,moderate,low,research,false,117
3833,west,lapsed,cash_pay,high,high,medium,research,false,12
3834,midwest,untreated,commercial,high,high,low,awareness,true,111
3835,midwest,lapsed,medicare_medicaid,high,low,low,evaluation,false,21
3836,southwest,on_competitor,other,low,moderate,high,research,false,34
3837,midwest,untreated,commercial,high,low,low,evaluation,false,24
3838,northeast,on_competitor,medicare_medicaid,low,moderate,high,research,true,44
3839,northeast,untreated,commercial,moderate,low,low,awareness,false,32
3840,west,lapsed,commercial,low,moderate,medium,evaluation,false,27
3841,northeast,lapsed,other,moderate,high,low,awareness,false,71
3842,midwest,untreated,commercial,moderate,moderate,medium,research,true,29
3843,west,untreated,other,high,high,medium,awareness,false,120
3844,southeast,untreated,commercial,low,low,medium,research,false,47
3845,west,on_competitor,medicare_medicaid,moderate,moderate,medium,awareness,true,19
3846,midwest,untreated,medicare_medicaid,high,high,high,research,false,35
3847,southeast,untreated,other,moderate,moderate,high,awareness,true,104
3848,midwest,untreated,cash_pay,moderate,moderate,high,awareness,false,101
3849,northeast,on_competitor,commercial,low,moderate,medium,evaluation,false,113
3850,southwest,on_competitor,medicare_medicaid,high,low,medium,awareness,false,3
3851,midwest,untreated,medicare_medicaid,moderate,moderate,medium,research,false,69
3852,southwest,untreated,medicare_medicaid,moderate,high,medium,awareness,false,56
3853,southeast,untreated,commercial,high,moderate,medium,research,false,13
3854,northeast,on_competitor,cash_pay,high,moderate,high,awareness,false,97
3855,southwest,on_competitor,medicare_medicaid,moderate,low,low,research,false,84
3856,southeast,untreated,cash_pay,low,low,low,evaluation,false,91
3857,southeast,on_competitor,commercial,high,moderate,medium,evaluation,false,72
3858,west,untreated,other,low,low,medium,research,false,96
3859,southeast,untreated,cash_pay,moderate,moderate,high,awareness,true,57
3860,west,on_competitor,medicare_medicaid,moderate,moderate,medium,awareness,false,35
3861,southwest,on_competitor,commercial,moderate,moderate,medium,research,true,114
3862,southeast,untreated,other,moderate,moderate,low,awareness,false,25
3863,northeast,untreated,medicare_medicaid,moderate,moderate,medium,re_engagement,false,115
3864,west,on_competitor,cash_pay,moderate,low,low,re_engagement,false,60
3865,southwest,lapsed,cash_pay,high,moderate,high,re_engagement,false,19
3866,northeast,lapsed,medicare_medicaid,high,moderate,high,research,false,47
3867,west,untreated,commercial,moderate,moderate,low,research,false,0
3868,southeast,lapsed,medicare_medicaid,moderate,moderate,medium,evaluation,true,25
3869,southeast,lapsed,cash_pay,low,low,medium,evaluation,true,65
3870,west,untreated,medicare_medicaid,moderate,moderate,high,research,false,56
3871,northeast,lapsed,medicare_medicaid,high,high,medium,re_engagement,true,35
3872,southeast,on_competitor,medicare_medicaid,low,low,medium,awareness,false,62
3873,southwest,lapsed,commercial,moderate,moderate,medium,evaluation,false,48
3874,southwest,untreated,medicare_medicaid,high,high,medium,research,false,38
3875,west,lapsed,commercial,high,moderate,medium,research,false,69
3876,southeast,on_competitor,commercial,moderate,moderate,low,awareness,true,93
3877,midwest,on_competitor,commercial,high,high,medium,awareness,true,26
3878,midwest,on_competitor,medicare_medicaid,low,low,high,awareness,false,100
3879,midwest,untreated,cash_pay,high,low,medium,awareness,false,65
3880,west,untreated,commercial,low,moderate,medium,evaluation,false,93
3881,west,lapsed,commercial,high,moderate,medium,evaluation,false,114
3882,west,untreated,cash_pay,high,moderate,medium,evaluation,false,57
3883,southeast,on_competitor,commercial,moderate,moderate,medium,awareness,false,5
3884,northeast,on_competitor,medicare_medicaid,moderate,moderate,medium,research,false,112
3885,northeast,untreated,medicare_medicaid,high,moderate,medium,research,true,71
3886,southwest,untreated,medicare_medicaid,high,moderate,low,research,false,70
3887,northeast,untreated,other,high,low,medium,evaluation,false,55
3888,southeast,on_competitor,commercial,low,high,medium,re_engagement,true,4
3889,west,untreated,commercial,high,high,medium,awareness,false,114
3890,west,untreated,other,high,high,high,awareness,true,45
3891,midwest,untreated,commercial,moderate,moderate,medium,research,false,13
3892,southeast,untreated,commercial,moderate,high,medium,re_engagement,true,9
3893,southwest,lapsed,cash_pay,high,moderate,medium,awareness,false,44
3894,southwest,lapsed,other,moderate,low,medium,awareness,false,91
3895,southeast,lapsed,other,moderate,moderate,low,evaluation,false,41
3896,southeast,lapsed,commercial,high,moderate,medium,awareness,false,94
3897,southeast,untreated,medicare_medicaid,moderate,moderate,medium,re_engagement,false,50
3898,west,lapsed,medicare_medicaid,high,moderate,medium,awareness,false,58
3899,midwest,untreated,cash_pay,moderate,low,low,re_engagement,true,119
3900,midwest,lapsed,commercial,moderate,moderate,high,awareness,false,86
3901,west,lapsed,commercial,low,moderate,low,awareness,false,102
3902,northeast,untreated,commercial,high,moderate,high,awareness,false,92
3903,west,untreated,commercial,high,moderate,medium,evaluation,false,27
3904,southeast,lapsed,medicare_medicaid,high,moderate,medium,awareness,false,11
3905,northeast,lapsed,commercial,moderate,moderate,high,evaluation,false,8
3906,southwest,on_competitor,commercial,low,moderate,low,re_engagement,true,35
3907,west,untreated,cash_pay,high,low,high,research,false,81
3908,midwest,lapsed,cash_pay,high,high,low,re_engagement,true,3
3909,northeast,lapsed,medicare_medicaid,moderate,high,medium,evaluation,false,118
3910,southwest,untreated,medicare_medicaid,moderate,moderate,medium,awareness,false,56
3911,southeast,untreated,other,high,moderate,high,awareness,false,23
3912,southeast,lapsed,commercial,low,high,low,evaluation,false,16
3913,northeast,on_competitor,cash_pay,low,low,medium,re_engagement,true,113
3914,west,untreated,medicare_medicaid,moderate,moderate,medium,evaluation,false,78
3915,southeast,on_competitor,commercial,high,moderate,low,evaluation,false,8
3916,midwest,lapsed,medicare_medicaid,high,moderate,low,research,true,56
3917,southeast,untreated,medicare_medicaid,high,moderate,high,re_engagement,false,10
3918,northeast,on_competitor,other,high,high,high,evaluation,false,92
3919,midwest,on_competitor,commercial,moderate,low,low,awareness,true,34
3920,northeast,untreated,commercial,moderate,low,medium,awareness,true,88
3921,southwest,on_competitor,commercial,high,moderate,low,re_engagement,false,91
3922,southeast,untreated,medicare_medicaid,high,moderate,high,re_engagement,false,40
3923,northeast,on_competitor,medicare_medicaid,high,moderate,medium,awareness,true,5
3924,west,lapsed,commercial,low,moderate,medium,research,false,119
3925,southeast,untreated,commercial,moderate,high,low,evaluation,false,83
3926,southeast,untreated,cash_pay,moderate,high,medium,evaluation,false,100
3927,west,lapsed,cash_pay,moderate,low,high,awareness,false,94
3928,northeast,untreated,commercial,high,low,high,evaluation,false,13
3929,west,on_competitor,medicare_medicaid,moderate,moderate,medium,research,false,52
3930,southeast,untreated,commercial,low,low,high,awareness,true,95
3931,northeast,untreated,cash_pay,moderate,moderate,medium,awareness,false,23
3932,northeast,lapsed,commercial,high,moderate,high,evaluation,false,25
3933,northeast,untreated,medicare_medicaid,moderate,moderate,low,re_engagement,false,7
3934,west,untreated,commercial,high,low,low,research,true,2
3935,northeast,on_competitor,medicare_medicaid,high,low,medium,research,true,81
3936,northeast,untreated,other,moderate,low,medium,re_engagement,false,3
3937,southeast,untreated,medicare_medicaid,moderate,moderate,medium,re_engagement,false,119
3938,southwest,untreated,commercial,moderate,moderate,medium,awareness,false,64
3939,southeast,untreated,medicare_medicaid,moderate,moderate,medium,awareness,false,104
3940,southwest,untreated,medicare_medicaid,high,moderate,low,evaluation,false,93
3941,southeast,untreated,medicare_medicaid,high,moderate,low,research,true,48
3942,west,on_competitor,commercial,low,high,medium,evaluation,false,80
3943,west,lapsed,other,low,low,medium,awareness,false,93
3944,midwest,on_competitor,commercial,moderate,high,medium,re_engagement,false,53
3945,northeast,untreated,commercial,low,moderate,medium,awareness,true,48
3946,southeast,lapsed,medicare_medicaid,moderate,low,medium,evaluation,false,120
3947,southwest,lapsed,commercial,high,low,low,awareness,false,119
3948,west,on_competitor,other,high,moderate,medium,evaluation,false,11
3949,southeast,untreated,commercial,moderate,moderate,medium,awareness,true,31
3950,northeast,on_competitor,medicare_medicaid,high,moderate,medium,evaluation,false,101
3951,midwest,lapsed,medicare_medicaid,low,high,high,research,true,99
3952,northeast,on_competitor,other,high,moderate,low,evaluation,true,0
3953,southeast,on_competitor,commercial,high,high,low,evaluation,false,97
3954,west,on_competitor,commercial,high,moderate,low,research,true,15
3955,southwest,on_competitor,medicare_medicaid,high,high,medium,research,false,31
3956,west,untreated,medicare_medicaid,high,low,medium,awareness,false,88
3957,midwest,untreated,other,moderate,low,medium,research,false,27
3958,northeast,lapsed,commercial,high,high,high,evaluation,false,99
3959,southeast,untreated,commercial,high,moderate,medium,awareness,false,80
3960,west,untreated,medicare_medicaid,high,moderate,medium,awareness,true,32
3961,midwest,untreated,medicare_medicaid,moderate,moderate,high,research,false,36
3962,midwest,on_competitor,commercial,low,high,medium,evaluation,true,110
3963,west,on_competitor,commercial,moderate,moderate,low,evaluation,false,91
3964,northeast,untreated,commercial,low,low,low,awareness,false,72
3965,southeast,untreated,medicare_medicaid,low,high,high,research,true,95
3966,southeast,on_competitor,medicare_medicaid,high,moderate,high,evaluation,false,52
3967,southwest,on_competitor,commercial,high,moderate,medium,re_engagement,false,55
3968,west,untreated,commercial,high,moderate,low,evaluation,false,43
3969,west,untreated,commercial,moderate,moderate,low,research,false,9
3970,southeast,untreated,medicare_medicaid,moderate,high,low,awareness,false,52
3971,southeast,lapsed,commercial,moderate,high,medium,research,false,71
3972,northeast,on_competitor,commercial,moderate,moderate,low,awareness,false,29
3973,west,untreated,commercial,moderate,high,low,evaluation,false,31
3974,northeast,lapsed,commercial,high,low,medium,awareness,true,13
3975,northeast,untreated,cash_pay,high,moderate,low,research,true,113
3976,northeast,on_competitor,commercial,high,moderate,low,evaluation,false,106
3977,southwest,untreated,cash_pay,moderate,moderate,medium,awareness,false,103
3978,midwest,lapsed,other,moderate,low,medium,awareness,false,100
3979,west,on_competitor,medicare_medicaid,moderate,high,medium,research,true,31
3980,west,on_competitor,commercial,high,high,high,re_engagement,false,116
3981,southeast,untreated,cash_pay,moderate,moderate,high,research,false,34
3982,west,on_competitor,commercial,high,high,low,research,false,119
3983,southwest,lapsed,medicare_medicaid,moderate,high,low,awareness,true,90
3984,southwest,lapsed,commercial,moderate,high,medium,awareness,false,93
3985,midwest,untreated,commercial,moderate,moderate,medium,research,false,100
3986,west,untreated,medicare_medicaid,low,low,medium,re_engagement,true,80
3987,west,on_competitor,other,moderate,high,high,awareness,false,31
3988,southeast,on_competitor,medicare_medicaid,moderate,low,medium,research,false,34
3989,midwest,untreated,medicare_medicaid,high,moderate,medium,evaluation,true,30
3990,midwest,on_competitor,medicare_medicaid,moderate,moderate,high,awareness,false,110
3991,northeast,untreated,commercial,high,moderate,low,evaluation,false,24
3992,west,untreated,commercial,moderate,high,medium,evaluation,false,88
3993,northeast,lapsed,cash_pay,high,high,high,research,true,27
3994,midwest,untreated,commercial,high,moderate,medium,evaluation,false,120
3995,southeast,untreated,commercial,high,high,medium,awareness,false,37
3996,southeast,lapsed,medicare_medicaid,high,low,medium,research,false,109
3997,southeast,on_competitor,commercial,high,moderate,low,awareness,false,52
3998,midwest,untreated,medicare_medicaid,low,moderate,low,research,false,56
3999,southeast,untreated,commercial,high,low,medium,re_engagement,false,82
4000,northeast,on_competitor,commercial,high,moderate,high,awareness,false,83
4001,midwest,untreated,cash_pay,moderate,moderate,high,re_engagement,true,59
4002,midwest,lapsed,commercial,moderate,low,low,research,true,51
4003,southwest,lapsed,commercial,moderate,moderate,high,research,true,26
4004,southwest,on_competitor,medicare_medicaid,low,moderate,low,research,false,49
4005,northeast,untreated,cash_pay,moderate,moderate,medium,re_engagement,false,112
4006,west,lapsed,cash_pay,moderate,moderate,high,evaluation,false,1
4007,west,untreated,commercial,high,moderate,low,re_engagement,false,17
4008,northeast,on_competitor,commercial,high,high,low,re_engagement,false,71
4009,midwest,lapsed,commercial,low,low,high,evaluation,true,22
4010,southeast,untreated,commercial,moderate,moderate,low,research,false,79
4011,southeast,untreated,medicare_medicaid,moderate,low,medium,awareness,true,7
4012,southeast,on_competitor,commercial,high,high,low,research,false,21
4013,west,untreated,other,high,low,medium,awareness,false,107
4014,midwest,untreated,cash_pay,high,low,medium,evaluation,true,96
4015,west,lapsed,medicare_medicaid,high,high,medium,research,false,84
4016,west,lapsed,cash_pay,high,moderate,low,awareness,false,5
4017,northeast,untreated,commercial,moderate,high,low,awareness,false,72
4018,northeast,untreated,other,moderate,high,low,research,false,52
4019,southwest,on_competitor,medicare_medicaid,high,moderate,low,awareness,false,117
4020,southwest,untreated,commercial,high,high,low,research,true,21
4021,southeast,on_competitor,cash_pay,high,high,low,evaluation,false,44
4022,northeast,on_competitor,commercial,moderate,moderate,medium,research,false,102
4023,southeast,untreated,cash_pay,moderate,low,medium,evaluation,false,53
4024,southwest,lapsed,cash_pay,high,low,medium,evaluation,false,95
4025,southeast,on_competitor,other,high,high,low,awareness,false,70
4026,southeast,lapsed,cash_pay,low,high,medium,evaluation,false,109
4027,midwest,untreated,cash_pay,low,moderate,medium,evaluation,false,41
4028,northeast,lapsed,medicare_medicaid,moderate,moderate,medium,re_engagement,false,18
4029,northeast,untreated,medicare_medicaid,high,moderate,low,awareness,true,73
4030,southwest,on_competitor,commercial,moderate,moderate,medium,awareness,false,69
4031,west,untreated,commercial,low,low,medium,awareness,true,36
4032,southeast,untreated,cash_pay,moderate,high,low,research,true,101
4033,southeast,untreated,commercial,high,moderate,medium,awareness,true,22
4034,southwest,on_competitor,other,low,high,low,research,false,91
4035,northeast,lapsed,commercial,low,moderate,high,awareness,false,102
4036,northeast,on_competitor,cash_pay,high,high,medium,awareness,false,110
4037,west,untreated,medicare_medicaid,moderate,low,low,research,false,6
4038,west,on_competitor,commercial,moderate,low,medium,re_engagement,false,63
4039,west,lapsed,medicare_medicaid,low,moderate,high,research,false,38
4040,southwest,untreated,commercial,low,moderate,medium,evaluation,false,25
4041,west,untreated,commercial,low,high,medium,research,false,30
4042,midwest,lapsed,cash_pay,high,moderate,low,re_engagement,true,46
4043,southwest,on_competitor,commercial,moderate,moderate,medium,awareness,true,48
4044,southeast,untreated,cash_pay,moderate,moderate,low,awareness,false,15
4045,southeast,on_competitor,cash_pay,moderate,high,high,re_engagement,false,36
4046,southeast,on_competitor,other,moderate,moderate,high,re_engagement,false,6
4047,southeast,untreated,medicare_medicaid,high,moderate,low,awareness,true,29
4048,west,on_competitor,commercial,moderate,moderate,high,awareness,false,68
4049,southwest,untreated,medicare_medicaid,low,moderate,high,evaluation,false,38
4050,southeast,lapsed,commercial,moderate,moderate,medium,evaluation,false,35
4051,west,untreated,medicare_medicaid,high,moderate,low,awareness,false,74
4052,southeast,untreated,other,high,low,high,re_engagement,false,48
4053,southeast,untreated,commercial,low,low,medium,research,false,87
4054,northeast,untreated,other,high,moderate,low,re_engagement,false,29
4055,northeast,untreated,medicare_medicaid,high,high,low,research,true,102
4056,west,on_competitor,medicare_medicaid,low,high,medium,awareness,false,54
4057,southeast,untreated,commercial,high,moderate,medium,research,true,87
4058,southeast,on_competitor,commercial,moderate,low,medium,awareness,true,64
4059,west,on_competitor,commercial,high,moderate,medium,evaluation,false,117
4060,southeast,untreated,commercial,low,moderate,high,awareness,false,59
4061,southeast,untreated,cash_pay,moderate,high,medium,research,false,38
4062,midwest,lapsed,medicare_medicaid,moderate,moderate,medium,awareness,false,47
4063,west,untreated,commercial,low,high,medium,research,true,16
4064,southeast,untreated,commercial,high,moderate,medium,research,true,18
4065,southeast,on_competitor,medicare_medicaid,low,low,medium,evaluation,false,74
4066,southeast,untreated,medicare_medicaid,moderate,moderate,medium,research,true,73
4067,northeast,untreated,commercial,moderate,high,medium,research,false,23
4068,southeast,untreated,medicare_medicaid,high,high,low,re_engagement,true,36
4069,southwest,untreated,cash_pay,high,moderate,high,evaluation,true,105
4070,southeast,untreated,medicare_medicaid,moderate,high,medium,evaluation,false,49
4071,west,untreated,commercial,high,high,medium,awareness,false,62
4072,southeast,untreated,cash_pay,high,moderate,medium,awareness,false,112
4073,southwest,untreated,commercial,low,high,low,awareness,true,98
4074,west,on_competitor,commercial,moderate,moderate,medium,awareness,false,29
4075,west,on_competitor,commercial,moderate,moderate,low,re_engagement,false,69
4076,west,untreated,cash_pay,moderate,moderate,medium,evaluation,false,17
4077,midwest,on_competitor,commercial,moderate,moderate,low,awareness,false,20
4078,northeast,untreated,medicare_medicaid,moderate,low,low,research,false,29
4079,west,untreated,medicare_medicaid,moderate,moderate,medium,awareness,false,41
4080,southeast,on_competitor,commercial,high,moderate,medium,evaluation,false,76
4081,southwest,untreated,cash_pay,moderate,high,medium,awareness,false,84
4082,west,untreated,cash_pay,high,moderate,high,awareness,false,12
4083,southeast,on_competitor,cash_pay,low,moderate,low,research,false,7
4084,northeast,untreated,cash_pay,moderate,moderate,low,evaluation,false,69
4085,midwest,on_competitor,commercial,moderate,low,low,research,true,0
4086,northeast,lapsed,commercial,moderate,moderate,medium,research,false,92
4087,west,untreated,medicare_medicaid,low,high,high,awareness,true,103
4088,northeast,on_competitor,medicare_medicaid,high,high,high,evaluation,true,109
4089,midwest,lapsed,medicare_medicaid,high,low,low,evaluation,false,94
4090,midwest,lapsed,cash_pay,low,low,low,re_engagement,false,68
4091,southeast,lapsed,commercial,moderate,low,high,evaluation,false,11
4092,midwest,on_competitor,cash_pay,moderate,moderate,low,awareness,false,94
4093,southeast,on_competitor,other,moderate,high,high,re_engagement,false,36
4094,midwest,untreated,commercial,moderate,moderate,medium,awareness,true,67
4095,northeast,untreated,other,high,moderate,low,evaluation,false,81
4096,midwest,on_competitor,medicare_medicaid,low,high,high,research,false,109
4097,southwest,untreated,medicare_medicaid,low,high,medium,awareness,false,28
4098,southeast,lapsed,medicare_medicaid,high,moderate,medium,evaluation,false,84
4099,midwest,lapsed,commercial,low,high,medium,research,false,50
4100,northeast,lapsed,commercial,moderate,moderate,low,re_engagement,false,34
4101,southwest,lapsed,medicare_medicaid,moderate,low,medium,awareness,false,64
4102,northeast,untreated,cash_pay,high,low,low,research,true,107
4103,northeast,lapsed,commercial,moderate,moderate,low,awareness,false,6
4104,west,untreated,cash_pay,moderate,low,medium,research,false,5
4105,southwest,untreated,medicare_medicaid,low,low,medium,research,false,32
4106,southwest,untreated,cash_pay,moderate,moderate,low,evaluation,false,29
4107,midwest,lapsed,commercial,moderate,high,low,research,false,48
4108,midwest,untreated,commercial,high,high,low,re_engagement,false,32
4109,west,on_competitor,commercial,high,high,high,evaluation,true,45
4110,west,on_competitor,commercial,high,moderate,low,evaluation,false,57
4111,west,on_competitor,medicare_medicaid,moderate,high,high,awareness,false,57
4112,southwest,on_competitor,commercial,moderate,low,medium,awareness,false,73
4113,southwest,lapsed,cash_pay,low,low,high,awareness,true,78
4114,midwest,lapsed,commercial,moderate,moderate,medium,awareness,false,65
4115,northeast,untreated,medicare_medicaid,moderate,high,medium,evaluation,false,1
4116,west,untreated,commercial,high,high,low,re_engagement,false,70
4117,northeast,untreated,cash_pay,high,low,medium,awareness,false,57
4118,midwest,untreated,commercial,high,moderate,high,evaluation,false,17
4119,southwest,on_competitor,commercial,high,low,high,awareness,false,4
4120,midwest,untreated,other,high,low,low,awareness,false,67
4121,midwest,untreated,medicare_medicaid,high,moderate,medium,awareness,false,96
4122,northeast,lapsed,other,high,low,medium,awareness,false,88
4123,southeast,on_competitor,medicare_medicaid,moderate,moderate,medium,re_engagement,false,103
4124,midwest,lapsed,commercial,low,high,medium,evaluation,false,6
4125,west,on_competitor,commercial,high,low,high,awareness,false,114
4126,northeast,untreated,cash_pay,high,moderate,low,research,false,83
4127,west,untreated,cash_pay,low,moderate,high,research,false,26
4128,west,lapsed,commercial,moderate,moderate,low,research,false,54
4129,southwest,untreated,commercial,moderate,moderate,low,awareness,true,69
4130,southeast,on_competitor,medicare_medicaid,low,high,high,research,false,40
4131,southwest,lapsed,cash_pay,low,low,medium,research,false,0
4132,northeast,lapsed,commercial,high,moderate,high,awareness,true,14
4133,west,on_competitor,commercial,high,low,medium,evaluation,false,59
4134,southeast,lapsed,commercial,low,low,high,evaluation,true,87
4135,west,on_competitor,commercial,moderate,moderate,high,awareness,false,73
4136,northeast,lapsed,commercial,moderate,high,medium,awareness,false,91
4137,southwest,lapsed,cash_pay,high,low,low,re_engagement,false,50
4138,southeast,untreated,medicare_medicaid,low,high,medium,awareness,false,8
4139,midwest,lapsed,commercial,low,low,high,awareness,false,6
4140,southeast,lapsed,commercial,high,low,medium,research,true,85
4141,midwest,untreated,commercial,moderate,low,medium,research,false,54
4142,midwest,lapsed,cash_pay,moderate,high,low,evaluation,false,67
4143,west,untreated,commercial,moderate,moderate,high,awareness,false,6
4144,midwest,on_competitor,cash_pay,moderate,high,medium,evaluation,false,22
4145,west,on_competitor,medicare_medicaid,moderate,low,medium,research,true,25
4146,west,untreated,commercial,high,moderate,medium,re_engagement,true,98
4147,southwest,untreated,cash_pay,moderate,moderate,medium,evaluation,false,85
4148,midwest,untreated,medicare_medicaid,moderate,low,low,evaluation,false,87
4149,southwest,untreated,commercial,low,high,medium,evaluation,false,96
4150,midwest,lapsed,commercial,high,high,high,research,false,78
4151,west,lapsed,commercial,high,moderate,low,evaluation,false,65
4152,southeast,untreated,commercial,moderate,low,medium,evaluation,false,23
4153,southwest,lapsed,commercial,moderate,moderate,medium,research,false,65
4154,midwest,lapsed,other,moderate,low,low,awareness,true,3
4155,midwest,untreated,medicare_medicaid,high,low,high,awareness,false,116
4156,southeast,untreated,cash_pay,low,moderate,high,evaluation,false,44
4157,southeast,untreated,cash_pay,moderate,low,medium,awareness,false,21
4158,southeast,on_competitor,commercial,moderate,high,medium,re_engagement,true,54
4159,northeast,untreated,medicare_medicaid,high,high,low,awareness,false,32
4160,west,untreated,commercial,moderate,high,medium,evaluation,false,21
4161,west,untreated,commercial,high,low,medium,evaluation,false,45
4162,northeast,on_competitor,medicare_medicaid,low,moderate,low,evaluation,false,70
4163,southwest,untreated,commercial,moderate,high,high,evaluation,false,61
4164,southwest,on_competitor,commercial,moderate,moderate,low,research,false,31
4165,west,lapsed,commercial,high,low,medium,research,false,100
4166,midwest,lapsed,medicare_medicaid,high,high,high,re_engagement,false,107
4167,west,untreated,commercial,high,moderate,low,evaluation,false,45
4168,northeast,on_competitor,commercial,high,moderate,low,awareness,false,83
4169,northeast,untreated,medicare_medicaid,moderate,low,medium,awareness,false,119
4170,west,on_competitor,medicare_medicaid,high,high,medium,research,false,59
4171,northeast,untreated,medicare_medicaid,moderate,moderate,medium,evaluation,false,88
4172,northeast,untreated,other,low,high,low,awareness,false,86
4173,west,lapsed,other,moderate,moderate,high,evaluation,false,99
4174,southeast,untreated,commercial,high,high,medium,evaluation,false,108
4175,midwest,lapsed,commercial,high,high,low,research,false,64
4176,southeast,on_competitor,cash_pay,moderate,moderate,medium,awareness,false,74
4177,southeast,untreated,commercial,high,moderate,medium,research,false,16
4178,southeast,on_competitor,medicare_medicaid,low,low,low,evaluation,false,51
4179,northeast,untreated,commercial,high,moderate,low,awareness,false,113
4180,midwest,untreated,cash_pay,moderate,low,low,awareness,false,45
4181,southeast,untreated,cash_pay,low,moderate,medium,research,false,23
4182,midwest,on_competitor,medicare_medicaid,high,moderate,low,awareness,false,77
4183,west,untreated,medicare_medicaid,high,moderate,low,re_engagement,false,59
4184,west,untreated,other,high,low,medium,awareness,false,105
4185,southwest,on_competitor,commercial,moderate,moderate,medium,awareness,false,84
4186,west,untreated,commercial,moderate,low,medium,re_engagement,false,12
4187,midwest,lapsed,cash_pay,high,high,medium,re_engagement,false,79
4188,southwest,on_competitor,commercial,low,low,high,re_engagement,false,101
4189,west,untreated,cash_pay,moderate,moderate,high,research,false,64
4190,northeast,untreated,commercial,moderate,high,low,evaluation,false,71
4191,southeast,lapsed,other,high,high,medium,research,true,106
4192,southwest,untreated,cash_pay,moderate,high,high,evaluation,false,108
4193,southeast,on_competitor,medicare_medicaid,high,low,medium,evaluation,false,81
4194,northeast,on_competitor,medicare_medicaid,moderate,moderate,medium,research,false,29
4195,west,untreated,commercial,low,high,medium,research,false,63
4196,west,untreated,medicare_medicaid,moderate,high,medium,re_engagement,true,95
4197,northeast,untreated,cash_pay,high,low,medium,awareness,false,110
4198,northeast,lapsed,medicare_medicaid,low,high,high,research,true,52
4199,northeast,on_competitor,cash_pay,moderate,low,medium,awareness,false,26
4200,southeast,on_competitor,medicare_medicaid,moderate,low,medium,re_engagement,false,102
4201,southwest,lapsed,medicare_medicaid,high,moderate,medium,re_engagement,false,57
4202,southeast,on_competitor,other,moderate,moderate,high,evaluation,false,85
4203,northeast,untreated,commercial,moderate,high,medium,evaluation,false,91
4204,west,on_competitor,medicare_medicaid,moderate,high,medium,evaluation,true,81
4205,southeast,untreated,commercial,high,high,high,research,false,7
4206,northeast,untreated,other,moderate,moderate,medium,research,false,0
4207,southwest,untreated,other,moderate,moderate,medium,awareness,false,94
4208,northeast,lapsed,cash_pay,moderate,high,medium,awareness,false,117
4209,southeast,untreated,medicare_medicaid,moderate,moderate,medium,research,true,110
4210,southwest,untreated,commercial,moderate,moderate,high,research,false,29
4211,southeast,on_competitor,commercial,moderate,low,low,research,false,49
4212,southwest,lapsed,medicare_medicaid,low,high,low,evaluation,false,116
4213,west,untreated,cash_pay,high,low,medium,awareness,false,89
4214,southwest,on_competitor,commercial,low,high,high,awareness,false,55
4215,southeast,untreated,other,high,high,low,evaluation,false,80
4216,northeast,lapsed,cash_pay,low,moderate,medium,evaluation,false,64
4217,southwest,on_competitor,medicare_medicaid,moderate,moderate,high,awareness,false,4
4218,midwest,lapsed,commercial,high,low,medium,research,false,83
4219,southeast,on_competitor,commercial,high,moderate,medium,awareness,true,94
4220,southeast,untreated,medicare_medicaid,high,low,medium,research,false,68
4221,west,untreated,commercial,high,high,high,research,false,89
4222,southeast,on_competitor,commercial,low,moderate,medium,re_engagement,false,55
4223,southeast,untreated,commercial,moderate,high,low,evaluation,false,111
4224,west,on_competitor,commercial,low,high,high,awareness,false,8
4225,northeast,lapsed,cash_pay,high,low,high,awareness,false,85
4226,southwest,untreated,medicare_medicaid,high,high,low,evaluation,false,87
4227,southeast,untreated,other,low,moderate,medium,awareness,true,108
4228,southeast,on_competitor,cash_pay,moderate,moderate,medium,re_engagement,true,34
4229,northeast,on_competitor,medicare_medicaid,moderate,moderate,medium,awareness,false,76
4230,west,lapsed,commercial,moderate,low,medium,evaluation,false,93
4231,southwest,lapsed,cash_pay,low,moderate,medium,re_engagement,false,93
4232,west,untreated,commercial,moderate,moderate,high,awareness,false,65
4233,northeast,untreated,commercial,high,moderate,low,re_engagement,false,94
4234,west,untreated,commercial,high,low,low,re_engagement,false,105
4235,west,on_competitor,medicare_medicaid,high,high,low,awareness,true,52
4236,midwest,on_competitor,commercial,low,low,low,re_engagement,false,115
4237,southeast,untreated,medicare_medicaid,high,moderate,low,evaluation,false,72
4238,northeast,on_competitor,cash_pay,high,low,low,research,false,107
4239,southwest,untreated,cash_pay,moderate,low,medium,re_engagement,true,31
4240,west,untreated,commercial,moderate,moderate,medium,research,false,15
4241,southeast,on_competitor,medicare_medicaid,low,moderate,low,awareness,false,79
4242,northeast,untreated,commercial,moderate,moderate,medium,evaluation,false,45
4243,southeast,untreated,cash_pay,moderate,moderate,medium,evaluation,true,16
4244,northeast,lapsed,other,low,low,high,research,false,32
4245,northeast,untreated,commercial,high,low,medium,evaluation,false,62
4246,midwest,untreated,commercial,moderate,moderate,high,awareness,false,113
4247,midwest,lapsed,commercial,moderate,low,high,evaluation,false,67
4248,midwest,untreated,medicare_medicaid,moderate,high,medium,research,false,22
4249,southwest,untreated,commercial,high,moderate,medium,awareness,false,30
4250,northeast,untreated,commercial,low,high,low,evaluation,false,44
4251,midwest,lapsed,medicare_medicaid,moderate,moderate,high,awareness,false,118
4252,west,lapsed,other,high,low,medium,evaluation,true,16
4253,southeast,on_competitor,other,high,moderate,high,awareness,false,99
4254,northeast,untreated,commercial,low,moderate,medium,evaluation,true,27
4255,northeast,untreated,cash_pay,low,moderate,medium,research,false,73
4256,southwest,on_competitor,medicare_medicaid,moderate,moderate,medium,evaluation,true,6
4257,northeast,on_competitor,medicare_medicaid,high,high,low,awareness,false,108
4258,southeast,on_competitor,cash_pay,moderate,moderate,medium,evaluation,false,82
4259,southwest,untreated,cash_pay,high,high,low,awareness,false,17
4260,southeast,untreated,cash_pay,moderate,low,medium,awareness,false,43
4261,southwest,untreated,medicare_medicaid,moderate,low,low,awareness,false,67
4262,southwest,untreated,commercial,high,moderate,medium,research,false,62
4263,midwest,on_competitor,commercial,low,high,medium,evaluation,false,115
4264,west,on_competitor,medicare_medicaid,moderate,moderate,medium,research,false,60
4265,southeast,untreated,cash_pay,moderate,high,medium,research,false,82
4266,northeast,on_competitor,other,high,moderate,high,evaluation,false,60
4267,southeast,on_competitor,cash_pay,moderate,moderate,medium,awareness,false,72
4268,southeast,untreated,cash_pay,moderate,high,low,research,false,37
4269,southeast,on_competitor,cash_pay,high,low,low,research,false,22
4270,midwest,untreated,other,high,moderate,medium,research,false,17
4271,northeast,untreated,other,moderate,low,medium,evaluation,false,79
4272,west,lapsed,medicare_medicaid,moderate,moderate,medium,evaluation,false,2
4273,west,untreated,commercial,moderate,high,low,research,false,53
4274,southeast,on_competitor,commercial,high,moderate,medium,awareness,false,96
4275,midwest,on_competitor,commercial,high,moderate,medium,evaluation,false,1
4276,southeast,untreated,other,moderate,moderate,low,awareness,true,109
4277,west,on_competitor,cash_pay,moderate,moderate,medium,research,false,79
4278,midwest,untreated,cash_pay,low,moderate,medium,research,true,42
4279,west,untreated,cash_pay,high,low,low,awareness,false,47
4280,west,on_competitor,medicare_medicaid,high,low,high,awareness,false,98
4281,west,untreated,commercial,high,high,low,evaluation,false,11
4282,midwest,untreated,medicare_medicaid,moderate,moderate,low,research,false,52
4283,west,untreated,medicare_medicaid,high,low,high,research,false,52
4284,midwest,on_competitor,medicare_medicaid,moderate,low,high,evaluation,false,96
4285,southeast,lapsed,commercial,moderate,moderate,high,evaluation,false,27
4286,west,untreated,commercial,low,low,medium,awareness,false,68
4287,west,untreated,commercial,high,moderate,medium,research,true,7
4288,northeast,on_competitor,medicare_medicaid,moderate,moderate,medium,research,false,53
4289,southwest,on_competitor,commercial,moderate,high,medium,evaluation,false,84
4290,southwest,untreated,commercial,moderate,high,high,research,false,38
4291,midwest,untreated,cash_pay,moderate,high,medium,awareness,false,51
4292,northeast,untreated,medicare_medicaid,high,high,high,evaluation,true,86
4293,southeast,untreated,medicare_medicaid,moderate,moderate,high,evaluation,false,111
4294,southwest,untreated,commercial,high,moderate,high,re_engagement,true,119
4295,midwest,on_competitor,medicare_medicaid,moderate,high,medium,re_engagement,false,80
4296,west,lapsed,medicare_medicaid,moderate,moderate,medium,research,true,46
4297,midwest,untreated,cash_pay,high,high,low,research,false,77
4298,southwest,on_competitor,commercial,moderate,high,high,research,true,16
4299,northeast,on_competitor,medicare_medicaid,high,low,medium,research,false,33
4300,northeast,untreated,commercial,moderate,low,low,research,false,88
4301,midwest,untreated,commercial,high,moderate,medium,awareness,false,101
4302,northeast,untreated,medicare_medicaid,low,moderate,medium,awareness,false,47
4303,northeast,untreated,medicare_medicaid,moderate,moderate,high,re_engagement,true,100
4304,west,on_competitor,medicare_medicaid,low,high,high,evaluation,false,18
4305,southeast,on_competitor,medicare_medicaid,high,moderate,low,evaluation,false,52
4306,southwest,untreated,commercial,moderate,low,medium,research,false,41
4307,west,untreated,other,high,low,high,awareness,false,45
4308,northeast,on_competitor,medicare_medicaid,low,moderate,medium,awareness,false,44
4309,west,on_competitor,commercial,high,high,medium,awareness,false,82
4310,west,on_competitor,medicare_medicaid,moderate,low,low,research,true,27
4311,west,untreated,cash_pay,low,moderate,high,evaluation,false,97
4312,southwest,untreated,commercial,low,moderate,medium,research,false,61
4313,southwest,on_competitor,commercial,low,moderate,high,awareness,true,118
4314,northeast,untreated,commercial,high,moderate,medium,awareness,false,6
4315,northeast,untreated,medicare_medicaid,high,low,low,research,false,3
4316,southwest,on_competitor,medicare_medicaid,moderate,moderate,low,re_engagement,false,30
4317,southeast,lapsed,commercial,moderate,moderate,medium,awareness,false,56
4318,midwest,on_competitor,cash_pay,moderate,moderate,medium,evaluation,false,67
4319,southeast,untreated,cash_pay,moderate,moderate,medium,research,true,14
4320,midwest,on_competitor,commercial,high,low,medium,re_engagement,true,55
4321,midwest,untreated,commercial,moderate,moderate,medium,awareness,false,10
4322,midwest,untreated,medicare_medicaid,moderate,moderate,high,evaluation,false,10
4323,west,lapsed,cash_pay,moderate,moderate,medium,evaluation,false,28
4324,northeast,untreated,medicare_medicaid,moderate,high,low,research,false,44
4325,southeast,on_competitor,commercial,moderate,moderate,medium,research,false,35
4326,northeast,untreated,commercial,low,moderate,medium,re_engagement,true,29
4327,southwest,untreated,commercial,low,moderate,low,research,false,112
4328,midwest,on_competitor,medicare_medicaid,low,low,medium,awareness,false,103
4329,northeast,untreated,cash_pay,moderate,low,medium,research,false,41
4330,midwest,on_competitor,cash_pay,high,moderate,medium,awareness,false,54
4331,midwest,untreated,medicare_medicaid,high,moderate,medium,awareness,false,49
4332,midwest,untreated,medicare_medicaid,low,moderate,medium,awareness,true,112
4333,west,on_competitor,commercial,low,moderate,medium,awareness,false,120
4334,southwest,on_competitor,other,moderate,high,low,re_engagement,false,90
4335,southwest,untreated,commercial,high,moderate,medium,research,true,79
4336,northeast,untreated,commercial,moderate,high,medium,awareness,false,98
4337,southwest,lapsed,medicare_medicaid,high,moderate,medium,evaluation,false,108
4338,midwest,lapsed,commercial,moderate,moderate,low,awareness,false,25
4339,west,on_competitor,commercial,moderate,moderate,medium,awareness,false,111
4340,southeast,on_competitor,cash_pay,moderate,low,medium,evaluation,false,52
4341,southeast,on_competitor,commercial,high,high,medium,awareness,false,3
4342,northeast,lapsed,cash_pay,moderate,moderate,medium,re_engagement,false,19
4343,southwest,untreated,cash_pay,high,high,medium,research,true,113
4344,northeast,untreated,commercial,low,moderate,low,research,false,117
4345,southwest,untreated,medicare_medicaid,low,moderate,low,research,true,50
4346,west,untreated,commercial,moderate,moderate,high,research,false,100
4347,southwest,untreated,cash_pay,high,low,medium,evaluation,false,113
4348,southwest,untreated,commercial,low,moderate,low,evaluation,false,68
4349,west,on_competitor,medicare_medicaid,high,moderate,medium,awareness,false,27
4350,midwest,untreated,cash_pay,moderate,moderate,low,awareness,false,14
4351,southeast,untreated,commercial,moderate,moderate,high,awareness,false,51
4352,midwest,untreated,commercial,moderate,low,low,evaluation,false,55
4353,west,untreated,commercial,high,moderate,medium,awareness,false,39
4354,southeast,untreated,other,moderate,high,medium,awareness,false,73
4355,northeast,on_competitor,medicare_medicaid,high,low,medium,awareness,false,94
4356,southwest,on_competitor,cash_pay,low,low,low,evaluation,true,27
4357,midwest,untreated,cash_pay,high,moderate,medium,evaluation,false,67
4358,northeast,on_competitor,commercial,moderate,moderate,medium,awareness,false,81
4359,midwest,lapsed,cash_pay,moderate,moderate,medium,awareness,true,4
4360,northeast,untreated,other,moderate,high,medium,re_engagement,false,111
4361,west,on_competitor,commercial,moderate,low,low,awareness,false,14
4362,northeast,on_competitor,medicare_medicaid,low,high,medium,awareness,false,14
4363,southwest,lapsed,other,low,high,high,awareness,false,37
4364,northeast,untreated,commercial,high,high,medium,awareness,false,49
4365,southeast,lapsed,commercial,high,moderate,medium,awareness,false,64
4366,northeast,untreated,cash_pay,moderate,low,medium,re_engagement,false,81
4367,southeast,on_competitor,commercial,high,high,medium,research,false,15
4368,northeast,untreated,commercial,moderate,low,low,research,false,22
4369,southwest,untreated,commercial,low,low,medium,re_engagement,false,108
4370,west,untreated,commercial,moderate,moderate,medium,evaluation,false,18
4371,west,on_competitor,cash_pay,high,low,low,evaluation,false,102
4372,west,lapsed,other,low,moderate,low,research,false,17
4373,northeast,untreated,medicare_medicaid,high,high,medium,awareness,true,115
4374,midwest,untreated,commercial,moderate,moderate,medium,awareness,false,108
4375,southeast,on_competitor,cash_pay,moderate,high,medium,awareness,false,43
4376,midwest,untreated,commercial,low,moderate,high,awareness,false,15
4377,southeast,lapsed,commercial,high,moderate,low,awareness,false,46
4378,southwest,on_competitor,commercial,high,low,medium,awareness,false,82
4379,southwest,lapsed,medicare_medicaid,moderate,moderate,low,awareness,false,88
4380,west,on_competitor,commercial,moderate,high,high,awareness,false,57
4381,northeast,untreated,commercial,moderate,low,medium,awareness,false,42
4382,west,lapsed,cash_pay,moderate,low,high,research,false,90
4383,southeast,untreated,medicare_medicaid,low,moderate,medium,awareness,true,53
4384,midwest,untreated,medicare_medicaid,low,low,high,research,false,90
4385,southwest,lapsed,commercial,moderate,high,medium,re_engagement,false,26
4386,northeast,on_competitor,commercial,high,moderate,high,re_engagement,false,76
4387,southeast,untreated,commercial,high,moderate,low,awareness,false,101
4388,southwest,lapsed,cash_pay,moderate,high,medium,research,true,31
4389,midwest,untreated,cash_pay,low,high,medium,evaluation,false,82
4390,southwest,lapsed,commercial,high,low,medium,awareness,false,116
4391,midwest,untreated,commercial,high,moderate,high,awareness,false,54
4392,southeast,untreated,commercial,moderate,moderate,low,awareness,true,116
4393,northeast,lapsed,commercial,low,moderate,medium,awareness,false,43
4394,west,untreated,other,high,low,medium,evaluation,false,99
4395,northeast,untreated,commercial,high,moderate,low,awareness,false,78
4396,midwest,lapsed,medicare_medicaid,moderate,moderate,high,awareness,false,78
4397,southeast,untreated,cash_pay,moderate,moderate,high,awareness,false,53
4398,west,on_competitor,medicare_medicaid,low,low,low,awareness,false,60
4399,northeast,lapsed,medicare_medicaid,moderate,low,high,research,true,1
4400,southwest,on_competitor,commercial,high,low,medium,research,false,5
4401,midwest,untreated,other,low,moderate,medium,awareness,false,79
4402,midwest,on_competitor,medicare_medicaid,high,high,medium,research,false,120
4403,midwest,untreated,cash_pay,high,moderate,medium,awareness,false,32
4404,southeast,untreated,medicare_medicaid,moderate,moderate,high,re_engagement,false,113
4405,northeast,untreated,commercial,moderate,low,medium,awareness,false,7
4406,midwest,untreated,cash_pay,high,low,high,awareness,false,76
4407,southeast,lapsed,cash_pay,high,moderate,medium,awareness,false,43
4408,midwest,on_competitor,commercial,high,moderate,medium,re_engagement,false,6
4409,northeast,on_competitor,cash_pay,high,low,high,evaluation,false,90
4410,southeast,untreated,commercial,high,low,medium,research,false,14
4411,southeast,untreated,commercial,low,moderate,high,re_engagement,false,0
4412,southeast,lapsed,other,low,moderate,medium,awareness,false,95
4413,west,untreated,commercial,low,high,medium,awareness,false,19
4414,northeast,untreated,medicare_medicaid,moderate,high,high,awareness,false,94
4415,southeast,untreated,commercial,moderate,moderate,low,awareness,false,1
4416,west,untreated,cash_pay,moderate,moderate,high,evaluation,true,53
4417,southeast,lapsed,commercial,moderate,moderate,medium,awareness,false,120
4418,west,untreated,cash_pay,low,low,medium,re_engagement,true,53
4419,southeast,untreated,commercial,moderate,low,medium,research,false,10
4420,midwest,on_competitor,commercial,high,moderate,low,evaluation,false,79
4421,west,lapsed,medicare_medicaid,moderate,low,low,re_engagement,false,59
4422,midwest,lapsed,cash_pay,low,moderate,high,awareness,false,70
4423,northeast,lapsed,other,high,low,low,awareness,false,14
4424,west,untreated,medicare_medicaid,low,low,high,research,true,86
4425,southeast,lapsed,other,moderate,low,medium,awareness,false,0
4426,southeast,on_competitor,commercial,low,moderate,low,research,false,0
4427,northeast,untreated,commercial,low,high,medium,re_engagement,true,3
4428,northeast,untreated,cash_pay,high,moderate,medium,research,false,85
4429,midwest,lapsed,medicare_medicaid,moderate,high,low,awareness,false,45
4430,southeast,lapsed,commercial,high,high,high,evaluation,false,40
4431,northeast,untreated,commercial,high,low,medium,evaluation,true,37
4432,southeast,untreated,commercial,high,moderate,medium,evaluation,false,8
4433,southeast,lapsed,other,high,moderate,medium,research,false,96
4434,northeast,on_competitor,other,high,moderate,high,awareness,false,101
4435,southwest,untreated,commercial,high,moderate,high,research,false,80
4436,midwest,on_competitor,commercial,low,moderate,medium,awareness,false,36
4437,southeast,untreated,cash_pay,high,low,high,awareness,false,1
4438,west,untreated,medicare_medicaid,high,high,high,research,false,83
4439,northeast,untreated,medicare_medicaid,moderate,moderate,high,evaluation,false,1
4440,midwest,lapsed,cash_pay,high,moderate,medium,evaluation,false,57
4441,northeast,on_competitor,medicare_medicaid,moderate,high,low,awareness,false,81
4442,southeast,lapsed,commercial,high,moderate,low,evaluation,false,83
4443,west,lapsed,medicare_medicaid,moderate,moderate,low,evaluation,false,46
4444,southwest,untreated,cash_pay,high,low,medium,evaluation,false,32
4445,west,lapsed,commercial,high,low,low,awareness,false,73
4446,southeast,on_competitor,commercial,moderate,high,low,evaluation,false,45
4447,southeast,untreated,other,high,high,low,evaluation,false,64
4448,southwest,untreated,cash_pay,moderate,moderate,low,awareness,false,12
4449,southeast,untreated,commercial,low,moderate,high,evaluation,false,48
4450,midwest,untreated,medicare_medicaid,low,high,high,re_engagement,false,6
4451,west,untreated,commercial,high,low,high,research,false,77
4452,midwest,untreated,cash_pay,low,high,high,awareness,false,63
4453,northeast,untreated,medicare_medicaid,low,moderate,medium,evaluation,false,54
4454,midwest,untreated,commercial,low,high,low,awareness,false,63
4455,northeast,untreated,medicare_medicaid,high,moderate,low,re_engagement,true,114
4456,northeast,untreated,medicare_medicaid,high,moderate,low,research,true,83
4457,northeast,untreated,cash_pay,high,moderate,high,evaluation,false,17
4458,west,on_competitor,commercial,low,low,high,awareness,false,46
4459,west,untreated,medicare_medicaid,moderate,moderate,high,research,false,85
4460,midwest,on_competitor,medicare_medicaid,high,high,medium,evaluation,false,87
4461,northeast,on_competitor,medicare_medicaid,high,moderate,low,re_engagement,true,83
4462,northeast,untreated,medicare_medicaid,high,low,medium,awareness,false,73
4463,midwest,untreated,cash_pay,high,moderate,low,awareness,false,16
4464,west,untreated,other,moderate,low,medium,awareness,false,103
4465,southwest,untreated,cash_pay,moderate,moderate,medium,evaluation,false,1
4466,southwest,lapsed,medicare_medicaid,moderate,moderate,medium,awareness,false,14
4467,southwest,untreated,medicare_medicaid,high,moderate,medium,research,false,26
4468,southeast,untreated,medicare_medicaid,high,moderate,medium,awareness,false,71
4469,west,on_competitor,medicare_medicaid,high,moderate,high,research,false,29
4470,northeast,on_competitor,cash_pay,moderate,moderate,medium,research,false,46
4471,northeast,untreated,cash_pay,low,high,medium,awareness,false,83
4472,midwest,lapsed,cash_pay,low,moderate,low,awareness,false,85
4473,northeast,on_competitor,medicare_medicaid,high,low,low,re_engagement,false,68
4474,midwest,untreated,other,moderate,low,medium,evaluation,true,8
4475,southeast,lapsed,commercial,high,low,high,awareness,true,98
4476,southeast,untreated,medicare_medicaid,moderate,moderate,medium,research,false,29
4477,midwest,untreated,other,moderate,moderate,high,re_engagement,false,43
4478,northeast,on_competitor,commercial,high,high,low,evaluation,false,63
4479,southwest,on_competitor,commercial,low,moderate,medium,awareness,false,103
4480,northeast,on_competitor,commercial,high,low,medium,awareness,false,103
4481,northeast,untreated,commercial,low,moderate,low,research,false,31
4482,southwest,untreated,other,high,moderate,medium,awareness,false,3
4483,southwest,untreated,commercial,low,moderate,medium,awareness,false,20
4484,west,lapsed,commercial,high,moderate,medium,research,false,40
4485,west,on_competitor,commercial,low,high,medium,evaluation,false,53
4486,west,on_competitor,other,high,moderate,medium,evaluation,false,95
4487,midwest,on_competitor,commercial,moderate,high,high,awareness,false,7
4488,midwest,lapsed,other,low,low,high,evaluation,false,102
4489,northeast,lapsed,cash_pay,high,moderate,medium,evaluation,false,76
4490,northeast,on_competitor,other,high,low,high,awareness,false,44
4491,midwest,on_competitor,commercial,moderate,moderate,high,evaluation,false,55
4492,midwest,untreated,commercial,high,high,low,awareness,false,32
4493,southeast,lapsed,medicare_medicaid,moderate,high,medium,research,false,21
4494,northeast,untreated,other,moderate,moderate,high,research,true,56
4495,northeast,untreated,commercial,high,moderate,medium,awareness,false,14
4496,southwest,untreated,cash_pay,moderate,high,medium,awareness,false,47
4497,midwest,on_competitor,commercial,high,low,medium,evaluation,false,99
4498,northeast,untreated,medicare_medicaid,high,low,medium,evaluation,false,49
4499,west,lapsed,cash_pay,high,high,high,awareness,false,89
4500,midwest,untreated,commercial,high,moderate,high,awareness,false,117
4501,southeast,untreated,commercial,high,low,medium,re_engagement,true,87
4502,southwest,untreated,medicare_medicaid,high,low,low,awareness,false,30
4503,midwest,lapsed,commercial,moderate,moderate,high,re_engagement,false,90
4504,midwest,untreated,cash_pay,high,moderate,medium,awareness,false,67
4505,midwest,lapsed,commercial,low,moderate,medium,awareness,false,69
4506,southeast,untreated,other,moderate,high,medium,research,false,64
4507,northeast,untreated,other,moderate,moderate,medium,evaluation,false,102
4508,midwest,untreated,other,moderate,high,low,evaluation,false,72
4509,midwest,untreated,commercial,high,moderate,medium,research,false,55
4510,southwest,untreated,cash_pay,moderate,high,low,awareness,false,48
4511,northeast,lapsed,medicare_medicaid,moderate,high,medium,re_engagement,false,118
4512,midwest,lapsed,commercial,moderate,moderate,medium,awareness,false,83
4513,west,untreated,cash_pay,moderate,moderate,high,research,true,38
4514,west,lapsed,medicare_medicaid,moderate,low,low,awareness,false,108
4515,southwest,lapsed,commercial,low,low,medium,evaluation,false,36
4516,southeast,untreated,medicare_medicaid,moderate,moderate,high,awareness,false,16
4517,southwest,untreated,commercial,high,low,high,research,false,93
4518,west,untreated,medicare_medicaid,low,low,medium,awareness,false,88
4519,northeast,untreated,cash_pay,low,high,medium,research,true,1
4520,northeast,on_competitor,other,moderate,moderate,medium,evaluation,false,73
4521,midwest,untreated,medicare_medicaid,high,moderate,medium,awareness,false,20
4522,west,on_competitor,medicare_medicaid,moderate,high,high,evaluation,false,100
4523,west,on_competitor,medicare_medicaid,low,high,low,re_engagement,false,105
4524,southeast,lapsed,medicare_medicaid,high,low,medium,research,true,45
4525,midwest,untreated,cash_pay,moderate,high,low,awareness,false,72
4526,midwest,lapsed,commercial,low,moderate,medium,evaluation,false,102
4527,midwest,untreated,commercial,high,moderate,medium,research,false,61
4528,northeast,on_competitor,commercial,moderate,high,low,awareness,false,39
4529,midwest,lapsed,commercial,low,moderate,low,evaluation,false,110
4530,west,on_competitor,commercial,high,moderate,low,research,false,45
4531,midwest,lapsed,commercial,moderate,moderate,medium,re_engagement,true,8
4532,midwest,lapsed,medicare_medicaid,low,low,low,re_engagement,false,12
4533,west,lapsed,commercial,high,high,high,evaluation,true,47
4534,southeast,on_competitor,medicare_medicaid,moderate,moderate,low,research,false,105
4535,west,untreated,cash_pay,high,low,medium,re_engagement,false,67
4536,southeast,untreated,medicare_medicaid,moderate,moderate,medium,evaluation,true,31
4537,southwest,untreated,commercial,moderate,low,medium,awareness,false,26
4538,southeast,lapsed,commercial,low,moderate,low,research,false,18
4539,west,untreated,medicare_medicaid,moderate,moderate,low,research,false,71
4540,west,on_competitor,medicare_medicaid,low,moderate,high,research,false,110
4541,west,on_competitor,cash_pay,low,moderate,medium,research,false,68
4542,midwest,untreated,commercial,high,moderate,high,evaluation,false,110
4543,west,on_competitor,commercial,low,moderate,medium,research,true,65
4544,northeast,untreated,commercial,high,low,medium,awareness,true,76
4545,southeast,on_competitor,cash_pay,high,high,high,research,false,118
4546,midwest,untreated,commercial,high,high,medium,research,false,84
4547,southwest,untreated,cash_pay,moderate,moderate,medium,awareness,false,104
4548,northeast,untreated,commercial,moderate,high,medium,research,false,11
4549,midwest,lapsed,commercial,high,moderate,low,awareness,true,119
4550,southwest,on_competitor,other,high,high,high,research,false,5
4551,southwest,untreated,commercial,moderate,low,medium,research,true,102
4552,midwest,lapsed,commercial,low,low,medium,awareness,false,53
4553,midwest,untreated,commercial,low,moderate,high,awareness,false,40
4554,southwest,lapsed,commercial,high,moderate,high,evaluation,true,106
4555,west,on_competitor,other,high,moderate,low,re_engagement,false,118
4556,northeast,untreated,other,moderate,low,high,evaluation,false,106
4557,midwest,lapsed,medicare_medicaid,high,low,high,evaluation,false,63
4558,midwest,lapsed,commercial,low,high,medium,re_engagement,false,40
4559,northeast,untreated,commercial,high,moderate,low,awareness,false,33
4560,west,on_competitor,commercial,high,moderate,medium,evaluation,false,94
4561,midwest,untreated,medicare_medicaid,moderate,moderate,medium,evaluation,false,47
4562,northeast,lapsed,commercial,moderate,low,medium,re_engagement,true,21
4563,west,untreated,commercial,low,low,low,evaluation,true,38
4564,southeast,lapsed,commercial,low,high,low,research,false,2
4565,northeast,on_competitor,commercial,high,moderate,low,research,false,53
4566,southwest,lapsed,commercial,high,moderate,high,awareness,true,8
4567,midwest,untreated,medicare_medicaid,high,low,high,research,false,68
4568,west,untreated,commercial,moderate,low,low,research,false,85
4569,midwest,lapsed,medicare_medicaid,moderate,moderate,low,awareness,false,110
4570,northeast,untreated,commercial,moderate,moderate,low,evaluation,false,96
4571,west,lapsed,medicare_medicaid,high,low,high,research,true,36
4572,southeast,lapsed,medicare_medicaid,moderate,moderate,medium,evaluation,false,62
4573,northeast,untreated,cash_pay,moderate,high,high,awareness,false,33
4574,southwest,untreated,medicare_medicaid,high,moderate,medium,awareness,false,62
4575,northeast,on_competitor,other,moderate,low,high,awareness,false,73
4576,west,untreated,commercial,moderate,low,high,evaluation,false,98
4577,west,untreated,medicare_medicaid,low,high,low,evaluation,false,51
4578,northeast,on_competitor,commercial,high,high,medium,awareness,false,105
4579,west,on_competitor,cash_pay,low,high,low,evaluation,false,58
4580,southwest,untreated,other,moderate,low,medium,awareness,false,115
4581,northeast,untreated,cash_pay,high,moderate,high,re_engagement,false,50
4582,west,lapsed,commercial,low,high,medium,re_engagement,false,62
4583,northeast,untreated,commercial,high,moderate,low,awareness,false,120
4584,southeast,lapsed,commercial,moderate,moderate,high,evaluation,false,115
4585,midwest,on_competitor,other,low,moderate,low,re_engagement,false,96
4586,northeast,untreated,commercial,moderate,moderate,medium,re_engagement,false,30
4587,west,lapsed,cash_pay,high,high,low,research,false,103
4588,west,untreated,commercial,moderate,moderate,high,evaluation,false,49
4589,southwest,untreated,medicare_medicaid,moderate,moderate,low,awareness,false,6
4590,southwest,on_competitor,cash_pay,low,high,medium,awareness,false,73
4591,west,untreated,medicare_medicaid,high,low,low,re_engagement,true,117
4592,northeast,on_competitor,cash_pay,low,moderate,high,re_engagement,false,61
4593,midwest,untreated,cash_pay,moderate,high,medium,research,false,64
4594,northeast,untreated,commercial,high,high,medium,awareness,false,9
4595,southeast,untreated,commercial,high,high,medium,awareness,false,65
4596,west,untreated,cash_pay,high,moderate,low,re_engagement,false,15
4597,midwest,lapsed,commercial,high,moderate,high,awareness,true,91
4598,northeast,lapsed,commercial,low,low,medium,research,false,74
4599,west,on_competitor,commercial,moderate,moderate,medium,awareness,false,71
4600,southwest,on_competitor,commercial,high,moderate,medium,awareness,false,86
4601,west,untreated,medicare_medicaid,high,high,medium,research,true,10
4602,west,untreated,cash_pay,high,high,high,research,true,40
4603,west,on_competitor,medicare_medicaid,low,moderate,low,awareness,false,54
4604,west,untreated,commercial,high,moderate,medium,re_engagement,false,35
4605,southeast,untreated,cash_pay,high,low,medium,re_engagement,false,48
4606,west,on_competitor,other,high,moderate,medium,research,false,29
4607,west,untreated,commercial,high,moderate,high,awareness,false,88
4608,midwest,untreated,commercial,moderate,moderate,high,awareness,false,91
4609,midwest,on_competitor,commercial,high,moderate,high,research,false,48
4610,southeast,untreated,commercial,moderate,high,low,awareness,false,93
4611,southeast,untreated,medicare_medicaid,moderate,high,low,re_engagement,true,7
4612,west,lapsed,other,high,high,high,research,true,77
4613,midwest,on_competitor,commercial,moderate,high,medium,research,false,118
4614,northeast,untreated,medicare_medicaid,moderate,low,medium,re_engagement,false,51
4615,southwest,untreated,medicare_medicaid,moderate,moderate,high,research,false,1
4616,west,untreated,other,low,moderate,high,awareness,false,62
4617,southeast,on_competitor,cash_pay,high,moderate,low,awareness,false,54
4618,northeast,on_competitor,medicare_medicaid,high,moderate,low,research,false,77
4619,northeast,untreated,commercial,high,high,medium,awareness,false,108
4620,west,untreated,commercial,moderate,moderate,medium,re_engagement,false,34
4621,midwest,lapsed,commercial,moderate,low,medium,re_engagement,false,94
4622,southeast,on_competitor,commercial,high,moderate,medium,awareness,false,95
4623,southeast,on_competitor,commercial,moderate,low,medium,evaluation,false,3
4624,west,on_competitor,commercial,moderate,moderate,low,re_engagement,false,90
4625,southeast,lapsed,commercial,moderate,low,medium,research,false,114
4626,west,untreated,commercial,moderate,moderate,low,evaluation,true,9
4627,northeast,untreated,other,low,moderate,medium,awareness,false,77
4628,west,untreated,commercial,low,moderate,medium,research,false,4
4629,southwest,untreated,medicare_medicaid,moderate,high,medium,awareness,false,66
4630,southwest,untreated,commercial,high,high,medium,awareness,false,17
4631,midwest,untreated,medicare_medicaid,moderate,low,medium,awareness,false,84
4632,northeast,lapsed,commercial,moderate,moderate,low,awareness,false,59
4633,southwest,untreated,medicare_medicaid,moderate,high,medium,awareness,false,33
4634,midwest,untreated,medicare_medicaid,low,high,medium,research,true,30
4635,west,on_competitor,cash_pay,moderate,moderate,medium,awareness,false,32
4636,midwest,untreated,medicare_medicaid,moderate,low,high,awareness,false,47
4637,west,untreated,commercial,low,high,medium,awareness,false,98
4638,southeast,on_competitor,medicare_medicaid,moderate,high,medium,awareness,true,105
4639,southwest,untreated,cash_pay,moderate,high,high,awareness,false,4
4640,west,on_competitor,commercial,moderate,moderate,medium,evaluation,false,39
4641,southeast,untreated,cash_pay,high,high,high,re_engagement,false,16
4642,southwest,on_competitor,cash_pay,low,moderate,low,evaluation,false,40
4643,west,untreated,commercial,moderate,moderate,high,research,false,25
4644,west,untreated,commercial,high,low,medium,evaluation,false,113
4645,west,untreated,commercial,moderate,moderate,high,awareness,true,63
4646,west,untreated,commercial,moderate,moderate,high,research,true,58
4647,southwest,lapsed,commercial,high,moderate,medium,evaluation,false,117
4648,west,untreated,commercial,low,low,low,re_engagement,false,33
4649,southwest,untreated,commercial,moderate,moderate,high,awareness,false,115
4650,midwest,lapsed,medicare_medicaid,high,moderate,medium,re_engagement,false,94
4651,southeast,untreated,commercial,high,moderate,high,re_engagement,false,107
4652,west,lapsed,commercial,low,moderate,high,evaluation,true,84
4653,southwest,untreated,commercial,low,moderate,low,evaluation,false,29
4654,southwest,on_competitor,medicare_medicaid,high,moderate,medium,re_engagement,false,88
4655,southeast,on_competitor,cash_pay,high,low,medium,research,false,81
4656,west,on_competitor,other,moderate,low,high,evaluation,true,99
4657,midwest,untreated,commercial,moderate,low,medium,awareness,true,73
4658,southeast,untreated,other,moderate,high,medium,awareness,false,16
4659,midwest,untreated,medicare_medicaid,moderate,low,medium,evaluation,false,110
4660,southeast,on_competitor,medicare_medicaid,high,moderate,medium,research,true,98
4661,midwest,lapsed,commercial,high,low,high,research,true,18
4662,northeast,lapsed,commercial,high,high,high,evaluation,false,2
4663,west,untreated,commercial,moderate,moderate,medium,awareness,false,57
4664,west,on_competitor,other,low,moderate,medium,awareness,false,106
4665,midwest,untreated,commercial,high,high,medium,evaluation,true,84
4666,southeast,untreated,commercial,moderate,moderate,medium,evaluation,false,58
4667,northeast,untreated,cash_pay,moderate,moderate,high,evaluation,false,119
4668,west,untreated,commercial,moderate,low,medium,re_engagement,false,25
4669,southeast,untreated,commercial,low,moderate,medium,awareness,false,61
4670,southwest,untreated,cash_pay,moderate,moderate,high,research,false,20
4671,west,on_competitor,medicare_medicaid,moderate,low,low,research,true,66
4672,southeast,untreated,commercial,moderate,moderate,medium,re_engagement,false,57
4673,southwest,lapsed,commercial,high,low,medium,awareness,false,117
4674,southeast,untreated,cash_pay,high,moderate,low,evaluation,false,94
4675,southwest,lapsed,commercial,high,high,high,awareness,false,73
4676,northeast,lapsed,cash_pay,high,moderate,medium,re_engagement,false,78
4677,west,lapsed,cash_pay,high,moderate,low,evaluation,false,100
4678,midwest,untreated,medicare_medicaid,moderate,low,medium,evaluation,false,117
4679,southwest,on_competitor,commercial,high,high,low,awareness,false,83
4680,west,untreated,medicare_medicaid,high,moderate,medium,awareness,false,114
4681,midwest,untreated,commercial,moderate,moderate,high,evaluation,false,118
4682,southeast,lapsed,cash_pay,moderate,high,medium,research,false,40
4683,northeast,untreated,other,high,high,high,research,true,84
4684,southeast,untreated,medicare_medicaid,moderate,moderate,medium,awareness,false,103
4685,northeast,on_competitor,cash_pay,high,moderate,high,research,false,97
4686,northeast,on_competitor,commercial,high,moderate,high,re_engagement,false,18
4687,southeast,on_competitor,medicare_medicaid,low,moderate,high,evaluation,false,42
4688,southeast,untreated,commercial,high,moderate,medium,evaluation,true,3
4689,northeast,lapsed,medicare_medicaid,moderate,low,medium,research,false,106
4690,southeast,on_competitor,other,high,moderate,medium,research,false,1
4691,west,lapsed,commercial,high,moderate,low,awareness,false,50
4692,southeast,on_competitor,commercial,high,moderate,high,evaluation,false,50
4693,midwest,untreated,commercial,high,moderate,medium,awareness,false,43
4694,midwest,untreated,medicare_medicaid,moderate,low,low,awareness,false,38
4695,southeast,lapsed,cash_pay,high,moderate,medium,re_engagement,false,107
4696,west,untreated,commercial,low,moderate,high,evaluation,false,99
4697,southeast,lapsed,medicare_medicaid,high,moderate,medium,evaluation,false,19
4698,northeast,on_competitor,medicare_medicaid,moderate,high,high,research,false,6
4699,northeast,untreated,medicare_medicaid,high,low,medium,awareness,true,15
4700,west,untreated,medicare_medicaid,low,moderate,medium,evaluation,true,73
4701,southeast,lapsed,commercial,low,moderate,low,research,false,105
4702,northeast,untreated,medicare_medicaid,low,high,medium,evaluation,false,39
4703,midwest,on_competitor,medicare_medicaid,moderate,moderate,low,awareness,false,51
4704,west,lapsed,medicare_medicaid,moderate,high,high,re_engagement,true,89
4705,southwest,untreated,other,moderate,moderate,high,awareness,false,75
4706,northeast,lapsed,cash_pay,high,low,high,research,false,93
4707,northeast,on_competitor,commercial,moderate,moderate,high,awareness,false,116
4708,southwest,on_competitor,cash_pay,moderate,low,medium,evaluation,false,15
4709,southeast,on_competitor,medicare_medicaid,high,moderate,medium,awareness,false,27
4710,southeast,on_competitor,medicare_medicaid,moderate,moderate,medium,evaluation,true,83
4711,northeast,lapsed,commercial,moderate,moderate,medium,research,true,35
4712,midwest,lapsed,commercial,moderate,moderate,low,evaluation,false,69
4713,northeast,untreated,cash_pay,moderate,low,medium,research,true,110
4714,southwest,on_competitor,medicare_medicaid,moderate,moderate,high,research,true,64
4715,southeast,lapsed,medicare_medicaid,moderate,low,medium,re_engagement,false,39
4716,southeast,lapsed,medicare_medicaid,low,moderate,low,evaluation,false,106
4717,northeast,on_competitor,commercial,low,moderate,medium,awareness,false,95
4718,midwest,lapsed,commercial,moderate,high,medium,research,false,89
4719,midwest,untreated,commercial,high,high,low,research,false,66
4720,northeast,lapsed,commercial,moderate,moderate,high,evaluation,false,81
4721,southeast,lapsed,medicare_medicaid,high,moderate,high,research,false,27
4722,southeast,untreated,medicare_medicaid,high,high,high,evaluation,false,33
4723,west,lapsed,other,moderate,low,medium,research,false,73
4724,west,untreated,medicare_medicaid,high,moderate,medium,evaluation,false,88
4725,midwest,untreated,commercial,high,moderate,low,awareness,false,61
4726,southeast,untreated,commercial,low,low,low,evaluation,false,46
4727,west,lapsed,commercial,low,high,medium,research,true,63
4728,midwest,untreated,other,low,high,high,awareness,false,32
4729,northeast,on_competitor,commercial,high,moderate,high,re_engagement,false,55
4730,northeast,untreated,commercial,high,high,medium,awareness,false,98
4731,midwest,untreated,other,high,moderate,medium,awareness,false,86
4732,midwest,on_competitor,commercial,moderate,moderate,medium,research,false,95
4733,west,untreated,cash_pay,high,moderate,high,re_engagement,false,48
4734,northeast,untreated,commercial,high,moderate,medium,evaluation,false,85
4735,southeast,untreated,medicare_medicaid,low,high,medium,evaluation,false,57
4736,southwest,on_competitor,commercial,high,high,high,awareness,false,61
4737,west,lapsed,cash_pay,moderate,moderate,medium,evaluation,true,56
4738,midwest,lapsed,medicare_medicaid,moderate,low,medium,evaluation,false,23
4739,midwest,on_competitor,cash_pay,high,high,low,evaluation,false,84
4740,southeast,lapsed,cash_pay,moderate,moderate,high,evaluation,false,97
4741,west,untreated,commercial,high,moderate,medium,re_engagement,true,69
4742,west,lapsed,cash_pay,moderate,low,medium,evaluation,true,72
4743,southeast,on_competitor,commercial,high,high,medium,re_engagement,true,93
4744,midwest,untreated,medicare_medicaid,moderate,high,low,re_engagement,false,67
4745,west,untreated,medicare_medicaid,high,high,medium,re_engagement,false,39
4746,midwest,on_competitor,commercial,moderate,low,high,awareness,false,81
4747,southeast,untreated,commercial,low,low,high,awareness,true,74
4748,southeast,untreated,commercial,high,moderate,medium,research,false,0
4749,southwest,on_competitor,other,moderate,moderate,medium,awareness,true,113
4750,midwest,lapsed,commercial,moderate,low,low,research,false,52
4751,midwest,untreated,commercial,moderate,moderate,low,evaluation,true,106
4752,west,untreated,cash_pay,high,low,medium,research,false,53
4753,midwest,untreated,other,moderate,high,medium,evaluation,false,102
4754,midwest,untreated,commercial,high,low,high,research,false,98
4755,west,untreated,commercial,high,high,high,awareness,false,108
4756,southeast,on_competitor,commercial,high,low,high,awareness,true,49
4757,west,untreated,commercial,high,high,medium,awareness,true,67
4758,west,untreated,commercial,high,high,low,evaluation,false,70
4759,northeast,untreated,commercial,low,high,low,evaluation,true,44
4760,midwest,untreated,cash_pay,high,low,low,research,false,119
4761,southwest,untreated,cash_pay,moderate,moderate,low,awareness,false,111
4762,northeast,on_competitor,medicare_medicaid,high,high,medium,awareness,true,72
4763,midwest,on_competitor,cash_pay,low,moderate,low,re_engagement,false,78
4764,southwest,untreated,commercial,moderate,low,medium,re_engagement,true,80
4765,southeast,on_competitor,medicare_medicaid,moderate,moderate,medium,evaluation,true,87
4766,southeast,lapsed,commercial,high,high,high,evaluation,false,41
4767,northeast,lapsed,cash_pay,moderate,moderate,low,awareness,false,46
4768,west,on_competitor,other,high,high,low,research,false,7
4769,southwest,lapsed,cash_pay,low,high,high,research,true,107
4770,midwest,untreated,medicare_medicaid,moderate,high,medium,awareness,false,84
4771,southwest,lapsed,commercial,high,high,low,awareness,false,89
4772,west,untreated,commercial,moderate,moderate,medium,awareness,false,55
4773,west,untreated,commercial,high,low,high,awareness,false,81
4774,southeast,lapsed,cash_pay,moderate,moderate,medium,awareness,false,36
4775,northeast,on_competitor,medicare_medicaid,moderate,low,low,awareness,true,48
4776,northeast,lapsed,medicare_medicaid,low,high,medium,evaluation,true,62
4777,northeast,on_competitor,other,high,low,medium,awareness,false,59
4778,southeast,untreated,commercial,moderate,low,medium,evaluation,false,116
4779,southwest,untreated,other,moderate,moderate,medium,research,false,81
4780,west,on_competitor,medicare_medicaid,low,high,high,awareness,false,71
4781,northeast,lapsed,commercial,high,low,medium,awareness,false,37
4782,southeast,untreated,commercial,low,low,medium,evaluation,false,56
4783,southeast,lapsed,commercial,high,moderate,medium,re_engagement,false,6
4784,midwest,untreated,commercial,moderate,moderate,medium,awareness,false,116
4785,northeast,lapsed,medicare_medicaid,high,high,medium,awareness,false,78
4786,midwest,untreated,commercial,high,moderate,low,evaluation,false,56
4787,west,untreated,commercial,moderate,high,low,research,true,46
4788,southeast,untreated,other,moderate,high,low,awareness,false,23
4789,southwest,on_competitor,commercial,low,moderate,low,awareness,false,57
4790,southeast,on_competitor,medicare_medicaid,moderate,moderate,medium,research,true,108
4791,southeast,on_competitor,medicare_medicaid,high,low,high,re_engagement,false,102
4792,west,on_competitor,other,moderate,high,high,evaluation,false,36
4793,west,untreated,cash_pay,low,moderate,medium,evaluation,false,42
4794,midwest,lapsed,other,high,moderate,medium,re_engagement,false,31
4795,west,on_competitor,medicare_medicaid,moderate,moderate,high,re_engagement,false,21
4796,northeast,untreated,commercial,high,moderate,high,awareness,false,109
4797,west,untreated,commercial,high,low,medium,evaluation,false,43
4798,northeast,lapsed,cash_pay,high,low,high,research,false,23
4799,northeast,on_competitor,medicare_medicaid,low,high,high,awareness,false,62
4800,northeast,untreated,medicare_medicaid,high,high,medium,research,true,94
4801,midwest,untreated,cash_pay,moderate,moderate,high,research,false,94
4802,northeast,untreated,medicare_medicaid,high,moderate,medium,re_engagement,false,116
4803,southeast,on_competitor,cash_pay,high,moderate,high,re_engagement,false,31
4804,west,untreated,medicare_medicaid,moderate,moderate,low,evaluation,false,95
4805,southeast,lapsed,medicare_medicaid,high,low,medium,research,true,52
4806,west,untreated,commercial,low,low,medium,awareness,false,81
4807,midwest,on_competitor,other,high,moderate,medium,evaluation,true,119
4808,west,untreated,commercial,high,moderate,medium,evaluation,true,73
4809,southeast,on_competitor,cash_pay,moderate,moderate,medium,awareness,false,92
4810,midwest,on_competitor,medicare_medicaid,high,moderate,low,awareness,false,56
4811,west,untreated,medicare_medicaid,moderate,high,high,research,false,36
4812,southeast,untreated,medicare_medicaid,moderate,low,medium,awareness,true,13
4813,southeast,on_competitor,commercial,low,high,low,research,false,101
4814,west,on_competitor,commercial,high,low,high,evaluation,false,39
4815,southwest,untreated,commercial,moderate,low,medium,awareness,true,51
4816,midwest,untreated,commercial,moderate,moderate,high,awareness,false,5
4817,midwest,untreated,commercial,moderate,low,low,research,false,66
4818,northeast,on_competitor,medicare_medicaid,low,low,medium,evaluation,false,85
4819,southeast,untreated,commercial,moderate,moderate,high,research,false,33
4820,northeast,on_competitor,other,moderate,high,high,evaluation,true,72
4821,northeast,untreated,commercial,moderate,high,low,evaluation,false,0
4822,northeast,untreated,commercial,moderate,moderate,high,awareness,false,83
4823,southeast,untreated,commercial,moderate,moderate,low,evaluation,false,103
4824,southwest,untreated,other,moderate,high,medium,evaluation,false,99
4825,midwest,on_competitor,commercial,low,moderate,low,evaluation,false,4
4826,northeast,lapsed,commercial,high,high,low,research,true,92
4827,midwest,untreated,commercial,high,moderate,medium,awareness,true,116
4828,southeast,on_competitor,medicare_medicaid,high,moderate,low,awareness,false,9
4829,midwest,untreated,commercial,moderate,high,medium,awareness,false,28
4830,southwest,lapsed,cash_pay,low,low,high,evaluation,false,66
4831,southeast,untreated,commercial,moderate,high,high,research,false,31
4832,west,lapsed,commercial,high,moderate,medium,awareness,false,43
4833,southwest,untreated,cash_pay,moderate,high,high,evaluation,false,70
4834,west,untreated,commercial,moderate,low,low,re_engagement,false,71
4835,northeast,lapsed,commercial,high,low,high,awareness,false,96
4836,southeast,untreated,medicare_medicaid,moderate,moderate,low,research,false,71
4837,northeast,untreated,other,low,high,medium,re_engagement,true,53
4838,northeast,lapsed,cash_pay,moderate,moderate,medium,research,false,74
4839,southeast,untreated,medicare_medicaid,high,moderate,medium,evaluation,false,53
4840,west,untreated,medicare_medicaid,moderate,low,medium,evaluation,false,64
4841,northeast,untreated,medicare_medicaid,moderate,moderate,medium,research,false,35
4842,midwest,lapsed,commercial,moderate,moderate,high,re_engagement,true,37
4843,southwest,untreated,other,high,moderate,high,awareness,true,34
4844,northeast,untreated,cash_pay,moderate,moderate,low,re_engagement,false,22
4845,west,on_competitor,medicare_medicaid,moderate,high,medium,awareness,true,29
4846,southeast,untreated,cash_pay,moderate,high,high,research,false,3
4847,midwest,untreated,commercial,high,moderate,high,re_engagement,false,48
4848,west,untreated,commercial,moderate,low,medium,research,false,0
4849,west,lapsed,cash_pay,high,low,medium,awareness,false,4
4850,midwest,untreated,commercial,high,moderate,low,re_engagement,false,57
4851,southeast,untreated,commercial,high,moderate,medium,re_engagement,false,85
4852,west,untreated,commercial,high,high,high,re_engagement,false,66
4853,west,on_competitor,cash_pay,high,moderate,low,awareness,false,48
4854,southeast,lapsed,other,moderate,high,medium,re_engagement,false,51
4855,west,untreated,commercial,moderate,moderate,medium,research,false,37
4856,west,untreated,other,low,low,high,awareness,false,101
4857,southeast,untreated,commercial,moderate,high,high,research,false,30
4858,midwest,lapsed,cash_pay,high,moderate,high,research,false,6
4859,west,on_competitor,other,low,high,medium,awareness,false,36
4860,midwest,untreated,commercial,low,low,medium,awareness,true,102
4861,northeast,on_competitor,medicare_medicaid,high,moderate,low,awareness,false,114
4862,southwest,on_competitor,medicare_medicaid,moderate,moderate,high,awareness,true,101
4863,southwest,untreated,cash_pay,high,moderate,medium,awareness,true,23
4864,southeast,untreated,cash_pay,moderate,moderate,high,awareness,false,120
4865,southeast,untreated,medicare_medicaid,high,moderate,medium,research,false,6
4866,northeast,untreated,medicare_medicaid,moderate,moderate,medium,research,false,88
4867,west,on_competitor,cash_pay,high,low,medium,awareness,true,53
4868,southeast,untreated,medicare_medicaid,low,low,low,research,false,85
4869,northeast,untreated,cash_pay,low,moderate,low,research,false,17
4870,midwest,untreated,commercial,high,high,medium,research,false,69
4871,west,on_competitor,medicare_medicaid,moderate,moderate,low,evaluation,false,29
4872,northeast,on_competitor,other,high,moderate,medium,awareness,false,79
4873,northeast,untreated,commercial,high,moderate,low,awareness,true,38
4874,west,untreated,medicare_medicaid,moderate,high,medium,research,false,70
4875,southwest,untreated,medicare_medicaid,low,low,low,awareness,false,102
4876,southeast,untreated,commercial,moderate,low,low,research,false,77
4877,west,on_competitor,commercial,moderate,moderate,medium,research,false,60
4878,northeast,untreated,medicare_medicaid,moderate,high,high,evaluation,false,50
4879,midwest,lapsed,medicare_medicaid,low,low,medium,awareness,false,50
4880,northeast,lapsed,other,moderate,high,medium,research,false,94
4881,midwest,on_competitor,commercial,low,low,high,research,false,15
4882,southwest,untreated,commercial,moderate,high,medium,research,false,3
4883,southeast,on_competitor,commercial,low,moderate,medium,evaluation,false,38
4884,southwest,untreated,commercial,high,moderate,medium,awareness,true,59
4885,northeast,untreated,medicare_medicaid,high,high,low,research,false,32
4886,northeast,lapsed,commercial,high,moderate,low,awareness,false,49
4887,southeast,untreated,commercial,moderate,moderate,medium,awareness,true,21
4888,northeast,lapsed,cash_pay,high,low,low,awareness,false,118
4889,midwest,untreated,medicare_medicaid,high,low,medium,research,false,11
4890,northeast,on_competitor,medicare_medicaid,low,low,medium,evaluation,false,28
4891,southeast,untreated,other,moderate,low,low,research,false,41
4892,southwest,untreated,commercial,low,moderate,high,re_engagement,false,116
4893,southeast,on_competitor,cash_pay,high,high,low,awareness,false,120
4894,midwest,lapsed,commercial,high,moderate,high,awareness,false,54
4895,southwest,untreated,commercial,moderate,high,high,evaluation,false,97
4896,west,on_competitor,commercial,moderate,moderate,medium,awareness,false,120
4897,midwest,lapsed,commercial,low,low,low,awareness,true,42
4898,southeast,lapsed,cash_pay,high,high,medium,re_engagement,false,106
4899,west,lapsed,medicare_medicaid,moderate,high,medium,research,false,31
4900,southwest,on_competitor,commercial,moderate,low,high,awareness,false,99
4901,west,untreated,medicare_medicaid,moderate,moderate,low,evaluation,false,17
4902,northeast,on_competitor,commercial,low,low,medium,research,true,51
4903,west,on_competitor,medicare_medicaid,high,moderate,high,research,false,27
4904,northeast,on_competitor,commercial,high,high,medium,research,false,97
4905,southeast,on_competitor,other,moderate,moderate,medium,awareness,true,74
4906,west,lapsed,cash_pay,high,moderate,high,awareness,false,63
4907,southwest,untreated,commercial,high,high,low,evaluation,false,97
4908,southwest,on_competitor,cash_pay,high,moderate,low,awareness,false,90
4909,southeast,untreated,other,low,low,high,awareness,false,49
4910,west,on_competitor,medicare_medicaid,moderate,low,high,research,false,98
4911,northeast,untreated,medicare_medicaid,high,low,medium,research,false,56
4912,northeast,on_competitor,other,low,high,high,research,true,111
4913,southeast,lapsed,medicare_medicaid,high,moderate,low,research,false,46
4914,midwest,on_competitor,cash_pay,moderate,moderate,high,evaluation,true,57
4915,southeast,on_competitor,commercial,moderate,moderate,medium,research,false,116
4916,northeast,untreated,medicare_medicaid,moderate,moderate,medium,evaluation,true,74
4917,northeast,on_competitor,commercial,moderate,low,medium,awareness,false,101
4918,southwest,lapsed,other,low,high,low,research,false,68
4919,southwest,untreated,commercial,high,high,medium,awareness,false,34
4920,midwest,untreated,medicare_medicaid,moderate,high,medium,evaluation,false,15
4921,northeast,untreated,commercial,moderate,low,medium,re_engagement,true,50
4922,midwest,on_competitor,other,low,high,medium,re_engagement,false,53
4923,northeast,untreated,commercial,moderate,high,low,research,false,89
4924,midwest,on_competitor,commercial,moderate,low,high,awareness,true,94
4925,midwest,untreated,medicare_medicaid,high,moderate,high,re_engagement,true,63
4926,west,untreated,commercial,high,moderate,low,awareness,false,102
4927,midwest,untreated,medicare_medicaid,high,moderate,low,evaluation,false,107
4928,southwest,on_competitor,medicare_medicaid,high,high,medium,research,false,30
4929,midwest,untreated,medicare_medicaid,moderate,high,low,awareness,true,20
4930,northeast,lapsed,medicare_medicaid,moderate,low,high,evaluation,false,83
4931,northeast,untreated,commercial,moderate,moderate,high,research,false,80
4932,west,untreated,medicare_medicaid,high,high,medium,research,false,93
4933,midwest,untreated,cash_pay,high,moderate,medium,awareness,false,104
4934,midwest,on_competitor,medicare_medicaid,low,high,high,research,false,91
4935,southeast,lapsed,commercial,high,high,medium,awareness,false,27
4936,midwest,untreated,medicare_medicaid,high,moderate,low,awareness,false,98
4937,southeast,untreated,medicare_medicaid,high,moderate,medium,evaluation,false,11
4938,northeast,lapsed,commercial,high,moderate,high,evaluation,false,6
4939,west,untreated,medicare_medicaid,high,low,low,research,false,31
4940,midwest,lapsed,other,moderate,moderate,low,re_engagement,false,81
4941,northeast,lapsed,other,moderate,moderate,medium,awareness,false,64
4942,southeast,untreated,cash_pay,high,low,medium,evaluation,false,16
4943,northeast,untreated,commercial,moderate,high,medium,re_engagement,false,108
4944,midwest,on_competitor,commercial,moderate,high,medium,awareness,true,53
4945,west,untreated,medicare_medicaid,high,moderate,low,research,false,82
4946,southeast,untreated,cash_pay,high,moderate,high,research,false,39
4947,midwest,untreated,commercial,moderate,low,medium,awareness,false,48
4948,west,on_competitor,medicare_medicaid,moderate,moderate,high,evaluation,false,11
4949,southwest,untreated,commercial,moderate,low,medium,evaluation,false,3
4950,west,untreated,commercial,moderate,moderate,high,evaluation,false,103
4951,west,untreated,cash_pay,moderate,low,medium,evaluation,false,28
4952,southeast,untreated,other,high,moderate,medium,evaluation,false,82
4953,west,on_competitor,medicare_medicaid,moderate,high,high,research,false,50
4954,west,untreated,medicare_medicaid,moderate,low,high,awareness,true,94
4955,northeast,on_competitor,cash_pay,moderate,moderate,medium,evaluation,true,119
4956,northeast,on_competitor,other,moderate,high,high,awareness,false,52
4957,southeast,untreated,commercial,low,moderate,medium,evaluation,false,117
4958,midwest,untreated,commercial,moderate,high,medium,research,true,68
4959,southeast,untreated,commercial,moderate,moderate,low,evaluation,true,67
4960,southeast,untreated,medicare_medicaid,moderate,low,low,evaluation,true,86
4961,west,untreated,commercial,high,high,high,research,false,115
4962,northeast,untreated,other,high,high,medium,re_engagement,false,59
4963,southeast,untreated,commercial,high,high,medium,re_engagement,false,117
4964,southeast,lapsed,cash_pay,low,high,medium,research,false,42
4965,northeast,lapsed,medicare_medicaid,high,moderate,medium,awareness,false,18
4966,southeast,on_competitor,commercial,moderate,moderate,high,awareness,true,103
4967,southeast,lapsed,commercial,moderate,high,medium,awareness,false,38
4968,midwest,untreated,commercial,high,moderate,medium,evaluation,true,77
4969,northeast,untreated,other,moderate,low,medium,awareness,false,96
4970,northeast,on_competitor,cash_pay,moderate,low,high,awareness,false,89
4971,southeast,lapsed,commercial,high,high,high,evaluation,true,12
4972,west,untreated,cash_pay,moderate,moderate,high,evaluation,false,64
4973,northeast,lapsed,cash_pay,moderate,moderate,high,evaluation,false,17
4974,northeast,untreated,other,low,moderate,high,research,false,43
4975,west,untreated,commercial,moderate,moderate,low,research,false,32
4976,midwest,untreated,medicare_medicaid,high,low,high,research,false,21
4977,northeast,on_competitor,commercial,low,moderate,high,awareness,false,4
4978,midwest,untreated,medicare_medicaid,high,high,medium,awareness,false,16
4979,southwest,on_competitor,commercial,low,moderate,low,research,false,70
4980,midwest,untreated,commercial,low,low,high,research,true,31
4981,southeast,untreated,commercial,moderate,moderate,medium,research,false,20
4982,west,on_competitor,medicare_medicaid,high,low,low,research,true,109
4983,southwest,on_competitor,medicare_medicaid,moderate,low,low,evaluation,false,120
4984,northeast,on_competitor,commercial,high,low,medium,re_engagement,false,7
4985,west,untreated,medicare_medicaid,high,moderate,medium,awareness,false,76
4986,west,untreated,commercial,moderate,high,medium,evaluation,false,21
4987,southeast,on_competitor,medicare_medicaid,moderate,moderate,medium,evaluation,false,41
4988,northeast,untreated,medicare_medicaid,moderate,moderate,high,research,false,64
4989,west,untreated,commercial,moderate,high,medium,awareness,false,77
4990,southeast,untreated,medicare_medicaid,high,moderate,high,research,true,89
4991,midwest,on_competitor,commercial,moderate,moderate,high,re_engagement,false,109
4992,midwest,lapsed,commercial,moderate,moderate,medium,evaluation,true,76
4993,midwest,on_competitor,medicare_medicaid,moderate,moderate,high,re_engagement,true,9
4994,midwest,on_competitor,commercial,moderate,moderate,medium,research,false,61
4995,southeast,untreated,cash_pay,moderate,high,low,re_engagement,false,50
4996,midwest,untreated,commercial,low,moderate,high,evaluation,false,84
4997,midwest,untreated,commercial,moderate,moderate,high,re_engagement,false,41
4998,west,untreated,medicare_medicaid,moderate,moderate,high,re_engagement,false,111
4999,midwest,on_competitor,cash_pay,moderate,moderate,medium,awareness,true,88
5000,northeast,on_competitor,cash_pay,moderate,high,medium,awareness,false,87
5001,midwest,untreated,commercial,high,low,low,evaluation,false,83
5002,northeast,untreated,medicare_medicaid,moderate,high,high,evaluation,false,62
5003,west,lapsed,medicare_medicaid,moderate,moderate,low,re_engagement,true,87
5004,southeast,on_competitor,commercial,moderate,high,medium,evaluation,false,4
5005,west,on_competitor,commercial,moderate,moderate,high,awareness,true,33
5006,northeast,lapsed,medicare_medicaid,high,high,high,research,false,58
5007,southwest,untreated,cash_pay,low,low,high,re_engagement,false,48
5008,southeast,untreated,cash_pay,high,moderate,medium,awareness,false,69
5009,west,untreated,medicare_medicaid,moderate,low,medium,research,false,39
5010,midwest,lapsed,commercial,high,high,medium,awareness,false,43
5011,northeast,lapsed,medicare_medicaid,moderate,high,low,evaluation,false,36
5012,southeast,untreated,commercial,moderate,moderate,medium,evaluation,true,25
5013,southeast,untreated,other,moderate,low,medium,research,false,25
5014,southeast,on_competitor,cash_pay,moderate,moderate,medium,awareness,false,120
5015,northeast,untreated,other,moderate,moderate,medium,research,false,113
5016,northeast,untreated,medicare_medicaid,low,moderate,medium,evaluation,false,120
5017,southeast,lapsed,cash_pay,moderate,low,high,research,false,56
5018,southeast,untreated,medicare_medicaid,moderate,moderate,low,research,false,39
5019,southeast,on_competitor,other,moderate,high,medium,awareness,false,11
5020,midwest,on_competitor,medicare_medicaid,moderate,moderate,medium,research,true,37
5021,west,untreated,commercial,high,moderate,high,research,false,4
5022,northeast,on_competitor,commercial,moderate,high,medium,research,false,62
5023,northeast,untreated,medicare_medicaid,moderate,low,medium,awareness,false,97
5024,southeast,lapsed,medicare_medicaid,high,low,low,awareness,false,29
5025,midwest,untreated,medicare_medicaid,high,low,medium,awareness,false,39
5026,west,untreated,cash_pay,low,moderate,medium,awareness,false,88
5027,southwest,untreated,commercial,high,low,low,awareness,false,22
5028,midwest,lapsed,cash_pay,high,low,low,awareness,false,25
5029,west,untreated,commercial,high,high,high,awareness,false,9
5030,southeast,untreated,cash_pay,low,moderate,high,awareness,true,87
5031,northeast,untreated,other,low,moderate,high,awareness,false,35
5032,southeast,untreated,commercial,low,moderate,medium,evaluation,false,12
5033,west,untreated,commercial,moderate,low,low,research,false,60
5034,northeast,untreated,commercial,moderate,high,medium,evaluation,false,46
5035,northeast,untreated,other,high,moderate,low,awareness,false,112
5036,northeast,untreated,commercial,moderate,moderate,high,awareness,false,114
5037,northeast,untreated,commercial,high,high,medium,re_engagement,true,46
5038,northeast,lapsed,commercial,moderate,high,medium,research,false,85
5039,southeast,untreated,other,moderate,moderate,medium,awareness,false,71
5040,northeast,untreated,medicare_medicaid,moderate,moderate,medium,research,true,44
5041,midwest,on_competitor,other,low,low,high,awareness,false,94
5042,southeast,lapsed,commercial,moderate,moderate,medium,research,false,3
5043,west,untreated,commercial,moderate,low,medium,awareness,false,78
5044,west,on_competitor,medicare_medicaid,high,low,high,research,false,91
5045,northeast,on_competitor,commercial,high,high,low,research,false,73
5046,northeast,untreated,medicare_medicaid,moderate,low,low,evaluation,false,30
5047,northeast,untreated,medicare_medicaid,low,low,high,awareness,true,107
5048,southeast,untreated,commercial,high,high,medium,evaluation,false,15
5049,west,untreated,commercial,high,moderate,low,awareness,false,21
5050,northeast,untreated,commercial,high,moderate,low,awareness,true,67
5051,northeast,lapsed,medicare_medicaid,high,moderate,medium,evaluation,false,72
5052,southwest,untreated,commercial,moderate,moderate,high,awareness,false,52
5053,southeast,untreated,cash_pay,moderate,moderate,medium,research,true,98
5054,southwest,on_competitor,cash_pay,low,moderate,high,awareness,true,35
5055,northeast,untreated,medicare_medicaid,high,high,low,re_engagement,false,16
5056,northeast,untreated,commercial,low,moderate,high,awareness,true,95
5057,west,lapsed,medicare_medicaid,moderate,moderate,high,evaluation,false,90
5058,midwest,untreated,medicare_medicaid,moderate,moderate,low,research,true,55
5059,northeast,untreated,commercial,high,moderate,low,research,false,25
5060,southwest,untreated,commercial,high,moderate,high,research,false,3
5061,southwest,on_competitor,commercial,low,low,high,evaluation,false,38
5062,southeast,untreated,other,high,low,low,research,false,3
5063,west,on_competitor,medicare_medicaid,moderate,high,high,evaluation,true,53
5064,west,lapsed,medicare_medicaid,high,moderate,medium,awareness,false,109
5065,west,untreated,cash_pay,low,high,medium,research,false,74
5066,midwest,untreated,cash_pay,low,moderate,medium,evaluation,false,95
5067,midwest,untreated,commercial,high,moderate,high,research,false,16
5068,west,untreated,medicare_medicaid,high,moderate,medium,re_engagement,true,55
5069,southeast,on_competitor,cash_pay,moderate,moderate,medium,evaluation,false,95
5070,southeast,on_competitor,commercial,high,moderate,high,awareness,false,48
5071,west,on_competitor,commercial,low,low,medium,evaluation,false,16
5072,southeast,on_competitor,cash_pay,moderate,high,medium,evaluation,false,7
5073,southwest,lapsed,commercial,moderate,moderate,high,awareness,false,57
5074,west,untreated,commercial,moderate,moderate,low,awareness,false,51
5075,northeast,untreated,commercial,low,high,low,evaluation,false,91
5076,southeast,untreated,commercial,moderate,high,high,evaluation,false,28
5077,northeast,untreated,medicare_medicaid,low,low,high,research,false,113
5078,southeast,lapsed,cash_pay,high,high,medium,re_engagement,false,83
5079,midwest,lapsed,other,high,moderate,high,evaluation,true,46
5080,west,untreated,commercial,moderate,moderate,medium,awareness,false,80
5081,southeast,on_competitor,commercial,moderate,low,low,research,false,3
5082,northeast,untreated,commercial,high,high,low,re_engagement,false,67
5083,southeast,on_competitor,medicare_medicaid,high,high,low,research,false,75
5084,northeast,on_competitor,commercial,high,high,high,evaluation,false,89
5085,northeast,untreated,cash_pay,high,moderate,high,awareness,false,2
5086,southeast,on_competitor,commercial,high,high,low,awareness,false,87
5087,northeast,lapsed,cash_pay,high,high,low,evaluation,false,70
5088,southeast,untreated,commercial,moderate,low,medium,awareness,true,66
5089,southwest,untreated,commercial,high,moderate,low,awareness,false,6
5090,northeast,on_competitor,cash_pay,moderate,high,high,awareness,true,90
5091,southwest,untreated,medicare_medicaid,high,high,medium,awareness,true,50
5092,west,untreated,other,high,high,medium,research,false,44
5093,west,untreated,commercial,high,low,low,awareness,true,93
5094,west,untreated,commercial,low,moderate,medium,awareness,false,92
5095,west,on_competitor,medicare_medicaid,moderate,moderate,high,evaluation,false,12
5096,southwest,on_competitor,medicare_medicaid,moderate,moderate,high,evaluation,false,12
5097,west,lapsed,commercial,high,low,medium,research,true,92
5098,midwest,lapsed,cash_pay,low,moderate,medium,evaluation,false,66
5099,west,on_competitor,commercial,high,moderate,high,awareness,true,45
5100,northeast,untreated,cash_pay,low,high,medium,evaluation,false,68
5101,southeast,lapsed,medicare_medicaid,moderate,moderate,low,awareness,true,42
5102,west,untreated,medicare_medicaid,moderate,moderate,medium,evaluation,true,94
5103,midwest,untreated,medicare_medicaid,high,moderate,medium,awareness,false,65
5104,northeast,on_competitor,other,moderate,low,medium,awareness,false,113
5105,west,untreated,commercial,high,moderate,low,awareness,false,55
5106,west,untreated,commercial,high,high,high,re_engagement,false,41
5107,west,on_competitor,commercial,low,moderate,high,research,false,75
5108,northeast,untreated,commercial,low,moderate,low,awareness,true,72
5109,west,untreated,other,moderate,low,low,research,false,53
5110,west,untreated,commercial,moderate,moderate,medium,research,false,82
5111,southeast,lapsed,cash_pay,high,high,medium,evaluation,false,117
5112,midwest,untreated,medicare_medicaid,high,moderate,low,awareness,false,97
5113,northeast,untreated,other,low,low,high,awareness,true,73
5114,west,on_competitor,cash_pay,high,moderate,medium,research,false,76
5115,southwest,on_competitor,medicare_medicaid,high,moderate,medium,evaluation,false,94
5116,southeast,lapsed,cash_pay,high,moderate,low,awareness,true,11
5117,southeast,untreated,cash_pay,moderate,low,high,research,false,2
5118,southwest,lapsed,cash_pay,high,low,medium,re_engagement,false,13
5119,southeast,untreated,medicare_medicaid,moderate,high,low,awareness,false,31
5120,southeast,lapsed,other,low,high,medium,awareness,false,108
5121,southeast,untreated,other,low,low,medium,awareness,false,33
5122,southwest,on_competitor,medicare_medicaid,high,low,medium,research,true,58
5123,west,on_competitor,cash_pay,high,moderate,high,awareness,false,18
5124,northeast,lapsed,commercial,high,low,high,research,false,78
5125,midwest,untreated,medicare_medicaid,moderate,low,medium,re_engagement,false,72
5126,southwest,untreated,commercial,high,moderate,low,evaluation,false,85
5127,southwest,on_competitor,cash_pay,moderate,moderate,low,awareness,false,107
5128,northeast,lapsed,commercial,high,low,high,re_engagement,true,48
5129,west,untreated,medicare_medicaid,high,low,medium,awareness,true,11
5130,midwest,on_competitor,commercial,moderate,moderate,low,re_engagement,false,27
5131,west,lapsed,medicare_medicaid,high,high,medium,awareness,true,29
5132,midwest,on_competitor,commercial,moderate,moderate,low,evaluation,false,85
5133,southeast,on_competitor,commercial,moderate,moderate,medium,evaluation,false,56
5134,west,untreated,medicare_medicaid,high,moderate,low,research,true,32
5135,midwest,untreated,commercial,high,moderate,medium,research,false,20
5136,southeast,lapsed,cash_pay,moderate,moderate,high,re_engagement,true,96
5137,midwest,lapsed,cash_pay,low,low,medium,awareness,false,114
5138,southeast,untreated,other,moderate,moderate,medium,awareness,false,53
5139,northeast,untreated,medicare_medicaid,moderate,moderate,medium,re_engagement,false,38
5140,midwest,on_competitor,commercial,high,moderate,medium,research,false,95
5141,southwest,untreated,other,moderate,high,low,awareness,false,50
5142,northeast,lapsed,cash_pay,moderate,low,low,research,false,110
5143,west,untreated,commercial,moderate,moderate,medium,re_engagement,false,101
5144,midwest,untreated,medicare_medicaid,moderate,high,medium,research,false,102
5145,southwest,untreated,other,high,moderate,low,research,false,82
5146,southeast,on_competitor,cash_pay,moderate,high,medium,research,false,62
5147,west,on_competitor,commercial,high,moderate,high,awareness,false,5
5148,midwest,lapsed,cash_pay,high,moderate,low,research,false,110
5149,northeast,untreated,cash_pay,high,moderate,medium,re_engagement,false,114
5150,west,lapsed,medicare_medicaid,moderate,moderate,low,research,false,32
5151,northeast,untreated,commercial,low,low,medium,awareness,false,53
5152,west,on_competitor,medicare_medicaid,moderate,low,low,evaluation,false,53
5153,southeast,untreated,medicare_medicaid,high,moderate,medium,research,true,97
5154,southeast,untreated,other,high,moderate,low,awareness,false,3
5155,northeast,lapsed,cash_pay,moderate,moderate,medium,evaluation,false,86
5156,midwest,untreated,other,low,moderate,low,evaluation,false,61
5157,southeast,untreated,commercial,high,low,medium,awareness,false,113
5158,southeast,untreated,cash_pay,moderate,moderate,high,research,false,104
5159,southeast,on_competitor,commercial,moderate,low,medium,research,true,47
5160,southeast,on_competitor,cash_pay,high,low,medium,re_engagement,false,73
5161,southeast,untreated,medicare_medicaid,high,moderate,low,re_engagement,true,6
5162,southeast,lapsed,commercial,high,high,high,research,false,89
5163,west,untreated,cash_pay,low,high,high,evaluation,false,98
5164,midwest,on_competitor,cash_pay,high,low,medium,awareness,false,110
5165,midwest,lapsed,cash_pay,high,moderate,low,evaluation,false,34
5166,northeast,untreated,medicare_medicaid,moderate,moderate,medium,research,false,111
5167,west,lapsed,commercial,moderate,low,low,re_engagement,false,38
5168,midwest,on_competitor,commercial,moderate,moderate,medium,research,false,69
5169,southeast,on_competitor,other,low,low,low,awareness,false,59
5170,southeast,untreated,medicare_medicaid,high,low,medium,research,false,107
5171,northeast,lapsed,cash_pay,high,low,high,awareness,false,63
5172,southeast,untreated,medicare_medicaid,low,low,medium,evaluation,false,53
5173,west,lapsed,medicare_medicaid,high,moderate,medium,evaluation,false,73
5174,southeast,on_competitor,cash_pay,moderate,low,low,awareness,false,72
5175,midwest,lapsed,commercial,moderate,moderate,high,research,false,87
5176,southeast,untreated,medicare_medicaid,moderate,moderate,medium,research,true,58
5177,west,on_competitor,commercial,high,high,medium,re_engagement,true,79
5178,west,untreated,commercial,moderate,high,low,re_engagement,false,111
5179,northeast,lapsed,commercial,low,moderate,low,awareness,true,14
5180,southeast,lapsed,medicare_medicaid,moderate,low,medium,awareness,false,83
5181,west,untreated,commercial,low,high,high,research,false,40
5182,northeast,untreated,commercial,high,moderate,high,evaluation,false,31
5183,southwest,untreated,cash_pay,low,low,low,awareness,false,38
5184,midwest,on_competitor,cash_pay,moderate,moderate,medium,research,false,97
5185,southeast,lapsed,commercial,high,low,low,research,false,16
5186,northeast,untreated,commercial,low,low,low,awareness,false,117
5187,west,lapsed,cash_pay,moderate,moderate,high,re_engagement,false,55
5188,midwest,untreated,cash_pay,low,moderate,medium,research,false,3
5189,southwest,on_competitor,commercial,high,moderate,medium,awareness,true,3
5190,west,untreated,commercial,high,low,low,research,false,96
5191,midwest,untreated,commercial,moderate,low,medium,evaluation,false,55
5192,midwest,on_competitor,other,high,moderate,low,research,false,12
5193,northeast,untreated,medicare_medicaid,moderate,moderate,low,evaluation,false,112
5194,northeast,lapsed,commercial,high,moderate,high,re_engagement,false,120
5195,southwest,untreated,commercial,moderate,low,medium,re_engagement,false,30
5196,west,untreated,cash_pay,high,low,medium,evaluation,false,66
5197,west,untreated,cash_pay,high,low,low,re_engagement,false,117
5198,southeast,untreated,commercial,moderate,high,high,research,false,79
5199,west,on_competitor,medicare_medicaid,moderate,low,medium,evaluation,true,48
5200,southwest,lapsed,medicare_medicaid,moderate,moderate,low,research,true,82
5201,southwest,untreated,medicare_medicaid,high,low,medium,research,false,26
5202,northeast,on_competitor,medicare_medicaid,high,low,low,evaluation,true,96
5203,southwest,untreated,cash_pay,high,moderate,low,research,true,38
5204,west,untreated,commercial,high,moderate,low,awareness,false,52
5205,northeast,untreated,commercial,high,moderate,high,awareness,false,101
5206,southwest,on_competitor,cash_pay,low,moderate,high,research,false,82
5207,west,lapsed,medicare_medicaid,low,moderate,medium,awareness,false,70
5208,southeast,lapsed,commercial,low,moderate,medium,awareness,false,4
5209,southwest,lapsed,medicare_medicaid,moderate,low,high,awareness,true,81
5210,southeast,on_competitor,medicare_medicaid,moderate,high,medium,research,false,104
5211,midwest,on_competitor,medicare_medicaid,moderate,moderate,medium,awareness,false,106
5212,midwest,untreated,other,moderate,moderate,low,re_engagement,false,18
5213,northeast,on_competitor,cash_pay,moderate,moderate,high,awareness,false,69
5214,southeast,lapsed,medicare_medicaid,high,moderate,high,awareness,false,27
5215,northeast,untreated,commercial,high,low,high,research,false,39
5216,northeast,untreated,commercial,high,moderate,medium,evaluation,false,2
5217,southeast,on_competitor,medicare_medicaid,low,high,low,awareness,true,90
5218,southeast,lapsed,medicare_medicaid,high,high,low,evaluation,false,84
5219,west,untreated,other,high,high,low,re_engagement,true,92
5220,west,on_competitor,commercial,high,high,medium,awareness,false,55
5221,southeast,untreated,other,moderate,moderate,medium,evaluation,false,57
5222,southwest,untreated,commercial,high,high,medium,research,true,103
5223,northeast,untreated,other,high,low,low,evaluation,true,51
5224,southwest,on_competitor,commercial,moderate,low,low,research,false,91
5225,midwest,on_competitor,other,low,high,low,awareness,true,89
5226,southeast,untreated,medicare_medicaid,moderate,low,medium,research,false,31
5227,midwest,untreated,medicare_medicaid,low,high,medium,awareness,false,36
5228,northeast,untreated,cash_pay,high,moderate,medium,evaluation,false,25
5229,southwest,untreated,cash_pay,moderate,high,medium,research,false,115
5230,southwest,lapsed,commercial,moderate,moderate,low,awareness,false,62
5231,northeast,untreated,medicare_medicaid,high,moderate,high,re_engagement,false,47
5232,southwest,on_competitor,other,moderate,low,medium,evaluation,false,10
5233,southeast,untreated,medicare_medicaid,moderate,moderate,high,awareness,false,31
5234,northeast,on_competitor,commercial,high,moderate,low,evaluation,false,82
5235,midwest,on_competitor,commercial,high,low,medium,evaluation,false,22
5236,west,untreated,medicare_medicaid,high,high,low,evaluation,false,66
5237,southwest,on_competitor,commercial,high,low,high,awareness,false,7
5238,southwest,untreated,commercial,high,high,low,awareness,false,38
5239,northeast,lapsed,commercial,moderate,moderate,medium,evaluation,false,47
5240,southwest,untreated,commercial,high,moderate,medium,re_engagement,true,6
5241,midwest,on_competitor,commercial,low,moderate,medium,re_engagement,false,89
5242,southeast,untreated,medicare_medicaid,moderate,moderate,low,research,false,88
5243,southeast,untreated,medicare_medicaid,moderate,moderate,medium,awareness,false,64
5244,northeast,untreated,commercial,high,low,medium,awareness,false,45
5245,northeast,on_competitor,commercial,high,low,high,evaluation,false,93
5246,northeast,untreated,medicare_medicaid,low,moderate,low,evaluation,true,97
5247,west,on_competitor,commercial,high,low,high,research,false,110
5248,west,on_competitor,commercial,high,low,medium,awareness,true,77
5249,west,lapsed,medicare_medicaid,low,low,low,research,false,16
5250,northeast,untreated,commercial,high,moderate,high,research,true,51
5251,northeast,untreated,cash_pay,moderate,moderate,high,research,false,91
5252,midwest,untreated,commercial,high,moderate,medium,research,false,66
5253,southeast,on_competitor,medicare_medicaid,moderate,high,high,evaluation,false,80
5254,northeast,untreated,commercial,moderate,high,medium,awareness,false,119
5255,midwest,untreated,commercial,moderate,low,low,research,false,94
5256,northeast,untreated,medicare_medicaid,moderate,moderate,medium,evaluation,false,37
5257,midwest,lapsed,medicare_medicaid,moderate,moderate,low,evaluation,false,30
5258,southeast,on_competitor,medicare_medicaid,high,moderate,high,research,false,63
5259,southeast,untreated,cash_pay,moderate,moderate,high,evaluation,false,56
5260,midwest,on_competitor,commercial,moderate,low,low,re_engagement,false,106
5261,midwest,untreated,commercial,high,low,low,awareness,false,33
5262,midwest,untreated,other,moderate,high,low,evaluation,false,57
5263,southeast,on_competitor,commercial,high,moderate,medium,awareness,false,63
5264,midwest,untreated,commercial,high,low,medium,re_engagement,false,95
5265,southeast,untreated,commercial,moderate,low,low,awareness,false,0
5266,southwest,untreated,commercial,moderate,moderate,low,awareness,false,87
5267,southeast,untreated,medicare_medicaid,high,moderate,high,research,false,7
5268,southwest,on_competitor,other,moderate,moderate,medium,re_engagement,true,22
5269,west,untreated,medicare_medicaid,high,moderate,medium,re_engagement,true,92
5270,southeast,on_competitor,medicare_medicaid,high,moderate,low,research,false,33
5271,southwest,untreated,commercial,high,low,low,research,false,51
5272,southeast,on_competitor,other,moderate,high,low,evaluation,true,106
5273,northeast,untreated,commercial,moderate,high,medium,awareness,false,45
5274,southwest,untreated,medicare_medicaid,high,low,low,research,true,36
5275,west,untreated,commercial,moderate,high,low,research,false,76
5276,southwest,lapsed,medicare_medicaid,moderate,moderate,low,research,false,10
5277,southeast,untreated,other,moderate,moderate,medium,re_engagement,false,97
5278,northeast,lapsed,commercial,low,high,medium,evaluation,false,120
5279,northeast,untreated,other,high,high,medium,awareness,false,67
5280,southeast,lapsed,commercial,high,moderate,medium,research,false,4
5281,northeast,untreated,other,high,high,medium,research,false,16
5282,southeast,untreated,medicare_medicaid,moderate,high,low,re_engagement,false,9
5283,midwest,on_competitor,cash_pay,high,moderate,medium,awareness,false,109
5284,west,untreated,medicare_medicaid,high,moderate,medium,awareness,false,25
5285,southwest,untreated,commercial,moderate,moderate,high,awareness,true,52
5286,west,on_competitor,commercial,moderate,high,high,research,false,41
5287,west,lapsed,commercial,moderate,low,medium,awareness,false,4
5288,southeast,lapsed,commercial,high,low,medium,research,true,14
5289,midwest,untreated,commercial,high,moderate,low,research,false,74
5290,midwest,untreated,other,moderate,high,high,awareness,false,69
5291,midwest,untreated,commercial,low,low,medium,research,false,62
5292,west,untreated,cash_pay,low,low,high,research,false,30
5293,northeast,untreated,medicare_medicaid,high,low,low,research,false,102
5294,midwest,untreated,commercial,moderate,moderate,medium,awareness,false,66
5295,west,untreated,commercial,low,moderate,medium,awareness,true,6
5296,northeast,untreated,other,high,high,medium,evaluation,false,111
5297,northeast,untreated,commercial,low,moderate,low,awareness,true,102
5298,southeast,untreated,commercial,low,high,low,awareness,false,92
5299,midwest,on_competitor,cash_pay,high,high,high,evaluation,true,31
5300,west,on_competitor,other,moderate,low,medium,awareness,false,86
5301,west,untreated,medicare_medicaid,moderate,moderate,medium,research,false,85
5302,northeast,untreated,medicare_medicaid,moderate,moderate,high,research,false,7
5303,midwest,untreated,commercial,moderate,moderate,high,evaluation,false,16
5304,southeast,untreated,commercial,moderate,high,low,evaluation,false,22
5305,northeast,untreated,cash_pay,low,high,medium,evaluation,false,110
5306,west,on_competitor,commercial,low,moderate,medium,awareness,false,43
5307,southwest,lapsed,cash_pay,moderate,moderate,low,re_engagement,false,100
5308,northeast,untreated,commercial,moderate,low,low,evaluation,false,59
5309,northeast,untreated,medicare_medicaid,moderate,moderate,high,awareness,false,65
5310,southwest,untreated,commercial,high,high,medium,awareness,false,68
5311,southeast,untreated,other,low,low,high,research,false,109
5312,southwest,untreated,cash_pay,low,moderate,medium,research,false,45
5313,southwest,on_competitor,medicare_medicaid,low,moderate,high,research,false,7
5314,northeast,on_competitor,commercial,low,moderate,medium,evaluation,false,108
5315,midwest,untreated,commercial,high,low,low,awareness,false,109
5316,southeast,untreated,commercial,moderate,low,medium,awareness,true,12
5317,west,lapsed,commercial,moderate,low,high,evaluation,true,65
5318,west,untreated,cash_pay,moderate,low,low,awareness,false,12
5319,northeast,untreated,other,moderate,moderate,medium,research,true,21
5320,northeast,untreated,commercial,moderate,moderate,high,awareness,false,25
5321,west,lapsed,other,high,moderate,low,evaluation,false,8
5322,southeast,lapsed,other,high,moderate,medium,awareness,false,33
5323,northeast,lapsed,other,moderate,low,low,awareness,false,52
5324,southwest,on_competitor,medicare_medicaid,high,moderate,medium,research,false,115
5325,southeast,on_competitor,medicare_medicaid,high,low,high,research,true,71
5326,southwest,untreated,other,moderate,moderate,medium,awareness,false,47
5327,midwest,lapsed,commercial,low,moderate,medium,awareness,true,117
5328,southeast,untreated,cash_pay,moderate,moderate,high,awareness,true,105
5329,southeast,untreated,commercial,moderate,moderate,medium,evaluation,false,60
5330,midwest,untreated,commercial,high,moderate,high,research,false,9
5331,midwest,untreated,medicare_medicaid,moderate,moderate,low,evaluation,false,57
5332,midwest,untreated,medicare_medicaid,high,high,low,research,false,8
5333,southwest,on_competitor,medicare_medicaid,low,moderate,high,research,false,119
5334,west,on_competitor,medicare_medicaid,high,low,high,research,true,46
5335,southwest,untreated,medicare_medicaid,high,low,low,evaluation,false,37
5336,midwest,on_competitor,cash_pay,low,high,medium,research,false,61
5337,southeast,untreated,commercial,moderate,high,low,awareness,false,84
5338,midwest,on_competitor,commercial,moderate,moderate,low,awareness,false,64
5339,northeast,on_competitor,commercial,high,moderate,high,research,true,105
5340,northeast,lapsed,commercial,moderate,moderate,medium,awareness,false,112
5341,southeast,on_competitor,medicare_medicaid,moderate,moderate,high,research,true,91
5342,southwest,on_competitor,commercial,moderate,high,medium,research,true,59
5343,southwest,lapsed,medicare_medicaid,low,low,medium,evaluation,false,24
5344,southwest,on_competitor,cash_pay,moderate,moderate,medium,research,false,77
5345,southeast,untreated,cash_pay,high,moderate,medium,awareness,false,88
5346,northeast,on_competitor,medicare_medicaid,moderate,low,low,awareness,false,72
5347,southeast,on_competitor,other,high,moderate,high,re_engagement,false,59
5348,northeast,lapsed,other,moderate,low,medium,awareness,true,99
5349,west,untreated,medicare_medicaid,moderate,moderate,high,awareness,false,117
5350,southeast,untreated,cash_pay,low,high,medium,re_engagement,false,73
5351,midwest,lapsed,commercial,moderate,moderate,medium,evaluation,false,116
5352,west,untreated,commercial,high,low,low,re_engagement,false,46
5353,southeast,on_competitor,cash_pay,high,high,low,awareness,true,18
5354,northeast,lapsed,medicare_medicaid,moderate,high,medium,research,true,94
5355,southeast,untreated,other,low,moderate,medium,awareness,false,47
5356,southeast,untreated,medicare_medicaid,moderate,high,medium,re_engagement,false,89
5357,southeast,on_competitor,other,high,high,medium,awareness,false,31
5358,west,on_competitor,medicare_medicaid,low,low,high,research,false,5
5359,southeast,untreated,commercial,high,high,low,awareness,false,6
5360,west,untreated,commercial,low,high,medium,awareness,false,72
5361,southwest,untreated,other,high,moderate,medium,re_engagement,false,26
5362,west,untreated,commercial,moderate,moderate,high,evaluation,false,58
5363,west,untreated,commercial,low,moderate,medium,awareness,false,2
5364,west,lapsed,medicare_medicaid,low,high,high,research,false,66
5365,northeast,untreated,cash_pay,high,low,high,awareness,false,117
5366,southeast,on_competitor,commercial,moderate,moderate,low,evaluation,false,85
5367,southeast,on_competitor,other,high,moderate,medium,evaluation,false,77
5368,northeast,on_competitor,commercial,moderate,moderate,medium,awareness,false,89
5369,southeast,untreated,commercial,high,moderate,low,evaluation,true,9
5370,southeast,untreated,commercial,high,moderate,medium,awareness,true,86
5371,midwest,untreated,medicare_medicaid,high,high,medium,research,false,120
5372,northeast,lapsed,commercial,moderate,high,low,research,false,40
5373,southwest,lapsed,commercial,moderate,low,medium,research,false,78
5374,northeast,on_competitor,other,high,moderate,medium,awareness,true,87
5375,southwest,lapsed,medicare_medicaid,low,low,medium,evaluation,false,39
5376,southeast,on_competitor,medicare_medicaid,high,moderate,medium,evaluation,false,70
5377,midwest,lapsed,other,moderate,high,medium,research,false,78
5378,southeast,untreated,commercial,low,moderate,high,awareness,true,26
5379,west,untreated,commercial,high,moderate,low,evaluation,true,19
5380,southwest,lapsed,medicare_medicaid,moderate,low,medium,re_engagement,false,14
5381,northeast,untreated,commercial,high,low,medium,re_engagement,false,27
5382,northeast,untreated,commercial,high,moderate,medium,evaluation,false,22
5383,northeast,untreated,commercial,high,low,low,research,false,44
5384,midwest,on_competitor,other,low,low,medium,awareness,false,76
5385,southeast,lapsed,medicare_medicaid,moderate,moderate,medium,awareness,false,63
5386,northeast,untreated,medicare_medicaid,low,low,high,re_engagement,false,22
5387,southeast,untreated,commercial,moderate,moderate,high,re_engagement,false,74
5388,west,untreated,medicare_medicaid,moderate,high,low,research,false,106
5389,midwest,untreated,cash_pay,moderate,low,high,awareness,false,82
5390,midwest,untreated,cash_pay,low,moderate,medium,awareness,true,33
5391,midwest,untreated,medicare_medicaid,high,moderate,low,evaluation,false,52
5392,west,lapsed,medicare_medicaid,high,moderate,high,awareness,false,91
5393,southeast,untreated,cash_pay,high,low,medium,awareness,false,20
5394,northeast,untreated,commercial,moderate,high,low,research,false,36
5395,west,untreated,other,low,high,medium,awareness,false,12
5396,southeast,lapsed,medicare_medicaid,moderate,moderate,low,evaluation,true,76
5397,southeast,lapsed,cash_pay,moderate,high,high,awareness,false,110
5398,midwest,untreated,medicare_medicaid,moderate,moderate,medium,research,false,55
5399,northeast,on_competitor,commercial,moderate,moderate,medium,awareness,false,60
5400,southeast,on_competitor,commercial,high,moderate,low,awareness,false,96
5401,southeast,on_competitor,commercial,high,low,medium,awareness,false,72
5402,west,on_competitor,other,high,moderate,low,re_engagement,false,96
5403,west,untreated,medicare_medicaid,moderate,moderate,low,awareness,false,78
5404,west,untreated,commercial,low,low,medium,evaluation,true,2
5405,northeast,on_competitor,medicare_medicaid,low,low,high,awareness,false,52
5406,midwest,untreated,cash_pay,moderate,high,medium,evaluation,false,42
5407,northeast,lapsed,commercial,high,moderate,medium,research,true,107
5408,west,lapsed,medicare_medicaid,high,low,high,evaluation,true,85
5409,southeast,untreated,commercial,high,high,high,awareness,false,26
5410,midwest,untreated,other,moderate,moderate,medium,re_engagement,false,94
5411,southeast,untreated,medicare_medicaid,high,high,medium,evaluation,false,49
5412,west,on_competitor,commercial,high,low,high,evaluation,false,15
5413,northeast,untreated,commercial,low,moderate,low,evaluation,false,46
5414,west,lapsed,commercial,high,low,medium,evaluation,false,112
5415,southeast,untreated,medicare_medicaid,moderate,high,medium,re_engagement,false,34
5416,northeast,on_competitor,cash_pay,moderate,low,medium,re_engagement,true,66
5417,west,untreated,medicare_medicaid,moderate,high,medium,awareness,false,41
5418,southwest,lapsed,commercial,high,high,low,evaluation,false,85
5419,west,untreated,commercial,moderate,moderate,medium,awareness,false,62
5420,midwest,on_competitor,commercial,moderate,high,medium,awareness,false,106
5421,northeast,untreated,cash_pay,high,moderate,medium,evaluation,false,14
5422,midwest,on_competitor,cash_pay,moderate,moderate,low,research,true,97
5423,southeast,untreated,commercial,low,low,medium,awareness,false,80
5424,southeast,untreated,commercial,moderate,moderate,medium,research,false,106
5425,northeast,lapsed,medicare_medicaid,high,moderate,medium,awareness,true,113
5426,west,lapsed,cash_pay,moderate,high,medium,evaluation,false,28
5427,southeast,untreated,commercial,moderate,high,low,awareness,false,109
5428,southwest,untreated,medicare_medicaid,moderate,moderate,high,research,true,49
5429,northeast,lapsed,commercial,high,moderate,high,evaluation,false,58
5430,west,lapsed,medicare_medicaid,moderate,moderate,medium,awareness,true,73
5431,west,untreated,commercial,moderate,high,high,awareness,false,118
5432,midwest,on_competitor,medicare_medicaid,low,low,medium,research,false,10
5433,midwest,lapsed,medicare_medicaid,moderate,moderate,medium,evaluation,false,35
5434,southeast,on_competitor,commercial,moderate,high,high,awareness,false,100
5435,southwest,lapsed,medicare_medicaid,moderate,moderate,low,awareness,true,33
5436,southeast,lapsed,cash_pay,high,moderate,medium,research,false,8
5437,west,on_competitor,commercial,high,low,high,research,false,38
5438,southwest,untreated,other,moderate,low,low,re_engagement,false,71
5439,northeast,untreated,other,high,low,medium,research,false,33
5440,midwest,on_competitor,medicare_medicaid,moderate,low,medium,re_engagement,false,46
5441,northeast,untreated,commercial,high,moderate,high,evaluation,false,109
5442,northeast,on_competitor,cash_pay,high,moderate,low,re_engagement,false,116
5443,southeast,untreated,other,moderate,moderate,high,awareness,false,109
5444,northeast,untreated,medicare_medicaid,low,moderate,medium,re_engagement,false,26
5445,southeast,untreated,commercial,high,moderate,medium,re_engagement,false,45
5446,midwest,on_competitor,cash_pay,high,moderate,low,re_engagement,false,35
5447,west,lapsed,commercial,high,high,medium,evaluation,false,88
5448,southwest,on_competitor,medicare_medicaid,moderate,low,high,research,false,71
5449,west,untreated,cash_pay,high,high,medium,research,true,84
5450,west,lapsed,other,high,high,medium,awareness,false,58
5451,west,on_competitor,medicare_medicaid,moderate,moderate,high,re_engagement,false,27
5452,northeast,untreated,cash_pay,low,low,high,awareness,true,82
5453,west,untreated,cash_pay,high,moderate,low,awareness,false,84
5454,west,untreated,medicare_medicaid,low,moderate,medium,awareness,false,3
5455,northeast,lapsed,commercial,low,high,medium,evaluation,false,55
5456,southwest,lapsed,commercial,high,high,high,evaluation,false,60
5457,southwest,on_competitor,commercial,moderate,high,low,research,false,104
5458,northeast,untreated,other,high,high,high,research,false,45
5459,southeast,untreated,cash_pay,high,high,medium,awareness,false,2
5460,midwest,on_competitor,commercial,high,low,low,research,false,60
5461,northeast,untreated,commercial,high,low,high,research,false,30
5462,southwest,on_competitor,medicare_medicaid,moderate,moderate,high,research,false,101
5463,west,untreated,commercial,low,moderate,high,awareness,true,22
5464,midwest,untreated,commercial,high,moderate,high,research,true,105
5465,northeast,untreated,medicare_medicaid,low,moderate,low,evaluation,true,19
5466,northeast,untreated,commercial,high,low,medium,research,false,86
5467,southwest,untreated,commercial,high,moderate,high,research,false,96
5468,southeast,on_competitor,commercial,low,moderate,low,research,false,107
5469,southeast,untreated,commercial,low,low,high,awareness,false,56
5470,southwest,untreated,medicare_medicaid,moderate,moderate,high,awareness,false,61
5471,midwest,untreated,medicare_medicaid,moderate,moderate,medium,evaluation,false,96
5472,west,untreated,commercial,high,moderate,medium,re_engagement,true,36
5473,midwest,on_competitor,commercial,high,high,high,re_engagement,false,5
5474,northeast,on_competitor,cash_pay,low,moderate,high,awareness,true,5
5475,southeast,untreated,commercial,low,moderate,medium,re_engagement,true,94
5476,southwest,on_competitor,commercial,low,high,low,awareness,false,27
5477,midwest,lapsed,other,high,moderate,high,awareness,false,30
5478,west,untreated,commercial,high,moderate,high,awareness,false,33
5479,southeast,on_competitor,cash_pay,moderate,moderate,high,research,true,93
5480,northeast,untreated,medicare_medicaid,low,moderate,high,awareness,false,102
5481,southeast,untreated,commercial,low,low,medium,awareness,false,117
5482,southwest,untreated,cash_pay,low,moderate,low,awareness,true,65
5483,midwest,untreated,medicare_medicaid,moderate,moderate,medium,re_engagement,false,47
5484,west,untreated,other,low,moderate,high,evaluation,false,9
5485,west,on_competitor,medicare_medicaid,high,moderate,low,re_engagement,true,1
5486,west,on_competitor,medicare_medicaid,moderate,low,medium,awareness,true,98
5487,midwest,on_competitor,medicare_medicaid,high,low,low,evaluation,false,28
5488,northeast,on_competitor,commercial,low,moderate,high,evaluation,false,90
5489,southwest,on_competitor,commercial,moderate,high,medium,research,true,72
5490,northeast,on_competitor,cash_pay,moderate,moderate,high,awareness,true,11
5491,west,untreated,other,moderate,low,medium,research,true,33
5492,midwest,untreated,commercial,moderate,low,low,awareness,false,53
5493,west,lapsed,medicare_medicaid,moderate,moderate,medium,awareness,true,51
5494,southwest,on_competitor,cash_pay,moderate,high,medium,research,true,27
5495,midwest,untreated,medicare_medicaid,moderate,moderate,low,awareness,true,67
5496,west,lapsed,cash_pay,high,moderate,high,awareness,false,96
5497,west,untreated,commercial,moderate,low,high,re_engagement,true,12
5498,northeast,lapsed,other,low,low,high,re_engagement,false,72
5499,southeast,untreated,medicare_medicaid,high,moderate,medium,research,false,107
5500,west,untreated,commercial,moderate,high,high,re_engagement,false,29
5501,midwest,lapsed,cash_pay,high,moderate,low,awareness,false,75
5502,midwest,lapsed,commercial,moderate,high,low,re_engagement,true,100
5503,southeast,untreated,cash_pay,moderate,moderate,medium,awareness,true,35
5504,northeast,lapsed,cash_pay,low,moderate,high,re_engagement,false,33
5505,northeast,on_competitor,medicare_medicaid,low,moderate,high,awareness,false,37
5506,southeast,untreated,cash_pay,moderate,high,medium,awareness,false,80
5507,midwest,untreated,medicare_medicaid,high,moderate,low,awareness,true,11
5508,midwest,on_competitor,medicare_medicaid,high,high,medium,research,false,100
5509,southeast,lapsed,medicare_medicaid,high,moderate,medium,awareness,false,78
5510,southwest,untreated,other,moderate,high,medium,re_engagement,false,110
5511,west,untreated,commercial,high,moderate,high,evaluation,false,83
5512,midwest,untreated,commercial,low,high,high,research,false,38
5513,midwest,lapsed,cash_pay,low,low,medium,evaluation,false,116
5514,midwest,untreated,cash_pay,high,moderate,high,research,false,32
5515,midwest,untreated,medicare_medicaid,moderate,high,high,research,true,119
5516,northeast,on_competitor,medicare_medicaid,high,low,low,evaluation,false,16
5517,southeast,untreated,medicare_medicaid,moderate,low,medium,research,false,7
5518,west,untreated,cash_pay,high,high,medium,research,false,108
5519,midwest,lapsed,commercial,low,moderate,medium,re_engagement,true,31
5520,southwest,untreated,cash_pay,high,moderate,medium,awareness,true,97
5521,southwest,on_competitor,cash_pay,low,low,medium,awareness,false,19
5522,southwest,on_competitor,other,low,moderate,low,awareness,false,59
5523,northeast,on_competitor,medicare_medicaid,low,moderate,medium,awareness,false,112
5524,southwest,untreated,commercial,moderate,high,medium,awareness,true,31
5525,northeast,on_competitor,commercial,high,moderate,medium,research,true,99
5526,northeast,untreated,medicare_medicaid,low,moderate,medium,research,false,96
5527,northeast,on_competitor,cash_pay,high,high,high,research,true,3
5528,west,on_competitor,commercial,high,high,medium,awareness,true,48
5529,midwest,untreated,commercial,moderate,moderate,medium,evaluation,false,48
5530,southwest,lapsed,cash_pay,low,moderate,low,evaluation,true,31
5531,northeast,untreated,commercial,low,moderate,high,re_engagement,false,35
5532,west,untreated,other,moderate,low,low,awareness,false,85
5533,southeast,lapsed,commercial,high,low,medium,awareness,false,64
5534,northeast,lapsed,medicare_medicaid,moderate,high,medium,research,false,39
5535,southeast,lapsed,commercial,moderate,high,high,awareness,false,17
5536,southwest,on_competitor,medicare_medicaid,low,moderate,medium,research,false,71
5537,midwest,lapsed,commercial,moderate,moderate,medium,awareness,false,35
5538,northeast,untreated,commercial,moderate,moderate,low,evaluation,false,57
5539,west,on_competitor,commercial,moderate,low,low,research,false,69
5540,southwest,untreated,other,moderate,high,high,awareness,false,30
5541,west,lapsed,commercial,moderate,moderate,low,research,false,25
5542,southwest,on_competitor,commercial,moderate,moderate,low,evaluation,false,95
5543,northeast,untreated,commercial,high,moderate,high,evaluation,true,12
5544,northeast,on_competitor,medicare_medicaid,high,high,low,research,false,114
5545,midwest,untreated,commercial,high,moderate,medium,awareness,false,113
5546,northeast,on_competitor,other,high,low,high,awareness,false,85
5547,midwest,untreated,other,low,low,low,re_engagement,false,22
5548,northeast,untreated,other,high,moderate,low,evaluation,true,15
5549,west,untreated,commercial,moderate,high,medium,evaluation,false,90
5550,southeast,untreated,medicare_medicaid,moderate,moderate,medium,research,false,17
5551,midwest,untreated,cash_pay,moderate,moderate,high,research,false,87
5552,northeast,lapsed,cash_pay,high,low,medium,awareness,false,37
5553,southeast,untreated,medicare_medicaid,high,low,low,awareness,false,90
5554,southeast,on_competitor,commercial,moderate,low,low,awareness,false,84
5555,west,on_competitor,cash_pay,moderate,high,medium,evaluation,false,110
5556,midwest,untreated,commercial,low,moderate,low,re_engagement,false,94
5557,west,lapsed,medicare_medicaid,moderate,moderate,low,awareness,false,34
5558,southwest,untreated,commercial,moderate,moderate,medium,evaluation,false,57
5559,midwest,on_competitor,commercial,moderate,moderate,medium,evaluation,false,44
5560,midwest,lapsed,commercial,high,low,high,awareness,false,113
5561,southeast,untreated,commercial,moderate,moderate,medium,evaluation,false,7
5562,northeast,untreated,cash_pay,low,high,medium,research,false,119
5563,west,untreated,commercial,moderate,moderate,low,awareness,true,65
5564,southeast,on_competitor,cash_pay,moderate,high,high,awareness,false,13
5565,southeast,on_competitor,commercial,high,moderate,high,awareness,false,36
5566,northeast,untreated,medicare_medicaid,moderate,high,low,awareness,false,19
5567,midwest,untreated,commercial,moderate,moderate,medium,research,false,74
5568,northeast,on_competitor,commercial,high,moderate,high,research,false,78
5569,southwest,on_competitor,commercial,moderate,high,high,re_engagement,false,46
5570,west,untreated,commercial,high,moderate,medium,evaluation,false,16
5571,northeast,untreated,medicare_medicaid,high,high,medium,awareness,false,116
5572,west,on_competitor,cash_pay,high,moderate,medium,research,true,10
5573,west,lapsed,medicare_medicaid,high,high,low,awareness,false,95
5574,southwest,untreated,cash_pay,moderate,moderate,medium,re_engagement,false,47
5575,southwest,untreated,cash_pay,high,low,medium,evaluation,true,27
5576,midwest,on_competitor,medicare_medicaid,moderate,high,medium,research,false,111
5577,southwest,on_competitor,commercial,high,moderate,low,awareness,true,60
5578,midwest,untreated,cash_pay,low,moderate,medium,evaluation,false,89
5579,west,untreated,medicare_medicaid,high,low,high,research,false,71
5580,northeast,on_competitor,commercial,high,moderate,medium,research,false,105
5581,west,untreated,commercial,moderate,moderate,low,evaluation,false,6
5582,west,on_competitor,commercial,moderate,moderate,medium,evaluation,false,101
5583,midwest,untreated,medicare_medicaid,high,high,medium,awareness,false,106
5584,southwest,on_competitor,medicare_medicaid,high,low,low,research,false,114
5585,west,untreated,other,moderate,moderate,high,research,false,91
5586,southwest,on_competitor,cash_pay,moderate,low,high,awareness,false,56
5587,midwest,lapsed,commercial,low,high,medium,re_engagement,false,25
5588,southwest,on_competitor,cash_pay,moderate,moderate,high,awareness,true,85
5589,southeast,lapsed,medicare_medicaid,high,moderate,medium,research,false,117
5590,northeast,lapsed,cash_pay,high,low,low,awareness,true,50
5591,southwest,untreated,cash_pay,high,low,high,research,false,63
5592,west,on_competitor,medicare_medicaid,moderate,low,medium,research,false,62
5593,southwest,on_competitor,medicare_medicaid,moderate,high,low,research,false,77
5594,southeast,lapsed,medicare_medicaid,moderate,low,medium,re_engagement,true,28
5595,midwest,on_competitor,commercial,high,low,high,evaluation,false,26
5596,west,lapsed,medicare_medicaid,low,moderate,high,research,false,77
5597,southeast,on_competitor,commercial,high,low,high,awareness,false,6
5598,southwest,lapsed,commercial,high,low,low,research,false,108
5599,west,untreated,commercial,high,moderate,medium,research,true,91
5600,west,lapsed,commercial,moderate,low,medium,evaluation,false,87
5601,west,on_competitor,medicare_medicaid,high,low,low,re_engagement,false,50
5602,west,untreated,medicare_medicaid,moderate,moderate,low,evaluation,false,42
5603,southeast,untreated,cash_pay,low,moderate,high,awareness,false,119
5604,midwest,on_competitor,commercial,low,moderate,high,research,false,110
5605,southwest,untreated,commercial,low,low,low,evaluation,false,5
5606,southwest,untreated,commercial,high,high,medium,awareness,false,32
5607,southeast,untreated,medicare_medicaid,high,high,low,evaluation,false,37
5608,southeast,lapsed,cash_pay,moderate,moderate,high,awareness,true,61
5609,midwest,on_competitor,cash_pay,moderate,moderate,high,evaluation,false,82
5610,northeast,on_competitor,cash_pay,moderate,moderate,low,evaluation,true,43
5611,southwest,lapsed,cash_pay,low,moderate,medium,research,false,28
5612,west,untreated,medicare_medicaid,moderate,moderate,medium,awareness,false,89
5613,midwest,on_competitor,commercial,moderate,high,low,research,true,54
5614,west,untreated,other,moderate,moderate,low,evaluation,false,56
5615,west,untreated,medicare_medicaid,high,low,medium,awareness,false,73
5616,west,lapsed,medicare_medicaid,moderate,high,medium,evaluation,true,110
5617,midwest,on_competitor,commercial,high,moderate,medium,research,true,35
5618,northeast,untreated,medicare_medicaid,low,low,low,re_engagement,true,69
5619,midwest,untreated,commercial,low,low,medium,re_engagement,false,39
5620,northeast,on_competitor,cash_pay,moderate,moderate,medium,evaluation,false,65
5621,southeast,untreated,cash_pay,moderate,high,medium,awareness,false,109
5622,midwest,lapsed,commercial,moderate,moderate,medium,re_engagement,false,68
5623,west,untreated,commercial,moderate,low,high,awareness,false,33
5624,southeast,on_competitor,commercial,low,high,low,awareness,false,47
5625,northeast,untreated,commercial,moderate,low,medium,research,false,73
5626,southwest,untreated,commercial,moderate,moderate,low,awareness,false,84
5627,southeast,lapsed,commercial,moderate,moderate,medium,awareness,false,103
5628,midwest,on_competitor,medicare_medicaid,high,high,low,research,false,67
5629,southeast,on_competitor,commercial,moderate,moderate,medium,evaluation,false,77
5630,southwest,untreated,cash_pay,moderate,low,medium,awareness,false,92
5631,southeast,untreated,medicare_medicaid,moderate,moderate,high,research,false,19
5632,northeast,untreated,medicare_medicaid,moderate,moderate,high,awareness,false,44
5633,northeast,untreated,commercial,moderate,low,medium,evaluation,false,61
5634,midwest,on_competitor,cash_pay,high,high,medium,awareness,false,32
5635,midwest,lapsed,commercial,high,high,low,research,false,78
5636,northeast,on_competitor,commercial,high,moderate,medium,evaluation,true,11
5637,southeast,lapsed,medicare_medicaid,moderate,moderate,high,evaluation,false,85
5638,west,on_competitor,medicare_medicaid,moderate,high,medium,research,false,33
5639,midwest,lapsed,cash_pay,low,high,low,awareness,false,5
5640,northeast,on_competitor,commercial,moderate,high,low,awareness,false,88
5641,northeast,untreated,commercial,moderate,moderate,medium,research,false,96
5642,northeast,untreated,medicare_medicaid,high,high,medium,research,false,51
5643,midwest,lapsed,commercial,moderate,low,medium,research,true,59
5644,southwest,untreated,cash_pay,low,moderate,medium,research,false,101
5645,midwest,untreated,cash_pay,low,moderate,high,re_engagement,false,100
5646,southeast,on_competitor,cash_pay,low,moderate,high,awareness,false,3
5647,west,untreated,cash_pay,high,moderate,medium,awareness,false,101
5648,southwest,untreated,cash_pay,moderate,moderate,medium,research,false,73
5649,southeast,on_competitor,commercial,high,moderate,medium,re_engagement,false,10
5650,southeast,on_competitor,commercial,low,high,medium,awareness,false,94
5651,west,untreated,cash_pay,low,low,medium,evaluation,false,88
5652,west,on_competitor,medicare_medicaid,low,high,medium,re_engagement,false,76
5653,northeast,on_competitor,medicare_medicaid,low,high,high,re_engagement,false,111
5654,northeast,untreated,medicare_medicaid,moderate,moderate,low,research,false,118
5655,midwest,untreated,cash_pay,low,high,low,awareness,false,120
5656,northeast,untreated,commercial,high,moderate,medium,research,false,10
5657,west,untreated,medicare_medicaid,high,high,medium,research,true,120
5658,midwest,untreated,commercial,moderate,moderate,low,awareness,false,86
5659,midwest,on_competitor,cash_pay,high,moderate,high,research,true,100
5660,northeast,untreated,cash_pay,high,moderate,medium,awareness,false,24
5661,west,lapsed,medicare_medicaid,moderate,low,low,awareness,true,56
5662,west,lapsed,medicare_medicaid,moderate,low,medium,research,false,30
5663,west,untreated,medicare_medicaid,high,high,medium,awareness,false,6
5664,northeast,on_competitor,commercial,high,moderate,low,evaluation,false,95
5665,midwest,lapsed,commercial,moderate,moderate,medium,awareness,false,76
5666,midwest,lapsed,other,moderate,low,medium,evaluation,true,63
5667,southwest,on_competitor,medicare_medicaid,high,moderate,medium,research,false,48
5668,northeast,untreated,cash_pay,moderate,low,medium,awareness,false,39
5669,southeast,untreated,commercial,high,high,high,re_engagement,false,92
5670,southeast,untreated,commercial,moderate,low,medium,awareness,false,46
5671,southeast,untreated,commercial,moderate,moderate,medium,research,false,68
5672,northeast,lapsed,cash_pay,moderate,low,medium,re_engagement,false,34
5673,northeast,untreated,medicare_medicaid,moderate,moderate,medium,awareness,false,98
5674,west,on_competitor,other,low,high,low,awareness,false,100
5675,northeast,untreated,cash_pay,low,high,medium,awareness,true,9
5676,midwest,lapsed,commercial,moderate,low,low,research,true,80
5677,northeast,lapsed,commercial,low,high,medium,re_engagement,false,33
5678,northeast,untreated,medicare_medicaid,low,low,low,research,false,94
5679,midwest,lapsed,commercial,high,moderate,medium,re_engagement,false,50
5680,midwest,untreated,cash_pay,low,low,low,awareness,false,71
5681,southeast,on_competitor,other,moderate,moderate,medium,evaluation,false,6
5682,west,lapsed,commercial,moderate,low,medium,re_engagement,false,13
5683,northeast,on_competitor,medicare_medicaid,moderate,low,high,research,false,13
5684,southwest,on_competitor,other,low,high,medium,evaluation,false,107
5685,southeast,untreated,medicare_medicaid,high,moderate,medium,awareness,false,4
5686,west,untreated,other,moderate,high,medium,research,false,37
5687,southeast,lapsed,commercial,moderate,moderate,medium,research,false,54
5688,midwest,untreated,other,moderate,high,medium,awareness,false,102
5689,southwest,untreated,medicare_medicaid,low,high,medium,re_engagement,false,39
5690,northeast,on_competitor,medicare_medicaid,high,moderate,low,research,false,91
5691,southwest,untreated,medicare_medicaid,moderate,high,medium,awareness,true,86
5692,southeast,lapsed,commercial,high,moderate,low,research,false,24
5693,midwest,untreated,cash_pay,moderate,moderate,medium,awareness,false,103
5694,midwest,on_competitor,commercial,moderate,low,medium,awareness,true,66
5695,west,on_competitor,medicare_medicaid,low,low,medium,awareness,false,96
5696,west,untreated,medicare_medicaid,high,moderate,medium,awareness,false,78
5697,midwest,untreated,commercial,moderate,moderate,medium,research,false,108
5698,northeast,untreated,other,moderate,high,medium,awareness,true,40
5699,southeast,untreated,medicare_medicaid,low,high,low,re_engagement,false,55
5700,midwest,untreated,commercial,low,low,low,research,false,83
5701,southeast,on_competitor,other,high,moderate,high,research,false,107
5702,northeast,untreated,commercial,moderate,moderate,high,awareness,false,38
5703,southeast,lapsed,medicare_medicaid,high,moderate,high,awareness,false,11
5704,northeast,untreated,medicare_medicaid,high,moderate,medium,research,false,13
5705,southeast,on_competitor,commercial,high,moderate,low,evaluation,false,41
5706,northeast,on_competitor,medicare_medicaid,high,moderate,high,research,false,54
5707,west,on_competitor,medicare_medicaid,moderate,high,medium,re_engagement,false,69
5708,northeast,untreated,medicare_medicaid,high,high,high,evaluation,false,58
5709,west,lapsed,cash_pay,moderate,high,low,awareness,true,85
5710,southeast,untreated,cash_pay,moderate,moderate,medium,evaluation,false,27
5711,northeast,untreated,medicare_medicaid,high,moderate,low,re_engagement,true,26
5712,northeast,on_competitor,medicare_medicaid,low,high,high,awareness,false,113
5713,midwest,untreated,commercial,high,high,high,awareness,false,84
5714,southeast,lapsed,commercial,low,low,medium,awareness,false,59
5715,west,lapsed,cash_pay,high,moderate,medium,research,false,18
5716,midwest,untreated,cash_pay,moderate,moderate,medium,research,false,112
5717,southeast,untreated,commercial,moderate,high,high,awareness,false,77
5718,northeast,on_competitor,commercial,high,moderate,low,evaluation,false,89
5719,southeast,untreated,cash_pay,moderate,high,low,evaluation,false,23
5720,midwest,untreated,commercial,low,moderate,medium,research,false,118
5721,southeast,on_competitor,other,moderate,high,low,research,false,41
5722,southeast,untreated,medicare_medicaid,high,moderate,low,research,false,65
5723,midwest,on_competitor,commercial,moderate,moderate,medium,research,false,58
5724,northeast,untreated,commercial,high,moderate,low,evaluation,false,66
5725,west,untreated,medicare_medicaid,moderate,high,low,awareness,false,105
5726,southeast,on_competitor,cash_pay,high,low,low,research,false,29
5727,southwest,on_competitor,other,moderate,high,low,re_engagement,true,79
5728,southwest,lapsed,medicare_medicaid,low,moderate,high,research,false,87
5729,west,lapsed,commercial,low,low,medium,research,false,72
5730,west,lapsed,commercial,moderate,moderate,high,research,false,114
5731,midwest,untreated,medicare_medicaid,high,low,high,awareness,false,91
5732,midwest,untreated,other,high,high,high,research,false,24
5733,southeast,untreated,commercial,high,high,low,evaluation,false,52
5734,west,on_competitor,commercial,high,high,medium,awareness,true,41
5735,midwest,untreated,medicare_medicaid,low,moderate,medium,awareness,false,10
5736,midwest,on_competitor,cash_pay,high,high,medium,awareness,false,90
5737,northeast,on_competitor,commercial,high,moderate,low,awareness,false,94
5738,northeast,on_competitor,commercial,low,moderate,low,research,true,90
5739,southeast,on_competitor,commercial,high,low,high,evaluation,false,99
5740,southeast,untreated,cash_pay,low,moderate,low,re_engagement,false,1
5741,west,on_competitor,medicare_medicaid,moderate,low,medium,research,false,71
5742,southwest,untreated,other,moderate,moderate,low,research,true,72
5743,northeast,lapsed,other,moderate,moderate,high,evaluation,false,15
5744,southwest,untreated,commercial,moderate,high,low,awareness,false,63
5745,southeast,lapsed,cash_pay,low,low,high,awareness,true,21
5746,northeast,lapsed,medicare_medicaid,low,moderate,medium,research,false,113
5747,southeast,lapsed,medicare_medicaid,moderate,high,low,awareness,true,91
5748,southeast,on_competitor,cash_pay,moderate,moderate,medium,evaluation,true,78
5749,west,lapsed,medicare_medicaid,high,high,low,research,false,84
5750,northeast,untreated,commercial,moderate,high,medium,research,false,80
5751,midwest,on_competitor,commercial,moderate,moderate,low,awareness,false,26
5752,northeast,untreated,commercial,moderate,low,low,awareness,false,111
5753,midwest,lapsed,commercial,high,low,low,evaluation,false,70
5754,southeast,untreated,medicare_medicaid,low,moderate,medium,research,true,15
5755,southeast,on_competitor,commercial,high,low,medium,awareness,true,30
5756,midwest,on_competitor,commercial,high,moderate,medium,awareness,false,9
5757,northeast,lapsed,commercial,moderate,moderate,low,awareness,false,110
5758,southeast,untreated,medicare_medicaid,moderate,high,low,awareness,false,10
5759,west,untreated,commercial,high,high,medium,evaluation,false,108
5760,west,untreated,cash_pay,high,low,high,research,false,2
5761,midwest,on_competitor,medicare_medicaid,high,moderate,high,research,true,33
5762,west,lapsed,medicare_medicaid,moderate,moderate,low,research,false,75
5763,midwest,on_competitor,medicare_medicaid,high,low,high,evaluation,false,9
5764,west,untreated,commercial,moderate,high,high,re_engagement,false,76
5765,midwest,untreated,commercial,low,high,high,re_engagement,false,23
5766,northeast,on_competitor,commercial,high,moderate,medium,awareness,true,25
5767,northeast,lapsed,other,moderate,low,low,evaluation,false,8
5768,southwest,untreated,commercial,high,high,medium,awareness,false,69
5769,west,on_competitor,commercial,moderate,moderate,low,awareness,true,75
5770,midwest,lapsed,other,moderate,moderate,medium,research,false,45
5771,west,lapsed,commercial,low,moderate,medium,awareness,false,112
5772,northeast,lapsed,commercial,low,moderate,low,evaluation,true,17
5773,west,lapsed,cash_pay,moderate,moderate,low,evaluation,false,78
5774,west,on_competitor,medicare_medicaid,moderate,low,medium,research,false,28
5775,northeast,untreated,medicare_medicaid,high,moderate,low,re_engagement,false,18
5776,west,untreated,cash_pay,moderate,moderate,low,awareness,false,64
5777,southwest,untreated,medicare_medicaid,high,high,low,research,true,24
5778,midwest,on_competitor,commercial,low,moderate,low,re_engagement,false,25
5779,southeast,lapsed,commercial,moderate,high,low,re_engagement,false,33
5780,southwest,on_competitor,commercial,moderate,moderate,high,research,false,61
5781,southeast,on_competitor,medicare_medicaid,low,moderate,medium,evaluation,true,100
5782,northeast,untreated,commercial,moderate,low,medium,re_engagement,false,17
5783,west,lapsed,commercial,moderate,moderate,high,awareness,false,9
5784,midwest,untreated,medicare_medicaid,low,moderate,medium,research,false,15
5785,west,lapsed,cash_pay,moderate,moderate,medium,evaluation,false,104
5786,southwest,untreated,cash_pay,low,moderate,medium,research,false,10
5787,midwest,on_competitor,commercial,high,low,medium,evaluation,true,93
5788,southwest,untreated,medicare_medicaid,high,moderate,medium,re_engagement,false,1
5789,west,untreated,cash_pay,high,moderate,high,evaluation,false,97
5790,northeast,on_competitor,commercial,moderate,high,high,awareness,false,67
5791,southwest,on_competitor,medicare_medicaid,low,moderate,high,evaluation,true,80
5792,southwest,untreated,medicare_medicaid,high,high,low,research,false,28
5793,midwest,untreated,medicare_medicaid,high,moderate,high,evaluation,false,74
5794,west,untreated,other,high,low,medium,awareness,false,59
5795,southeast,untreated,medicare_medicaid,high,moderate,medium,evaluation,true,75
5796,west,on_competitor,cash_pay,low,moderate,medium,evaluation,false,48
5797,southeast,untreated,commercial,moderate,low,medium,awareness,false,108
5798,southeast,on_competitor,medicare_medicaid,moderate,moderate,medium,awareness,true,75
5799,northeast,untreated,commercial,high,moderate,high,awareness,true,37
5800,midwest,lapsed,medicare_medicaid,moderate,high,high,research,false,114
5801,midwest,untreated,other,low,low,low,re_engagement,true,36
5802,west,untreated,commercial,high,low,low,research,false,0
5803,midwest,untreated,other,moderate,low,low,evaluation,true,48
5804,southwest,on_competitor,other,low,moderate,low,evaluation,false,110
5805,southwest,untreated,medicare_medicaid,high,high,low,research,false,94
5806,west,untreated,commercial,high,moderate,high,awareness,false,42
5807,northeast,on_competitor,commercial,high,low,medium,research,true,55
5808,midwest,untreated,commercial,moderate,moderate,high,awareness,false,105
5809,west,untreated,commercial,high,moderate,medium,evaluation,true,7
5810,west,lapsed,medicare_medicaid,low,moderate,high,evaluation,false,87
5811,northeast,untreated,commercial,high,high,high,awareness,false,16
5812,west,untreated,commercial,high,low,high,research,false,1
5813,southeast,untreated,commercial,high,high,low,research,false,51
5814,southeast,untreated,commercial,moderate,moderate,medium,research,false,71
5815,southwest,on_competitor,medicare_medicaid,moderate,moderate,low,awareness,false,108
5816,northeast,lapsed,medicare_medicaid,low,moderate,medium,awareness,false,97
5817,southeast,on_competitor,commercial,high,moderate,low,re_engagement,true,12
5818,west,untreated,medicare_medicaid,low,high,medium,evaluation,false,38
5819,northeast,on_competitor,cash_pay,high,moderate,medium,research,true,41
5820,northeast,on_competitor,medicare_medicaid,low,high,low,awareness,false,67
5821,midwest,on_competitor,commercial,high,high,low,research,false,25
5822,northeast,on_competitor,medicare_medicaid,moderate,moderate,medium,research,false,49
5823,southeast,on_competitor,cash_pay,low,moderate,medium,evaluation,true,82
5824,southwest,lapsed,medicare_medicaid,high,moderate,medium,evaluation,true,13
5825,midwest,on_competitor,medicare_medicaid,high,moderate,high,awareness,false,18
5826,southeast,lapsed,cash_pay,high,low,high,research,true,51
5827,west,untreated,medicare_medicaid,moderate,low,high,research,false,14
5828,west,untreated,cash_pay,high,moderate,low,awareness,false,54
5829,midwest,lapsed,commercial,low,high,medium,evaluation,false,73
5830,southeast,untreated,other,moderate,low,medium,evaluation,false,5
5831,southwest,on_competitor,medicare_medicaid,high,low,low,research,false,44
5832,southwest,untreated,commercial,moderate,moderate,medium,research,false,98
5833,northeast,on_competitor,commercial,high,high,medium,awareness,false,2
5834,midwest,on_competitor,cash_pay,high,moderate,medium,evaluation,false,102
5835,southeast,lapsed,commercial,low,high,medium,awareness,true,91
5836,southwest,lapsed,commercial,high,low,high,research,false,6
5837,southeast,lapsed,medicare_medicaid,moderate,moderate,medium,evaluation,true,1
5838,northeast,lapsed,other,high,moderate,medium,research,false,16
5839,northeast,lapsed,medicare_medicaid,high,high,high,research,false,1
5840,southeast,on_competitor,commercial,moderate,low,medium,research,false,117
5841,midwest,lapsed,cash_pay,high,moderate,high,research,false,18
5842,midwest,lapsed,medicare_medicaid,moderate,low,medium,research,false,18
5843,midwest,on_competitor,medicare_medicaid,high,moderate,medium,evaluation,false,97
5844,northeast,on_competitor,cash_pay,moderate,moderate,low,evaluation,true,17
5845,southwest,untreated,commercial,moderate,high,high,evaluation,false,8
5846,west,untreated,commercial,moderate,moderate,medium,evaluation,false,100
5847,southeast,untreated,commercial,low,moderate,medium,research,false,93
5848,midwest,untreated,commercial,high,moderate,low,research,false,4
5849,west,untreated,cash_pay,moderate,low,low,research,false,107
5850,northeast,lapsed,cash_pay,moderate,moderate,medium,research,false,117
5851,midwest,untreated,medicare_medicaid,high,high,low,research,false,25
5852,northeast,on_competitor,other,low,high,high,awareness,false,107
5853,west,on_competitor,medicare_medicaid,high,moderate,high,awareness,false,118
5854,southwest,untreated,commercial,moderate,moderate,medium,evaluation,true,45
5855,southwest,lapsed,commercial,moderate,high,high,awareness,false,73
5856,southeast,untreated,cash_pay,high,moderate,low,re_engagement,false,22
5857,southwest,lapsed,other,high,low,medium,re_engagement,false,53
5858,midwest,untreated,cash_pay,high,low,medium,re_engagement,false,9
5859,west,on_competitor,medicare_medicaid,low,moderate,high,evaluation,false,105
5860,southeast,lapsed,medicare_medicaid,high,high,medium,awareness,false,27
5861,southeast,on_competitor,cash_pay,high,moderate,medium,awareness,false,92
5862,northeast,on_competitor,medicare_medicaid,high,low,high,re_engagement,false,2
5863,northeast,untreated,commercial,high,moderate,high,evaluation,false,30
5864,southwest,untreated,cash_pay,low,moderate,medium,evaluation,false,23
5865,northeast,untreated,commercial,moderate,low,medium,research,true,24
5866,northeast,untreated,commercial,moderate,moderate,medium,re_engagement,false,23
5867,west,untreated,commercial,moderate,moderate,medium,evaluation,true,82
5868,southwest,untreated,other,moderate,moderate,high,re_engagement,false,69
5869,west,untreated,commercial,low,moderate,low,research,false,77
5870,midwest,untreated,commercial,moderate,moderate,high,re_engagement,false,44
5871,west,on_competitor,medicare_medicaid,high,low,medium,evaluation,false,35
5872,midwest,untreated,commercial,moderate,high,medium,evaluation,false,11
5873,northeast,untreated,medicare_medicaid,moderate,low,medium,awareness,false,67
5874,southeast,untreated,medicare_medicaid,high,moderate,medium,research,false,120
5875,northeast,untreated,medicare_medicaid,moderate,low,high,awareness,false,56
5876,southwest,lapsed,other,high,moderate,medium,research,true,52
5877,midwest,on_competitor,medicare_medicaid,moderate,moderate,high,evaluation,true,1
5878,west,untreated,medicare_medicaid,low,moderate,high,research,true,8
5879,southeast,untreated,commercial,high,moderate,high,evaluation,false,10
5880,southeast,untreated,commercial,low,moderate,low,research,false,61
5881,midwest,on_competitor,cash_pay,moderate,moderate,medium,awareness,false,55
5882,west,lapsed,cash_pay,high,high,high,research,false,53
5883,northeast,untreated,other,moderate,moderate,high,awareness,false,94
5884,southwest,untreated,other,high,high,medium,evaluation,false,62
5885,southwest,on_competitor,other,high,moderate,medium,awareness,true,104
5886,west,untreated,medicare_medicaid,high,high,low,awareness,true,95
5887,midwest,untreated,commercial,moderate,moderate,medium,evaluation,false,42
5888,west,untreated,commercial,moderate,high,medium,awareness,false,24
5889,west,untreated,other,moderate,low,low,research,false,33
5890,southeast,on_competitor,medicare_medicaid,moderate,moderate,medium,research,false,26
5891,southwest,untreated,medicare_medicaid,high,moderate,medium,awareness,true,82
5892,northeast,untreated,commercial,low,moderate,medium,awareness,false,78
5893,midwest,on_competitor,commercial,low,high,low,research,false,104
5894,southwest,untreated,medicare_medicaid,moderate,low,medium,research,false,70
5895,southwest,untreated,commercial,high,low,high,awareness,false,87
5896,northeast,untreated,other,moderate,high,medium,awareness,false,5
5897,northeast,on_competitor,commercial,high,high,high,research,true,17
5898,midwest,on_competitor,commercial,moderate,moderate,medium,evaluation,false,85
5899,southwest,untreated,medicare_medicaid,high,moderate,high,research,false,78
5900,northeast,untreated,commercial,low,moderate,medium,awareness,false,65
5901,northeast,on_competitor,medicare_medicaid,low,low,medium,awareness,false,9
5902,west,on_competitor,other,high,low,medium,evaluation,false,32
5903,west,untreated,other,moderate,high,medium,research,true,79
5904,west,untreated,cash_pay,moderate,moderate,medium,awareness,true,116
5905,west,untreated,commercial,high,low,high,research,false,94
5906,west,on_competitor,commercial,moderate,high,low,evaluation,false,2
5907,midwest,on_competitor,commercial,moderate,moderate,medium,re_engagement,false,82
5908,west,untreated,commercial,moderate,moderate,medium,re_engagement,false,77
5909,northeast,lapsed,commercial,high,low,medium,research,false,62
5910,west,untreated,commercial,high,low,medium,evaluation,false,29
5911,southeast,on_competitor,medicare_medicaid,high,moderate,medium,evaluation,false,1
5912,southeast,untreated,medicare_medicaid,moderate,moderate,medium,evaluation,false,60
5913,west,untreated,medicare_medicaid,high,high,medium,awareness,true,30
5914,southeast,on_competitor,commercial,low,low,medium,research,false,53
5915,southwest,lapsed,cash_pay,high,low,low,evaluation,false,74
5916,northeast,on_competitor,cash_pay,moderate,moderate,medium,evaluation,false,95
5917,west,on_competitor,commercial,high,moderate,high,awareness,false,110
5918,southwest,untreated,medicare_medicaid,high,high,low,research,true,16
5919,southeast,lapsed,commercial,high,moderate,low,evaluation,false,98
5920,midwest,untreated,commercial,moderate,high,medium,evaluation,true,11
5921,southwest,untreated,commercial,low,low,high,research,true,15
5922,northeast,lapsed,commercial,moderate,moderate,medium,research,false,64
5923,west,untreated,cash_pay,high,low,low,research,false,44
5924,west,untreated,other,high,moderate,high,awareness,false,100
5925,northeast,lapsed,medicare_medicaid,moderate,high,high,re_engagement,false,120
5926,west,untreated,cash_pay,moderate,moderate,high,research,false,59
5927,midwest,untreated,medicare_medicaid,moderate,moderate,high,awareness,true,64
5928,northeast,untreated,other,low,low,low,evaluation,false,33
5929,midwest,untreated,medicare_medicaid,high,low,low,evaluation,true,23
5930,west,untreated,other,moderate,moderate,low,research,false,21
5931,northeast,on_competitor,other,moderate,high,low,research,true,63
5932,midwest,untreated,other,low,moderate,low,evaluation,true,113
5933,northeast,untreated,other,moderate,moderate,medium,awareness,false,30
5934,midwest,on_competitor,commercial,high,moderate,low,awareness,false,75
5935,southeast,on_competitor,other,high,low,high,research,false,67
5936,northeast,untreated,medicare_medicaid,moderate,moderate,medium,re_engagement,true,65
5937,northeast,lapsed,cash_pay,high,high,low,evaluation,false,32
5938,southwest,untreated,commercial,high,high,medium,awareness,false,115
5939,west,on_competitor,medicare_medicaid,high,moderate,low,research,false,41
5940,northeast,untreated,cash_pay,low,low,low,evaluation,false,4
5941,southeast,untreated,commercial,high,moderate,medium,research,true,60
5942,northeast,on_competitor,commercial,high,moderate,medium,research,false,108
5943,west,on_competitor,medicare_medicaid,moderate,high,medium,awareness,false,78
5944,northeast,lapsed,other,moderate,low,low,evaluation,false,23
5945,northeast,on_competitor,commercial,high,moderate,medium,awareness,false,103
5946,midwest,untreated,commercial,low,moderate,low,re_engagement,false,120
5947,midwest,untreated,commercial,moderate,moderate,medium,evaluation,false,50
5948,northeast,on_competitor,other,moderate,low,high,re_engagement,false,21
5949,southeast,untreated,cash_pay,moderate,low,medium,awareness,false,99
5950,northeast,untreated,cash_pay,high,high,medium,research,false,51
5951,southwest,on_competitor,commercial,high,high,high,awareness,false,107
5952,southwest,untreated,other,high,high,medium,evaluation,true,92
5953,southwest,lapsed,cash_pay,low,moderate,high,awareness,false,106
5954,west,on_competitor,commercial,low,high,medium,research,false,115
5955,midwest,lapsed,commercial,high,moderate,low,re_engagement,false,28
5956,midwest,untreated,commercial,moderate,high,medium,research,false,81
5957,northeast,on_competitor,commercial,moderate,low,low,awareness,false,87
5958,west,on_competitor,commercial,moderate,high,high,awareness,false,114
5959,west,untreated,medicare_medicaid,high,moderate,medium,re_engagement,false,74
5960,west,untreated,other,high,high,medium,research,false,48
5961,west,untreated,cash_pay,low,moderate,medium,awareness,false,81
5962,west,on_competitor,commercial,moderate,moderate,high,awareness,false,119
5963,southwest,lapsed,commercial,moderate,moderate,medium,research,false,77
5964,southwest,on_competitor,cash_pay,high,moderate,low,evaluation,false,15
5965,midwest,on_competitor,cash_pay,moderate,moderate,low,research,false,78
5966,southeast,on_competitor,cash_pay,low,low,medium,re_engagement,false,86
5967,west,untreated,cash_pay,moderate,low,medium,re_engagement,false,118
5968,southeast,on_competitor,cash_pay,moderate,moderate,medium,re_engagement,false,55
5969,west,untreated,cash_pay,moderate,high,high,awareness,false,52
5970,northeast,on_competitor,cash_pay,moderate,high,high,research,false,98
5971,northeast,untreated,medicare_medicaid,high,moderate,medium,evaluation,false,57
5972,west,untreated,other,high,low,low,evaluation,false,10
5973,southwest,lapsed,other,high,high,low,awareness,false,87
5974,northeast,on_competitor,medicare_medicaid,moderate,high,low,evaluation,false,20
5975,west,on_competitor,commercial,moderate,low,medium,evaluation,true,66
5976,midwest,on_competitor,medicare_medicaid,moderate,moderate,medium,evaluation,false,100
5977,southeast,on_competitor,commercial,moderate,high,medium,awareness,false,79
5978,west,untreated,commercial,low,high,medium,re_engagement,false,50
5979,northeast,untreated,medicare_medicaid,moderate,moderate,medium,awareness,false,30
5980,southeast,untreated,cash_pay,low,low,high,awareness,false,18
5981,west,on_competitor,cash_pay,low,high,low,research,true,85
5982,northeast,untreated,cash_pay,high,high,high,research,false,8
5983,midwest,on_competitor,medicare_medicaid,high,high,low,awareness,false,102
5984,west,on_competitor,commercial,low,low,high,research,false,2
5985,northeast,untreated,commercial,moderate,moderate,low,awareness,false,49
5986,southwest,untreated,commercial,high,high,high,re_engagement,false,11
5987,west,untreated,commercial,high,high,high,re_engagement,false,119
5988,southeast,lapsed,commercial,moderate,low,medium,awareness,false,51
5989,west,untreated,commercial,high,moderate,medium,research,true,57
5990,southeast,lapsed,commercial,low,moderate,medium,awareness,false,52
5991,southeast,untreated,medicare_medicaid,low,moderate,medium,evaluation,false,86
5992,midwest,untreated,commercial,low,high,medium,research,false,109
5993,southwest,untreated,commercial,moderate,moderate,medium,research,true,2
5994,northeast,on_competitor,commercial,moderate,low,low,re_engagement,false,26
5995,midwest,on_competitor,commercial,moderate,moderate,high,awareness,false,10
5996,southeast,untreated,medicare_medicaid,high,high,high,re_engagement,false,96
5997,midwest,untreated,cash_pay,moderate,moderate,medium,research,true,2
5998,southwest,untreated,commercial,moderate,high,medium,evaluation,true,31
5999,west,lapsed,commercial,moderate,high,high,research,false,100
6000,southwest,untreated,cash_pay,moderate,moderate,high,evaluation,true,98
