patient_id,adherence_status,persistence_cohort,refill_timeliness,refill_cadence_days,days_since_last_refill,engagement_channel,clinical_risk_band,tenure_months,program_entry,lapse_month,lapse_reason
0001,on_track,long_term,on time,30,7,app,moderate,21.6,direct_rx,,
0002,on_track,stable,on time,30,7,phone,low,11.6,direct_rx,,
0003,lapsing,long_term,delayed,30,33,none,high,16.5,direct_rx,17,no_response
0004,on_track,long_term,on time,30,24,phone,low,35.2,transfer,,
0631,lapsing,stable,delayed,30,42,phone,moderate,9.0,direct_rx,9,felt_better
0006,on_track,stable,on time,90,50,app,low,11.1,direct_rx,,
0007,lapsed,stable,missed,30,112,app,moderate,8.1,hcp,6,forgot_or_routine
0008,on_track,stable,on time,90,36,none,low,8.6,direct_rx,,
0009,lapsed,stable,missed,90,222,app,moderate,3.1,direct_rx,1,no_response
0010,on_track,stable,on time,30,2,phone,moderate,8.3,hcp,,
0011,lapsed,early,missed,60,133,phone,high,1.9,hcp,1,no_response
0012,on_track,stable,on time,30,11,none,low,11.2,hcp,,
0013,lapsed,early,missed,60,163,app,high,0.3,transfer,1,side_effects
0014,lapsing,early,delayed,60,82,phone,moderate,0.8,hcp,1,not_working
0015,lapsing,long_term,delayed,60,61,phone,moderate,21.1,transfer,22,no_response
0016,on_track,stable,on time,30,16,app,low,9.7,transfer,,
0017,lapsed,stable,missed,60,181,phone,high,8.2,hcp,5,cost_or_coverage
0018,on_track,long_term,on time,60,4,none,low,13.7,hcp,,
0019,on_track,early,on time,60,14,app,low,0.6,direct_rx,,
0020,lapsed,long_term,missed,30,66,app,moderate,14.9,hcp,14,cost_or_coverage
0021,on_track,early,on time,30,13,phone,low,1.5,direct_rx,,
0022,lapsing,early,delayed,90,141,none,high,1.4,hcp,2,side_effects
0023,lapsing,early,delayed,30,39,none,moderate,1.7,hcp,2,not_working
0024,on_track,early,on time,30,1,phone,low,0.3,hcp,,
0025,lapsing,early,delayed,30,43,app,high,1.8,direct_rx,2,no_response
0026,lapsed,long_term,missed,90,271,app,moderate,12.1,hcp,7,cost_or_coverage
0027,on_track,stable,on time,30,9,none,moderate,10.3,direct_rx,,
0028,on_track,early,on time,30,15,app,moderate,0.1,hcp,,
0029,lapsed,early,missed,30,100,phone,moderate,0.9,direct_rx,1,no_response
0030,on_track,early,on time,30,4,phone,low,0.1,direct_rx,,
0031,lapsed,stable,missed,30,115,none,high,5.2,direct_rx,3,no_response
0032,on_track,stable,on time,30,8,app,low,11.3,direct_rx,,
0033,on_track,stable,on time,90,69,none,low,10.2,direct_rx,,
0034,lapsing,early,delayed,30,42,app,moderate,0.5,direct_rx,1,no_response
0035,lapsing,early,delayed,90,140,app,moderate,0.6,hcp,1,side_effects
0036,lapsed,long_term,missed,90,306,phone,moderate,23.9,direct_rx,17,cost_or_coverage
0037,on_track,stable,on time,30,17,phone,low,9.5,direct_rx,,
0038,on_track,stable,on time,30,3,app,moderate,12.0,hcp,,
0039,on_track,stable,on time,30,0,phone,low,11.3,direct_rx,,
0040,on_track,early,on time,30,16,app,low,0.0,direct_rx,,
0041,lapsed,early,missed,90,168,phone,moderate,2.0,transfer,1,forgot_or_routine
0042,on_track,early,on time,30,3,app,low,0.7,direct_rx,,
0043,on_track,stable,on time,90,13,app,moderate,10.8,hcp,,
0044,on_track,early,on time,30,21,app,low,1.8,transfer,,
0045,on_track,long_term,on time,90,35,phone,low,25.8,hcp,,
0046,on_track,stable,on time,30,21,app,low,9.0,transfer,,
0047,lapsed,stable,missed,60,130,app,high,6.3,direct_rx,4,no_response
0048,lapsing,early,delayed,90,137,app,moderate,2.7,hcp,3,not_working
0049,on_track,long_term,on time,30,5,app,low,17.1,direct_rx,,
0050,on_track,stable,on time,30,21,phone,low,8.8,direct_rx,,
0051,on_track,long_term,on time,90,16,phone,low,13.0,direct_rx,,
0052,on_track,stable,on time,30,17,none,moderate,11.6,hcp,,
0053,lapsing,stable,delayed,30,44,phone,moderate,4.9,hcp,5,forgot_or_routine
0054,on_track,stable,on time,60,31,app,moderate,11.6,hcp,,
0055,on_track,stable,on time,60,34,none,moderate,11.3,direct_rx,,
0056,on_track,stable,on time,30,0,phone,low,9.1,hcp,,
0057,on_track,early,on time,90,63,app,low,1.5,direct_rx,,
0058,on_track,stable,on time,60,13,app,low,12.0,direct_rx,,
0059,on_track,stable,on time,90,69,none,low,11.9,direct_rx,,
0060,on_track,early,on time,90,31,app,moderate,1.5,direct_rx,,
0061,lapsing,early,delayed,90,135,none,moderate,2.2,transfer,3,felt_better
0062,on_track,early,on time,30,16,app,moderate,0.0,transfer,,
0063,on_track,early,on time,30,6,none,moderate,1.9,direct_rx,,
0064,on_track,stable,on time,30,6,app,low,11.4,direct_rx,,
0065,on_track,stable,on time,30,22,phone,low,11.0,hcp,,
0066,lapsing,early,delayed,90,111,phone,high,0.9,direct_rx,1,side_effects
0067,lapsing,stable,delayed,30,43,app,moderate,3.4,transfer,4,cost_or_coverage
0068,lapsing,stable,delayed,90,110,app,moderate,4.8,direct_rx,5,side_effects
0069,lapsed,long_term,missed,90,343,none,moderate,14.4,hcp,6,not_working
0070,on_track,long_term,on time,90,65,none,moderate,23.5,direct_rx,,
0071,lapsed,early,missed,30,97,app,high,1.1,hcp,1,side_effects
0072,on_track,early,on time,90,24,phone,low,2.3,direct_rx,,
0073,lapsed,early,missed,30,92,phone,high,2.3,direct_rx,1,cost_or_coverage
0074,lapsing,early,delayed,30,33,phone,moderate,2.2,transfer,3,side_effects
0075,lapsing,long_term,delayed,90,127,phone,high,31.1,hcp,32,forgot_or_routine
0076,on_track,early,on time,30,22,app,low,2.2,transfer,,
0077,on_track,stable,on time,30,15,phone,low,11.8,direct_rx,,
0078,on_track,long_term,on time,90,45,phone,low,16.5,transfer,,
0079,lapsed,early,missed,90,238,app,high,1.7,direct_rx,1,side_effects
0080,on_track,stable,on time,90,20,app,low,9.9,direct_rx,,
0081,on_track,stable,on time,90,48,phone,low,8.2,direct_rx,,
0082,on_track,long_term,on time,30,22,app,low,28.4,hcp,,
0083,on_track,stable,on time,30,6,app,moderate,6.1,direct_rx,,
0084,lapsed,stable,missed,30,89,app,moderate,10.3,hcp,9,cost_or_coverage
0085,lapsing,early,delayed,30,39,phone,moderate,1.5,direct_rx,2,side_effects
0086,lapsing,long_term,delayed,30,47,phone,moderate,20.2,transfer,21,no_response
0087,on_track,early,on time,60,13,phone,low,2.5,hcp,,
0088,on_track,early,on time,60,0,phone,low,0.8,direct_rx,,
0089,on_track,early,on time,60,10,phone,low,2.9,hcp,,
0090,on_track,long_term,on time,30,8,phone,low,26.1,hcp,,
0091,on_track,early,on time,90,46,none,low,1.0,direct_rx,,
0092,lapsed,long_term,missed,60,143,none,high,32.2,direct_rx,30,felt_better
0093,lapsing,stable,delayed,60,96,none,high,4.8,hcp,5,no_response
0094,lapsed,stable,missed,30,100,app,moderate,3.5,direct_rx,2,not_working
0095,lapsing,early,delayed,30,46,none,moderate,2.7,direct_rx,3,no_response
0096,lapsing,early,delayed,30,34,phone,moderate,2.2,direct_rx,3,no_response
0097,on_track,early,on time,30,11,app,low,1.6,direct_rx,,
0098,on_track,early,on time,30,18,app,low,0.9,direct_rx,,
0099,lapsing,long_term,delayed,90,120,phone,moderate,19.8,hcp,20,forgot_or_routine
0100,on_track,stable,on time,30,3,none,low,11.9,direct_rx,,
0101,on_track,stable,on time,30,7,app,low,9.1,transfer,,
0102,lapsed,early,missed,30,97,phone,moderate,1.0,hcp,1,forgot_or_routine
0103,lapsed,early,missed,30,63,app,high,0.8,direct_rx,1,cost_or_coverage
0104,on_track,stable,on time,30,21,app,moderate,10.5,direct_rx,,
0105,on_track,early,on time,30,6,phone,moderate,0.1,direct_rx,,
0106,on_track,long_term,on time,30,2,app,moderate,20.5,transfer,,
0107,on_track,early,on time,30,23,app,low,3.0,direct_rx,,
0108,on_track,early,on time,90,26,app,low,2.7,hcp,,
0109,on_track,stable,on time,30,12,none,low,11.7,direct_rx,,
0110,lapsed,early,missed,30,61,phone,moderate,2.1,direct_rx,2,side_effects
0111,on_track,stable,on time,90,65,phone,moderate,7.6,direct_rx,,
0112,on_track,stable,on time,30,14,phone,low,10.6,direct_rx,,
0113,lapsing,stable,delayed,30,35,app,moderate,11.9,direct_rx,12,felt_better
0114,on_track,early,on time,60,21,phone,low,1.4,hcp,,
0115,on_track,early,on time,90,4,none,low,2.4,direct_rx,,
0116,lapsed,stable,missed,30,103,none,high,5.9,direct_rx,4,cost_or_coverage
0117,on_track,early,on time,30,14,none,moderate,0.8,direct_rx,,
0118,on_track,early,on time,30,15,phone,low,1.3,direct_rx,,
0119,on_track,early,on time,90,31,none,moderate,0.6,direct_rx,,
0120,on_track,long_term,on time,30,18,phone,low,29.6,direct_rx,,
0121,on_track,early,on time,90,68,app,low,2.4,direct_rx,,
0122,on_track,stable,on time,30,21,app,low,12.0,direct_rx,,
0123,on_track,long_term,on time,90,52,app,low,13.8,direct_rx,,
0124,on_track,early,on time,90,36,phone,moderate,0.8,direct_rx,,
0125,on_track,early,on time,30,4,none,moderate,0.4,direct_rx,,
0126,lapsed,long_term,missed,90,215,none,high,19.1,hcp,15,no_response
0127,lapsing,long_term,delayed,30,43,app,moderate,32.6,hcp,33,cost_or_coverage
0128,on_track,stable,on time,90,3,app,low,9.2,hcp,,
0129,lapsed,early,missed,30,114,phone,high,0.9,transfer,1,felt_better
0130,on_track,early,on time,30,14,app,low,2.5,hcp,,
0131,on_track,long_term,on time,30,6,phone,moderate,33.5,hcp,,
0132,on_track,long_term,on time,30,4,app,low,30.9,hcp,,
0133,on_track,early,on time,30,0,app,moderate,0.6,direct_rx,,
0134,on_track,stable,on time,30,17,app,low,11.7,hcp,,
0135,lapsed,long_term,missed,60,183,none,moderate,24.4,direct_rx,21,forgot_or_routine
0136,on_track,early,on time,30,6,phone,low,1.1,direct_rx,,
0137,lapsing,early,delayed,30,41,phone,moderate,1.2,hcp,2,cost_or_coverage
0138,on_track,stable,on time,30,10,app,low,10.3,hcp,,
0139,on_track,stable,on time,90,50,none,moderate,10.0,direct_rx,,
0140,lapsing,early,delayed,60,79,phone,moderate,2.3,hcp,3,forgot_or_routine
0141,lapsed,stable,missed,30,78,app,high,3.1,direct_rx,2,cost_or_coverage
0142,lapsed,early,missed,30,68,phone,high,1.1,direct_rx,1,not_working
0143,lapsed,long_term,missed,60,128,phone,high,32.5,hcp,31,cost_or_coverage
0144,lapsing,stable,delayed,90,141,none,moderate,4.2,hcp,5,side_effects
0145,on_track,stable,on time,30,8,app,moderate,9.0,direct_rx,,
0146,lapsing,stable,delayed,60,94,phone,moderate,4.0,hcp,4,cost_or_coverage
0147,on_track,early,on time,90,64,phone,low,0.9,direct_rx,,
0148,lapsing,early,delayed,30,47,none,moderate,2.8,hcp,3,no_response
0149,on_track,early,on time,60,17,phone,moderate,2.5,hcp,,
0150,on_track,stable,on time,30,0,app,moderate,11.5,direct_rx,,
0151,on_track,early,on time,30,3,app,low,2.6,transfer,,
0152,lapsing,early,delayed,30,36,app,moderate,1.4,direct_rx,2,no_response
0153,lapsing,long_term,delayed,30,39,phone,moderate,26.9,transfer,27,cost_or_coverage
0154,on_track,stable,on time,30,0,app,low,11.5,direct_rx,,
0155,on_track,stable,on time,90,65,phone,low,10.2,hcp,,
0156,lapsed,early,missed,90,290,phone,high,1.9,transfer,1,no_response
0157,on_track,stable,on time,30,9,app,moderate,11.6,direct_rx,,
0158,lapsing,long_term,delayed,30,35,app,moderate,24.0,direct_rx,24,side_effects
0159,on_track,stable,on time,30,24,phone,low,11.9,hcp,,
0160,lapsing,early,delayed,30,40,app,moderate,0.0,direct_rx,1,no_response
0161,lapsed,early,missed,90,180,phone,moderate,0.4,hcp,1,no_response
0162,lapsing,stable,delayed,30,46,phone,high,3.1,hcp,4,forgot_or_routine
0163,lapsed,long_term,missed,30,75,app,high,17.3,direct_rx,16,cost_or_coverage
0164,lapsed,early,missed,60,212,app,moderate,1.5,direct_rx,1,side_effects
0165,on_track,stable,on time,30,3,phone,moderate,10.0,direct_rx,,
0166,lapsing,long_term,delayed,30,34,app,moderate,17.1,transfer,18,forgot_or_routine
0167,lapsing,long_term,delayed,30,46,app,moderate,29.8,hcp,30,no_response
0168,on_track,long_term,on time,30,11,none,moderate,16.9,direct_rx,,
0169,lapsing,early,delayed,60,72,none,high,2.6,hcp,3,felt_better
0170,lapsed,long_term,missed,30,102,app,moderate,20.7,hcp,19,forgot_or_routine
0171,on_track,early,on time,30,16,app,low,2.1,transfer,,
0172,lapsing,stable,delayed,90,119,none,moderate,7.1,direct_rx,8,cost_or_coverage
0173,lapsing,early,delayed,30,31,phone,moderate,0.6,hcp,1,forgot_or_routine
0174,on_track,early,on time,30,10,none,moderate,1.1,direct_rx,,
0175,lapsing,early,delayed,30,36,phone,high,1.6,direct_rx,2,no_response
0176,lapsing,early,delayed,30,36,phone,high,2.4,direct_rx,3,cost_or_coverage
0177,lapsing,early,delayed,90,96,phone,high,2.9,direct_rx,3,side_effects
0178,on_track,stable,on time,90,67,app,low,10.5,direct_rx,,
0179,on_track,long_term,on time,30,14,phone,low,35.1,direct_rx,,
0180,on_track,stable,on time,30,20,phone,low,11.7,direct_rx,,
0181,on_track,long_term,on time,60,31,phone,moderate,15.8,direct_rx,,
0182,on_track,long_term,on time,30,3,app,low,29.5,direct_rx,,
0183,on_track,long_term,on time,60,21,none,moderate,18.9,direct_rx,,
0184,on_track,long_term,on time,90,9,app,moderate,19.1,hcp,,
0185,on_track,early,on time,30,3,none,moderate,0.3,hcp,,
0186,on_track,stable,on time,30,16,app,low,7.6,direct_rx,,
0187,lapsing,long_term,delayed,30,36,app,moderate,34.3,hcp,35,forgot_or_routine
0188,lapsing,early,delayed,30,33,app,moderate,0.3,direct_rx,1,side_effects
0189,on_track,stable,on time,30,4,phone,low,9.4,transfer,,
0190,on_track,early,on time,60,16,app,low,0.8,direct_rx,,
0191,lapsing,early,delayed,30,38,phone,moderate,0.5,direct_rx,1,side_effects
0192,on_track,stable,on time,30,4,phone,low,11.5,direct_rx,,
0193,on_track,long_term,on time,30,12,phone,low,25.8,direct_rx,,
0194,on_track,early,on time,30,19,app,low,2.7,direct_rx,,
0195,on_track,early,on time,30,21,none,low,2.0,direct_rx,,
0196,lapsing,long_term,delayed,60,67,app,moderate,29.3,hcp,30,not_working
0197,on_track,long_term,on time,30,2,none,moderate,20.4,hcp,,
0198,on_track,long_term,on time,30,5,app,low,23.4,hcp,,
0199,on_track,long_term,on time,30,22,phone,low,24.2,hcp,,
0200,lapsing,early,delayed,30,37,app,moderate,1.1,hcp,2,not_working
0201,on_track,stable,on time,30,23,none,moderate,10.8,direct_rx,,
0202,on_track,long_term,on time,30,9,app,low,31.9,direct_rx,,
0203,on_track,long_term,on time,30,16,none,moderate,30.6,direct_rx,,
0204,lapsing,early,delayed,30,46,phone,moderate,1.4,direct_rx,2,cost_or_coverage
0205,on_track,stable,on time,60,27,app,moderate,10.8,direct_rx,,
0206,lapsed,stable,missed,60,183,app,moderate,9.7,direct_rx,6,no_response
0207,on_track,early,on time,30,21,phone,low,1.5,hcp,,
0208,lapsing,early,delayed,30,36,phone,moderate,0.4,hcp,1,forgot_or_routine
0209,on_track,early,on time,90,15,app,low,0.2,direct_rx,,
0210,on_track,early,on time,30,3,phone,low,0.2,direct_rx,,
0211,lapsing,early,delayed,60,95,phone,moderate,2.1,direct_rx,3,cost_or_coverage
0212,lapsing,early,delayed,30,42,app,high,0.9,hcp,1,not_working
0213,on_track,early,on time,30,1,phone,low,2.2,hcp,,
0214,lapsing,stable,delayed,30,33,app,moderate,5.2,transfer,6,side_effects
0215,on_track,early,on time,90,40,phone,low,1.3,transfer,,
0216,lapsing,stable,delayed,60,91,app,moderate,9.2,hcp,10,side_effects
0217,lapsing,early,delayed,60,77,app,moderate,1.5,direct_rx,2,side_effects
0218,on_track,early,on time,60,17,phone,moderate,2.5,transfer,,
0219,on_track,stable,on time,90,69,phone,moderate,10.6,hcp,,
0220,on_track,long_term,on time,30,9,app,low,18.5,hcp,,
0221,lapsed,early,missed,90,256,app,high,2.2,direct_rx,1,no_response
0222,on_track,long_term,on time,30,10,app,low,22.2,direct_rx,,
0223,on_track,early,on time,60,26,none,low,0.5,transfer,,
0224,on_track,early,on time,30,10,app,low,0.7,hcp,,
0225,on_track,long_term,on time,60,34,none,low,14.3,direct_rx,,
0226,lapsed,early,missed,90,180,phone,high,0.5,direct_rx,1,forgot_or_routine
0227,on_track,stable,on time,60,13,app,moderate,12.0,hcp,,
0228,lapsing,long_term,delayed,90,122,none,moderate,22.1,direct_rx,23,forgot_or_routine
0229,on_track,long_term,on time,60,32,none,moderate,20.9,transfer,,
0230,lapsing,long_term,delayed,30,40,app,moderate,16.5,direct_rx,17,forgot_or_routine
0231,lapsed,early,missed,30,118,none,high,1.1,direct_rx,1,not_working
0232,lapsing,early,delayed,30,35,app,moderate,2.7,direct_rx,3,no_response
0233,on_track,stable,on time,60,11,app,low,7.5,direct_rx,,
0234,lapsing,early,delayed,30,39,app,high,0.6,direct_rx,1,not_working
0235,lapsed,early,missed,90,272,app,high,2.8,direct_rx,1,no_response
0236,lapsing,early,delayed,30,45,app,moderate,1.9,direct_rx,2,not_working
0237,on_track,early,on time,30,15,app,moderate,2.2,direct_rx,,
0238,on_track,early,on time,30,1,app,low,2.7,direct_rx,,
0239,on_track,early,on time,90,28,app,moderate,1.9,direct_rx,,
0240,lapsing,stable,delayed,60,79,none,high,3.3,direct_rx,4,no_response
0241,lapsing,stable,delayed,30,38,phone,moderate,9.8,direct_rx,10,cost_or_coverage
0242,on_track,early,on time,90,32,phone,moderate,1.0,direct_rx,,
0243,lapsing,stable,delayed,30,47,app,moderate,8.8,direct_rx,9,no_response
0244,lapsed,early,missed,30,101,phone,high,1.7,direct_rx,1,no_response
0245,on_track,long_term,on time,30,10,app,low,15.1,hcp,,
0246,on_track,early,on time,30,21,app,moderate,1.3,direct_rx,,
0247,on_track,long_term,on time,30,9,app,low,30.4,direct_rx,,
0248,on_track,stable,on time,90,33,app,moderate,12.0,transfer,,
0249,on_track,stable,on time,90,26,app,low,10.1,direct_rx,,
0250,lapsing,early,delayed,60,96,phone,moderate,1.3,direct_rx,2,no_response
0251,lapsed,long_term,missed,30,85,app,high,31.8,hcp,30,not_working
0252,on_track,early,on time,60,9,phone,low,2.2,direct_rx,,
0253,on_track,long_term,on time,30,15,none,moderate,12.7,transfer,,
0254,on_track,long_term,on time,30,21,app,low,19.2,transfer,,
0255,lapsed,early,missed,60,240,app,high,0.2,direct_rx,1,no_response
0256,on_track,stable,on time,30,16,none,moderate,9.3,direct_rx,,
0257,lapsing,long_term,delayed,30,39,none,moderate,30.0,transfer,30,cost_or_coverage
0258,on_track,stable,on time,60,18,none,moderate,10.2,direct_rx,,
0259,on_track,stable,on time,30,3,phone,low,10.4,direct_rx,,
0260,on_track,early,on time,90,41,app,moderate,2.3,transfer,,
0261,on_track,early,on time,30,23,none,low,1.0,hcp,,
0262,lapsed,stable,missed,30,90,phone,moderate,3.2,direct_rx,2,not_working
0263,lapsing,long_term,delayed,60,95,app,moderate,25.5,transfer,26,forgot_or_routine
0264,lapsing,stable,delayed,30,34,phone,moderate,10.4,transfer,11,forgot_or_routine
0265,on_track,long_term,on time,30,22,phone,low,27.0,transfer,,
0266,on_track,stable,on time,60,3,phone,moderate,11.4,hcp,,
0267,on_track,stable,on time,60,14,phone,moderate,10.6,hcp,,
0268,on_track,early,on time,60,47,app,low,2.4,transfer,,
0269,lapsed,early,missed,30,103,app,moderate,1.9,hcp,1,not_working
0270,lapsing,stable,delayed,90,94,app,high,7.6,direct_rx,8,forgot_or_routine
0271,lapsing,early,delayed,30,36,app,moderate,0.2,direct_rx,1,not_working
0272,on_track,long_term,on time,30,0,app,low,19.7,direct_rx,,
0273,on_track,stable,on time,30,16,none,low,12.0,hcp,,
0274,lapsing,stable,delayed,30,41,none,moderate,3.1,direct_rx,4,forgot_or_routine
0275,lapsing,early,delayed,90,120,phone,moderate,2.2,hcp,3,not_working
0276,on_track,stable,on time,60,27,phone,low,12.0,direct_rx,,
0277,on_track,stable,on time,90,19,app,low,11.5,transfer,,
0278,lapsing,early,delayed,30,48,none,moderate,0.7,hcp,1,no_response
0279,lapsed,stable,missed,90,168,app,moderate,3.9,transfer,2,cost_or_coverage
0280,on_track,long_term,on time,60,27,app,low,28.0,direct_rx,,
0281,on_track,stable,on time,60,42,app,moderate,11.1,direct_rx,,
0282,on_track,stable,on time,60,8,phone,moderate,8.6,direct_rx,,
0283,lapsed,long_term,missed,30,80,app,high,15.2,direct_rx,14,no_response
0284,on_track,stable,on time,30,17,phone,low,11.4,hcp,,
0285,on_track,early,on time,60,1,app,low,0.7,direct_rx,,
0286,on_track,stable,on time,90,53,phone,low,10.2,direct_rx,,
0287,lapsing,early,delayed,30,43,phone,moderate,2.8,direct_rx,3,forgot_or_routine
0288,lapsed,early,missed,90,353,phone,moderate,0.8,direct_rx,1,cost_or_coverage
0289,on_track,stable,on time,60,25,none,low,11.6,direct_rx,,
0290,on_track,early,on time,90,35,phone,low,0.7,direct_rx,,
0291,on_track,stable,on time,30,10,app,low,9.6,direct_rx,,
0292,on_track,stable,on time,90,15,none,low,12.0,direct_rx,,
0293,on_track,early,on time,30,20,app,low,1.3,hcp,,
0294,on_track,early,on time,90,0,phone,low,0.3,direct_rx,,
0295,lapsing,early,delayed,60,61,phone,high,0.1,hcp,1,no_response
0296,on_track,early,on time,60,3,app,low,1.8,direct_rx,,
0297,on_track,stable,on time,30,18,phone,low,10.6,direct_rx,,
0298,lapsing,early,delayed,60,67,none,moderate,2.9,direct_rx,3,no_response
0299,lapsed,early,missed,90,187,app,high,0.6,direct_rx,1,side_effects
0300,on_track,stable,on time,30,9,phone,low,10.8,direct_rx,,
0301,lapsing,long_term,delayed,60,96,app,moderate,22.9,direct_rx,23,side_effects
0302,on_track,stable,on time,30,5,app,low,11.1,direct_rx,,
0303,on_track,stable,on time,30,17,app,moderate,11.9,hcp,,
0304,on_track,early,on time,30,24,phone,low,1.9,transfer,,
0305,on_track,stable,on time,30,8,phone,low,8.3,direct_rx,,
0306,on_track,early,on time,90,36,app,low,2.1,direct_rx,,
0307,on_track,long_term,on time,30,2,app,low,25.2,direct_rx,,
0308,on_track,stable,on time,30,13,none,low,9.4,hcp,,
0309,lapsing,stable,delayed,30,32,app,moderate,11.7,transfer,12,felt_better
0310,on_track,long_term,on time,30,14,app,moderate,13.0,direct_rx,,
0311,lapsing,early,delayed,90,98,phone,moderate,0.6,direct_rx,1,felt_better
0312,on_track,stable,on time,30,13,phone,low,10.1,transfer,,
0313,lapsing,early,delayed,90,117,none,high,1.8,transfer,2,no_response
0314,on_track,early,on time,60,21,app,low,1.7,direct_rx,,
0315,on_track,stable,on time,30,20,phone,low,9.2,direct_rx,,
0316,on_track,long_term,on time,30,21,app,low,33.6,direct_rx,,
0317,on_track,stable,on time,30,21,phone,low,11.9,direct_rx,,
0318,lapsing,stable,delayed,60,80,none,high,8.9,transfer,9,side_effects
0319,on_track,long_term,on time,90,16,none,low,23.6,hcp,,
0320,lapsing,early,delayed,30,38,phone,moderate,1.1,hcp,2,forgot_or_routine
0321,on_track,stable,on time,90,57,none,moderate,8.4,direct_rx,,
0322,on_track,early,on time,30,17,phone,moderate,2.5,hcp,,
0323,on_track,long_term,on time,90,53,none,low,14.5,hcp,,
0324,on_track,early,on time,90,27,app,low,2.3,hcp,,
0325,on_track,stable,on time,90,42,none,low,8.4,direct_rx,,
0326,on_track,long_term,on time,30,5,app,low,13.3,direct_rx,,
0327,lapsing,early,delayed,30,39,none,high,2.7,hcp,3,not_working
0328,on_track,long_term,on time,90,29,app,low,17.9,direct_rx,,
0329,lapsing,long_term,delayed,30,35,app,moderate,16.9,hcp,17,no_response
0330,on_track,early,on time,30,23,app,low,2.1,direct_rx,,
0331,on_track,early,on time,30,8,app,low,2.4,direct_rx,,
0332,on_track,early,on time,30,22,none,low,2.8,hcp,,
0333,on_track,stable,on time,30,20,app,low,9.8,direct_rx,,
0334,on_track,long_term,on time,30,0,app,moderate,32.2,hcp,,
0335,on_track,early,on time,60,8,app,moderate,2.3,transfer,,
0336,lapsing,early,delayed,90,93,app,high,0.1,hcp,1,no_response
0337,on_track,long_term,on time,90,18,app,moderate,14.7,hcp,,
0338,lapsing,long_term,delayed,60,70,none,moderate,16.2,transfer,17,cost_or_coverage
0339,lapsed,early,missed,30,53,app,high,0.2,hcp,1,side_effects
0340,on_track,stable,on time,30,21,app,low,8.6,hcp,,
0341,on_track,early,on time,60,47,none,low,1.1,direct_rx,,
0342,on_track,long_term,on time,30,20,app,low,31.8,direct_rx,,
0343,lapsed,early,missed,30,79,none,high,0.7,hcp,1,cost_or_coverage
0344,lapsing,stable,delayed,90,132,app,moderate,6.4,direct_rx,7,forgot_or_routine
0345,on_track,long_term,on time,60,15,app,moderate,28.9,direct_rx,,
0346,on_track,early,on time,60,10,phone,low,2.9,direct_rx,,
0347,on_track,stable,on time,90,29,phone,low,11.2,direct_rx,,
0348,lapsed,early,missed,60,215,none,moderate,2.9,direct_rx,1,cost_or_coverage
0349,on_track,early,on time,30,21,app,low,1.4,direct_rx,,
0350,on_track,stable,on time,30,16,phone,low,11.3,direct_rx,,
0351,on_track,stable,on time,30,21,none,moderate,10.0,direct_rx,,
0352,on_track,stable,on time,60,45,app,moderate,9.4,transfer,,
0353,on_track,early,on time,60,42,none,low,2.9,direct_rx,,
0354,lapsing,early,delayed,30,46,phone,high,0.2,direct_rx,1,side_effects
0355,on_track,early,on time,90,14,none,low,0.7,hcp,,
0356,lapsing,early,delayed,30,44,app,moderate,1.0,direct_rx,1,no_response
0357,lapsed,early,missed,30,60,phone,high,0.6,hcp,1,cost_or_coverage
0358,on_track,stable,on time,30,17,app,low,11.0,direct_rx,,
0359,lapsing,early,delayed,30,47,app,moderate,1.8,direct_rx,2,forgot_or_routine
0360,lapsed,stable,missed,30,98,app,moderate,3.8,direct_rx,2,forgot_or_routine
0361,on_track,early,on time,30,12,app,low,2.4,direct_rx,,
0362,lapsing,early,delayed,30,39,app,moderate,2.8,transfer,3,forgot_or_routine
0363,on_track,long_term,on time,30,9,app,low,32.1,direct_rx,,
0364,on_track,early,on time,60,42,phone,moderate,1.4,direct_rx,,
0365,on_track,early,on time,30,16,phone,low,0.2,hcp,,
0366,on_track,early,on time,90,34,none,low,2.0,direct_rx,,
0367,on_track,stable,on time,30,15,app,moderate,11.9,hcp,,
0368,on_track,stable,on time,90,65,app,moderate,11.7,direct_rx,,
0369,lapsed,stable,missed,90,328,app,moderate,7.6,transfer,1,not_working
0370,lapsing,stable,delayed,30,41,app,high,3.1,transfer,4,no_response
0371,on_track,stable,on time,60,38,app,moderate,11.4,direct_rx,,
0372,on_track,early,on time,90,48,app,low,0.8,transfer,,
0373,on_track,early,on time,30,12,phone,moderate,0.5,direct_rx,,
0374,lapsing,early,delayed,90,118,phone,high,2.4,hcp,3,not_working
0375,lapsed,early,missed,90,212,none,high,2.9,hcp,1,side_effects
0376,lapsing,long_term,delayed,60,73,none,moderate,19.7,direct_rx,20,no_response
0377,on_track,stable,on time,30,23,app,low,9.5,hcp,,
0378,on_track,early,on time,30,11,phone,low,2.0,hcp,,
0379,on_track,stable,on time,90,8,app,low,8.8,direct_rx,,
0380,lapsed,long_term,missed,30,60,phone,high,35.9,direct_rx,35,not_working
0381,lapsing,stable,delayed,30,39,none,moderate,4.3,direct_rx,5,forgot_or_routine
0382,on_track,early,on time,90,34,phone,low,2.0,hcp,,
0383,on_track,stable,on time,30,0,none,low,11.1,direct_rx,,
0384,on_track,early,on time,60,41,phone,low,2.9,transfer,,
0385,on_track,early,on time,60,45,app,moderate,2.3,hcp,,
0386,on_track,long_term,on time,30,21,none,low,30.3,direct_rx,,
0387,on_track,stable,on time,30,19,phone,low,11.7,hcp,,
0388,lapsing,early,delayed,30,36,app,moderate,1.1,direct_rx,2,side_effects
0389,on_track,stable,on time,30,12,none,low,11.7,direct_rx,,
0390,lapsing,stable,delayed,30,43,phone,high,4.2,hcp,5,felt_better
0391,on_track,long_term,on time,30,5,app,moderate,24.5,hcp,,
0392,on_track,stable,on time,30,4,app,low,8.3,direct_rx,,
0393,on_track,stable,on time,30,20,phone,low,10.4,hcp,,
0394,on_track,stable,on time,30,22,phone,low,11.8,direct_rx,,
0395,on_track,stable,on time,60,9,app,low,11.6,direct_rx,,
0396,on_track,stable,on time,30,4,phone,moderate,11.4,direct_rx,,
0397,on_track,early,on time,30,17,app,moderate,2.2,direct_rx,,
0398,lapsed,long_term,missed,60,161,app,high,18.5,hcp,16,no_response
0399,lapsed,stable,missed,30,66,app,high,3.1,direct_rx,2,side_effects
0400,lapsing,long_term,delayed,30,46,app,moderate,24.6,transfer,25,cost_or_coverage
0401,on_track,long_term,on time,30,20,none,low,22.5,hcp,,
0402,lapsed,long_term,missed,30,119,phone,high,17.9,hcp,15,cost_or_coverage
0403,lapsing,stable,delayed,60,84,none,moderate,4.9,transfer,5,cost_or_coverage
0404,on_track,stable,on time,30,3,phone,low,11.7,transfer,,
0405,on_track,stable,on time,90,71,app,moderate,11.0,direct_rx,,
0406,on_track,stable,on time,30,2,phone,low,9.0,direct_rx,,
0407,lapsing,early,delayed,90,92,phone,moderate,0.3,transfer,1,forgot_or_routine
0408,on_track,stable,on time,30,1,app,low,11.7,direct_rx,,
0409,on_track,stable,on time,30,10,phone,moderate,10.5,direct_rx,,
0410,on_track,early,on time,30,0,phone,moderate,1.8,hcp,,
0411,lapsed,long_term,missed,60,106,app,high,19.9,hcp,19,forgot_or_routine
0412,on_track,stable,on time,30,4,app,low,11.3,hcp,,
0413,lapsing,early,delayed,90,122,none,high,2.5,hcp,3,side_effects
0414,lapsing,early,delayed,30,45,none,moderate,1.4,direct_rx,2,side_effects
0415,on_track,long_term,on time,30,3,phone,low,29.0,hcp,,
0416,on_track,long_term,on time,30,7,app,low,27.2,transfer,,
0417,on_track,stable,on time,30,7,app,low,11.5,direct_rx,,
0418,lapsing,long_term,delayed,30,41,app,moderate,28.5,hcp,29,cost_or_coverage
0419,on_track,early,on time,30,4,app,moderate,1.0,direct_rx,,
0420,on_track,stable,on time,30,5,app,low,10.2,direct_rx,,
0421,lapsing,early,delayed,30,41,phone,moderate,1.5,transfer,2,side_effects
0422,on_track,early,on time,30,19,phone,low,0.5,direct_rx,,
0423,on_track,stable,on time,90,33,app,low,11.7,hcp,,
0424,on_track,long_term,on time,30,19,none,low,28.8,hcp,,
0425,on_track,early,on time,90,24,phone,low,2.4,direct_rx,,
0426,on_track,long_term,on time,30,20,app,low,34.8,direct_rx,,
0427,lapsed,stable,missed,90,172,app,high,9.7,direct_rx,7,no_response
0428,on_track,early,on time,90,68,app,moderate,2.6,direct_rx,,
0429,lapsed,early,missed,30,70,app,high,1.1,direct_rx,1,no_response
0430,on_track,stable,on time,30,20,app,low,11.8,direct_rx,,
0431,lapsed,early,missed,90,237,app,moderate,0.8,direct_rx,1,not_working
0432,on_track,stable,on time,30,22,phone,moderate,11.7,transfer,,
0433,lapsing,stable,delayed,60,77,none,moderate,3.1,direct_rx,4,no_response
0434,lapsed,stable,missed,60,218,phone,high,6.6,direct_rx,2,no_response
0435,on_track,stable,on time,30,8,app,moderate,11.2,hcp,,
0436,lapsing,long_term,delayed,90,101,none,high,28.5,direct_rx,29,no_response
0437,on_track,stable,on time,90,72,phone,moderate,10.0,direct_rx,,
0438,lapsed,early,missed,60,198,phone,high,0.6,direct_rx,1,side_effects
0439,on_track,long_term,on time,30,9,app,low,13.4,transfer,,
0440,on_track,long_term,on time,30,19,app,low,31.0,hcp,,
0441,on_track,stable,on time,30,17,app,moderate,6.4,transfer,,
0442,on_track,long_term,on time,30,2,none,low,15.8,direct_rx,,
0443,on_track,long_term,on time,90,8,phone,moderate,35.5,direct_rx,,
0444,lapsing,early,delayed,90,120,none,moderate,1.3,direct_rx,2,no_response
0445,lapsing,early,delayed,30,48,app,moderate,1.8,direct_rx,2,no_response
0446,lapsed,early,missed,60,160,app,high,0.4,hcp,1,forgot_or_routine
0447,on_track,long_term,on time,30,8,none,low,14.9,transfer,,
0448,lapsing,early,delayed,30,40,none,moderate,0.0,transfer,1,forgot_or_routine
0449,lapsing,early,delayed,90,122,app,moderate,1.3,direct_rx,2,no_response
0450,on_track,long_term,on time,30,16,app,low,32.2,direct_rx,,
0451,lapsed,early,missed,30,70,app,high,2.5,transfer,2,side_effects
0452,on_track,early,on time,60,46,app,moderate,1.3,direct_rx,,
0453,on_track,stable,on time,30,11,phone,moderate,10.6,direct_rx,,
0454,on_track,stable,on time,30,22,phone,low,11.1,direct_rx,,
0455,on_track,stable,on time,90,38,app,low,11.7,hcp,,
0456,on_track,long_term,on time,30,3,phone,low,18.1,hcp,,
0457,lapsed,early,missed,30,71,none,moderate,1.9,hcp,1,forgot_or_routine
0458,lapsed,stable,missed,30,79,app,moderate,9.8,direct_rx,9,forgot_or_routine
0459,lapsing,stable,delayed,90,144,none,high,7.5,direct_rx,8,not_working
0460,on_track,stable,on time,60,18,phone,moderate,11.0,direct_rx,,
0461,on_track,early,on time,60,8,none,low,2.7,direct_rx,,
0462,lapsing,long_term,delayed,90,122,app,moderate,30.1,direct_rx,31,cost_or_coverage
0463,on_track,long_term,on time,30,6,app,low,14.8,direct_rx,,
0464,lapsed,early,missed,30,74,phone,high,0.1,direct_rx,1,forgot_or_routine
0465,lapsing,early,delayed,60,81,phone,moderate,3.0,direct_rx,3,not_working
0466,lapsed,stable,missed,90,248,phone,high,10.9,direct_rx,6,cost_or_coverage
0467,lapsing,early,delayed,90,118,app,moderate,1.8,hcp,2,side_effects
0468,on_track,stable,on time,90,3,app,low,11.9,hcp,,
0469,lapsing,early,delayed,60,86,phone,high,0.0,direct_rx,1,no_response
0470,on_track,stable,on time,60,12,none,low,10.6,direct_rx,,
0471,lapsed,long_term,missed,30,119,app,high,17.7,direct_rx,15,felt_better
0472,lapsing,early,delayed,30,38,app,high,1.4,hcp,2,cost_or_coverage
0473,lapsing,early,delayed,30,41,none,high,0.8,transfer,1,side_effects
0474,lapsing,stable,delayed,30,36,phone,high,3.6,hcp,4,forgot_or_routine
0475,lapsed,early,missed,30,92,none,high,0.7,hcp,1,not_working
0476,on_track,stable,on time,90,37,none,low,8.3,direct_rx,,
0477,on_track,long_term,on time,30,5,app,low,24.5,direct_rx,,
0478,on_track,early,on time,30,15,none,low,0.3,hcp,,
0479,on_track,stable,on time,60,24,app,low,11.9,hcp,,
0480,on_track,early,on time,60,30,phone,moderate,3.0,transfer,,
0481,lapsed,early,missed,30,101,phone,high,1.5,direct_rx,1,felt_better
0482,on_track,stable,on time,30,3,app,low,11.5,hcp,,
0483,on_track,early,on time,30,13,app,low,0.3,hcp,,
0484,lapsing,stable,delayed,60,61,phone,high,9.8,transfer,10,not_working
0485,on_track,stable,on time,30,10,app,low,11.3,hcp,,
0486,lapsed,early,missed,30,62,none,moderate,0.3,transfer,1,forgot_or_routine
0487,on_track,stable,on time,90,53,app,low,10.7,direct_rx,,
0488,lapsing,long_term,delayed,30,38,phone,high,26.6,direct_rx,27,cost_or_coverage
0489,lapsed,early,missed,90,169,app,moderate,2.4,direct_rx,1,forgot_or_routine
0490,on_track,early,on time,30,21,app,low,0.0,direct_rx,,
0491,on_track,stable,on time,30,23,app,low,9.8,hcp,,
0492,lapsed,stable,missed,30,91,phone,high,3.2,transfer,2,no_response
0493,on_track,long_term,on time,90,13,app,moderate,27.6,direct_rx,,
0494,on_track,stable,on time,30,10,app,moderate,9.4,direct_rx,,
0495,lapsing,early,delayed,30,40,phone,moderate,0.4,direct_rx,1,side_effects
0496,on_track,stable,on time,30,17,app,low,10.6,direct_rx,,
0497,on_track,early,on time,30,17,none,low,0.4,hcp,,
0498,on_track,stable,on time,30,4,app,low,10.2,direct_rx,,
0499,on_track,early,on time,30,0,none,low,0.3,direct_rx,,
0500,on_track,stable,on time,90,55,phone,low,10.4,direct_rx,,
0501,on_track,stable,on time,30,18,app,low,11.6,hcp,,
0502,on_track,long_term,on time,30,14,app,low,23.2,hcp,,
0503,lapsing,early,delayed,60,80,phone,moderate,2.0,hcp,2,side_effects
0504,lapsed,early,missed,60,199,app,moderate,1.8,direct_rx,1,not_working
0505,on_track,stable,on time,30,11,app,low,11.2,direct_rx,,
0506,on_track,early,on time,30,24,phone,low,1.8,hcp,,
0507,lapsing,early,delayed,30,48,phone,high,1.7,direct_rx,2,side_effects
0508,on_track,stable,on time,60,21,phone,low,11.9,transfer,,
0509,lapsing,early,delayed,30,46,app,moderate,1.4,direct_rx,2,side_effects
0510,lapsed,stable,missed,30,117,phone,moderate,8.4,hcp,6,forgot_or_routine
0511,on_track,stable,on time,60,4,none,moderate,10.5,hcp,,
0512,on_track,long_term,on time,60,42,phone,low,18.1,hcp,,
0513,lapsing,early,delayed,90,107,none,moderate,0.2,hcp,1,not_working
0514,on_track,early,on time,30,5,none,low,0.8,direct_rx,,
0515,on_track,early,on time,30,20,none,low,1.2,direct_rx,,
0516,lapsing,stable,delayed,60,70,phone,moderate,6.0,direct_rx,6,forgot_or_routine
0517,on_track,early,on time,30,14,app,moderate,2.3,direct_rx,,
0518,lapsed,early,missed,30,111,app,moderate,2.1,transfer,1,no_response
0519,on_track,long_term,on time,30,10,app,moderate,29.7,direct_rx,,
0520,on_track,long_term,on time,90,57,phone,low,32.4,direct_rx,,
0521,on_track,early,on time,30,17,phone,low,2.2,direct_rx,,
0522,lapsed,early,missed,90,244,app,moderate,1.2,hcp,1,side_effects
0523,lapsed,stable,missed,90,301,phone,moderate,4.2,hcp,1,forgot_or_routine
0524,on_track,stable,on time,30,15,app,moderate,11.3,direct_rx,,
0525,on_track,early,on time,30,13,phone,low,0.8,direct_rx,,
0526,on_track,early,on time,90,50,app,low,0.8,hcp,,
0527,on_track,stable,on time,60,0,app,low,10.8,direct_rx,,
0528,lapsed,early,missed,30,119,app,high,2.8,hcp,1,cost_or_coverage
0529,on_track,stable,on time,30,0,app,moderate,10.3,hcp,,
0530,on_track,stable,on time,30,23,app,low,10.9,direct_rx,,
0531,on_track,early,on time,30,24,none,low,2.7,direct_rx,,
0532,on_track,early,on time,60,40,app,low,2.0,direct_rx,,
0533,lapsing,early,delayed,30,33,none,high,1.4,direct_rx,2,cost_or_coverage
0534,on_track,long_term,on time,30,19,none,low,16.9,hcp,,
0535,on_track,early,on time,30,24,phone,low,1.6,direct_rx,,
0536,on_track,long_term,on time,30,24,app,low,23.8,direct_rx,,
0537,on_track,long_term,on time,60,1,app,low,35.3,transfer,,
0538,lapsed,early,missed,60,170,app,high,1.3,direct_rx,1,side_effects
0539,on_track,early,on time,90,32,app,low,2.5,direct_rx,,
0540,on_track,long_term,on time,30,17,phone,moderate,32.7,direct_rx,,
0541,on_track,long_term,on time,30,5,phone,low,28.1,direct_rx,,
0542,on_track,long_term,on time,60,22,phone,low,16.8,direct_rx,,
0543,on_track,long_term,on time,90,36,none,low,19.6,direct_rx,,
0544,on_track,early,on time,30,3,app,low,0.5,direct_rx,,
0545,lapsing,stable,delayed,30,41,phone,moderate,9.9,direct_rx,10,forgot_or_routine
0546,lapsed,early,missed,30,87,none,moderate,0.6,direct_rx,1,side_effects
0547,lapsed,stable,missed,60,119,none,moderate,7.3,direct_rx,6,forgot_or_routine
0548,lapsing,early,delayed,30,33,app,moderate,2.9,direct_rx,3,forgot_or_routine
0549,lapsed,early,missed,60,196,phone,high,3.0,hcp,1,cost_or_coverage
0550,lapsed,early,missed,30,89,phone,high,2.2,direct_rx,1,side_effects
0551,on_track,stable,on time,30,0,app,moderate,10.5,hcp,,
0552,lapsing,stable,delayed,30,47,none,moderate,7.5,direct_rx,8,no_response
0553,on_track,stable,on time,30,21,app,moderate,9.9,hcp,,
0554,on_track,stable,on time,60,7,phone,low,10.4,direct_rx,,
0555,on_track,stable,on time,60,19,phone,low,11.2,direct_rx,,
0556,on_track,stable,on time,30,11,app,low,11.9,direct_rx,,
0557,on_track,early,on time,90,42,app,moderate,2.4,direct_rx,,
0558,lapsing,long_term,delayed,30,33,app,moderate,26.1,direct_rx,27,forgot_or_routine
0559,lapsing,stable,delayed,90,134,app,high,4.4,transfer,5,side_effects
0560,on_track,early,on time,90,3,app,low,0.3,hcp,,
0561,on_track,stable,on time,30,17,phone,low,5.4,direct_rx,,
0562,on_track,stable,on time,30,19,app,moderate,11.4,direct_rx,,
0563,lapsed,early,missed,30,119,none,high,2.0,direct_rx,1,no_response
0564,lapsed,early,missed,60,114,app,high,2.6,direct_rx,1,not_working
0565,lapsing,long_term,delayed,90,138,app,moderate,21.0,direct_rx,21,no_response
0566,lapsed,early,missed,60,174,phone,moderate,0.8,hcp,1,forgot_or_routine
0567,lapsed,long_term,missed,60,176,app,high,30.3,direct_rx,27,forgot_or_routine
0568,lapsing,long_term,delayed,90,105,app,high,26.3,direct_rx,27,no_response
0569,on_track,stable,on time,30,10,app,low,11.5,transfer,,
0570,on_track,early,on time,30,2,app,low,0.6,direct_rx,,
0571,lapsed,early,missed,90,351,app,high,1.8,direct_rx,1,no_response
0572,lapsed,stable,missed,60,221,none,moderate,3.3,direct_rx,1,no_response
0573,on_track,long_term,on time,90,36,app,low,14.5,direct_rx,,
0574,lapsing,early,delayed,60,69,phone,high,2.4,direct_rx,3,no_response
0575,lapsing,early,delayed,30,37,none,high,0.7,transfer,1,no_response
0576,on_track,early,on time,30,9,none,moderate,1.9,hcp,,
0577,on_track,long_term,on time,30,16,phone,low,26.4,direct_rx,,
0578,lapsing,early,delayed,60,67,none,moderate,2.8,hcp,3,not_working
0579,on_track,early,on time,30,15,app,low,1.6,transfer,,
0580,on_track,early,on time,90,50,app,low,2.2,direct_rx,,
0581,lapsed,early,missed,30,69,app,high,2.8,hcp,2,forgot_or_routine
0582,on_track,early,on time,30,24,app,low,2.3,direct_rx,,
0583,lapsing,early,delayed,30,33,phone,moderate,0.8,direct_rx,1,forgot_or_routine
0584,lapsing,stable,delayed,30,37,app,high,3.6,direct_rx,4,side_effects
0585,lapsing,stable,delayed,90,131,phone,high,3.7,hcp,4,cost_or_coverage
0586,on_track,long_term,on time,90,13,app,moderate,30.9,hcp,,
0587,on_track,early,on time,90,47,none,moderate,1.3,transfer,,
0588,lapsed,stable,missed,90,358,none,high,12.0,direct_rx,4,cost_or_coverage
0589,on_track,stable,on time,90,22,phone,moderate,11.3,hcp,,
0590,lapsing,long_term,delayed,60,88,none,high,14.9,hcp,15,no_response
0591,on_track,early,on time,30,17,none,low,2.4,direct_rx,,
0592,on_track,long_term,on time,60,9,app,low,32.0,hcp,,
0593,on_track,early,on time,30,10,phone,low,2.2,direct_rx,,
0594,on_track,early,on time,30,0,app,low,1.2,transfer,,
0595,lapsing,early,delayed,90,91,none,moderate,2.6,direct_rx,3,forgot_or_routine
0596,on_track,stable,on time,60,4,none,low,11.1,hcp,,
0597,on_track,long_term,on time,30,21,phone,low,32.5,direct_rx,,
0598,lapsing,early,delayed,60,62,app,moderate,0.9,direct_rx,1,not_working
0599,lapsed,long_term,missed,30,103,phone,high,16.7,direct_rx,15,not_working
0600,on_track,early,on time,30,1,phone,low,2.0,direct_rx,,
0601,lapsing,early,delayed,90,126,none,high,0.5,direct_rx,1,side_effects
0602,on_track,long_term,on time,30,23,phone,moderate,29.8,direct_rx,,
0603,on_track,early,on time,90,32,phone,low,0.2,direct_rx,,
0604,on_track,stable,on time,90,16,app,low,10.7,direct_rx,,
0605,lapsed,stable,missed,30,88,none,moderate,5.0,hcp,4,felt_better
0606,lapsing,stable,delayed,90,143,app,high,3.8,direct_rx,4,forgot_or_routine
0607,on_track,stable,on time,30,22,app,low,11.3,hcp,,
0608,on_track,stable,on time,30,14,app,low,9.7,transfer,,
0609,lapsed,early,missed,90,176,phone,high,0.5,direct_rx,1,no_response
0610,on_track,long_term,on time,90,65,none,moderate,18.7,direct_rx,,
0611,lapsed,early,missed,30,51,app,moderate,1.8,direct_rx,2,forgot_or_routine
0612,lapsed,stable,missed,30,82,app,high,3.2,direct_rx,2,side_effects
0613,on_track,early,on time,30,3,phone,low,2.3,hcp,,
0614,on_track,long_term,on time,60,23,none,moderate,15.6,direct_rx,,
0615,lapsed,early,missed,60,125,none,high,1.1,hcp,1,side_effects
0616,on_track,stable,on time,60,42,none,moderate,11.4,hcp,,
0617,lapsed,stable,missed,60,139,none,moderate,3.6,direct_rx,1,not_working
0618,lapsing,stable,delayed,60,95,app,high,3.6,direct_rx,4,not_working
0619,on_track,stable,on time,30,19,phone,low,11.5,direct_rx,,
0620,on_track,stable,on time,30,23,phone,low,6.8,direct_rx,,
0621,lapsing,early,delayed,30,39,phone,moderate,1.6,hcp,2,not_working
0622,on_track,long_term,on time,30,3,phone,moderate,14.9,direct_rx,,
0623,on_track,early,on time,30,18,app,low,1.6,direct_rx,,
0624,on_track,early,on time,30,20,phone,low,2.5,transfer,,
0625,lapsing,early,delayed,30,35,app,high,0.6,direct_rx,1,side_effects
0626,lapsed,early,missed,30,75,app,high,2.4,direct_rx,1,side_effects
0627,lapsing,early,delayed,90,102,app,moderate,2.1,direct_rx,3,no_response
0628,lapsing,long_term,delayed,30,31,app,moderate,27.7,hcp,28,side_effects
0629,on_track,stable,on time,90,71,phone,moderate,11.8,hcp,,
0630,on_track,early,on time,30,23,phone,moderate,2.2,direct_rx,,
0005,lapsed,early,missed,60,143,app,moderate,1.9,direct_rx,1,cost_or_coverage
0632,lapsed,early,missed,30,56,phone,high,0.7,direct_rx,1,cost_or_coverage
0633,lapsing,early,delayed,30,40,phone,moderate,1.0,direct_rx,1,no_response
0634,on_track,long_term,on time,90,36,app,low,33.3,transfer,,
0635,lapsed,early,missed,90,230,app,high,0.0,direct_rx,1,no_response
0636,lapsing,stable,delayed,30,46,phone,moderate,4.0,direct_rx,4,cost_or_coverage
0637,on_track,early,on time,30,22,app,low,1.5,hcp,,
0638,lapsing,early,delayed,60,73,app,high,0.0,direct_rx,1,side_effects
0639,on_track,stable,on time,30,5,none,moderate,10.8,transfer,,
0640,on_track,stable,on time,30,12,none,moderate,9.1,transfer,,
0641,on_track,early,on time,60,7,phone,low,0.7,direct_rx,,
0642,lapsing,long_term,delayed,60,87,none,moderate,26.3,direct_rx,27,forgot_or_routine
0643,on_track,stable,on time,90,64,app,low,6.7,transfer,,
0644,lapsing,long_term,delayed,30,45,app,moderate,29.0,direct_rx,29,forgot_or_routine
0645,on_track,long_term,on time,30,6,phone,low,30.8,hcp,,
0646,on_track,stable,on time,30,3,app,low,10.5,hcp,,
0647,on_track,long_term,on time,30,24,app,low,31.8,hcp,,
0648,on_track,long_term,on time,30,3,phone,low,26.8,hcp,,
0649,on_track,stable,on time,30,4,app,low,11.7,hcp,,
0650,lapsed,early,missed,30,60,app,high,2.3,direct_rx,2,cost_or_coverage
0651,lapsing,stable,delayed,90,125,phone,moderate,9.0,direct_rx,9,felt_better
0652,lapsing,long_term,delayed,90,141,phone,moderate,31.3,direct_rx,32,cost_or_coverage
0653,lapsed,early,missed,30,58,app,high,2.5,direct_rx,2,not_working
0654,lapsing,early,delayed,30,48,app,moderate,2.0,direct_rx,2,no_response
0655,lapsed,early,missed,30,112,phone,high,0.5,direct_rx,1,side_effects
0656,lapsed,stable,missed,60,166,phone,high,3.1,direct_rx,1,cost_or_coverage
0657,on_track,stable,on time,30,9,phone,moderate,10.9,direct_rx,,
0658,on_track,stable,on time,90,69,phone,low,10.9,transfer,,
0659,lapsing,early,delayed,60,62,app,moderate,1.7,hcp,2,not_working
0660,on_track,long_term,on time,60,20,phone,low,14.1,direct_rx,,
0661,lapsed,early,missed,30,67,none,high,2.7,direct_rx,2,not_working
0662,lapsed,stable,missed,30,94,app,high,8.9,transfer,7,no_response
0663,lapsed,early,missed,60,215,phone,high,2.8,direct_rx,1,not_working
0664,on_track,stable,on time,30,8,app,low,10.8,direct_rx,,
0665,on_track,early,on time,30,20,phone,moderate,2.6,transfer,,
0666,on_track,stable,on time,90,51,app,low,11.4,hcp,,
0667,lapsing,early,delayed,30,37,app,high,2.3,transfer,3,side_effects
0668,on_track,stable,on time,30,2,none,low,10.9,transfer,,
0669,lapsing,early,delayed,90,132,phone,moderate,0.8,direct_rx,1,no_response
0670,on_track,early,on time,90,67,app,low,2.2,direct_rx,,
0671,on_track,early,on time,30,10,phone,moderate,2.0,hcp,,
0672,on_track,stable,on time,30,4,none,moderate,11.9,direct_rx,,
0673,lapsed,early,missed,30,102,app,high,1.4,direct_rx,1,no_response
0674,on_track,long_term,on time,30,11,app,low,27.2,direct_rx,,
0675,on_track,long_term,on time,60,5,none,moderate,24.7,direct_rx,,
0676,on_track,stable,on time,60,34,app,moderate,11.3,hcp,,
0677,lapsing,long_term,delayed,30,31,app,moderate,32.8,direct_rx,33,felt_better
0678,lapsing,early,delayed,30,36,none,high,2.1,hcp,3,not_working
0679,on_track,early,on time,30,20,phone,low,2.5,hcp,,
0680,on_track,early,on time,30,2,phone,moderate,2.8,direct_rx,,
0681,on_track,stable,on time,90,71,app,moderate,9.8,direct_rx,,
0682,on_track,stable,on time,30,5,app,moderate,11.3,direct_rx,,
0683,on_track,stable,on time,30,1,app,low,7.5,hcp,,
0684,on_track,early,on time,30,5,app,low,2.9,transfer,,
0685,lapsing,stable,delayed,90,96,app,high,5.1,hcp,6,not_working
0686,on_track,stable,on time,60,37,app,moderate,10.0,direct_rx,,
0687,lapsing,stable,delayed,30,36,phone,moderate,9.6,direct_rx,10,no_response
0688,on_track,long_term,on time,60,37,none,low,30.6,hcp,,
0689,on_track,long_term,on time,30,16,app,low,18.2,direct_rx,,
0690,on_track,stable,on time,30,19,phone,low,9.6,direct_rx,,
0691,on_track,stable,on time,30,12,app,low,10.6,direct_rx,,
0692,on_track,stable,on time,90,55,phone,moderate,11.8,direct_rx,,
0693,on_track,long_term,on time,30,23,phone,moderate,32.7,direct_rx,,
0694,on_track,stable,on time,60,32,none,low,11.5,direct_rx,,
0695,lapsed,early,missed,90,327,phone,high,1.6,hcp,1,no_response
0696,on_track,early,on time,60,44,app,low,1.6,direct_rx,,
0697,lapsed,early,missed,30,66,phone,high,1.8,direct_rx,1,side_effects
0698,lapsing,early,delayed,60,85,phone,moderate,1.3,hcp,2,no_response
0699,on_track,stable,on time,90,17,app,low,8.6,hcp,,
0700,on_track,long_term,on time,30,2,app,low,20.4,hcp,,
0701,on_track,stable,on time,90,29,app,low,10.3,transfer,,
0702,lapsing,early,delayed,90,113,app,moderate,1.8,direct_rx,2,not_working
0703,on_track,long_term,on time,30,3,none,low,33.0,transfer,,
0704,lapsing,long_term,delayed,30,47,phone,moderate,18.0,hcp,18,cost_or_coverage
0705,lapsing,early,delayed,90,104,none,high,1.1,direct_rx,2,cost_or_coverage
0706,on_track,long_term,on time,60,6,phone,low,13.2,direct_rx,,
0707,lapsed,early,missed,30,116,none,high,1.1,hcp,1,no_response
0708,lapsed,stable,missed,60,198,phone,high,8.0,direct_rx,4,no_response
0709,lapsed,early,missed,60,195,none,moderate,2.7,direct_rx,1,forgot_or_routine
0710,lapsing,early,delayed,30,45,phone,high,2.4,direct_rx,3,cost_or_coverage
0711,on_track,stable,on time,30,20,none,moderate,8.4,direct_rx,,
0712,lapsed,early,missed,30,97,none,moderate,2.8,transfer,1,side_effects
0713,on_track,stable,on time,30,9,none,moderate,11.5,hcp,,
0714,on_track,stable,on time,30,0,phone,low,9.1,direct_rx,,
0715,lapsed,early,missed,60,234,app,high,0.0,direct_rx,1,forgot_or_routine
0716,lapsed,stable,missed,60,123,app,high,3.8,direct_rx,2,no_response
0717,lapsed,early,missed,60,151,app,moderate,1.5,transfer,1,cost_or_coverage
0718,on_track,stable,on time,30,17,app,moderate,11.8,direct_rx,,
0719,on_track,early,on time,30,6,none,low,2.1,direct_rx,,
0720,on_track,stable,on time,90,60,app,moderate,11.9,direct_rx,,
0721,on_track,early,on time,30,8,app,moderate,0.2,direct_rx,,
0722,on_track,long_term,on time,30,13,phone,low,21.4,direct_rx,,
0723,on_track,early,on time,30,15,phone,low,2.8,direct_rx,,
0724,on_track,early,on time,60,31,app,low,2.8,hcp,,
0725,lapsed,early,missed,30,51,app,high,2.4,direct_rx,2,forgot_or_routine
0726,on_track,long_term,on time,30,1,app,moderate,13.0,direct_rx,,
0727,lapsing,stable,delayed,60,72,app,moderate,11.0,direct_rx,11,cost_or_coverage
0728,on_track,stable,on time,90,1,phone,moderate,8.9,hcp,,
0729,lapsing,long_term,delayed,90,93,phone,moderate,33.2,direct_rx,34,forgot_or_routine
0730,on_track,long_term,on time,60,47,phone,low,15.7,direct_rx,,
0731,lapsed,stable,missed,60,181,app,high,3.8,hcp,1,side_effects
0732,on_track,stable,on time,30,22,phone,moderate,8.1,direct_rx,,
0733,lapsed,stable,missed,30,69,app,moderate,3.3,direct_rx,2,side_effects
0734,on_track,stable,on time,30,19,phone,low,11.2,hcp,,
0735,on_track,stable,on time,30,15,none,low,10.1,transfer,,
0736,on_track,stable,on time,30,10,phone,low,9.3,direct_rx,,
0737,on_track,long_term,on time,90,25,phone,low,34.3,direct_rx,,
0738,on_track,early,on time,60,30,app,low,2.4,hcp,,
0739,on_track,long_term,on time,60,9,app,moderate,34.0,direct_rx,,
0740,lapsing,long_term,delayed,30,47,none,high,25.6,transfer,26,no_response
0741,on_track,stable,on time,30,15,phone,low,11.5,hcp,,
0742,on_track,early,on time,30,13,none,low,1.9,direct_rx,,
0743,lapsing,early,delayed,90,101,phone,high,1.0,direct_rx,1,not_working
0744,lapsing,early,delayed,30,39,phone,moderate,2.5,direct_rx,3,no_response
0745,on_track,stable,on time,30,2,phone,low,11.4,hcp,,
0746,lapsed,long_term,missed,30,53,none,high,12.4,transfer,12,forgot_or_routine
0747,on_track,early,on time,60,21,phone,low,1.9,direct_rx,,
0748,on_track,stable,on time,30,16,phone,moderate,10.9,direct_rx,,
0749,on_track,long_term,on time,90,66,app,low,15.0,direct_rx,,
0750,on_track,early,on time,60,1,app,low,0.1,hcp,,
0751,on_track,early,on time,30,18,app,low,1.9,direct_rx,,
0752,lapsed,long_term,missed,30,97,app,moderate,18.1,hcp,16,cost_or_coverage
0753,lapsing,stable,delayed,60,83,phone,high,3.3,hcp,4,cost_or_coverage
0754,on_track,early,on time,30,8,app,low,1.0,hcp,,
0755,lapsing,stable,delayed,90,129,app,high,6.1,direct_rx,7,felt_better
0756,lapsing,stable,delayed,30,40,none,high,9.1,hcp,10,no_response
0757,on_track,stable,on time,60,12,none,moderate,10.0,direct_rx,,
0758,on_track,stable,on time,60,30,app,low,11.7,direct_rx,,
0759,on_track,early,on time,90,29,app,moderate,1.6,hcp,,
0760,lapsing,stable,delayed,90,96,none,moderate,3.6,hcp,4,cost_or_coverage
0761,on_track,early,on time,90,53,app,low,0.7,direct_rx,,
0762,on_track,early,on time,90,62,app,low,0.8,hcp,,
0763,on_track,early,on time,30,17,phone,low,0.9,direct_rx,,
0764,on_track,early,on time,30,0,phone,low,1.9,direct_rx,,
0765,lapsing,early,delayed,90,111,none,moderate,1.5,transfer,2,no_response
0766,lapsing,early,delayed,30,47,app,moderate,0.9,direct_rx,1,side_effects
0767,on_track,stable,on time,90,20,app,moderate,11.7,transfer,,
0768,lapsed,stable,missed,60,236,none,high,10.8,hcp,5,cost_or_coverage
0769,lapsed,early,missed,30,96,app,moderate,2.3,direct_rx,1,forgot_or_routine
0770,on_track,early,on time,30,18,none,low,1.3,direct_rx,,
0771,on_track,stable,on time,90,48,phone,low,9.1,direct_rx,,
0772,on_track,stable,on time,90,62,app,low,10.9,hcp,,
0773,lapsing,early,delayed,30,47,app,high,2.0,direct_rx,2,not_working
0774,on_track,stable,on time,90,69,app,moderate,10.9,direct_rx,,
0775,on_track,stable,on time,30,15,app,moderate,11.5,direct_rx,,
0776,lapsed,early,missed,60,236,app,moderate,2.7,hcp,1,no_response
0777,on_track,early,on time,30,3,app,low,0.9,direct_rx,,
0778,on_track,early,on time,90,56,phone,low,0.2,hcp,,
0779,on_track,early,on time,30,0,none,low,0.1,direct_rx,,
0780,on_track,stable,on time,30,21,phone,low,8.4,direct_rx,,
0781,on_track,long_term,on time,60,14,app,moderate,16.2,direct_rx,,
0782,lapsed,early,missed,60,231,none,moderate,2.5,direct_rx,1,cost_or_coverage
0783,lapsed,stable,missed,30,56,none,high,8.2,direct_rx,8,side_effects
0784,on_track,long_term,on time,30,20,app,moderate,29.3,direct_rx,,
0785,on_track,stable,on time,90,9,app,low,9.9,hcp,,
0786,on_track,long_term,on time,30,15,app,moderate,23.2,hcp,,
0787,on_track,long_term,on time,90,63,phone,low,17.1,direct_rx,,
0788,on_track,early,on time,90,31,app,low,2.0,hcp,,
0789,on_track,early,on time,90,64,phone,low,1.3,hcp,,
0790,lapsed,stable,missed,90,226,phone,moderate,5.7,direct_rx,2,no_response
0791,lapsed,early,missed,30,67,app,moderate,0.6,direct_rx,1,cost_or_coverage
0792,on_track,stable,on time,90,3,phone,low,11.5,hcp,,
0793,lapsing,long_term,delayed,30,47,phone,moderate,18.9,hcp,19,side_effects
0794,lapsed,long_term,missed,30,115,none,high,32.6,transfer,30,forgot_or_routine
0795,on_track,long_term,on time,30,24,app,low,18.4,transfer,,
0796,lapsed,stable,missed,30,87,app,high,4.1,hcp,3,not_working
0797,lapsing,early,delayed,90,131,app,high,1.1,direct_rx,2,side_effects
0798,on_track,stable,on time,30,6,none,low,11.4,hcp,,
0799,on_track,stable,on time,30,0,phone,moderate,7.8,direct_rx,,
0800,on_track,stable,on time,90,22,app,moderate,11.2,hcp,,
0801,on_track,stable,on time,30,13,app,low,11.8,direct_rx,,
0802,on_track,early,on time,30,16,none,moderate,2.5,direct_rx,,
0803,on_track,stable,on time,30,21,phone,low,11.3,direct_rx,,
0804,on_track,stable,on time,30,6,app,moderate,6.6,direct_rx,,
0805,on_track,early,on time,90,21,app,low,1.8,hcp,,
0806,on_track,early,on time,60,45,app,moderate,1.5,hcp,,
0807,on_track,stable,on time,30,3,none,low,11.8,direct_rx,,
0808,on_track,long_term,on time,30,14,none,low,22.1,direct_rx,,
0809,lapsing,stable,delayed,60,79,app,high,11.1,direct_rx,12,cost_or_coverage
0810,on_track,early,on time,60,2,phone,low,0.0,direct_rx,,
0811,lapsing,stable,delayed,90,130,app,moderate,6.8,transfer,7,cost_or_coverage
0812,lapsed,early,missed,90,311,phone,high,0.3,direct_rx,1,cost_or_coverage
0813,on_track,stable,on time,90,55,phone,low,11.5,direct_rx,,
0814,lapsing,early,delayed,30,34,phone,moderate,0.4,transfer,1,no_response
0815,on_track,long_term,on time,60,17,none,moderate,20.5,transfer,,
0816,lapsing,early,delayed,60,92,app,high,0.8,direct_rx,1,cost_or_coverage
0817,on_track,long_term,on time,60,20,phone,moderate,12.7,direct_rx,,
0818,on_track,long_term,on time,30,8,phone,moderate,18.2,direct_rx,,
0819,lapsing,early,delayed,90,114,phone,moderate,0.0,direct_rx,1,no_response
0820,on_track,early,on time,90,33,app,low,0.9,hcp,,
0821,on_track,early,on time,30,13,none,low,2.7,direct_rx,,
0822,lapsing,early,delayed,30,40,phone,moderate,2.5,hcp,3,no_response
0823,on_track,stable,on time,90,2,phone,moderate,6.9,direct_rx,,
0824,lapsing,early,delayed,90,121,phone,high,0.0,hcp,1,side_effects
0825,on_track,stable,on time,30,24,phone,low,11.3,direct_rx,,
0826,lapsed,early,missed,90,268,phone,moderate,1.3,transfer,1,no_response
0827,on_track,stable,on time,30,5,app,moderate,7.8,hcp,,
0828,on_track,stable,on time,60,25,none,low,10.3,direct_rx,,
0829,on_track,stable,on time,90,57,none,low,8.1,transfer,,
0830,lapsed,early,missed,90,261,app,high,0.5,hcp,1,side_effects
0831,on_track,stable,on time,30,7,app,moderate,9.6,hcp,,
0832,on_track,early,on time,90,70,app,low,0.2,hcp,,
0833,on_track,early,on time,60,10,app,moderate,0.3,direct_rx,,
0834,on_track,stable,on time,90,21,phone,moderate,10.7,hcp,,
0835,on_track,long_term,on time,30,21,app,low,20.6,hcp,,
0836,on_track,early,on time,30,8,app,low,2.6,direct_rx,,
0837,on_track,early,on time,90,0,app,moderate,1.5,direct_rx,,
0838,on_track,early,on time,60,8,none,moderate,0.3,direct_rx,,
0839,on_track,early,on time,30,24,app,low,0.0,direct_rx,,
0840,lapsing,early,delayed,60,76,none,moderate,2.7,transfer,3,forgot_or_routine
0841,lapsed,early,missed,30,116,app,high,2.4,direct_rx,1,side_effects
0842,lapsed,long_term,missed,30,79,none,high,28.9,direct_rx,28,no_response
0843,on_track,long_term,on time,30,3,phone,low,15.6,direct_rx,,
0844,lapsing,early,delayed,60,78,phone,moderate,1.7,direct_rx,2,forgot_or_routine
0845,lapsing,long_term,delayed,30,31,app,moderate,20.0,direct_rx,20,cost_or_coverage
0846,lapsing,early,delayed,60,67,app,moderate,1.7,hcp,2,side_effects
0847,on_track,stable,on time,30,6,phone,low,9.9,transfer,,
0848,lapsing,long_term,delayed,30,47,none,moderate,33.1,direct_rx,34,felt_better
0849,on_track,long_term,on time,30,20,app,low,25.6,hcp,,
0850,on_track,early,on time,60,14,app,low,2.7,hcp,,
0851,on_track,stable,on time,90,62,app,low,9.9,direct_rx,,
0852,on_track,stable,on time,30,3,app,low,9.6,direct_rx,,
0853,lapsing,early,delayed,60,72,app,moderate,2.4,direct_rx,3,side_effects
0854,on_track,early,on time,30,14,phone,low,0.8,direct_rx,,
0855,lapsing,long_term,delayed,30,47,none,moderate,33.7,direct_rx,34,cost_or_coverage
0856,on_track,stable,on time,30,18,app,low,9.6,direct_rx,,
0857,lapsing,early,delayed,90,143,phone,moderate,2.2,hcp,3,not_working
0858,on_track,stable,on time,30,3,app,low,11.7,hcp,,
0859,lapsed,stable,missed,30,114,app,high,3.1,direct_rx,1,side_effects
0860,on_track,stable,on time,30,22,app,moderate,11.8,direct_rx,,
0861,on_track,stable,on time,30,23,phone,low,10.8,direct_rx,,
0862,lapsing,early,delayed,60,72,app,moderate,0.4,hcp,1,not_working
0863,on_track,early,on time,30,10,app,low,0.9,hcp,,
0864,on_track,stable,on time,30,3,app,low,11.8,hcp,,
0865,lapsing,early,delayed,30,48,app,high,0.0,hcp,1,side_effects
0866,on_track,long_term,on time,90,24,phone,moderate,20.2,hcp,,
0867,on_track,early,on time,90,14,none,moderate,0.8,hcp,,
0868,lapsing,long_term,delayed,30,33,app,moderate,33.6,direct_rx,34,forgot_or_routine
0869,on_track,early,on time,30,5,phone,low,2.6,direct_rx,,
0870,on_track,long_term,on time,90,14,phone,low,27.3,direct_rx,,
0871,on_track,long_term,on time,30,16,phone,low,15.2,hcp,,
0872,lapsing,early,delayed,30,41,none,high,1.1,direct_rx,2,not_working
0873,on_track,stable,on time,60,13,app,low,10.5,direct_rx,,
0874,on_track,stable,on time,30,13,phone,moderate,10.4,direct_rx,,
0875,on_track,stable,on time,30,5,app,moderate,8.1,hcp,,
0876,on_track,stable,on time,30,9,phone,low,11.1,direct_rx,,
0877,lapsed,stable,missed,60,105,none,high,3.1,direct_rx,2,forgot_or_routine
0878,lapsing,stable,delayed,30,39,app,moderate,4.5,hcp,5,forgot_or_routine
0879,on_track,stable,on time,30,20,none,low,11.5,hcp,,
0880,on_track,early,on time,30,7,phone,low,0.5,hcp,,
0881,lapsing,stable,delayed,30,41,phone,moderate,6.3,hcp,7,side_effects
0882,lapsing,stable,delayed,60,71,app,moderate,4.5,direct_rx,5,forgot_or_routine
0883,lapsed,early,missed,30,97,app,moderate,2.7,hcp,1,side_effects
0884,on_track,stable,on time,60,21,app,low,11.7,direct_rx,,
0885,on_track,stable,on time,60,34,phone,moderate,6.5,hcp,,
0886,lapsing,early,delayed,30,47,none,moderate,0.7,hcp,1,not_working
0887,on_track,long_term,on time,30,5,none,moderate,21.9,hcp,,
0888,on_track,stable,on time,30,13,phone,moderate,11.6,direct_rx,,
0889,on_track,long_term,on time,90,26,app,moderate,14.7,direct_rx,,
0890,on_track,stable,on time,30,12,app,low,11.3,direct_rx,,
0891,on_track,early,on time,90,62,none,moderate,1.8,direct_rx,,
0892,lapsing,stable,delayed,60,81,none,high,9.1,hcp,10,no_response
0893,on_track,stable,on time,30,24,app,moderate,11.2,transfer,,
0894,on_track,stable,on time,30,21,phone,moderate,10.2,hcp,,
0895,lapsing,early,delayed,30,41,phone,moderate,2.7,hcp,3,no_response
0896,on_track,long_term,on time,30,17,none,moderate,34.2,direct_rx,,
0897,lapsing,stable,delayed,60,72,app,moderate,3.2,hcp,4,cost_or_coverage
0898,on_track,stable,on time,60,14,none,low,11.2,hcp,,
0899,lapsing,early,delayed,30,32,none,high,1.8,hcp,2,side_effects
0900,lapsed,early,missed,30,75,app,moderate,1.2,hcp,1,not_working
0901,on_track,stable,on time,30,15,phone,low,11.3,direct_rx,,
0902,on_track,stable,on time,90,52,phone,moderate,11.3,direct_rx,,
0903,lapsing,long_term,delayed,60,76,none,moderate,15.9,direct_rx,16,forgot_or_routine
0904,on_track,early,on time,60,39,phone,low,2.5,direct_rx,,
0905,on_track,early,on time,30,18,phone,moderate,2.0,hcp,,
0906,on_track,stable,on time,60,24,app,low,10.2,hcp,,
0907,on_track,stable,on time,30,14,none,low,11.3,hcp,,
0908,on_track,stable,on time,90,26,phone,moderate,11.4,direct_rx,,
0909,on_track,stable,on time,60,22,phone,low,11.1,direct_rx,,
0910,on_track,stable,on time,30,1,phone,low,11.8,direct_rx,,
0911,on_track,early,on time,30,15,phone,moderate,2.6,hcp,,
0912,on_track,long_term,on time,90,16,app,moderate,12.6,direct_rx,,
0913,lapsing,stable,delayed,90,124,app,moderate,4.9,hcp,5,no_response
0914,lapsed,stable,missed,30,96,app,moderate,11.6,direct_rx,10,cost_or_coverage
0915,on_track,early,on time,30,20,phone,low,2.0,direct_rx,,
0916,on_track,stable,on time,60,14,phone,moderate,8.1,transfer,,
0917,lapsing,early,delayed,30,32,phone,moderate,1.4,direct_rx,2,side_effects
0918,lapsing,early,delayed,30,34,app,moderate,0.0,direct_rx,1,side_effects
0919,lapsing,early,delayed,90,141,phone,moderate,0.9,direct_rx,1,side_effects
0920,on_track,early,on time,60,34,none,low,0.1,direct_rx,,
0921,on_track,long_term,on time,30,20,phone,low,35.9,direct_rx,,
0922,lapsing,long_term,delayed,30,42,phone,moderate,21.0,transfer,21,cost_or_coverage
0923,lapsing,early,delayed,30,35,none,high,2.9,hcp,3,no_response
0924,on_track,stable,on time,30,12,phone,low,9.8,direct_rx,,
0925,on_track,early,on time,30,14,app,low,0.3,transfer,,
0926,on_track,long_term,on time,30,7,phone,low,30.2,transfer,,
0927,on_track,early,on time,60,18,app,moderate,1.3,hcp,,
0928,lapsing,early,delayed,60,82,phone,moderate,2.0,direct_rx,2,not_working
0929,lapsing,stable,delayed,30,43,phone,high,4.2,direct_rx,5,cost_or_coverage
0930,lapsed,early,missed,30,92,phone,high,3.0,hcp,1,side_effects
0931,lapsed,long_term,missed,30,101,app,moderate,21.8,direct_rx,20,forgot_or_routine
0932,on_track,long_term,on time,90,43,app,moderate,32.0,hcp,,
0933,on_track,long_term,on time,90,53,none,low,16.9,hcp,,
0934,lapsed,early,missed,90,184,phone,high,0.5,hcp,1,not_working
0935,on_track,stable,on time,60,24,app,low,8.8,direct_rx,,
0936,on_track,long_term,on time,90,63,app,low,18.0,direct_rx,,
0937,on_track,long_term,on time,60,7,phone,low,35.9,hcp,,
0938,lapsing,stable,delayed,60,64,app,high,7.1,direct_rx,8,no_response
0939,lapsed,stable,missed,90,339,app,high,5.1,direct_rx,1,no_response
0940,on_track,early,on time,30,13,none,moderate,1.4,hcp,,
0941,lapsing,early,delayed,30,39,phone,moderate,1.7,direct_rx,2,no_response
0942,on_track,stable,on time,30,12,phone,moderate,11.3,direct_rx,,
0943,on_track,long_term,on time,60,17,app,moderate,15.2,hcp,,
0944,on_track,long_term,on time,90,37,app,low,33.1,direct_rx,,
0945,lapsing,early,delayed,30,37,app,moderate,1.4,transfer,2,no_response
0946,lapsing,early,delayed,30,48,none,moderate,1.2,hcp,2,not_working
0947,lapsing,stable,delayed,30,44,app,high,3.2,hcp,4,felt_better
0948,lapsing,early,delayed,60,66,none,moderate,0.7,transfer,1,no_response
0949,on_track,early,on time,30,16,phone,low,1.8,hcp,,
0950,on_track,stable,on time,30,1,none,low,11.7,direct_rx,,
0951,on_track,early,on time,30,17,app,low,1.6,direct_rx,,
0952,on_track,stable,on time,30,7,app,low,9.5,direct_rx,,
0953,lapsed,early,missed,30,51,app,moderate,2.6,direct_rx,2,no_response
0954,on_track,stable,on time,90,17,app,low,8.6,hcp,,
0955,lapsing,stable,delayed,30,35,none,high,6.0,transfer,6,forgot_or_routine
0956,on_track,stable,on time,60,0,phone,moderate,11.2,hcp,,
0957,lapsing,early,delayed,30,44,app,moderate,2.6,hcp,3,not_working
0958,on_track,long_term,on time,30,21,none,low,34.0,direct_rx,,
0959,on_track,stable,on time,30,5,phone,low,10.9,direct_rx,,
0960,on_track,long_term,on time,30,1,app,low,15.5,direct_rx,,
0961,lapsing,early,delayed,30,47,app,moderate,0.3,direct_rx,1,cost_or_coverage
0962,on_track,stable,on time,90,65,phone,low,11.8,direct_rx,,
0963,on_track,early,on time,90,3,phone,low,2.1,hcp,,
0964,on_track,stable,on time,30,14,app,moderate,10.0,hcp,,
0965,on_track,long_term,on time,30,10,app,moderate,12.6,direct_rx,,
0966,on_track,stable,on time,30,24,none,low,9.9,hcp,,
0967,on_track,early,on time,30,14,phone,moderate,3.0,hcp,,
0968,on_track,stable,on time,30,23,none,low,11.3,hcp,,
0969,on_track,long_term,on time,60,18,app,low,16.6,direct_rx,,
0970,on_track,stable,on time,30,23,app,moderate,11.6,direct_rx,,
0971,lapsed,early,missed,90,241,app,moderate,1.8,direct_rx,1,no_response
0972,lapsed,early,missed,30,80,app,high,0.0,direct_rx,1,not_working
0973,lapsed,early,missed,90,198,none,high,2.3,direct_rx,1,felt_better
0974,lapsing,early,delayed,30,40,app,moderate,1.9,direct_rx,2,cost_or_coverage
0975,lapsed,early,missed,30,85,app,moderate,1.7,direct_rx,1,not_working
0976,lapsed,stable,missed,30,104,app,high,4.4,direct_rx,2,cost_or_coverage
0977,on_track,stable,on time,30,21,phone,moderate,9.1,hcp,,
0978,lapsed,early,missed,60,157,phone,moderate,1.8,transfer,1,felt_better
0979,lapsed,early,missed,90,229,app,moderate,1.9,direct_rx,1,no_response
0980,on_track,long_term,on time,30,4,phone,low,30.7,direct_rx,,
0981,on_track,stable,on time,60,43,phone,moderate,10.1,hcp,,
0982,lapsing,long_term,delayed,30,45,phone,high,24.3,direct_rx,25,cost_or_coverage
0983,on_track,early,on time,90,60,phone,low,0.4,hcp,,
0984,on_track,stable,on time,90,43,app,low,11.0,direct_rx,,
0985,on_track,long_term,on time,30,4,app,low,35.6,hcp,,
0986,on_track,early,on time,60,35,none,low,2.6,hcp,,
0987,on_track,early,on time,60,47,none,low,0.3,hcp,,
0988,lapsing,early,delayed,30,46,app,moderate,1.5,hcp,2,side_effects
0989,on_track,long_term,on time,90,23,none,low,35.7,direct_rx,,
0990,on_track,long_term,on time,30,18,app,low,28.1,direct_rx,,
0991,on_track,early,on time,30,18,none,moderate,1.7,transfer,,
0992,on_track,stable,on time,30,24,none,low,9.7,direct_rx,,
0993,lapsing,early,delayed,90,121,phone,moderate,2.9,direct_rx,3,no_response
0994,on_track,early,on time,60,32,phone,low,0.9,direct_rx,,
0995,lapsed,early,missed,30,61,none,high,0.9,direct_rx,1,not_working
0996,lapsing,long_term,delayed,30,42,none,moderate,18.8,direct_rx,19,no_response
0997,lapsing,early,delayed,60,64,phone,high,0.7,direct_rx,1,forgot_or_routine
0998,lapsing,long_term,delayed,30,36,none,high,27.9,hcp,28,no_response
0999,on_track,stable,on time,30,17,phone,low,11.0,hcp,,
1000,on_track,stable,on time,30,15,app,low,9.3,transfer,,
1001,on_track,early,on time,30,9,app,moderate,2.7,direct_rx,,
1002,on_track,stable,on time,30,8,none,low,11.6,transfer,,
1003,lapsed,stable,missed,30,90,phone,high,4.5,direct_rx,3,no_response
1004,on_track,long_term,on time,30,0,none,low,18.5,direct_rx,,
1005,lapsed,early,missed,30,63,none,moderate,2.2,direct_rx,2,cost_or_coverage
1006,lapsed,early,missed,60,108,phone,high,0.2,hcp,1,side_effects
1007,on_track,early,on time,30,0,app,low,0.8,transfer,,
1008,lapsing,stable,delayed,90,104,none,moderate,10.4,direct_rx,11,no_response
1009,lapsing,early,delayed,30,39,none,moderate,2.4,direct_rx,3,not_working
1010,lapsed,stable,missed,30,60,app,high,4.2,hcp,4,side_effects
1011,on_track,long_term,on time,30,24,app,low,35.4,transfer,,
1012,on_track,long_term,on time,90,14,app,moderate,28.5,direct_rx,,
1013,on_track,stable,on time,30,18,phone,moderate,9.8,direct_rx,,
1014,on_track,stable,on time,30,14,phone,moderate,11.7,hcp,,
1015,on_track,early,on time,30,22,app,low,1.7,hcp,,
1016,on_track,stable,on time,30,17,phone,low,11.5,hcp,,
1017,lapsing,early,delayed,30,47,phone,moderate,1.9,direct_rx,2,side_effects
1018,on_track,long_term,on time,60,7,none,low,25.4,hcp,,
1019,on_track,stable,on time,30,8,app,low,11.0,hcp,,
1020,on_track,early,on time,60,42,phone,moderate,1.7,hcp,,
1021,lapsing,early,delayed,30,35,phone,moderate,1.0,direct_rx,1,no_response
1022,on_track,stable,on time,30,10,phone,low,10.6,hcp,,
1023,on_track,stable,on time,60,15,phone,low,11.6,hcp,,
1024,lapsing,early,delayed,30,43,phone,high,1.3,hcp,2,no_response
1025,on_track,long_term,on time,90,53,app,low,15.4,hcp,,
1026,lapsed,stable,missed,30,89,none,high,8.4,transfer,7,felt_better
1027,lapsed,early,missed,60,232,none,high,1.9,hcp,1,side_effects
1028,lapsed,stable,missed,30,117,app,high,7.3,direct_rx,5,side_effects
1029,lapsed,early,missed,90,317,none,high,0.6,hcp,1,not_working
1030,lapsing,early,delayed,30,35,app,high,2.9,direct_rx,3,not_working
1031,on_track,stable,on time,30,18,phone,moderate,9.8,direct_rx,,
1032,lapsing,early,delayed,30,48,app,moderate,0.5,hcp,1,no_response
1033,on_track,early,on time,30,19,phone,low,2.4,direct_rx,,
1034,on_track,stable,on time,30,2,app,low,9.2,direct_rx,,
1035,on_track,long_term,on time,30,21,phone,low,29.4,direct_rx,,
1036,on_track,early,on time,30,19,none,moderate,0.8,direct_rx,,
1037,on_track,long_term,on time,90,57,phone,low,14.0,direct_rx,,
1038,on_track,long_term,on time,30,13,phone,low,20.8,direct_rx,,
1039,on_track,stable,on time,90,54,phone,low,10.5,hcp,,
1040,on_track,stable,on time,90,33,none,moderate,10.2,direct_rx,,
1041,on_track,stable,on time,60,0,phone,low,9.7,direct_rx,,
1042,on_track,stable,on time,30,5,app,moderate,11.9,hcp,,
1043,lapsing,early,delayed,60,68,phone,high,2.8,transfer,3,side_effects
1044,lapsing,early,delayed,30,47,app,moderate,2.9,direct_rx,3,side_effects
1045,on_track,stable,on time,90,2,none,low,11.2,direct_rx,,
1046,on_track,early,on time,30,9,phone,low,2.1,transfer,,
1047,lapsing,stable,delayed,60,64,app,moderate,5.0,direct_rx,5,no_response
1048,on_track,early,on time,30,24,phone,moderate,2.3,direct_rx,,
1049,on_track,long_term,on time,60,4,app,low,35.6,direct_rx,,
1050,on_track,stable,on time,60,27,none,low,11.9,direct_rx,,
1051,on_track,stable,on time,30,17,phone,low,10.2,hcp,,
1052,on_track,long_term,on time,30,18,app,moderate,25.4,direct_rx,,
1053,on_track,long_term,on time,30,12,phone,low,35.3,transfer,,
1054,on_track,early,on time,90,72,none,low,1.9,direct_rx,,
1055,on_track,early,on time,30,15,phone,moderate,2.7,direct_rx,,
1056,lapsing,long_term,delayed,60,67,app,high,12.8,hcp,13,not_working
1057,on_track,stable,on time,60,16,app,low,11.6,hcp,,
1058,lapsing,long_term,delayed,30,31,none,moderate,21.2,direct_rx,22,forgot_or_routine
1059,lapsed,early,missed,30,72,none,moderate,0.9,direct_rx,1,not_working
1060,lapsing,stable,delayed,30,31,none,high,3.3,direct_rx,4,side_effects
1061,lapsing,long_term,delayed,90,134,none,high,24.9,hcp,25,no_response
1062,on_track,long_term,on time,30,9,phone,low,17.6,hcp,,
1063,on_track,long_term,on time,60,34,app,low,21.9,direct_rx,,
1064,on_track,stable,on time,30,3,none,low,9.4,direct_rx,,
1065,on_track,stable,on time,30,12,app,low,10.3,hcp,,
1066,on_track,early,on time,90,39,app,low,1.5,hcp,,
1067,on_track,stable,on time,30,4,app,moderate,11.5,transfer,,
1068,lapsed,long_term,missed,30,71,phone,moderate,27.9,direct_rx,27,not_working
1069,on_track,early,on time,90,39,phone,moderate,0.4,direct_rx,,
1070,lapsing,early,delayed,90,97,app,moderate,1.8,direct_rx,2,no_response
1071,on_track,long_term,on time,30,2,app,low,26.2,hcp,,
1072,on_track,stable,on time,30,22,none,low,10.9,direct_rx,,
1073,on_track,long_term,on time,60,31,app,low,15.5,hcp,,
1074,on_track,stable,on time,90,15,app,low,11.4,direct_rx,,
1075,on_track,stable,on time,30,1,none,moderate,11.7,transfer,,
1076,on_track,stable,on time,30,10,none,low,7.3,hcp,,
1077,on_track,stable,on time,30,7,none,moderate,10.0,direct_rx,,
1078,on_track,early,on time,60,36,app,moderate,2.3,direct_rx,,
1079,lapsed,stable,missed,60,197,none,high,3.1,hcp,1,forgot_or_routine
1080,on_track,long_term,on time,30,23,phone,low,16.9,direct_rx,,
1081,on_track,stable,on time,60,20,phone,low,11.8,hcp,,
1082,on_track,stable,on time,60,24,none,low,9.9,direct_rx,,
1083,on_track,long_term,on time,30,6,none,low,25.4,direct_rx,,
1084,on_track,early,on time,30,15,app,low,0.1,direct_rx,,
1085,on_track,stable,on time,30,11,app,low,11.4,hcp,,
1086,on_track,long_term,on time,30,9,phone,low,20.6,hcp,,
1087,on_track,early,on time,30,2,app,low,3.0,direct_rx,,
1088,on_track,early,on time,60,41,app,moderate,2.8,direct_rx,,
1089,lapsing,early,delayed,30,35,phone,high,0.5,direct_rx,1,no_response
1090,on_track,long_term,on time,30,6,phone,low,15.5,direct_rx,,
1091,on_track,early,on time,90,0,app,low,3.0,hcp,,
1092,lapsed,early,missed,30,117,app,moderate,2.6,direct_rx,1,felt_better
1093,on_track,early,on time,60,38,app,low,0.8,transfer,,
1094,lapsed,stable,missed,90,281,none,high,3.8,direct_rx,1,no_response
1095,on_track,long_term,on time,60,41,app,low,26.6,transfer,,
1096,lapsed,early,missed,90,285,phone,moderate,1.4,transfer,1,forgot_or_routine
1097,on_track,long_term,on time,30,4,app,moderate,13.7,hcp,,
1098,on_track,stable,on time,30,19,app,low,11.6,direct_rx,,
1099,lapsing,early,delayed,30,35,app,moderate,2.3,transfer,3,cost_or_coverage
1100,on_track,long_term,on time,30,13,phone,low,31.7,transfer,,
1101,on_track,stable,on time,30,4,phone,low,11.3,hcp,,
1102,on_track,stable,on time,30,21,none,moderate,11.9,direct_rx,,
1103,lapsing,early,delayed,90,140,app,moderate,2.8,transfer,3,not_working
1104,on_track,stable,on time,30,9,none,low,11.1,direct_rx,,
1105,on_track,stable,on time,30,3,app,low,11.5,direct_rx,,
1106,on_track,stable,on time,90,23,app,moderate,10.7,hcp,,
1107,lapsing,early,delayed,30,41,app,moderate,1.7,hcp,2,no_response
1108,on_track,stable,on time,30,18,app,low,8.4,hcp,,
1109,lapsed,long_term,missed,30,111,none,moderate,28.8,direct_rx,27,forgot_or_routine
1110,on_track,stable,on time,30,3,phone,low,11.4,hcp,,
1111,lapsing,early,delayed,90,135,phone,high,2.8,direct_rx,3,side_effects
1112,on_track,stable,on time,30,1,app,low,11.9,hcp,,
1113,lapsing,early,delayed,90,120,app,moderate,0.3,direct_rx,1,felt_better
1114,on_track,stable,on time,90,46,phone,low,10.8,direct_rx,,
1115,on_track,early,on time,30,19,app,low,0.0,direct_rx,,
1116,lapsed,stable,missed,30,113,app,moderate,10.0,hcp,8,felt_better
1117,on_track,early,on time,30,18,app,low,2.3,transfer,,
1118,on_track,stable,on time,90,53,phone,low,10.0,hcp,,
1119,on_track,early,on time,30,18,app,low,1.6,hcp,,
1120,on_track,stable,on time,90,31,none,low,11.4,transfer,,
1121,on_track,early,on time,30,18,app,moderate,2.1,hcp,,
1122,on_track,stable,on time,30,18,app,moderate,8.4,direct_rx,,
1123,lapsing,long_term,delayed,30,34,phone,high,23.5,direct_rx,24,felt_better
1124,on_track,long_term,on time,30,19,phone,low,18.6,direct_rx,,
1125,lapsing,early,delayed,60,63,app,moderate,2.5,direct_rx,3,forgot_or_routine
1126,on_track,long_term,on time,30,9,app,low,29.7,direct_rx,,
1127,on_track,stable,on time,30,22,app,moderate,11.0,direct_rx,,
1128,on_track,stable,on time,30,9,phone,low,11.1,transfer,,
1129,on_track,long_term,on time,90,6,phone,low,35.5,direct_rx,,
1130,on_track,stable,on time,30,17,phone,moderate,10.7,direct_rx,,
1131,on_track,stable,on time,60,43,phone,low,7.4,hcp,,
1132,on_track,early,on time,30,7,phone,low,2.6,direct_rx,,
1133,lapsing,early,delayed,30,40,app,high,1.5,direct_rx,2,forgot_or_routine
1134,on_track,stable,on time,30,21,phone,low,8.5,hcp,,
1135,lapsing,stable,delayed,90,128,app,high,3.5,direct_rx,4,cost_or_coverage
1136,lapsing,stable,delayed,30,42,none,high,3.2,hcp,4,side_effects
1137,lapsing,early,delayed,30,32,phone,moderate,2.2,direct_rx,3,not_working
1138,on_track,early,on time,30,0,app,low,0.9,direct_rx,,
1139,lapsing,early,delayed,30,33,phone,moderate,2.8,hcp,3,forgot_or_routine
1140,lapsing,long_term,delayed,90,128,none,high,20.4,direct_rx,21,not_working
1141,on_track,early,on time,30,1,app,moderate,0.6,hcp,,
1142,lapsing,early,delayed,60,96,phone,moderate,1.3,direct_rx,2,no_response
1143,on_track,long_term,on time,30,0,app,moderate,15.9,direct_rx,,
1144,on_track,stable,on time,90,34,phone,moderate,11.9,direct_rx,,
1145,on_track,long_term,on time,30,10,phone,low,20.0,hcp,,
1146,lapsing,stable,delayed,60,70,app,high,8.2,direct_rx,9,no_response
1147,lapsing,early,delayed,60,70,phone,moderate,0.2,transfer,1,side_effects
1148,on_track,long_term,on time,30,4,app,low,23.6,direct_rx,,
1149,on_track,stable,on time,30,10,app,moderate,10.6,direct_rx,,
1150,on_track,stable,on time,30,15,app,moderate,10.7,transfer,,
1151,on_track,early,on time,90,37,phone,moderate,1.7,direct_rx,,
1152,lapsing,long_term,delayed,30,34,phone,high,31.1,hcp,32,forgot_or_routine
1153,lapsed,stable,missed,30,100,app,high,6.1,direct_rx,4,felt_better
1154,on_track,stable,on time,60,28,app,moderate,9.7,hcp,,
1155,on_track,stable,on time,30,13,none,low,11.7,direct_rx,,
1156,lapsing,early,delayed,30,41,phone,moderate,0.5,direct_rx,1,no_response
1157,lapsed,early,missed,30,95,phone,moderate,0.9,direct_rx,1,side_effects
1158,lapsing,early,delayed,30,46,phone,high,1.4,direct_rx,2,no_response
1159,lapsing,early,delayed,90,129,app,moderate,1.2,hcp,2,side_effects
1160,on_track,stable,on time,90,15,none,low,10.5,direct_rx,,
1161,on_track,stable,on time,90,67,app,moderate,11.8,transfer,,
1162,lapsing,stable,delayed,60,89,phone,moderate,10.9,direct_rx,11,cost_or_coverage
1163,on_track,early,on time,60,12,phone,low,0.9,direct_rx,,
1164,on_track,early,on time,30,19,app,low,0.9,hcp,,
1165,on_track,stable,on time,30,18,app,low,10.7,hcp,,
1166,on_track,stable,on time,30,4,phone,low,11.8,direct_rx,,
1167,on_track,early,on time,30,11,phone,low,0.2,direct_rx,,
1168,on_track,early,on time,30,5,app,low,1.2,hcp,,
1169,on_track,early,on time,90,2,phone,low,2.2,hcp,,
1170,on_track,stable,on time,90,49,app,moderate,11.9,direct_rx,,
1171,on_track,stable,on time,30,16,phone,moderate,10.6,transfer,,
1172,on_track,stable,on time,30,13,phone,low,11.9,transfer,,
1173,lapsing,stable,delayed,30,47,app,high,8.4,direct_rx,9,forgot_or_routine
1174,on_track,stable,on time,90,10,phone,low,11.4,direct_rx,,
1175,on_track,stable,on time,30,5,phone,moderate,11.7,direct_rx,,
1176,lapsed,long_term,missed,30,75,app,high,33.4,direct_rx,32,side_effects
1177,lapsed,stable,missed,30,54,app,high,5.3,hcp,5,forgot_or_routine
1178,lapsed,early,missed,30,85,app,moderate,2.6,direct_rx,1,side_effects
1179,on_track,stable,on time,30,2,app,moderate,11.1,direct_rx,,
1180,on_track,stable,on time,90,31,app,moderate,11.6,transfer,,
1181,lapsing,early,delayed,30,32,app,moderate,1.3,direct_rx,2,cost_or_coverage
1182,lapsing,early,delayed,30,34,app,high,1.8,direct_rx,2,felt_better
1183,on_track,stable,on time,90,11,app,moderate,11.4,hcp,,
1184,on_track,long_term,on time,90,72,phone,moderate,29.4,transfer,,
1185,on_track,stable,on time,90,13,phone,low,10.5,direct_rx,,
1186,on_track,early,on time,60,6,app,moderate,0.9,hcp,,
1187,on_track,long_term,on time,30,2,app,moderate,35.3,direct_rx,,
1188,lapsing,long_term,delayed,30,37,none,high,33.8,transfer,34,no_response
1189,on_track,long_term,on time,30,1,none,low,32.2,direct_rx,,
1190,on_track,stable,on time,30,6,app,low,8.2,hcp,,
1191,lapsed,early,missed,60,123,phone,high,2.2,direct_rx,1,no_response
1192,on_track,early,on time,30,1,app,low,1.6,direct_rx,,
1193,lapsing,stable,delayed,90,134,app,high,4.6,direct_rx,5,forgot_or_routine
1194,on_track,stable,on time,60,43,app,low,10.2,direct_rx,,
1195,lapsing,early,delayed,60,87,phone,moderate,1.1,hcp,2,felt_better
1196,on_track,stable,on time,30,22,app,low,9.9,hcp,,
1197,on_track,stable,on time,30,9,app,moderate,9.5,hcp,,
1198,lapsing,early,delayed,30,32,app,moderate,1.7,direct_rx,2,no_response
1199,on_track,stable,on time,30,14,app,low,10.4,direct_rx,,
1200,on_track,long_term,on time,30,10,app,moderate,31.9,hcp,,
1201,lapsing,stable,delayed,60,66,app,moderate,3.8,direct_rx,4,cost_or_coverage
1202,lapsing,early,delayed,90,122,app,moderate,2.5,transfer,3,no_response
1203,on_track,stable,on time,30,13,app,low,11.1,direct_rx,,
1204,lapsed,early,missed,30,54,phone,high,0.2,hcp,1,no_response
1205,lapsing,stable,delayed,30,34,app,moderate,6.1,direct_rx,7,no_response
1206,on_track,stable,on time,60,14,app,moderate,11.4,direct_rx,,
1207,on_track,stable,on time,30,9,phone,low,10.2,direct_rx,,
1208,on_track,stable,on time,30,0,app,low,10.8,hcp,,
1209,on_track,stable,on time,30,20,app,low,11.7,transfer,,
1210,lapsing,long_term,delayed,30,41,phone,moderate,16.2,hcp,17,side_effects
1211,lapsed,early,missed,30,71,none,moderate,2.7,transfer,2,side_effects
1212,on_track,stable,on time,90,45,phone,moderate,9.3,direct_rx,,
1213,on_track,long_term,on time,90,19,app,low,16.8,hcp,,
1214,lapsed,early,missed,60,199,none,moderate,1.5,hcp,1,side_effects
1215,on_track,stable,on time,30,12,app,moderate,11.0,direct_rx,,
1216,lapsing,stable,delayed,30,41,phone,moderate,7.7,direct_rx,8,side_effects
1217,on_track,early,on time,30,10,phone,low,2.6,direct_rx,,
1218,lapsing,early,delayed,60,64,phone,moderate,1.2,direct_rx,2,not_working
1219,lapsing,early,delayed,30,46,phone,high,2.5,direct_rx,3,no_response
1220,lapsed,early,missed,90,190,app,high,1.9,direct_rx,1,forgot_or_routine
1221,on_track,stable,on time,30,14,none,moderate,11.8,hcp,,
1222,on_track,stable,on time,90,22,phone,low,11.8,direct_rx,,
1223,on_track,stable,on time,60,18,app,moderate,10.9,direct_rx,,
1224,on_track,stable,on time,30,20,phone,low,6.1,direct_rx,,
1225,lapsed,long_term,missed,30,60,phone,moderate,21.9,hcp,21,no_response
1226,lapsed,stable,missed,30,57,none,high,4.7,transfer,4,side_effects
1227,lapsing,early,delayed,30,35,app,moderate,0.5,hcp,1,cost_or_coverage
1228,on_track,stable,on time,60,9,app,low,8.8,hcp,,
1229,on_track,early,on time,30,16,phone,moderate,1.5,transfer,,
1230,on_track,early,on time,60,36,none,low,2.3,hcp,,
1231,lapsing,long_term,delayed,30,34,app,high,16.1,transfer,17,forgot_or_routine
1232,on_track,stable,on time,60,45,phone,low,10.2,direct_rx,,
1233,on_track,stable,on time,30,5,none,low,11.4,direct_rx,,
1234,on_track,stable,on time,30,10,phone,low,10.8,hcp,,
1235,lapsing,stable,delayed,30,32,phone,moderate,4.3,hcp,5,side_effects
1236,lapsing,stable,delayed,90,128,phone,moderate,4.1,direct_rx,5,cost_or_coverage
1237,on_track,stable,on time,30,21,app,low,10.7,hcp,,
1238,on_track,early,on time,60,42,phone,low,1.5,hcp,,
1239,on_track,stable,on time,30,18,phone,low,11.2,direct_rx,,
1240,lapsing,early,delayed,30,38,none,moderate,1.0,transfer,1,side_effects
1241,lapsed,long_term,missed,90,231,none,high,14.5,direct_rx,10,forgot_or_routine
1242,lapsing,long_term,delayed,30,42,app,moderate,31.3,direct_rx,32,felt_better
1243,lapsing,long_term,delayed,60,69,phone,moderate,24.4,direct_rx,25,cost_or_coverage
1244,on_track,stable,on time,30,11,none,low,9.9,direct_rx,,
1245,on_track,long_term,on time,60,41,none,low,12.2,direct_rx,,
1246,lapsed,early,missed,90,297,app,high,2.4,transfer,1,side_effects
1247,lapsing,stable,delayed,30,44,app,high,7.1,direct_rx,8,felt_better
1248,lapsing,long_term,delayed,30,48,app,moderate,20.9,hcp,21,side_effects
1249,on_track,stable,on time,90,40,app,low,9.0,direct_rx,,
1250,on_track,early,on time,30,10,phone,low,1.6,direct_rx,,
1251,lapsing,early,delayed,30,45,none,high,2.1,transfer,3,not_working
1252,on_track,long_term,on time,90,20,phone,low,28.5,direct_rx,,
1253,on_track,stable,on time,90,17,none,low,9.8,hcp,,
1254,on_track,stable,on time,30,1,app,low,11.2,hcp,,
1255,on_track,stable,on time,30,7,phone,low,10.4,direct_rx,,
1256,lapsed,stable,missed,30,53,app,high,3.3,direct_rx,3,cost_or_coverage
1257,lapsing,early,delayed,30,38,app,moderate,2.2,direct_rx,3,no_response
1258,on_track,stable,on time,90,70,app,low,11.7,hcp,,
1259,on_track,early,on time,90,51,phone,low,1.3,hcp,,
1260,lapsed,early,missed,30,81,none,moderate,0.4,direct_rx,1,no_response
1261,on_track,long_term,on time,30,19,app,low,33.5,hcp,,
1262,on_track,early,on time,60,2,none,low,2.3,hcp,,
1263,on_track,stable,on time,30,24,app,moderate,11.7,direct_rx,,
1264,on_track,long_term,on time,30,23,phone,moderate,29.6,hcp,,
1265,on_track,stable,on time,90,33,app,moderate,11.4,direct_rx,,
1266,on_track,long_term,on time,60,28,app,moderate,13.9,hcp,,
1267,on_track,long_term,on time,30,20,none,low,34.8,direct_rx,,
1268,on_track,stable,on time,30,10,app,moderate,8.3,direct_rx,,
1269,on_track,long_term,on time,30,21,none,low,12.9,transfer,,
1270,on_track,stable,on time,30,24,phone,low,8.7,direct_rx,,
1271,on_track,long_term,on time,90,19,app,low,25.9,direct_rx,,
1272,lapsing,early,delayed,30,39,phone,high,0.2,hcp,1,no_response
1273,on_track,early,on time,30,22,phone,moderate,1.5,direct_rx,,
1274,on_track,stable,on time,60,41,app,moderate,11.0,direct_rx,,
1275,on_track,long_term,on time,30,3,app,low,34.8,direct_rx,,
1276,on_track,long_term,on time,60,22,app,low,29.2,direct_rx,,
1277,on_track,early,on time,30,3,app,moderate,2.0,hcp,,
1278,on_track,long_term,on time,30,10,none,moderate,28.4,direct_rx,,
1279,on_track,stable,on time,60,45,phone,low,11.0,hcp,,
1280,on_track,stable,on time,30,24,none,low,11.2,hcp,,
1281,lapsing,early,delayed,90,94,app,high,2.3,direct_rx,3,no_response
1282,lapsing,long_term,delayed,30,38,phone,high,12.9,hcp,13,forgot_or_routine
1283,lapsing,early,delayed,30,37,phone,high,2.2,direct_rx,3,forgot_or_routine
1284,on_track,stable,on time,30,2,app,moderate,10.2,hcp,,
1285,lapsing,early,delayed,90,111,none,moderate,0.9,direct_rx,1,no_response
1286,on_track,early,on time,30,1,app,moderate,0.6,direct_rx,,
1287,lapsing,early,delayed,60,67,none,high,0.4,hcp,1,forgot_or_routine
1288,lapsed,stable,missed,30,78,app,moderate,10.0,direct_rx,9,no_response
1289,on_track,stable,on time,60,1,phone,low,11.2,hcp,,
1290,lapsing,early,delayed,30,36,app,high,1.1,hcp,2,side_effects
1291,lapsed,early,missed,60,128,phone,moderate,2.5,transfer,1,no_response
1292,on_track,early,on time,90,41,phone,moderate,0.5,direct_rx,,
1293,on_track,long_term,on time,30,1,phone,moderate,30.4,direct_rx,,
1294,on_track,stable,on time,90,37,app,moderate,7.7,hcp,,
1295,lapsing,early,delayed,30,33,none,moderate,2.4,direct_rx,3,side_effects
1296,on_track,stable,on time,30,13,app,moderate,11.3,direct_rx,,
1297,on_track,long_term,on time,30,10,none,low,22.6,transfer,,
1298,lapsing,stable,delayed,30,44,phone,moderate,3.2,hcp,4,no_response
1299,on_track,long_term,on time,30,6,app,moderate,14.3,transfer,,
1300,on_track,stable,on time,30,4,phone,low,11.3,direct_rx,,
1301,on_track,stable,on time,90,52,phone,moderate,11.1,hcp,,
1302,on_track,long_term,on time,60,26,phone,moderate,25.7,hcp,,
1303,lapsed,early,missed,30,110,phone,high,2.4,hcp,1,cost_or_coverage
1304,lapsing,early,delayed,30,39,app,moderate,0.4,direct_rx,1,cost_or_coverage
1305,on_track,stable,on time,60,17,phone,low,9.3,transfer,,
1306,on_track,stable,on time,60,2,app,low,11.1,direct_rx,,
1307,lapsed,early,missed,30,63,app,high,0.0,direct_rx,1,cost_or_coverage
1308,lapsing,early,delayed,60,64,app,moderate,1.9,direct_rx,2,side_effects
1309,on_track,long_term,on time,60,32,app,low,28.5,direct_rx,,
1310,on_track,long_term,on time,30,12,app,moderate,30.0,hcp,,
1311,on_track,early,on time,30,0,app,low,2.8,transfer,,
1312,lapsing,early,delayed,30,37,phone,high,0.5,direct_rx,1,no_response
1313,on_track,long_term,on time,30,7,app,low,20.4,direct_rx,,
1314,on_track,stable,on time,30,24,phone,low,10.1,direct_rx,,
1315,on_track,early,on time,90,9,app,low,1.9,hcp,,
1316,on_track,long_term,on time,30,20,none,moderate,33.8,direct_rx,,
1317,on_track,stable,on time,30,2,app,low,10.7,transfer,,
1318,on_track,long_term,on time,60,27,app,moderate,21.2,transfer,,
1319,on_track,stable,on time,60,17,phone,low,11.0,direct_rx,,
1320,lapsing,stable,delayed,60,96,app,high,3.8,direct_rx,4,felt_better
1321,lapsing,stable,delayed,30,34,phone,moderate,6.2,hcp,7,no_response
1322,on_track,early,on time,30,10,none,low,2.5,direct_rx,,
1323,on_track,early,on time,60,40,app,low,1.9,direct_rx,,
1324,lapsing,early,delayed,30,33,app,high,2.8,direct_rx,3,no_response
1325,on_track,stable,on time,30,22,app,low,9.3,hcp,,
1326,on_track,stable,on time,90,22,phone,low,10.5,transfer,,
1327,lapsing,early,delayed,30,36,phone,high,2.2,hcp,3,not_working
1328,lapsing,early,delayed,90,105,none,moderate,1.1,direct_rx,2,cost_or_coverage
1329,on_track,early,on time,30,22,app,low,1.3,direct_rx,,
1330,on_track,stable,on time,30,20,app,moderate,11.8,direct_rx,,
1331,lapsed,early,missed,30,104,app,moderate,2.3,direct_rx,1,no_response
1332,on_track,early,on time,90,29,none,moderate,1.0,hcp,,
1333,on_track,early,on time,60,3,app,low,2.8,hcp,,
1334,lapsing,stable,delayed,90,100,none,moderate,3.9,direct_rx,4,no_response
1335,on_track,long_term,on time,90,9,phone,moderate,28.3,direct_rx,,
1336,on_track,stable,on time,30,11,phone,moderate,11.9,direct_rx,,
1337,on_track,stable,on time,30,19,app,moderate,11.8,hcp,,
1338,on_track,stable,on time,60,4,phone,low,11.9,hcp,,
1339,lapsing,long_term,delayed,60,95,app,moderate,14.0,transfer,14,cost_or_coverage
1340,on_track,early,on time,30,8,app,moderate,1.3,hcp,,
1341,lapsing,early,delayed,60,67,none,moderate,3.0,direct_rx,3,no_response
1342,on_track,early,on time,30,13,app,low,2.9,direct_rx,,
1343,on_track,stable,on time,30,13,app,low,11.3,direct_rx,,
1344,lapsed,stable,missed,60,181,phone,moderate,3.2,hcp,1,cost_or_coverage
1345,on_track,stable,on time,30,18,phone,low,11.7,direct_rx,,
1346,on_track,long_term,on time,30,22,app,moderate,18.6,transfer,,
1347,on_track,stable,on time,90,67,app,low,12.0,hcp,,
1348,on_track,stable,on time,30,8,app,low,9.6,hcp,,
1349,lapsing,early,delayed,30,36,app,moderate,2.4,transfer,3,no_response
1350,on_track,stable,on time,60,12,none,low,9.8,transfer,,
1351,lapsed,early,missed,30,81,app,high,2.4,direct_rx,1,no_response
1352,lapsed,early,missed,90,160,app,moderate,0.7,direct_rx,1,side_effects
1353,on_track,stable,on time,30,5,app,low,10.1,direct_rx,,
1354,lapsed,early,missed,60,213,phone,high,1.1,direct_rx,1,no_response
1355,on_track,long_term,on time,90,41,app,moderate,17.4,transfer,,
1356,lapsing,stable,delayed,90,135,app,moderate,11.6,direct_rx,12,cost_or_coverage
1357,lapsing,early,delayed,30,35,app,high,1.4,transfer,2,side_effects
1358,on_track,early,on time,30,9,app,moderate,0.5,hcp,,
1359,on_track,long_term,on time,30,7,app,low,25.0,direct_rx,,
1360,on_track,stable,on time,30,21,phone,low,9.8,hcp,,
1361,on_track,stable,on time,30,7,app,low,10.1,hcp,,
1362,on_track,long_term,on time,30,4,none,low,12.2,hcp,,
1363,on_track,stable,on time,30,21,phone,moderate,11.2,direct_rx,,
1364,on_track,stable,on time,30,5,phone,moderate,9.3,direct_rx,,
1365,lapsed,long_term,missed,30,59,app,high,29.4,hcp,29,no_response
1366,lapsing,stable,delayed,90,126,app,high,5.8,hcp,6,no_response
1367,on_track,stable,on time,30,18,phone,low,10.5,hcp,,
1368,on_track,stable,on time,30,9,app,low,11.7,hcp,,
1369,on_track,early,on time,30,0,phone,low,1.9,direct_rx,,
1370,on_track,early,on time,30,6,none,moderate,1.0,direct_rx,,
1371,on_track,early,on time,90,43,none,moderate,1.5,direct_rx,,
1372,on_track,stable,on time,60,43,app,low,7.8,direct_rx,,
1373,on_track,stable,on time,60,44,app,moderate,12.0,direct_rx,,
1374,on_track,early,on time,90,22,none,low,0.5,direct_rx,,
1375,lapsing,early,delayed,90,116,app,moderate,1.0,direct_rx,1,no_response
1376,on_track,long_term,on time,90,34,phone,low,16.8,direct_rx,,
1377,on_track,stable,on time,30,18,app,moderate,9.9,direct_rx,,
1378,lapsing,long_term,delayed,60,71,none,moderate,18.7,direct_rx,19,cost_or_coverage
1379,on_track,stable,on time,30,9,app,moderate,6.6,direct_rx,,
1380,lapsed,long_term,missed,60,149,app,moderate,33.0,hcp,31,felt_better
1381,on_track,early,on time,90,20,none,low,2.7,direct_rx,,
1382,on_track,early,on time,90,20,phone,low,1.5,hcp,,
1383,on_track,stable,on time,90,4,app,low,5.9,direct_rx,,
1384,lapsing,early,delayed,60,72,phone,moderate,1.0,transfer,1,forgot_or_routine
1385,on_track,long_term,on time,60,21,none,low,35.9,transfer,,
1386,lapsing,early,delayed,30,44,phone,moderate,1.0,direct_rx,1,forgot_or_routine
1387,on_track,stable,on time,30,14,app,low,7.0,direct_rx,,
1388,on_track,stable,on time,30,14,phone,moderate,10.6,hcp,,
1389,lapsing,early,delayed,60,87,phone,high,2.1,hcp,3,not_working
1390,on_track,early,on time,30,4,app,low,2.9,direct_rx,,
1391,on_track,stable,on time,60,48,none,low,7.8,direct_rx,,
1392,on_track,stable,on time,30,22,app,moderate,9.2,direct_rx,,
1393,on_track,long_term,on time,30,16,none,moderate,12.4,transfer,,
1394,on_track,long_term,on time,90,21,app,low,17.3,direct_rx,,
1395,on_track,long_term,on time,30,8,none,low,13.3,hcp,,
1396,on_track,early,on time,30,12,none,low,2.9,direct_rx,,
1397,lapsed,early,missed,30,87,none,moderate,2.0,direct_rx,1,cost_or_coverage
1398,lapsed,early,missed,30,75,app,moderate,0.4,hcp,1,no_response
1399,lapsed,early,missed,30,74,phone,moderate,2.8,direct_rx,2,felt_better
1400,on_track,stable,on time,30,9,app,low,10.5,direct_rx,,
1401,lapsing,early,delayed,30,42,app,moderate,0.1,direct_rx,1,no_response
1402,lapsing,long_term,delayed,30,36,phone,high,31.5,transfer,32,no_response
1403,lapsing,early,delayed,30,47,app,moderate,1.8,direct_rx,2,felt_better
1404,on_track,long_term,on time,30,6,app,low,18.7,direct_rx,,
1405,lapsing,early,delayed,90,141,phone,moderate,0.1,direct_rx,1,felt_better
1406,lapsed,early,missed,60,139,phone,moderate,2.5,direct_rx,1,not_working
1407,on_track,stable,on time,30,18,phone,moderate,10.0,direct_rx,,
1408,lapsing,early,delayed,60,83,phone,moderate,0.5,direct_rx,1,side_effects
1409,on_track,long_term,on time,60,40,phone,moderate,25.3,hcp,,
1410,on_track,stable,on time,30,3,none,low,11.9,direct_rx,,
1411,on_track,early,on time,60,5,app,low,2.4,direct_rx,,
1412,on_track,stable,on time,90,14,app,low,10.7,hcp,,
1413,on_track,long_term,on time,30,23,none,low,24.2,hcp,,
1414,on_track,stable,on time,60,43,app,low,10.2,hcp,,
1415,on_track,stable,on time,60,44,app,moderate,10.1,transfer,,
1416,on_track,long_term,on time,60,0,app,low,21.7,direct_rx,,
1417,lapsed,stable,missed,30,91,app,moderate,6.8,hcp,5,no_response
1418,on_track,stable,on time,90,52,app,low,8.6,direct_rx,,
1419,on_track,early,on time,90,42,none,moderate,0.7,hcp,,
1420,on_track,long_term,on time,90,38,app,moderate,19.5,direct_rx,,
1421,on_track,stable,on time,30,5,app,moderate,12.0,direct_rx,,
1422,on_track,stable,on time,30,7,app,low,9.5,direct_rx,,
1423,on_track,early,on time,30,8,phone,low,2.6,direct_rx,,
1424,on_track,stable,on time,60,19,app,low,11.7,direct_rx,,
1425,on_track,long_term,on time,30,5,phone,low,12.4,direct_rx,,
1426,on_track,early,on time,30,21,none,moderate,1.6,direct_rx,,
1427,on_track,long_term,on time,30,2,app,low,21.1,direct_rx,,
1428,on_track,long_term,on time,90,14,app,low,31.9,hcp,,
1429,lapsed,early,missed,90,297,app,high,1.3,direct_rx,1,not_working
1430,on_track,early,on time,30,1,app,moderate,1.7,hcp,,
1431,on_track,stable,on time,60,36,app,moderate,10.4,direct_rx,,
1432,on_track,stable,on time,30,12,none,moderate,10.1,direct_rx,,
1433,lapsed,early,missed,90,156,phone,high,0.5,hcp,1,no_response
1434,lapsed,early,missed,30,114,app,high,0.7,direct_rx,1,not_working
1435,on_track,stable,on time,90,37,app,low,8.1,direct_rx,,
1436,lapsing,stable,delayed,30,41,app,moderate,8.7,direct_rx,9,forgot_or_routine
1437,lapsed,early,missed,90,310,app,high,1.9,direct_rx,1,cost_or_coverage
1438,on_track,stable,on time,90,40,none,moderate,11.7,transfer,,
1439,on_track,stable,on time,30,1,app,low,11.5,direct_rx,,
1440,on_track,early,on time,30,13,none,moderate,0.2,hcp,,
1441,lapsing,early,delayed,90,131,phone,moderate,1.1,hcp,2,side_effects
1442,on_track,long_term,on time,90,64,app,moderate,16.5,direct_rx,,
1443,lapsing,early,delayed,30,45,app,moderate,1.1,direct_rx,2,not_working
1444,on_track,stable,on time,30,15,app,moderate,11.0,direct_rx,,
1445,on_track,early,on time,90,20,none,moderate,2.1,transfer,,
1446,on_track,stable,on time,90,67,phone,moderate,8.3,hcp,,
1447,on_track,long_term,on time,30,11,app,low,27.0,direct_rx,,
1448,on_track,early,on time,30,18,none,moderate,1.1,hcp,,
1449,lapsing,early,delayed,30,42,phone,moderate,1.8,direct_rx,2,forgot_or_routine
1450,on_track,long_term,on time,60,24,none,low,16.8,hcp,,
1451,lapsing,stable,delayed,30,39,none,moderate,3.1,direct_rx,4,cost_or_coverage
1452,lapsed,early,missed,30,67,phone,moderate,2.3,direct_rx,2,cost_or_coverage
1453,lapsing,stable,delayed,90,109,phone,moderate,3.6,hcp,4,cost_or_coverage
1454,on_track,stable,on time,30,7,phone,moderate,10.8,direct_rx,,
1455,on_track,long_term,on time,30,17,app,low,34.7,direct_rx,,
1456,on_track,early,on time,30,4,phone,low,0.7,direct_rx,,
1457,lapsing,early,delayed,30,39,app,high,1.0,hcp,1,no_response
1458,on_track,stable,on time,30,15,phone,low,10.8,transfer,,
1459,on_track,stable,on time,60,8,app,moderate,11.0,direct_rx,,
1460,on_track,long_term,on time,30,1,app,low,12.2,transfer,,
1461,on_track,stable,on time,90,64,none,moderate,10.5,direct_rx,,
1462,on_track,early,on time,60,0,app,low,1.8,direct_rx,,
1463,lapsed,stable,missed,30,66,app,high,6.5,direct_rx,6,side_effects
1464,lapsed,stable,missed,60,123,phone,high,4.1,hcp,2,no_response
1465,on_track,stable,on time,30,15,app,moderate,10.4,direct_rx,,
1466,on_track,early,on time,30,18,app,low,0.4,hcp,,
1467,lapsing,early,delayed,30,39,app,moderate,2.7,direct_rx,3,no_response
1468,lapsing,long_term,delayed,30,31,phone,moderate,32.8,direct_rx,33,no_response
1469,on_track,stable,on time,30,18,none,low,11.9,direct_rx,,
1470,on_track,long_term,on time,30,23,phone,low,18.3,hcp,,
1471,lapsing,stable,delayed,30,48,phone,high,11.5,direct_rx,12,cost_or_coverage
1472,on_track,stable,on time,30,15,app,low,11.4,hcp,,
1473,on_track,stable,on time,60,32,phone,low,11.6,hcp,,
1474,on_track,early,on time,90,9,app,moderate,1.2,hcp,,
1475,lapsing,stable,delayed,60,77,app,moderate,7.9,hcp,8,no_response
1476,lapsed,stable,missed,60,212,app,high,3.5,hcp,1,no_response
1477,lapsing,stable,delayed,30,45,phone,high,5.4,hcp,6,cost_or_coverage
1478,on_track,stable,on time,60,24,phone,low,10.0,direct_rx,,
1479,on_track,long_term,on time,30,16,none,low,24.5,direct_rx,,
1480,on_track,long_term,on time,60,14,app,low,33.3,direct_rx,,
1481,on_track,long_term,on time,30,10,app,low,24.3,hcp,,
1482,on_track,stable,on time,30,3,app,moderate,11.5,direct_rx,,
1483,lapsing,early,delayed,30,36,app,high,0.6,hcp,1,no_response
1484,on_track,stable,on time,60,11,phone,moderate,11.4,direct_rx,,
1485,on_track,stable,on time,30,5,app,low,7.5,direct_rx,,
1486,on_track,early,on time,30,15,none,low,0.8,transfer,,
1487,lapsing,early,delayed,30,38,app,moderate,2.3,transfer,3,side_effects
1488,on_track,stable,on time,30,16,phone,low,11.7,direct_rx,,
1489,on_track,long_term,on time,90,1,phone,moderate,30.0,direct_rx,,
1490,on_track,stable,on time,60,6,phone,low,10.7,direct_rx,,
1491,lapsing,early,delayed,30,40,phone,high,1.4,direct_rx,2,not_working
1492,on_track,stable,on time,90,41,phone,low,10.0,hcp,,
1493,on_track,stable,on time,30,16,app,moderate,11.5,hcp,,
1494,on_track,stable,on time,30,0,app,moderate,10.8,transfer,,
1495,on_track,early,on time,90,50,phone,low,2.2,hcp,,
1496,on_track,long_term,on time,30,20,app,moderate,31.5,direct_rx,,
1497,on_track,stable,on time,60,46,phone,low,9.3,direct_rx,,
1498,lapsing,early,delayed,30,41,none,moderate,1.5,hcp,2,side_effects
1499,lapsed,early,missed,30,99,app,high,2.4,direct_rx,1,forgot_or_routine
1500,on_track,early,on time,30,5,phone,low,1.5,hcp,,
1501,on_track,stable,on time,90,7,phone,moderate,11.6,transfer,,
1502,on_track,early,on time,30,0,phone,moderate,0.8,direct_rx,,
1503,on_track,stable,on time,30,4,app,low,11.8,hcp,,
1504,lapsed,early,missed,90,208,app,high,2.8,hcp,1,forgot_or_routine
1505,on_track,long_term,on time,30,6,phone,low,32.7,hcp,,
1506,on_track,stable,on time,30,7,app,low,11.7,hcp,,
1507,on_track,stable,on time,30,2,phone,low,12.0,direct_rx,,
1508,on_track,long_term,on time,60,9,phone,low,34.6,transfer,,
1509,on_track,early,on time,30,2,phone,low,1.8,hcp,,
1510,lapsing,early,delayed,30,34,app,high,0.6,transfer,1,side_effects
1511,on_track,long_term,on time,30,20,app,low,27.6,transfer,,
1512,on_track,long_term,on time,60,35,app,moderate,28.4,hcp,,
1513,lapsing,long_term,delayed,60,86,app,moderate,33.9,hcp,34,cost_or_coverage
1514,lapsed,early,missed,30,79,app,high,1.3,direct_rx,1,side_effects
1515,on_track,early,on time,30,14,app,low,1.9,transfer,,
1516,lapsing,early,delayed,30,42,phone,high,0.2,direct_rx,1,no_response
1517,on_track,stable,on time,30,3,phone,moderate,10.7,transfer,,
1518,on_track,stable,on time,90,54,app,moderate,11.2,hcp,,
1519,on_track,long_term,on time,90,3,none,low,23.4,direct_rx,,
1520,on_track,long_term,on time,30,15,phone,low,30.8,direct_rx,,
1521,on_track,stable,on time,60,11,app,moderate,10.8,hcp,,
1522,on_track,early,on time,60,42,phone,moderate,2.3,transfer,,
1523,on_track,long_term,on time,30,17,phone,moderate,23.9,transfer,,
1524,on_track,early,on time,30,0,app,moderate,2.3,direct_rx,,
1525,on_track,early,on time,30,11,none,moderate,2.2,transfer,,
1526,lapsing,long_term,delayed,60,87,app,moderate,35.0,hcp,35,cost_or_coverage
1527,on_track,stable,on time,60,7,phone,low,9.4,transfer,,
1528,on_track,long_term,on time,90,42,app,low,30.7,direct_rx,,
1529,lapsed,early,missed,30,74,app,high,1.0,hcp,1,side_effects
1530,lapsing,stable,delayed,30,41,phone,high,9.4,hcp,10,side_effects
1531,on_track,early,on time,30,22,app,moderate,2.9,transfer,,
1532,on_track,long_term,on time,60,36,phone,low,13.1,direct_rx,,
1533,on_track,stable,on time,30,1,phone,moderate,9.0,direct_rx,,
1534,lapsing,stable,delayed,60,61,none,high,7.4,hcp,8,forgot_or_routine
1535,lapsing,long_term,delayed,30,38,phone,high,13.3,hcp,14,cost_or_coverage
1536,on_track,early,on time,30,4,none,low,0.3,direct_rx,,
1537,on_track,stable,on time,90,50,app,low,9.6,direct_rx,,
1538,on_track,early,on time,60,4,none,low,1.7,hcp,,
1539,on_track,long_term,on time,30,23,phone,low,12.1,hcp,,
1540,on_track,long_term,on time,30,13,phone,moderate,28.7,direct_rx,,
1541,lapsing,early,delayed,30,36,app,high,1.7,hcp,2,cost_or_coverage
1542,lapsing,early,delayed,90,143,app,moderate,1.3,hcp,2,cost_or_coverage
1543,on_track,stable,on time,30,0,phone,moderate,11.9,transfer,,
1544,on_track,early,on time,30,18,app,low,2.6,hcp,,
1545,on_track,long_term,on time,30,1,app,low,29.3,transfer,,
1546,on_track,early,on time,30,9,none,moderate,2.4,hcp,,
1547,on_track,stable,on time,60,33,none,low,11.1,direct_rx,,
1548,lapsing,early,delayed,30,39,app,moderate,0.1,direct_rx,1,side_effects
1549,on_track,stable,on time,30,20,none,low,6.7,direct_rx,,
1550,on_track,stable,on time,30,3,app,low,11.6,direct_rx,,
1551,lapsing,long_term,delayed,30,37,app,high,19.6,transfer,20,cost_or_coverage
1552,on_track,long_term,on time,30,23,app,low,28.4,hcp,,
1553,lapsing,early,delayed,60,83,app,moderate,2.8,hcp,3,forgot_or_routine
1554,lapsing,long_term,delayed,90,102,app,moderate,15.1,direct_rx,16,cost_or_coverage
1555,lapsed,early,missed,30,117,app,high,1.7,direct_rx,1,cost_or_coverage
1556,lapsing,early,delayed,30,43,app,high,1.5,direct_rx,2,not_working
1557,on_track,early,on time,30,19,none,moderate,2.2,direct_rx,,
1558,on_track,stable,on time,30,2,none,low,10.4,transfer,,
1559,lapsing,long_term,delayed,90,100,app,moderate,34.9,direct_rx,35,side_effects
1560,on_track,stable,on time,90,10,app,low,11.9,hcp,,
1561,on_track,long_term,on time,30,13,phone,low,12.6,transfer,,
1562,on_track,stable,on time,30,24,phone,low,11.3,direct_rx,,
1563,on_track,early,on time,60,20,app,low,0.8,direct_rx,,
1564,on_track,long_term,on time,60,3,app,low,19.6,hcp,,
1565,lapsed,stable,missed,30,82,none,moderate,9.4,direct_rx,8,no_response
1566,on_track,early,on time,60,28,phone,moderate,1.3,transfer,,
1567,on_track,stable,on time,30,21,phone,low,11.4,hcp,,
1568,on_track,stable,on time,30,0,app,low,10.4,hcp,,
1569,on_track,early,on time,30,5,none,low,0.7,hcp,,
1570,on_track,long_term,on time,30,16,none,low,18.5,direct_rx,,
1571,on_track,early,on time,60,38,phone,low,3.0,direct_rx,,
1572,on_track,early,on time,30,23,app,low,0.4,transfer,,
1573,on_track,long_term,on time,30,13,none,low,16.9,transfer,,
1574,on_track,stable,on time,60,17,app,moderate,11.5,hcp,,
1575,on_track,early,on time,30,11,app,moderate,0.0,hcp,,
1576,lapsed,stable,missed,60,221,none,moderate,8.1,hcp,3,side_effects
1577,lapsed,early,missed,60,158,none,high,1.2,hcp,1,forgot_or_routine
1578,on_track,long_term,on time,60,19,app,moderate,22.1,direct_rx,,
1579,on_track,early,on time,90,23,app,moderate,2.1,hcp,,
1580,lapsing,early,delayed,30,32,phone,moderate,1.0,direct_rx,1,forgot_or_routine
1581,on_track,long_term,on time,60,17,phone,low,30.9,transfer,,
1582,on_track,early,on time,60,5,none,low,2.7,hcp,,
1583,on_track,early,on time,60,12,phone,low,0.6,transfer,,
1584,on_track,stable,on time,30,16,app,moderate,12.0,transfer,,
1585,lapsing,early,delayed,30,34,phone,moderate,1.4,direct_rx,2,no_response
1586,on_track,stable,on time,90,23,app,low,10.6,hcp,,
1587,on_track,early,on time,30,9,phone,low,1.3,hcp,,
1588,lapsed,early,missed,60,177,none,moderate,1.9,transfer,1,no_response
1589,on_track,long_term,on time,30,14,none,low,22.3,hcp,,
1590,on_track,early,on time,90,13,app,moderate,0.1,hcp,,
1591,on_track,stable,on time,30,3,app,moderate,10.7,direct_rx,,
1592,on_track,early,on time,30,17,none,low,2.0,direct_rx,,
1593,on_track,long_term,on time,30,1,phone,moderate,28.8,direct_rx,,
1594,on_track,early,on time,30,7,phone,low,3.0,hcp,,
1595,on_track,early,on time,30,3,app,moderate,2.2,direct_rx,,
1596,lapsing,early,delayed,90,122,phone,high,1.7,transfer,2,no_response
1597,lapsing,early,delayed,30,48,phone,moderate,0.7,direct_rx,1,no_response
1598,on_track,long_term,on time,30,24,phone,low,25.9,direct_rx,,
1599,on_track,early,on time,90,31,app,low,1.1,direct_rx,,
1600,lapsing,long_term,delayed,30,39,phone,high,24.4,direct_rx,25,no_response
1601,on_track,stable,on time,30,14,app,low,12.0,hcp,,
1602,lapsed,early,missed,30,87,none,high,1.5,direct_rx,1,not_working
1603,on_track,stable,on time,30,1,app,moderate,10.1,transfer,,
1604,lapsing,early,delayed,30,44,phone,moderate,1.2,hcp,2,not_working
1605,on_track,long_term,on time,60,14,app,moderate,25.4,direct_rx,,
1606,lapsed,early,missed,30,106,app,high,1.5,hcp,1,not_working
1607,on_track,stable,on time,30,10,none,low,11.1,direct_rx,,
1608,on_track,early,on time,60,45,app,low,1.8,direct_rx,,
1609,on_track,stable,on time,30,19,none,moderate,7.1,hcp,,
1610,on_track,stable,on time,90,27,app,low,11.4,transfer,,
1611,lapsed,early,missed,30,101,app,moderate,2.6,hcp,1,no_response
1612,lapsed,early,missed,30,71,app,high,2.5,hcp,2,cost_or_coverage
1613,lapsed,stable,missed,30,89,phone,moderate,9.3,hcp,8,forgot_or_routine
1614,on_track,stable,on time,30,10,app,low,11.7,direct_rx,,
1615,on_track,stable,on time,30,23,none,low,11.9,hcp,,
1616,on_track,long_term,on time,60,47,none,low,14.0,direct_rx,,
1617,lapsing,early,delayed,30,40,none,high,1.7,direct_rx,2,no_response
1618,on_track,stable,on time,30,5,phone,low,10.1,hcp,,
1619,lapsing,early,delayed,30,33,app,high,0.8,direct_rx,1,forgot_or_routine
1620,lapsed,stable,missed,30,117,app,high,5.2,hcp,3,no_response
1621,lapsing,early,delayed,30,40,phone,high,2.7,direct_rx,3,cost_or_coverage
1622,lapsing,early,delayed,30,36,phone,moderate,1.2,direct_rx,2,no_response
1623,on_track,stable,on time,30,18,app,moderate,10.7,direct_rx,,
1624,on_track,long_term,on time,60,21,none,low,31.6,direct_rx,,
1625,on_track,stable,on time,90,60,app,moderate,11.1,direct_rx,,
1626,lapsing,early,delayed,60,92,none,high,0.8,direct_rx,1,not_working
1627,on_track,stable,on time,30,4,app,low,11.4,direct_rx,,
1628,on_track,early,on time,90,15,app,low,1.4,hcp,,
1629,on_track,early,on time,30,18,phone,low,2.6,hcp,,
1630,lapsed,stable,missed,30,88,phone,high,4.4,hcp,3,not_working
1631,on_track,long_term,on time,30,10,phone,low,34.8,direct_rx,,
1632,lapsing,long_term,delayed,30,32,app,high,30.7,direct_rx,31,no_response
1633,on_track,long_term,on time,30,22,app,low,15.0,direct_rx,,
1634,on_track,long_term,on time,90,59,none,low,25.3,direct_rx,,
1635,on_track,stable,on time,30,11,none,low,11.3,direct_rx,,
1636,on_track,early,on time,30,18,app,low,0.6,hcp,,
1637,lapsing,early,delayed,90,114,phone,high,1.1,hcp,2,cost_or_coverage
1638,on_track,long_term,on time,30,20,phone,low,26.7,hcp,,
1639,on_track,early,on time,30,15,phone,moderate,0.6,direct_rx,,
1640,on_track,early,on time,30,8,phone,low,3.0,direct_rx,,
1641,on_track,stable,on time,30,3,app,moderate,10.6,hcp,,
1642,on_track,long_term,on time,30,1,app,low,22.1,direct_rx,,
1643,lapsing,early,delayed,30,44,phone,moderate,1.5,direct_rx,2,no_response
1644,lapsed,early,missed,90,245,app,high,0.3,transfer,1,side_effects
1645,lapsed,early,missed,90,188,none,high,1.4,direct_rx,1,no_response
1646,lapsing,early,delayed,30,48,phone,moderate,1.3,hcp,2,no_response
1647,on_track,long_term,on time,90,19,phone,moderate,19.2,direct_rx,,
1648,lapsing,early,delayed,30,45,phone,moderate,2.8,transfer,3,side_effects
1649,on_track,stable,on time,30,12,app,low,12.0,direct_rx,,
1650,on_track,long_term,on time,30,9,phone,moderate,22.7,direct_rx,,
1651,on_track,early,on time,30,0,none,low,0.1,hcp,,
1652,on_track,stable,on time,30,20,phone,moderate,11.4,direct_rx,,
1653,on_track,stable,on time,30,4,phone,low,11.7,direct_rx,,
1654,on_track,long_term,on time,90,34,phone,low,35.1,direct_rx,,
1655,on_track,stable,on time,60,47,app,low,11.9,direct_rx,,
1656,on_track,stable,on time,30,8,phone,low,10.6,direct_rx,,
1657,lapsed,long_term,missed,60,104,app,high,17.2,hcp,16,forgot_or_routine
1658,lapsed,early,missed,30,107,app,high,0.6,direct_rx,1,side_effects
1659,on_track,early,on time,30,5,none,low,2.1,direct_rx,,
1660,on_track,early,on time,30,18,none,low,2.1,hcp,,
1661,on_track,stable,on time,60,40,app,moderate,11.0,direct_rx,,
1662,lapsed,early,missed,90,341,phone,high,2.4,direct_rx,1,no_response
1663,on_track,early,on time,90,1,none,moderate,1.3,direct_rx,,
1664,on_track,early,on time,30,9,phone,low,2.1,direct_rx,,
1665,on_track,long_term,on time,30,9,app,moderate,17.2,hcp,,
1666,on_track,stable,on time,30,18,phone,low,11.9,direct_rx,,
1667,on_track,long_term,on time,30,7,phone,low,24.2,hcp,,
1668,on_track,stable,on time,60,45,app,moderate,10.7,direct_rx,,
1669,on_track,early,on time,60,6,phone,moderate,0.9,hcp,,
1670,on_track,stable,on time,30,7,phone,moderate,10.0,hcp,,
1671,on_track,long_term,on time,60,38,app,moderate,31.8,direct_rx,,
1672,on_track,long_term,on time,30,23,phone,low,15.1,hcp,,
1673,on_track,early,on time,90,40,app,moderate,1.5,direct_rx,,
1674,lapsing,early,delayed,30,44,phone,moderate,0.8,hcp,1,side_effects
1675,on_track,early,on time,30,15,app,low,2.7,hcp,,
1676,on_track,long_term,on time,30,4,app,low,25.3,transfer,,
1677,lapsing,stable,delayed,30,38,app,moderate,3.2,direct_rx,4,no_response
1678,on_track,long_term,on time,90,4,app,low,33.3,hcp,,
1679,lapsing,early,delayed,30,31,phone,high,1.8,transfer,2,no_response
1680,lapsing,stable,delayed,30,31,app,moderate,3.7,direct_rx,4,cost_or_coverage
1681,on_track,stable,on time,30,11,app,low,11.4,direct_rx,,
1682,on_track,stable,on time,30,3,none,low,11.2,transfer,,
1683,lapsing,stable,delayed,90,113,app,moderate,3.4,hcp,4,cost_or_coverage
1684,on_track,stable,on time,90,34,none,low,10.8,hcp,,
1685,on_track,stable,on time,60,5,phone,moderate,10.7,direct_rx,,
1686,on_track,early,on time,30,6,phone,moderate,1.6,hcp,,
1687,on_track,long_term,on time,60,8,none,low,16.7,direct_rx,,
1688,on_track,stable,on time,30,17,none,low,11.7,transfer,,
1689,lapsing,early,delayed,30,38,app,high,2.1,hcp,3,side_effects
1690,on_track,early,on time,30,8,phone,low,0.5,hcp,,
1691,on_track,stable,on time,90,12,phone,low,10.7,hcp,,
1692,lapsing,early,delayed,30,35,app,moderate,2.7,hcp,3,no_response
1693,lapsing,stable,delayed,30,36,app,moderate,6.2,hcp,7,no_response
1694,lapsing,early,delayed,30,44,none,high,2.1,hcp,3,not_working
1695,on_track,long_term,on time,30,2,app,moderate,30.4,hcp,,
1696,lapsed,early,missed,30,86,phone,moderate,3.0,hcp,2,forgot_or_routine
1697,on_track,long_term,on time,60,45,app,low,20.8,direct_rx,,
1698,on_track,early,on time,30,17,app,moderate,1.8,direct_rx,,
1699,on_track,stable,on time,30,9,none,low,11.2,hcp,,
1700,on_track,early,on time,90,6,app,moderate,2.9,hcp,,
1701,lapsed,long_term,missed,30,114,app,high,26.4,direct_rx,24,no_response
1702,on_track,stable,on time,30,18,phone,low,10.7,hcp,,
1703,on_track,early,on time,30,5,phone,low,2.8,hcp,,
1704,on_track,stable,on time,30,4,app,low,10.9,transfer,,
1705,lapsing,early,delayed,90,110,none,moderate,0.6,hcp,1,forgot_or_routine
1706,on_track,stable,on time,30,18,app,low,11.2,direct_rx,,
1707,on_track,stable,on time,30,14,app,low,11.4,direct_rx,,
1708,lapsing,early,delayed,30,34,phone,moderate,0.1,hcp,1,side_effects
1709,on_track,early,on time,30,6,app,low,0.7,transfer,,
1710,lapsing,early,delayed,30,47,app,moderate,0.4,direct_rx,1,no_response
1711,on_track,early,on time,90,33,phone,low,2.5,direct_rx,,
1712,on_track,early,on time,60,42,phone,low,2.2,hcp,,
1713,on_track,stable,on time,30,23,app,moderate,10.6,direct_rx,,
1714,on_track,stable,on time,30,22,phone,low,11.5,hcp,,
1715,lapsing,stable,delayed,30,36,phone,high,8.6,direct_rx,9,forgot_or_routine
1716,on_track,stable,on time,60,42,phone,low,9.9,direct_rx,,
1717,lapsing,stable,delayed,60,89,app,moderate,3.1,hcp,4,no_response
1718,lapsing,early,delayed,90,135,app,high,0.6,direct_rx,1,forgot_or_routine
1719,lapsing,long_term,delayed,30,32,phone,high,13.6,hcp,14,felt_better
1720,on_track,stable,on time,90,62,phone,low,10.7,direct_rx,,
1721,on_track,early,on time,30,8,app,low,0.6,direct_rx,,
1722,on_track,stable,on time,30,23,app,low,9.6,direct_rx,,
1723,on_track,stable,on time,30,13,app,low,9.9,hcp,,
1724,on_track,long_term,on time,30,6,phone,moderate,22.7,hcp,,
1725,on_track,stable,on time,30,9,app,moderate,10.1,direct_rx,,
1726,on_track,early,on time,30,17,none,low,0.8,transfer,,
1727,on_track,early,on time,30,9,phone,moderate,2.3,transfer,,
1728,on_track,long_term,on time,30,6,app,low,13.1,direct_rx,,
1729,lapsing,early,delayed,30,35,phone,moderate,2.6,direct_rx,3,side_effects
1730,on_track,early,on time,30,24,phone,moderate,0.9,direct_rx,,
1731,on_track,early,on time,90,17,none,low,2.7,transfer,,
1732,lapsing,stable,delayed,90,94,app,moderate,4.3,direct_rx,5,felt_better
1733,on_track,long_term,on time,90,47,phone,low,27.0,hcp,,
1734,on_track,stable,on time,60,9,app,low,12.0,direct_rx,,
1735,on_track,stable,on time,60,27,app,low,11.1,direct_rx,,
1736,on_track,early,on time,90,41,phone,low,2.1,transfer,,
1737,on_track,long_term,on time,30,20,app,moderate,34.8,hcp,,
1738,on_track,long_term,on time,30,8,app,low,18.8,hcp,,
1739,on_track,long_term,on time,30,5,app,low,24.6,hcp,,
1740,on_track,stable,on time,30,22,app,moderate,7.5,direct_rx,,
1741,on_track,stable,on time,90,59,phone,moderate,8.5,hcp,,
1742,lapsing,early,delayed,30,39,app,moderate,0.6,direct_rx,1,no_response
1743,on_track,long_term,on time,30,16,phone,moderate,22.0,hcp,,
1744,on_track,stable,on time,30,12,app,moderate,11.5,direct_rx,,
1745,on_track,stable,on time,30,22,app,moderate,11.8,hcp,,
1746,lapsing,early,delayed,30,42,app,moderate,2.9,hcp,3,no_response
1747,on_track,early,on time,90,48,none,low,0.6,direct_rx,,
1748,on_track,long_term,on time,60,42,phone,moderate,34.5,direct_rx,,
1749,on_track,early,on time,60,28,none,moderate,2.9,direct_rx,,
1750,lapsing,early,delayed,30,32,app,moderate,0.3,transfer,1,no_response
1751,on_track,stable,on time,60,24,app,low,11.3,direct_rx,,
1752,on_track,early,on time,90,66,phone,moderate,1.2,direct_rx,,
1753,on_track,early,on time,60,26,phone,low,2.7,transfer,,
1754,lapsing,stable,delayed,90,99,app,moderate,5.1,hcp,6,cost_or_coverage
1755,lapsing,early,delayed,30,36,phone,moderate,0.3,direct_rx,1,not_working
1756,on_track,early,on time,30,6,app,moderate,1.1,direct_rx,,
1757,lapsing,stable,delayed,30,44,app,moderate,5.7,hcp,6,cost_or_coverage
1758,on_track,long_term,on time,30,5,app,moderate,23.6,direct_rx,,
1759,on_track,stable,on time,30,5,app,low,10.5,transfer,,
1760,on_track,stable,on time,30,2,app,low,11.1,transfer,,
1761,on_track,stable,on time,60,39,none,moderate,11.4,direct_rx,,
1762,lapsed,stable,missed,90,214,app,high,3.7,direct_rx,1,forgot_or_routine
1763,on_track,stable,on time,30,17,phone,moderate,9.0,direct_rx,,
1764,lapsing,early,delayed,30,42,app,moderate,2.2,hcp,3,not_working
1765,on_track,stable,on time,30,9,phone,low,10.9,hcp,,
1766,on_track,long_term,on time,90,3,phone,low,35.3,transfer,,
1767,on_track,long_term,on time,30,15,app,low,34.6,hcp,,
1768,lapsed,early,missed,90,225,phone,high,2.4,hcp,1,no_response
1769,lapsing,long_term,delayed,30,47,app,moderate,33.8,direct_rx,34,cost_or_coverage
1770,on_track,early,on time,30,23,app,moderate,1.1,hcp,,
1771,lapsing,early,delayed,30,41,app,moderate,2.6,transfer,3,side_effects
1772,on_track,long_term,on time,30,6,phone,moderate,30.1,hcp,,
1773,on_track,long_term,on time,60,48,phone,low,19.7,hcp,,
1774,on_track,early,on time,30,13,phone,low,2.4,direct_rx,,
1775,on_track,stable,on time,30,19,app,moderate,10.2,direct_rx,,
1776,on_track,long_term,on time,30,6,none,moderate,17.8,direct_rx,,
1777,lapsing,early,delayed,60,90,app,moderate,2.2,direct_rx,3,side_effects
1778,on_track,stable,on time,30,22,phone,moderate,5.4,hcp,,
1779,on_track,stable,on time,30,3,none,low,9.1,direct_rx,,
1780,lapsed,stable,missed,90,170,app,moderate,5.1,hcp,3,forgot_or_routine
1781,on_track,stable,on time,30,3,none,low,11.7,hcp,,
1782,on_track,stable,on time,30,20,phone,moderate,10.2,direct_rx,,
1783,on_track,stable,on time,30,1,app,moderate,11.6,direct_rx,,
1784,lapsing,early,delayed,30,47,app,high,0.7,hcp,1,no_response
1785,on_track,early,on time,90,22,phone,moderate,1.8,direct_rx,,
1786,lapsing,early,delayed,30,41,phone,moderate,2.4,transfer,3,cost_or_coverage
1787,lapsing,early,delayed,60,76,none,moderate,1.9,transfer,2,no_response
1788,on_track,early,on time,30,11,phone,moderate,2.5,direct_rx,,
1789,lapsing,early,delayed,30,33,app,high,1.4,hcp,2,no_response
1790,on_track,stable,on time,30,6,phone,moderate,11.3,hcp,,
1791,lapsing,early,delayed,90,100,none,high,1.5,direct_rx,2,no_response
1792,on_track,early,on time,30,1,phone,low,0.8,direct_rx,,
1793,lapsed,stable,missed,30,62,none,high,4.9,direct_rx,4,side_effects
1794,on_track,long_term,on time,90,12,phone,low,17.4,hcp,,
1795,on_track,stable,on time,60,22,phone,low,11.0,transfer,,
1796,on_track,stable,on time,30,9,phone,moderate,10.9,direct_rx,,
1797,on_track,early,on time,30,6,app,low,2.6,hcp,,
1798,on_track,stable,on time,30,6,app,moderate,7.8,direct_rx,,
1799,on_track,early,on time,30,9,phone,moderate,2.3,direct_rx,,
1800,on_track,stable,on time,60,36,app,low,10.3,direct_rx,,
1801,lapsing,stable,delayed,60,69,app,high,3.5,direct_rx,4,cost_or_coverage
1802,on_track,early,on time,30,23,app,low,1.3,hcp,,
1803,on_track,long_term,on time,30,18,app,moderate,16.0,direct_rx,,
1804,lapsing,early,delayed,90,119,app,high,2.4,hcp,3,cost_or_coverage
1805,on_track,long_term,on time,30,11,phone,low,22.9,direct_rx,,
1806,on_track,early,on time,30,11,phone,low,0.1,hcp,,
1807,on_track,long_term,on time,30,1,none,low,12.8,hcp,,
1808,lapsing,stable,delayed,90,138,app,moderate,6.2,hcp,7,no_response
1809,lapsing,long_term,delayed,30,35,app,high,31.0,direct_rx,31,cost_or_coverage
1810,on_track,stable,on time,30,23,app,low,11.3,transfer,,
1811,on_track,stable,on time,30,12,app,moderate,11.1,direct_rx,,
1812,on_track,early,on time,90,58,app,low,0.6,hcp,,
1813,lapsing,stable,delayed,90,95,none,moderate,3.2,transfer,4,no_response
1814,on_track,stable,on time,30,20,phone,moderate,11.9,direct_rx,,
1815,on_track,stable,on time,30,2,app,low,11.7,transfer,,
1816,on_track,early,on time,30,19,none,low,0.9,direct_rx,,
1817,on_track,stable,on time,30,16,phone,moderate,10.7,direct_rx,,
1818,on_track,early,on time,30,14,app,low,0.7,hcp,,
1819,lapsing,long_term,delayed,30,44,app,moderate,35.8,direct_rx,36,no_response
1820,on_track,stable,on time,60,28,phone,moderate,11.3,hcp,,
1821,on_track,stable,on time,30,5,app,moderate,10.4,hcp,,
1822,on_track,early,on time,60,13,app,low,2.2,direct_rx,,
1823,on_track,long_term,on time,60,43,phone,low,19.7,direct_rx,,
1824,on_track,long_term,on time,30,10,app,low,13.4,hcp,,
1825,on_track,long_term,on time,90,8,app,low,20.6,transfer,,
1826,lapsing,stable,delayed,30,45,app,high,5.7,hcp,6,cost_or_coverage
1827,on_track,long_term,on time,30,1,app,low,33.5,direct_rx,,
1828,lapsed,early,missed,30,117,none,high,1.5,direct_rx,1,side_effects
1829,lapsing,early,delayed,60,69,app,moderate,2.1,direct_rx,3,side_effects
1830,on_track,long_term,on time,30,8,phone,low,16.8,hcp,,
1831,lapsed,stable,missed,60,132,app,moderate,3.1,transfer,1,forgot_or_routine
1832,on_track,early,on time,30,24,app,moderate,0.7,direct_rx,,
1833,on_track,early,on time,60,9,app,low,0.0,direct_rx,,
1834,on_track,long_term,on time,30,8,none,low,25.2,direct_rx,,
1835,lapsed,stable,missed,30,108,none,high,4.1,direct_rx,2,side_effects
1836,on_track,long_term,on time,30,10,app,moderate,22.8,direct_rx,,
1837,on_track,stable,on time,30,14,phone,low,9.4,hcp,,
1838,lapsing,early,delayed,30,40,phone,moderate,2.5,transfer,3,side_effects
1839,lapsing,early,delayed,90,135,app,moderate,2.1,direct_rx,3,no_response
1840,lapsing,early,delayed,30,33,app,high,2.9,direct_rx,3,no_response
1841,on_track,stable,on time,30,24,phone,low,10.5,direct_rx,,
1842,on_track,stable,on time,30,2,phone,moderate,8.9,direct_rx,,
1843,on_track,stable,on time,60,10,app,low,11.1,direct_rx,,
1844,lapsed,early,missed,90,284,app,high,1.2,direct_rx,1,side_effects
1845,on_track,long_term,on time,30,7,phone,moderate,27.7,transfer,,
1846,lapsing,early,delayed,30,40,app,moderate,1.5,direct_rx,2,forgot_or_routine
1847,lapsing,early,delayed,30,31,phone,moderate,2.7,hcp,3,cost_or_coverage
1848,on_track,stable,on time,30,16,phone,moderate,11.8,transfer,,
1849,on_track,long_term,on time,30,11,app,moderate,35.8,direct_rx,,
1850,on_track,long_term,on time,60,41,none,low,20.4,transfer,,
1851,on_track,stable,on time,30,17,phone,low,11.5,direct_rx,,
1852,on_track,stable,on time,30,20,none,low,11.1,hcp,,
1853,lapsing,stable,delayed,60,62,app,moderate,3.5,hcp,4,no_response
1854,on_track,stable,on time,90,3,phone,low,10.3,hcp,,
1855,lapsed,early,missed,30,63,none,high,0.0,direct_rx,1,not_working
1856,lapsing,early,delayed,30,41,app,moderate,1.6,hcp,2,no_response
1857,on_track,stable,on time,60,11,app,moderate,11.9,direct_rx,,
1858,lapsing,stable,delayed,30,34,phone,high,3.3,direct_rx,4,felt_better
1859,on_track,early,on time,30,15,app,low,1.3,direct_rx,,
1860,on_track,long_term,on time,30,19,app,moderate,24.5,direct_rx,,
1861,lapsing,early,delayed,60,64,none,moderate,1.6,direct_rx,2,side_effects
1862,on_track,early,on time,60,46,app,low,0.6,hcp,,
1863,on_track,early,on time,90,34,phone,moderate,0.3,hcp,,
1864,on_track,long_term,on time,60,29,app,low,21.2,hcp,,
1865,on_track,long_term,on time,90,31,none,moderate,32.6,hcp,,
1866,lapsing,early,delayed,60,86,none,moderate,0.5,hcp,1,felt_better
1867,on_track,early,on time,60,38,app,low,0.6,hcp,,
1868,on_track,stable,on time,90,10,none,moderate,11.6,direct_rx,,
1869,on_track,stable,on time,90,19,phone,moderate,10.4,direct_rx,,
1870,on_track,stable,on time,30,7,none,low,8.8,direct_rx,,
1871,lapsing,stable,delayed,90,93,phone,moderate,8.7,transfer,9,forgot_or_routine
1872,lapsing,early,delayed,60,90,phone,moderate,0.7,hcp,1,forgot_or_routine
1873,lapsing,early,delayed,90,140,phone,moderate,2.8,hcp,3,no_response
1874,lapsed,stable,missed,90,337,app,high,10.1,direct_rx,2,cost_or_coverage
1875,lapsed,early,missed,30,116,app,high,1.9,direct_rx,1,side_effects
1876,on_track,early,on time,30,20,app,low,1.4,direct_rx,,
1877,on_track,stable,on time,30,7,app,low,11.9,hcp,,
1878,lapsing,stable,delayed,30,39,phone,moderate,3.3,direct_rx,4,forgot_or_routine
1879,on_track,stable,on time,30,18,phone,low,4.4,direct_rx,,
1880,on_track,long_term,on time,90,53,app,low,29.2,direct_rx,,
1881,on_track,stable,on time,30,15,app,low,11.6,direct_rx,,
1882,lapsed,early,missed,30,55,app,high,1.6,hcp,1,cost_or_coverage
1883,on_track,early,on time,30,17,app,moderate,2.0,hcp,,
1884,lapsing,early,delayed,60,84,phone,high,1.5,transfer,2,side_effects
1885,on_track,early,on time,30,7,none,low,0.2,direct_rx,,
1886,lapsing,early,delayed,90,99,none,high,0.3,transfer,1,no_response
1887,lapsed,early,missed,30,76,app,high,1.2,direct_rx,1,forgot_or_routine
1888,lapsing,early,delayed,90,112,phone,high,2.5,hcp,3,side_effects
1889,on_track,long_term,on time,30,1,none,low,31.1,hcp,,
1890,on_track,stable,on time,30,24,app,low,10.3,direct_rx,,
1891,lapsing,early,delayed,30,44,phone,high,2.5,direct_rx,3,cost_or_coverage
1892,on_track,stable,on time,30,1,phone,low,9.9,direct_rx,,
1893,on_track,long_term,on time,30,11,app,low,17.0,transfer,,
1894,lapsing,stable,delayed,90,110,none,moderate,3.6,hcp,4,no_response
1895,lapsed,early,missed,30,75,none,moderate,2.1,hcp,1,not_working
1896,on_track,stable,on time,30,9,app,moderate,11.0,hcp,,
1897,lapsed,early,missed,30,71,none,moderate,1.0,direct_rx,1,side_effects
1898,lapsed,early,missed,60,188,app,high,2.8,direct_rx,1,forgot_or_routine
1899,on_track,early,on time,60,44,phone,low,1.6,direct_rx,,
1900,on_track,early,on time,30,6,none,low,1.8,hcp,,
1901,on_track,long_term,on time,30,3,phone,low,18.8,direct_rx,,
1902,on_track,stable,on time,30,14,phone,low,11.5,direct_rx,,
1903,lapsed,early,missed,30,111,app,moderate,1.9,hcp,1,felt_better
1904,on_track,early,on time,60,3,app,low,1.9,direct_rx,,
1905,lapsing,stable,delayed,30,33,app,moderate,6.8,hcp,7,cost_or_coverage
1906,lapsing,early,delayed,30,46,phone,moderate,0.8,direct_rx,1,side_effects
1907,on_track,early,on time,30,6,app,low,2.8,transfer,,
1908,lapsing,early,delayed,30,45,app,moderate,0.8,hcp,1,side_effects
1909,on_track,long_term,on time,90,20,phone,moderate,34.5,direct_rx,,
1910,on_track,early,on time,30,21,app,low,2.8,direct_rx,,
1911,on_track,stable,on time,60,16,none,low,12.0,direct_rx,,
1912,lapsing,early,delayed,60,91,phone,moderate,0.2,transfer,1,side_effects
1913,on_track,stable,on time,30,11,app,moderate,9.9,hcp,,
1914,lapsing,early,delayed,90,125,phone,moderate,1.3,direct_rx,2,not_working
1915,on_track,early,on time,60,16,phone,low,1.7,direct_rx,,
1916,lapsed,early,missed,30,100,app,high,0.7,hcp,1,side_effects
1917,on_track,early,on time,60,36,phone,moderate,0.1,direct_rx,,
1918,on_track,stable,on time,30,10,phone,low,9.9,direct_rx,,
1919,on_track,early,on time,90,19,none,low,2.8,direct_rx,,
1920,lapsed,early,missed,60,207,none,high,1.0,hcp,1,side_effects
1921,lapsing,early,delayed,90,130,app,moderate,0.0,hcp,1,no_response
1922,on_track,long_term,on time,30,8,app,low,31.5,hcp,,
1923,on_track,stable,on time,60,21,app,moderate,11.7,direct_rx,,
1924,lapsed,long_term,missed,90,323,none,moderate,17.3,direct_rx,10,no_response
1925,on_track,early,on time,30,18,none,moderate,1.0,direct_rx,,
1926,on_track,long_term,on time,30,22,phone,low,21.2,direct_rx,,
1927,on_track,stable,on time,30,0,phone,low,10.1,direct_rx,,
1928,lapsing,early,delayed,30,44,phone,moderate,2.9,transfer,3,cost_or_coverage
1929,lapsing,early,delayed,60,80,none,moderate,1.7,hcp,2,not_working
1930,on_track,stable,on time,90,64,none,moderate,11.2,transfer,,
1931,on_track,early,on time,60,34,phone,low,2.7,direct_rx,,
1932,on_track,stable,on time,30,18,app,moderate,10.6,direct_rx,,
1933,on_track,stable,on time,30,14,phone,low,11.2,hcp,,
1934,on_track,stable,on time,30,17,none,low,10.7,hcp,,
1935,lapsing,early,delayed,30,37,app,high,1.2,direct_rx,2,not_working
1936,on_track,stable,on time,90,53,app,low,9.4,hcp,,
1937,on_track,stable,on time,60,31,none,moderate,9.0,direct_rx,,
1938,lapsing,early,delayed,60,90,app,moderate,2.8,direct_rx,3,forgot_or_routine
1939,on_track,early,on time,30,5,app,low,0.5,hcp,,
1940,on_track,stable,on time,90,5,app,low,11.6,transfer,,
1941,on_track,stable,on time,30,10,app,low,6.9,direct_rx,,
1942,lapsing,stable,delayed,30,31,none,moderate,10.6,hcp,11,forgot_or_routine
1943,on_track,stable,on time,30,14,app,low,11.0,direct_rx,,
1944,on_track,early,on time,30,9,app,low,0.5,direct_rx,,
1945,on_track,early,on time,30,10,phone,low,1.8,hcp,,
1946,lapsing,long_term,delayed,30,31,app,high,31.5,hcp,32,forgot_or_routine
1947,lapsed,early,missed,30,101,app,high,2.0,transfer,1,no_response
1948,on_track,stable,on time,30,12,app,low,9.3,direct_rx,,
1949,on_track,stable,on time,30,21,phone,low,7.6,hcp,,
1950,lapsing,early,delayed,60,61,none,high,2.9,hcp,3,cost_or_coverage
1951,on_track,stable,on time,90,0,phone,low,10.3,transfer,,
1952,lapsing,stable,delayed,30,32,app,moderate,6.3,direct_rx,7,forgot_or_routine
1953,lapsing,early,delayed,90,123,app,moderate,1.6,direct_rx,2,no_response
1954,lapsing,stable,delayed,30,36,phone,moderate,9.9,hcp,10,side_effects
1955,on_track,long_term,on time,30,14,app,moderate,27.9,transfer,,
1956,on_track,long_term,on time,30,3,app,moderate,27.5,direct_rx,,
1957,on_track,early,on time,60,22,none,low,2.3,hcp,,
1958,on_track,stable,on time,30,5,phone,low,11.3,direct_rx,,
1959,on_track,stable,on time,30,18,phone,moderate,10.2,direct_rx,,
1960,on_track,long_term,on time,60,29,app,moderate,21.5,hcp,,
1961,on_track,stable,on time,30,6,none,moderate,11.2,direct_rx,,
1962,lapsing,early,delayed,60,94,phone,moderate,0.4,direct_rx,1,forgot_or_routine
1963,on_track,early,on time,90,58,app,moderate,2.8,hcp,,
1964,on_track,long_term,on time,30,10,none,low,23.8,hcp,,
1965,on_track,stable,on time,60,29,app,low,12.0,direct_rx,,
1966,on_track,long_term,on time,90,18,phone,moderate,17.6,direct_rx,,
1967,lapsing,early,delayed,90,107,phone,moderate,2.4,direct_rx,3,cost_or_coverage
1968,on_track,stable,on time,30,9,phone,moderate,10.5,hcp,,
1969,on_track,stable,on time,90,49,none,moderate,10.7,direct_rx,,
1970,on_track,early,on time,60,26,phone,moderate,0.8,direct_rx,,
1971,lapsing,early,delayed,30,34,phone,moderate,0.1,direct_rx,1,not_working
1972,on_track,long_term,on time,30,2,none,low,18.1,hcp,,
1973,on_track,long_term,on time,30,19,none,low,18.2,hcp,,
1974,on_track,long_term,on time,30,24,app,moderate,21.6,direct_rx,,
1975,on_track,early,on time,90,66,app,low,1.3,direct_rx,,
1976,on_track,long_term,on time,30,17,none,low,34.3,direct_rx,,
1977,on_track,early,on time,90,19,none,moderate,1.0,direct_rx,,
1978,on_track,early,on time,30,16,app,low,2.7,direct_rx,,
1979,on_track,stable,on time,30,12,phone,moderate,9.7,hcp,,
1980,on_track,long_term,on time,30,10,app,moderate,13.2,direct_rx,,
1981,lapsed,long_term,missed,30,111,app,high,17.4,direct_rx,15,cost_or_coverage
1982,lapsing,early,delayed,30,48,app,high,1.6,direct_rx,2,no_response
1983,on_track,stable,on time,30,11,app,low,10.8,direct_rx,,
1984,on_track,early,on time,30,22,none,moderate,0.7,hcp,,
1985,on_track,early,on time,90,19,none,low,1.0,direct_rx,,
1986,on_track,long_term,on time,30,19,none,moderate,24.5,transfer,,
1987,lapsed,early,missed,30,104,phone,high,2.7,direct_rx,1,not_working
1988,on_track,stable,on time,30,22,phone,moderate,10.2,direct_rx,,
1989,on_track,stable,on time,30,4,phone,low,9.2,direct_rx,,
1990,on_track,long_term,on time,30,4,app,low,23.6,transfer,,
1991,on_track,long_term,on time,30,10,phone,low,27.0,hcp,,
1992,lapsing,stable,delayed,30,32,app,high,3.2,transfer,4,no_response
1993,lapsed,early,missed,30,52,phone,moderate,2.6,direct_rx,2,not_working
1994,on_track,stable,on time,90,36,phone,low,10.6,hcp,,
1995,on_track,stable,on time,30,4,app,moderate,11.4,transfer,,
1996,on_track,stable,on time,30,24,app,low,9.8,hcp,,
1997,on_track,early,on time,30,16,app,moderate,2.2,direct_rx,,
1998,on_track,stable,on time,30,11,phone,low,10.4,direct_rx,,
1999,on_track,stable,on time,90,0,phone,moderate,9.2,direct_rx,,
2000,lapsing,early,delayed,60,61,phone,high,3.0,direct_rx,3,no_response
2001,on_track,early,on time,30,9,phone,low,2.5,direct_rx,,
2002,on_track,stable,on time,30,13,app,low,11.8,direct_rx,,
2003,on_track,stable,on time,90,61,phone,low,10.6,direct_rx,,
2004,on_track,stable,on time,30,15,phone,low,8.7,direct_rx,,
2005,on_track,stable,on time,30,11,phone,moderate,10.9,hcp,,
2006,on_track,early,on time,60,8,phone,low,0.9,transfer,,
2007,lapsed,early,missed,30,67,app,high,2.1,hcp,1,felt_better
2008,on_track,stable,on time,30,22,none,low,9.8,hcp,,
2009,on_track,stable,on time,30,15,app,moderate,8.4,direct_rx,,
2010,on_track,early,on time,90,38,app,low,0.0,direct_rx,,
2011,on_track,early,on time,30,10,app,low,0.8,transfer,,
2012,on_track,stable,on time,30,22,app,low,11.3,hcp,,
2013,lapsing,early,delayed,30,34,none,moderate,0.6,hcp,1,not_working
2014,lapsed,long_term,missed,60,103,phone,moderate,24.7,direct_rx,24,no_response
2015,on_track,early,on time,30,0,app,low,0.1,direct_rx,,
2016,on_track,early,on time,30,24,app,moderate,2.4,direct_rx,,
2017,lapsing,early,delayed,30,41,app,high,2.8,direct_rx,3,forgot_or_routine
2018,lapsed,early,missed,60,136,phone,moderate,0.2,direct_rx,1,side_effects
2019,on_track,stable,on time,60,30,none,moderate,11.3,direct_rx,,
2020,lapsing,stable,delayed,90,120,phone,moderate,11.8,hcp,12,no_response
2021,lapsed,stable,missed,30,88,app,moderate,3.1,direct_rx,2,no_response
2022,lapsing,early,delayed,30,45,app,moderate,1.4,direct_rx,2,side_effects
2023,on_track,early,on time,90,11,app,low,2.6,direct_rx,,
2024,on_track,stable,on time,30,13,app,low,10.1,direct_rx,,
2025,on_track,early,on time,60,19,none,low,0.6,direct_rx,,
2026,lapsing,stable,delayed,90,118,none,moderate,5.5,direct_rx,6,no_response
2027,on_track,stable,on time,30,8,phone,low,8.2,direct_rx,,
2028,lapsing,early,delayed,60,72,none,high,2.9,hcp,3,side_effects
2029,lapsed,early,missed,90,297,app,high,1.5,direct_rx,1,not_working
2030,on_track,early,on time,30,0,app,low,0.2,direct_rx,,
2031,on_track,early,on time,30,16,app,low,0.7,transfer,,
2032,on_track,early,on time,30,18,app,moderate,0.6,hcp,,
2033,on_track,stable,on time,90,53,app,moderate,10.4,hcp,,
2034,on_track,stable,on time,60,45,phone,moderate,10.9,transfer,,
2035,on_track,early,on time,60,16,none,moderate,0.4,hcp,,
2036,lapsed,long_term,missed,30,119,phone,moderate,31.2,hcp,29,felt_better
2037,on_track,long_term,on time,30,21,none,low,31.0,hcp,,
2038,on_track,long_term,on time,30,4,app,low,26.7,hcp,,
2039,lapsing,stable,delayed,30,37,app,moderate,7.7,transfer,8,cost_or_coverage
2040,lapsing,long_term,delayed,60,79,none,high,19.3,direct_rx,20,not_working
2041,on_track,long_term,on time,30,23,phone,low,22.4,transfer,,
2042,lapsing,stable,delayed,30,42,app,moderate,3.9,direct_rx,4,no_response
2043,lapsed,stable,missed,30,85,phone,high,10.8,direct_rx,9,no_response
2044,on_track,early,on time,60,9,phone,low,0.8,direct_rx,,
2045,lapsed,stable,missed,30,99,app,moderate,11.1,direct_rx,9,cost_or_coverage
2046,on_track,early,on time,30,17,phone,low,1.0,direct_rx,,
2047,on_track,early,on time,30,10,app,low,1.9,hcp,,
2048,on_track,stable,on time,30,22,app,low,11.5,direct_rx,,
2049,on_track,long_term,on time,30,12,app,low,33.5,direct_rx,,
2050,lapsing,long_term,delayed,60,63,phone,moderate,13.3,direct_rx,14,no_response
2051,on_track,early,on time,60,20,app,moderate,0.8,hcp,,
2052,on_track,stable,on time,60,15,app,low,11.5,hcp,,
2053,lapsing,long_term,delayed,30,33,phone,moderate,20.0,direct_rx,20,no_response
2054,on_track,early,on time,30,19,app,moderate,0.5,hcp,,
2055,on_track,stable,on time,30,22,none,low,9.5,direct_rx,,
2056,on_track,stable,on time,30,18,app,low,10.5,hcp,,
2057,lapsing,early,delayed,30,48,app,moderate,1.8,direct_rx,2,no_response
2058,on_track,stable,on time,30,12,app,low,9.6,direct_rx,,
2059,lapsing,early,delayed,30,39,phone,moderate,1.5,direct_rx,2,no_response
2060,lapsing,long_term,delayed,60,76,none,moderate,25.1,direct_rx,26,forgot_or_routine
2061,on_track,early,on time,60,43,none,moderate,2.8,direct_rx,,
2062,lapsed,early,missed,30,74,app,moderate,0.3,hcp,1,forgot_or_routine
2063,lapsing,stable,delayed,90,120,none,moderate,5.9,hcp,6,cost_or_coverage
2064,lapsed,long_term,missed,30,92,app,high,32.4,direct_rx,31,forgot_or_routine
2065,on_track,stable,on time,30,9,none,low,11.8,hcp,,
2066,lapsing,early,delayed,30,43,app,high,0.2,hcp,1,no_response
2067,on_track,stable,on time,30,18,app,low,9.9,transfer,,
2068,on_track,long_term,on time,90,18,app,low,20.4,hcp,,
2069,on_track,stable,on time,30,0,phone,low,10.3,direct_rx,,
2070,lapsed,early,missed,90,173,phone,high,0.9,direct_rx,1,not_working
2071,lapsing,early,delayed,60,66,none,high,1.7,hcp,2,no_response
2072,lapsing,early,delayed,90,131,app,high,1.7,hcp,2,side_effects
2073,on_track,long_term,on time,90,70,phone,low,13.1,direct_rx,,
2074,on_track,early,on time,30,23,phone,moderate,2.5,hcp,,
2075,lapsed,early,missed,30,105,none,moderate,2.1,hcp,1,not_working
2076,on_track,early,on time,60,30,phone,low,1.1,hcp,,
2077,lapsing,early,delayed,30,36,app,moderate,1.1,hcp,2,no_response
2078,on_track,long_term,on time,30,14,phone,low,35.5,direct_rx,,
2079,on_track,stable,on time,30,9,app,low,11.6,hcp,,
2080,on_track,long_term,on time,60,2,app,low,33.4,hcp,,
2081,on_track,stable,on time,90,70,phone,moderate,10.4,hcp,,
2082,lapsing,stable,delayed,30,33,app,moderate,10.1,direct_rx,11,side_effects
2083,lapsing,long_term,delayed,30,33,none,moderate,35.3,direct_rx,36,no_response
2084,on_track,stable,on time,90,48,app,low,10.3,direct_rx,,
2085,on_track,stable,on time,60,14,phone,low,11.8,hcp,,
2086,on_track,stable,on time,90,43,app,low,10.4,direct_rx,,
2087,on_track,long_term,on time,30,8,app,moderate,24.1,hcp,,
2088,on_track,stable,on time,30,0,phone,low,11.1,transfer,,
2089,on_track,stable,on time,30,5,app,moderate,11.6,hcp,,
2090,lapsed,long_term,missed,30,77,phone,moderate,16.8,direct_rx,16,no_response
2091,on_track,long_term,on time,90,59,app,moderate,33.2,hcp,,
2092,on_track,stable,on time,30,8,phone,moderate,11.2,direct_rx,,
2093,on_track,early,on time,60,41,app,moderate,0.2,hcp,,
2094,on_track,stable,on time,30,23,phone,low,11.4,direct_rx,,
2095,on_track,early,on time,90,58,phone,moderate,2.0,hcp,,
2096,on_track,long_term,on time,60,26,app,low,19.3,hcp,,
2097,on_track,early,on time,30,4,app,low,1.8,direct_rx,,
2098,on_track,stable,on time,90,65,phone,low,10.9,direct_rx,,
2099,on_track,stable,on time,30,2,phone,moderate,11.7,direct_rx,,
2100,on_track,early,on time,30,19,none,moderate,0.5,transfer,,
2101,lapsing,early,delayed,90,120,phone,high,2.1,direct_rx,3,not_working
2102,lapsed,early,missed,60,193,app,high,1.2,direct_rx,1,forgot_or_routine
2103,on_track,long_term,on time,30,1,app,low,35.8,hcp,,
2104,on_track,stable,on time,60,44,app,low,9.4,direct_rx,,
2105,lapsed,stable,missed,30,57,phone,moderate,10.1,direct_rx,10,side_effects
2106,lapsing,early,delayed,60,91,app,moderate,2.5,hcp,3,side_effects
2107,on_track,long_term,on time,90,62,app,moderate,16.5,transfer,,
2108,on_track,early,on time,90,34,app,low,2.3,direct_rx,,
2109,on_track,stable,on time,30,20,app,low,11.4,transfer,,
2110,lapsed,early,missed,60,107,phone,high,2.7,direct_rx,2,forgot_or_routine
2111,lapsed,early,missed,60,238,none,moderate,0.9,transfer,1,not_working
2112,on_track,early,on time,30,9,app,low,1.8,transfer,,
2113,on_track,early,on time,30,7,app,low,0.5,hcp,,
2114,lapsing,stable,delayed,30,44,none,moderate,4.7,direct_rx,5,no_response
2115,on_track,stable,on time,30,10,phone,moderate,10.2,direct_rx,,
2116,lapsing,early,delayed,90,127,phone,moderate,1.1,transfer,2,forgot_or_routine
2117,lapsing,stable,delayed,60,85,none,moderate,10.2,hcp,11,cost_or_coverage
2118,on_track,long_term,on time,30,10,app,moderate,27.1,direct_rx,,
2119,on_track,early,on time,60,47,app,low,0.1,direct_rx,,
2120,on_track,stable,on time,60,39,app,moderate,11.0,transfer,,
2121,on_track,stable,on time,60,35,app,low,8.6,hcp,,
2122,lapsing,stable,delayed,30,36,app,moderate,8.1,direct_rx,9,cost_or_coverage
2123,lapsing,stable,delayed,60,82,none,moderate,3.3,transfer,4,forgot_or_routine
2124,on_track,long_term,on time,30,15,phone,low,19.6,hcp,,
2125,on_track,early,on time,30,8,none,low,2.7,direct_rx,,
2126,lapsing,early,delayed,30,32,app,moderate,2.1,transfer,3,side_effects
2127,on_track,long_term,on time,60,29,phone,low,22.3,direct_rx,,
2128,on_track,stable,on time,60,42,none,low,11.6,hcp,,
2129,on_track,early,on time,30,11,app,low,0.5,hcp,,
2130,on_track,stable,on time,30,15,none,low,11.6,hcp,,
2131,on_track,long_term,on time,30,3,phone,low,27.9,hcp,,
2132,on_track,stable,on time,60,45,phone,low,10.0,direct_rx,,
2133,lapsing,stable,delayed,60,86,none,moderate,3.1,direct_rx,4,felt_better
2134,on_track,long_term,on time,90,7,app,low,18.0,hcp,,
2135,lapsed,stable,missed,90,179,phone,high,10.2,hcp,8,forgot_or_routine
2136,on_track,early,on time,30,15,phone,low,1.1,transfer,,
2137,lapsing,early,delayed,30,31,phone,moderate,1.7,direct_rx,2,not_working
2138,lapsing,early,delayed,60,67,none,high,0.5,direct_rx,1,cost_or_coverage
2139,on_track,long_term,on time,30,12,app,low,34.9,transfer,,
2140,lapsing,early,delayed,90,134,none,moderate,0.1,direct_rx,1,forgot_or_routine
2141,on_track,stable,on time,60,12,none,low,11.3,hcp,,
2142,lapsing,early,delayed,90,107,app,moderate,2.5,direct_rx,3,no_response
2143,on_track,early,on time,30,0,app,moderate,2.2,hcp,,
2144,lapsing,early,delayed,90,104,app,high,2.0,hcp,2,cost_or_coverage
2145,lapsing,early,delayed,60,95,phone,high,1.3,hcp,2,felt_better
2146,on_track,long_term,on time,60,30,phone,moderate,14.7,hcp,,
2147,on_track,stable,on time,90,2,phone,moderate,11.6,direct_rx,,
2148,lapsing,early,delayed,30,43,app,moderate,1.2,direct_rx,2,side_effects
2149,on_track,stable,on time,60,41,app,low,7.9,direct_rx,,
2150,on_track,stable,on time,30,15,phone,low,11.9,hcp,,
2151,on_track,stable,on time,30,1,app,moderate,9.1,direct_rx,,
2152,on_track,early,on time,30,17,phone,low,0.3,direct_rx,,
2153,on_track,stable,on time,60,4,app,moderate,10.3,direct_rx,,
2154,lapsed,stable,missed,90,217,phone,high,5.6,direct_rx,2,forgot_or_routine
2155,on_track,early,on time,30,8,app,moderate,0.7,direct_rx,,
2156,on_track,stable,on time,60,34,app,low,11.1,direct_rx,,
2157,on_track,stable,on time,30,2,app,moderate,11.7,hcp,,
2158,lapsed,early,missed,30,67,phone,high,0.6,direct_rx,1,no_response
2159,on_track,long_term,on time,30,8,none,low,26.6,hcp,,
2160,lapsing,early,delayed,30,34,phone,high,2.2,direct_rx,3,no_response
2161,on_track,stable,on time,60,13,phone,moderate,10.7,direct_rx,,
2162,on_track,stable,on time,30,21,app,moderate,11.4,direct_rx,,
2163,on_track,stable,on time,90,72,none,low,11.7,hcp,,
2164,lapsed,early,missed,90,285,none,high,1.5,direct_rx,1,side_effects
2165,on_track,stable,on time,30,3,none,moderate,11.2,direct_rx,,
2166,on_track,stable,on time,90,57,app,low,10.5,transfer,,
2167,lapsed,long_term,missed,30,81,none,moderate,29.8,hcp,29,forgot_or_routine
2168,lapsing,early,delayed,60,79,app,moderate,1.9,direct_rx,2,no_response
2169,lapsing,early,delayed,90,126,phone,moderate,0.7,hcp,1,side_effects
2170,on_track,early,on time,90,63,phone,moderate,1.8,direct_rx,,
2171,on_track,long_term,on time,90,63,phone,low,24.3,direct_rx,,
2172,on_track,stable,on time,60,8,app,moderate,11.1,transfer,,
2173,lapsing,stable,delayed,60,90,none,moderate,8.8,direct_rx,9,forgot_or_routine
2174,on_track,early,on time,60,15,none,low,2.2,direct_rx,,
2175,lapsed,early,missed,90,327,phone,high,1.9,direct_rx,1,side_effects
2176,on_track,stable,on time,30,23,app,low,10.7,hcp,,
2177,on_track,early,on time,30,17,app,low,1.9,direct_rx,,
2178,on_track,stable,on time,90,47,none,low,11.5,transfer,,
2179,lapsed,early,missed,60,217,phone,moderate,0.1,direct_rx,1,cost_or_coverage
2180,lapsing,stable,delayed,30,40,app,high,3.2,hcp,4,forgot_or_routine
2181,lapsing,early,delayed,90,107,phone,high,2.5,hcp,3,no_response
2182,on_track,stable,on time,60,18,app,low,12.0,direct_rx,,
2183,lapsed,stable,missed,30,75,phone,high,8.9,direct_rx,8,cost_or_coverage
2184,on_track,stable,on time,90,21,none,moderate,11.3,hcp,,
2185,on_track,early,on time,30,14,phone,low,2.6,direct_rx,,
2186,lapsing,early,delayed,30,32,none,moderate,2.9,direct_rx,3,not_working
2187,on_track,early,on time,30,20,none,low,0.7,direct_rx,,
2188,on_track,stable,on time,30,18,none,moderate,11.8,direct_rx,,
2189,on_track,early,on time,30,10,app,moderate,0.8,transfer,,
2190,lapsing,long_term,delayed,60,85,phone,high,28.0,transfer,28,no_response
2191,on_track,early,on time,30,6,phone,low,0.5,direct_rx,,
2192,on_track,long_term,on time,30,2,app,low,24.3,direct_rx,,
2193,lapsed,stable,missed,30,113,phone,high,3.2,hcp,1,forgot_or_routine
2194,lapsed,early,missed,30,76,phone,high,2.6,direct_rx,2,side_effects
2195,lapsing,stable,delayed,30,42,phone,high,7.6,hcp,8,no_response
2196,on_track,stable,on time,30,14,app,moderate,12.0,direct_rx,,
2197,on_track,stable,on time,90,12,app,low,11.8,direct_rx,,
2198,on_track,stable,on time,90,60,none,low,10.3,direct_rx,,
2199,on_track,early,on time,30,23,phone,moderate,2.2,transfer,,
2200,on_track,long_term,on time,30,9,phone,low,15.6,hcp,,
2201,lapsing,stable,delayed,60,70,app,moderate,6.2,hcp,7,felt_better
2202,lapsing,long_term,delayed,60,76,app,high,29.3,direct_rx,30,side_effects
2203,lapsing,early,delayed,90,136,phone,high,1.1,direct_rx,2,felt_better
2204,on_track,early,on time,30,2,none,moderate,2.9,direct_rx,,
2205,lapsed,early,missed,30,115,app,moderate,0.4,hcp,1,side_effects
2206,lapsing,early,delayed,30,32,phone,moderate,2.4,direct_rx,3,cost_or_coverage
2207,on_track,long_term,on time,30,21,phone,moderate,17.5,transfer,,
2208,on_track,long_term,on time,60,44,phone,moderate,35.9,direct_rx,,
2209,on_track,stable,on time,30,16,phone,low,9.6,transfer,,
2210,on_track,long_term,on time,30,11,phone,moderate,25.9,direct_rx,,
2211,lapsed,stable,missed,30,110,app,high,5.1,hcp,3,cost_or_coverage
2212,on_track,early,on time,90,67,phone,low,0.6,direct_rx,,
2213,lapsed,stable,missed,60,156,none,high,8.6,direct_rx,6,cost_or_coverage
2214,on_track,long_term,on time,30,17,app,moderate,18.1,direct_rx,,
2215,on_track,early,on time,30,0,app,low,1.7,hcp,,
2216,on_track,long_term,on time,30,23,phone,low,33.1,direct_rx,,
2217,on_track,stable,on time,90,53,phone,low,10.7,transfer,,
2218,on_track,long_term,on time,30,4,app,low,21.5,direct_rx,,
2219,lapsed,early,missed,30,74,phone,moderate,2.9,direct_rx,2,side_effects
2220,lapsing,early,delayed,30,48,app,moderate,2.1,hcp,3,forgot_or_routine
2221,on_track,stable,on time,30,24,app,moderate,10.7,transfer,,
2222,on_track,stable,on time,30,6,app,low,9.2,hcp,,
2223,lapsed,early,missed,90,288,app,high,0.7,direct_rx,1,not_working
2224,on_track,stable,on time,60,35,none,low,9.5,hcp,,
2225,on_track,long_term,on time,30,5,none,low,29.1,hcp,,
2226,on_track,stable,on time,90,50,app,low,11.0,direct_rx,,
2227,lapsing,early,delayed,60,94,app,moderate,0.8,hcp,1,side_effects
2228,lapsing,early,delayed,30,41,app,moderate,2.6,direct_rx,3,cost_or_coverage
2229,on_track,stable,on time,30,23,app,low,11.8,direct_rx,,
2230,on_track,stable,on time,30,18,app,low,11.3,direct_rx,,
2231,on_track,early,on time,90,6,app,moderate,0.4,direct_rx,,
2232,on_track,early,on time,30,4,app,low,2.8,direct_rx,,
2233,on_track,long_term,on time,60,17,app,low,15.7,direct_rx,,
2234,on_track,stable,on time,90,54,phone,low,10.2,transfer,,
2235,on_track,long_term,on time,30,8,phone,moderate,22.1,direct_rx,,
2236,on_track,stable,on time,60,26,phone,moderate,10.8,direct_rx,,
2237,lapsing,stable,delayed,30,45,phone,moderate,9.3,direct_rx,10,forgot_or_routine
2238,on_track,early,on time,30,21,app,moderate,2.2,direct_rx,,
2239,on_track,early,on time,60,25,app,low,0.1,hcp,,
2240,on_track,early,on time,60,0,app,low,0.4,hcp,,
2241,on_track,early,on time,60,25,app,moderate,2.7,direct_rx,,
2242,lapsed,long_term,missed,30,110,none,high,31.0,direct_rx,29,side_effects
2243,lapsed,early,missed,30,84,phone,high,2.5,direct_rx,1,felt_better
2244,on_track,stable,on time,30,24,none,moderate,11.8,direct_rx,,
2245,on_track,stable,on time,30,23,phone,low,11.9,direct_rx,,
2246,on_track,early,on time,30,20,app,low,2.3,direct_rx,,
2247,on_track,long_term,on time,30,5,phone,moderate,18.0,transfer,,
2248,lapsing,early,delayed,90,106,app,moderate,2.5,hcp,3,felt_better
2249,on_track,early,on time,30,2,app,moderate,2.0,hcp,,
2250,lapsed,early,missed,30,71,app,high,1.4,hcp,1,not_working
2251,lapsed,stable,missed,90,247,phone,moderate,4.3,direct_rx,1,not_working
2252,on_track,stable,on time,30,13,none,moderate,9.1,transfer,,
2253,on_track,long_term,on time,30,2,phone,low,16.2,direct_rx,,
2254,on_track,stable,on time,30,2,phone,low,10.0,hcp,,
2255,on_track,long_term,on time,90,48,app,moderate,17.8,transfer,,
2256,lapsing,long_term,delayed,90,132,app,high,29.1,hcp,30,no_response
2257,on_track,stable,on time,30,14,phone,low,12.0,direct_rx,,
2258,lapsed,early,missed,30,95,app,moderate,2.7,direct_rx,1,felt_better
2259,lapsing,early,delayed,30,33,app,moderate,2.0,transfer,2,not_working
2260,lapsing,early,delayed,30,35,none,moderate,3.0,transfer,3,side_effects
2261,on_track,long_term,on time,60,15,app,low,32.0,direct_rx,,
2262,on_track,stable,on time,30,18,app,moderate,11.3,hcp,,
2263,on_track,stable,on time,90,31,none,moderate,8.8,hcp,,
2264,on_track,early,on time,60,17,app,low,0.9,direct_rx,,
2265,on_track,early,on time,90,52,phone,low,0.1,hcp,,
2266,lapsing,stable,delayed,90,100,app,moderate,9.9,direct_rx,10,no_response
2267,on_track,stable,on time,60,14,app,low,11.5,hcp,,
2268,lapsing,long_term,delayed,30,37,app,moderate,27.4,direct_rx,28,no_response
2269,on_track,early,on time,30,20,none,low,0.3,transfer,,
2270,lapsing,stable,delayed,60,96,app,moderate,4.0,direct_rx,4,not_working
2271,lapsing,early,delayed,30,43,phone,high,1.1,hcp,2,no_response
2272,on_track,early,on time,30,15,app,low,2.7,direct_rx,,
2273,on_track,early,on time,30,7,app,moderate,1.2,direct_rx,,
2274,lapsing,early,delayed,30,33,none,high,2.3,transfer,3,side_effects
2275,lapsed,early,missed,30,86,phone,high,1.6,direct_rx,1,side_effects
2276,on_track,early,on time,30,10,app,low,1.3,transfer,,
2277,lapsing,early,delayed,30,35,app,moderate,2.0,direct_rx,2,cost_or_coverage
2278,lapsed,early,missed,30,112,phone,high,2.9,direct_rx,1,side_effects
2279,lapsing,early,delayed,30,34,none,high,2.0,direct_rx,2,side_effects
2280,on_track,long_term,on time,30,20,app,low,19.5,direct_rx,,
2281,lapsing,early,delayed,60,67,phone,moderate,2.8,transfer,3,forgot_or_routine
2282,on_track,early,on time,30,20,phone,low,0.6,direct_rx,,
2283,on_track,early,on time,30,23,none,low,3.0,hcp,,
2284,lapsed,early,missed,30,110,app,high,2.0,hcp,1,forgot_or_routine
2285,on_track,early,on time,90,29,phone,low,2.3,hcp,,
2286,lapsed,early,missed,30,65,phone,moderate,2.6,hcp,2,no_response
2287,lapsed,early,missed,30,89,phone,high,1.6,direct_rx,1,side_effects
2288,on_track,early,on time,90,56,phone,low,1.3,direct_rx,,
2289,on_track,long_term,on time,30,0,app,low,27.8,hcp,,
2290,lapsing,early,delayed,90,126,app,moderate,2.5,hcp,3,no_response
2291,on_track,early,on time,30,20,app,moderate,2.4,transfer,,
2292,on_track,early,on time,30,24,app,moderate,1.6,hcp,,
2293,on_track,stable,on time,90,10,app,moderate,10.7,direct_rx,,
2294,on_track,stable,on time,30,22,phone,low,10.5,hcp,,
2295,on_track,stable,on time,90,69,phone,moderate,11.8,hcp,,
2296,lapsed,stable,missed,90,243,phone,high,11.7,hcp,7,cost_or_coverage
2297,lapsing,early,delayed,60,90,phone,moderate,0.5,direct_rx,1,no_response
2298,on_track,early,on time,30,14,app,moderate,2.4,direct_rx,,
2299,lapsed,stable,missed,90,250,app,high,7.2,direct_rx,2,not_working
2300,on_track,long_term,on time,30,22,phone,low,21.9,hcp,,
2301,lapsing,long_term,delayed,30,46,app,moderate,32.4,direct_rx,33,cost_or_coverage
2302,on_track,stable,on time,30,2,app,moderate,11.9,hcp,,
2303,on_track,stable,on time,90,71,app,low,10.9,direct_rx,,
2304,on_track,long_term,on time,60,8,app,low,20.1,direct_rx,,
2305,on_track,stable,on time,30,8,phone,moderate,10.2,transfer,,
2306,lapsed,early,missed,90,318,app,moderate,0.0,hcp,1,side_effects
2307,on_track,stable,on time,60,4,app,low,11.4,direct_rx,,
2308,on_track,stable,on time,30,19,none,low,11.3,direct_rx,,
2309,lapsed,stable,missed,30,83,app,high,3.3,hcp,2,side_effects
2310,on_track,early,on time,60,11,app,low,1.3,direct_rx,,
2311,on_track,stable,on time,30,16,app,moderate,10.1,direct_rx,,
2312,lapsed,long_term,missed,30,114,app,moderate,29.7,hcp,27,side_effects
2313,lapsed,early,missed,30,103,none,high,1.2,direct_rx,1,no_response
2314,on_track,stable,on time,60,22,none,low,9.7,direct_rx,,
2315,on_track,early,on time,60,8,app,low,2.2,hcp,,
2316,on_track,long_term,on time,30,6,phone,low,35.9,direct_rx,,
2317,on_track,long_term,on time,30,13,app,moderate,20.3,hcp,,
2318,on_track,stable,on time,30,15,phone,moderate,11.5,direct_rx,,
2319,on_track,stable,on time,30,16,phone,moderate,11.6,direct_rx,,
2320,lapsed,early,missed,90,224,app,moderate,2.9,hcp,1,cost_or_coverage
2321,on_track,early,on time,30,17,app,moderate,1.7,transfer,,
2322,lapsing,early,delayed,30,39,phone,high,2.6,direct_rx,3,side_effects
2323,lapsed,stable,missed,30,120,phone,high,3.3,hcp,1,side_effects
2324,on_track,early,on time,30,21,none,low,1.2,direct_rx,,
2325,on_track,long_term,on time,60,36,none,low,32.1,direct_rx,,
2326,on_track,long_term,on time,30,12,none,low,20.7,direct_rx,,
2327,on_track,stable,on time,60,38,phone,low,10.1,direct_rx,,
2328,on_track,stable,on time,60,32,phone,moderate,12.0,direct_rx,,
2329,on_track,early,on time,30,19,none,low,0.2,hcp,,
2330,lapsing,early,delayed,30,36,phone,high,0.4,direct_rx,1,not_working
2331,on_track,stable,on time,60,1,app,moderate,8.2,hcp,,
2332,on_track,early,on time,90,24,none,low,2.5,hcp,,
2333,on_track,stable,on time,30,12,phone,moderate,8.7,hcp,,
2334,lapsing,early,delayed,30,48,phone,high,2.8,direct_rx,3,side_effects
2335,on_track,stable,on time,30,14,app,low,11.0,hcp,,
2336,on_track,long_term,on time,90,50,phone,moderate,20.7,direct_rx,,
2337,lapsing,early,delayed,30,34,phone,moderate,0.3,direct_rx,1,forgot_or_routine
2338,on_track,stable,on time,30,23,none,low,9.8,direct_rx,,
2339,on_track,stable,on time,30,4,phone,low,6.8,direct_rx,,
2340,lapsing,early,delayed,90,91,phone,moderate,0.4,direct_rx,1,side_effects
2341,lapsed,early,missed,30,53,none,high,2.2,direct_rx,2,side_effects
2342,on_track,early,on time,30,12,none,moderate,2.6,direct_rx,,
2343,on_track,long_term,on time,30,15,app,low,28.2,direct_rx,,
2344,lapsed,early,missed,90,314,phone,high,1.5,hcp,1,not_working
2345,lapsed,early,missed,60,229,none,moderate,1.0,transfer,1,side_effects
2346,on_track,stable,on time,60,48,phone,low,11.3,direct_rx,,
2347,on_track,stable,on time,60,24,none,moderate,8.9,direct_rx,,
2348,on_track,stable,on time,30,19,app,low,10.1,hcp,,
2349,on_track,stable,on time,90,69,app,moderate,11.5,hcp,,
2350,on_track,long_term,on time,30,18,app,low,22.9,direct_rx,,
2351,lapsing,stable,delayed,30,34,app,high,4.6,direct_rx,5,no_response
2352,on_track,early,on time,30,14,app,low,1.1,direct_rx,,
2353,on_track,stable,on time,30,6,phone,low,10.4,hcp,,
2354,on_track,long_term,on time,30,23,phone,low,17.8,direct_rx,,
2355,lapsed,stable,missed,60,183,phone,high,7.0,hcp,3,side_effects
2356,on_track,stable,on time,30,13,app,low,10.1,direct_rx,,
2357,on_track,long_term,on time,90,55,none,moderate,20.4,direct_rx,,
2358,lapsing,early,delayed,30,31,phone,high,1.4,hcp,2,side_effects
2359,lapsing,stable,delayed,30,38,none,moderate,7.0,hcp,7,cost_or_coverage
2360,on_track,stable,on time,30,3,app,low,11.7,direct_rx,,
2361,on_track,early,on time,30,14,none,low,0.8,direct_rx,,
2362,on_track,early,on time,30,22,phone,low,1.7,transfer,,
2363,on_track,long_term,on time,60,8,app,moderate,19.5,hcp,,
2364,on_track,stable,on time,90,23,phone,low,6.5,hcp,,
2365,on_track,long_term,on time,30,20,none,moderate,16.8,hcp,,
2366,on_track,stable,on time,90,36,phone,low,11.8,direct_rx,,
2367,on_track,early,on time,30,13,none,low,1.7,hcp,,
2368,on_track,early,on time,60,40,none,moderate,0.7,hcp,,
2369,lapsing,early,delayed,30,48,phone,high,1.6,hcp,2,cost_or_coverage
2370,on_track,early,on time,30,16,phone,low,0.4,direct_rx,,
2371,on_track,stable,on time,30,14,app,low,11.8,hcp,,
2372,on_track,stable,on time,90,10,app,low,9.4,transfer,,
2373,on_track,early,on time,90,7,phone,low,2.3,direct_rx,,
2374,on_track,long_term,on time,30,13,app,moderate,23.5,hcp,,
2375,on_track,stable,on time,30,20,phone,moderate,11.7,direct_rx,,
2376,lapsing,early,delayed,30,47,app,moderate,1.6,hcp,2,no_response
2377,on_track,long_term,on time,30,2,phone,low,24.8,hcp,,
2378,on_track,early,on time,90,50,app,low,2.2,hcp,,
2379,on_track,stable,on time,60,40,phone,low,11.7,direct_rx,,
2380,on_track,early,on time,30,15,app,moderate,1.0,transfer,,
2381,on_track,stable,on time,30,6,phone,moderate,11.2,hcp,,
2382,lapsed,long_term,missed,30,52,app,high,19.4,direct_rx,19,felt_better
2383,on_track,early,on time,30,4,app,low,2.3,hcp,,
2384,on_track,stable,on time,30,24,none,low,11.6,direct_rx,,
2385,on_track,stable,on time,60,45,phone,moderate,10.8,hcp,,
2386,on_track,long_term,on time,30,11,none,moderate,20.5,hcp,,
2387,lapsing,early,delayed,30,35,app,high,1.8,transfer,2,no_response
2388,lapsing,early,delayed,90,133,app,moderate,2.4,transfer,3,side_effects
2389,on_track,long_term,on time,30,4,app,moderate,27.6,direct_rx,,
2390,on_track,stable,on time,90,21,phone,low,10.5,hcp,,
2391,on_track,stable,on time,30,24,none,low,11.9,direct_rx,,
2392,on_track,early,on time,30,21,phone,low,1.8,direct_rx,,
2393,lapsing,early,delayed,60,71,phone,moderate,2.5,hcp,3,not_working
2394,on_track,stable,on time,30,1,phone,moderate,11.5,direct_rx,,
2395,lapsed,long_term,missed,30,120,app,high,32.2,hcp,30,no_response
2396,on_track,stable,on time,30,10,app,low,9.0,transfer,,
2397,on_track,long_term,on time,60,27,none,moderate,27.6,direct_rx,,
2398,on_track,stable,on time,30,15,phone,low,10.5,hcp,,
2399,on_track,long_term,on time,30,10,phone,low,31.9,direct_rx,,
2400,on_track,stable,on time,30,5,none,moderate,10.3,transfer,,
2401,lapsed,early,missed,30,91,none,high,0.5,direct_rx,1,side_effects
2402,lapsing,early,delayed,90,104,app,moderate,1.0,hcp,1,forgot_or_routine
2403,on_track,early,on time,90,36,app,low,2.2,direct_rx,,
2404,on_track,early,on time,30,6,app,low,0.5,direct_rx,,
2405,on_track,long_term,on time,30,14,app,moderate,30.5,hcp,,
2406,on_track,long_term,on time,30,5,phone,low,31.9,direct_rx,,
2407,lapsed,early,missed,60,229,none,high,1.4,direct_rx,1,forgot_or_routine
2408,on_track,long_term,on time,30,20,app,moderate,14.4,direct_rx,,
2409,on_track,stable,on time,90,17,none,low,8.1,hcp,,
2410,on_track,early,on time,60,8,none,low,1.8,hcp,,
2411,lapsed,long_term,missed,30,73,phone,high,23.1,hcp,22,side_effects
2412,on_track,early,on time,60,31,app,moderate,0.5,direct_rx,,
2413,on_track,stable,on time,30,18,app,low,10.4,hcp,,
2414,on_track,early,on time,30,24,app,low,2.8,direct_rx,,
2415,on_track,stable,on time,30,16,phone,low,11.8,hcp,,
2416,lapsed,early,missed,30,106,app,high,0.4,hcp,1,no_response
2417,on_track,long_term,on time,30,14,none,low,12.6,direct_rx,,
2418,on_track,stable,on time,30,5,app,low,11.3,direct_rx,,
2419,on_track,long_term,on time,30,6,none,low,33.3,transfer,,
2420,lapsing,early,delayed,30,33,app,high,1.3,transfer,2,no_response
2421,on_track,early,on time,60,31,none,low,2.1,hcp,,
2422,on_track,early,on time,30,2,app,moderate,0.4,hcp,,
2423,lapsing,stable,delayed,30,45,app,high,9.6,direct_rx,10,no_response
2424,on_track,stable,on time,30,24,none,moderate,11.6,direct_rx,,
2425,lapsed,long_term,missed,30,113,phone,moderate,24.9,direct_rx,23,forgot_or_routine
2426,on_track,stable,on time,30,7,app,moderate,11.4,hcp,,
2427,on_track,early,on time,60,46,app,moderate,2.4,hcp,,
2428,lapsing,early,delayed,90,133,none,moderate,0.3,transfer,1,side_effects
2429,lapsed,early,missed,30,93,phone,moderate,0.6,hcp,1,cost_or_coverage
2430,on_track,early,on time,90,46,phone,low,1.5,direct_rx,,
2431,lapsed,stable,missed,60,203,phone,moderate,8.2,transfer,4,cost_or_coverage
2432,on_track,long_term,on time,60,37,app,low,27.8,hcp,,
2433,on_track,early,on time,60,11,app,moderate,0.3,hcp,,
2434,on_track,long_term,on time,30,11,app,low,26.9,hcp,,
2435,lapsed,early,missed,30,93,app,high,0.5,transfer,1,side_effects
2436,on_track,long_term,on time,30,16,none,low,28.7,direct_rx,,
2437,on_track,stable,on time,30,4,app,moderate,10.1,direct_rx,,
2438,lapsed,stable,missed,30,76,app,high,4.1,direct_rx,3,not_working
2439,on_track,early,on time,30,4,phone,low,1.2,direct_rx,,
2440,on_track,long_term,on time,30,23,app,low,17.9,hcp,,
2441,on_track,stable,on time,30,0,app,low,10.1,hcp,,
2442,lapsing,early,delayed,30,33,app,high,0.5,hcp,1,no_response
2443,on_track,long_term,on time,30,16,app,moderate,23.6,hcp,,
2444,lapsing,early,delayed,90,93,app,moderate,2.7,hcp,3,side_effects
2445,lapsing,early,delayed,30,44,app,high,1.6,transfer,2,no_response
2446,on_track,early,on time,30,21,none,moderate,2.5,direct_rx,,
2447,on_track,long_term,on time,30,21,app,moderate,12.7,direct_rx,,
2448,on_track,long_term,on time,30,10,none,low,33.9,direct_rx,,
2449,on_track,early,on time,30,11,phone,moderate,2.6,hcp,,
2450,on_track,stable,on time,30,13,app,low,11.4,direct_rx,,
2451,on_track,stable,on time,30,9,none,moderate,10.5,hcp,,
2452,lapsing,stable,delayed,60,66,phone,moderate,11.9,hcp,12,cost_or_coverage
2453,lapsing,stable,delayed,30,35,phone,moderate,11.1,hcp,12,cost_or_coverage
2454,on_track,early,on time,30,7,phone,low,0.2,direct_rx,,
2455,on_track,stable,on time,30,11,app,low,10.9,direct_rx,,
2456,on_track,early,on time,30,8,none,moderate,2.0,hcp,,
2457,lapsed,early,missed,60,193,app,high,2.5,hcp,1,not_working
2458,lapsing,early,delayed,30,37,app,moderate,2.6,direct_rx,3,no_response
2459,on_track,long_term,on time,30,22,app,low,35.0,hcp,,
2460,on_track,long_term,on time,60,28,phone,moderate,19.0,direct_rx,,
2461,on_track,early,on time,30,22,app,low,1.9,direct_rx,,
2462,lapsed,stable,missed,30,88,app,high,3.2,direct_rx,2,not_working
2463,on_track,stable,on time,30,23,none,low,11.1,transfer,,
2464,on_track,long_term,on time,30,4,app,moderate,23.2,direct_rx,,
2465,lapsing,long_term,delayed,30,38,app,moderate,24.5,direct_rx,25,no_response
2466,lapsed,stable,missed,30,65,app,high,5.1,direct_rx,4,cost_or_coverage
2467,lapsed,long_term,missed,90,170,phone,high,13.5,hcp,11,side_effects
2468,lapsing,early,delayed,30,43,app,high,1.9,hcp,2,no_response
2469,on_track,early,on time,60,12,none,low,2.2,direct_rx,,
2470,lapsed,stable,missed,30,82,app,high,6.5,direct_rx,5,cost_or_coverage
2471,on_track,stable,on time,90,54,none,low,11.0,hcp,,
2472,lapsing,early,delayed,30,45,phone,high,1.3,direct_rx,2,not_working
2473,on_track,stable,on time,30,14,phone,low,10.6,direct_rx,,
2474,on_track,long_term,on time,30,4,app,low,29.2,hcp,,
2475,lapsing,stable,delayed,30,35,phone,moderate,9.7,direct_rx,10,felt_better
2476,lapsing,long_term,delayed,30,38,app,moderate,21.7,transfer,22,not_working
2477,lapsed,long_term,missed,30,60,phone,moderate,25.8,direct_rx,25,no_response
2478,lapsed,stable,missed,30,95,app,moderate,3.2,direct_rx,2,no_response
2479,on_track,long_term,on time,30,5,phone,low,18.0,hcp,,
2480,on_track,stable,on time,30,13,phone,low,11.4,hcp,,
2481,on_track,stable,on time,90,45,none,moderate,10.6,direct_rx,,
2482,lapsed,stable,missed,60,203,app,high,3.6,direct_rx,1,side_effects
2483,on_track,long_term,on time,30,16,phone,low,30.7,direct_rx,,
2484,on_track,early,on time,90,43,app,low,2.7,direct_rx,,
2485,lapsing,long_term,delayed,90,121,app,moderate,17.7,direct_rx,18,side_effects
2486,lapsing,stable,delayed,30,43,phone,high,4.1,hcp,5,felt_better
2487,lapsing,stable,delayed,30,47,app,moderate,10.1,direct_rx,11,no_response
2488,lapsing,stable,delayed,60,87,app,high,12.0,hcp,12,no_response
2489,lapsing,early,delayed,90,91,app,moderate,1.6,transfer,2,not_working
2490,lapsing,stable,delayed,30,33,phone,moderate,3.7,direct_rx,4,not_working
2491,on_track,stable,on time,30,6,none,moderate,9.5,direct_rx,,
2492,on_track,stable,on time,30,16,app,low,11.2,direct_rx,,
2493,lapsing,early,delayed,60,93,app,high,0.7,direct_rx,1,side_effects
2494,on_track,early,on time,30,19,phone,low,0.5,direct_rx,,
2495,lapsing,early,delayed,60,69,app,moderate,2.7,direct_rx,3,not_working
2496,lapsing,early,delayed,30,48,app,high,0.1,hcp,1,not_working
2497,lapsed,early,missed,90,163,phone,high,0.2,direct_rx,1,no_response
2498,on_track,stable,on time,30,5,phone,moderate,10.8,direct_rx,,
2499,on_track,long_term,on time,60,10,app,low,26.6,hcp,,
2500,on_track,stable,on time,60,26,app,moderate,9.8,transfer,,
2501,on_track,stable,on time,60,32,app,low,11.5,direct_rx,,
2502,on_track,stable,on time,30,17,app,low,10.6,direct_rx,,
2503,on_track,stable,on time,30,7,phone,low,9.4,direct_rx,,
2504,on_track,stable,on time,30,1,none,moderate,11.7,direct_rx,,
2505,on_track,stable,on time,90,52,phone,moderate,9.7,hcp,,
2506,on_track,long_term,on time,30,15,none,low,15.8,hcp,,
2507,on_track,long_term,on time,30,16,phone,low,32.2,direct_rx,,
2508,lapsed,long_term,missed,30,69,none,high,25.1,hcp,24,forgot_or_routine
2509,on_track,early,on time,30,10,app,low,1.1,direct_rx,,
2510,on_track,stable,on time,30,6,app,moderate,10.0,transfer,,
2511,on_track,long_term,on time,30,19,none,low,23.2,direct_rx,,
2512,on_track,stable,on time,90,26,phone,low,11.5,hcp,,
2513,on_track,long_term,on time,30,16,app,low,30.3,direct_rx,,
2514,lapsed,early,missed,30,80,none,high,2.4,direct_rx,1,forgot_or_routine
2515,on_track,long_term,on time,30,20,app,low,27.6,direct_rx,,
2516,on_track,early,on time,30,7,app,low,1.5,direct_rx,,
2517,lapsed,long_term,missed,90,297,app,moderate,28.9,direct_rx,22,cost_or_coverage
2518,on_track,stable,on time,60,11,app,low,11.0,hcp,,
2519,lapsing,early,delayed,30,46,app,moderate,1.4,direct_rx,2,not_working
2520,lapsing,early,delayed,60,72,app,moderate,0.2,hcp,1,forgot_or_routine
2521,on_track,stable,on time,60,20,app,moderate,11.8,hcp,,
2522,on_track,early,on time,90,57,app,low,2.1,direct_rx,,
2523,on_track,stable,on time,90,44,phone,moderate,11.8,hcp,,
2524,on_track,stable,on time,90,61,app,low,9.2,direct_rx,,
2525,on_track,stable,on time,60,37,none,moderate,9.2,transfer,,
2526,lapsing,stable,delayed,90,119,phone,moderate,7.7,direct_rx,8,forgot_or_routine
2527,lapsed,early,missed,30,61,phone,high,2.3,hcp,2,side_effects
2528,lapsed,early,missed,90,266,phone,high,1.2,hcp,1,side_effects
2529,on_track,early,on time,90,11,app,low,1.9,direct_rx,,
2530,lapsing,early,delayed,30,36,phone,moderate,0.2,direct_rx,1,no_response
2531,on_track,stable,on time,30,24,app,low,10.9,direct_rx,,
2532,on_track,early,on time,30,15,app,low,2.3,direct_rx,,
2533,on_track,stable,on time,30,6,none,moderate,11.7,direct_rx,,
2534,on_track,stable,on time,30,21,app,low,11.9,direct_rx,,
2535,lapsed,long_term,missed,60,176,app,high,34.7,hcp,31,side_effects
2536,on_track,early,on time,30,4,app,moderate,1.1,direct_rx,,
2537,on_track,early,on time,30,11,none,low,1.1,direct_rx,,
2538,lapsing,stable,delayed,30,47,none,moderate,5.3,direct_rx,6,cost_or_coverage
2539,on_track,stable,on time,30,2,app,moderate,11.2,direct_rx,,
2540,on_track,long_term,on time,30,12,phone,low,29.7,direct_rx,,
2541,on_track,early,on time,90,28,app,moderate,2.1,direct_rx,,
2542,on_track,stable,on time,30,9,app,moderate,10.9,direct_rx,,
2543,on_track,stable,on time,90,26,phone,moderate,11.1,hcp,,
2544,lapsed,early,missed,30,68,none,high,2.0,direct_rx,1,forgot_or_routine
2545,lapsing,stable,delayed,60,63,app,high,7.3,direct_rx,8,felt_better
2546,on_track,stable,on time,60,3,app,low,6.1,direct_rx,,
2547,lapsing,stable,delayed,30,44,none,high,8.6,transfer,9,forgot_or_routine
2548,on_track,long_term,on time,60,37,app,low,26.0,hcp,,
2549,on_track,stable,on time,30,21,none,low,6.5,hcp,,
2550,on_track,stable,on time,30,17,phone,moderate,9.0,direct_rx,,
2551,lapsed,early,missed,30,97,app,high,2.4,direct_rx,1,not_working
2552,lapsing,stable,delayed,30,42,none,moderate,3.2,direct_rx,4,no_response
2553,on_track,stable,on time,30,13,app,moderate,11.3,hcp,,
2554,lapsing,long_term,delayed,30,34,none,moderate,33.8,direct_rx,34,felt_better
2555,on_track,stable,on time,60,6,app,low,11.7,direct_rx,,
2556,lapsed,early,missed,30,96,none,moderate,0.9,direct_rx,1,not_working
2557,on_track,stable,on time,30,7,phone,moderate,10.2,direct_rx,,
2558,on_track,stable,on time,60,43,app,low,11.0,direct_rx,,
2559,on_track,stable,on time,30,8,none,moderate,9.6,transfer,,
2560,lapsing,long_term,delayed,30,32,phone,high,25.9,hcp,26,side_effects
2561,on_track,early,on time,90,25,phone,moderate,1.4,direct_rx,,
2562,on_track,stable,on time,60,15,app,low,11.4,direct_rx,,
2563,lapsed,early,missed,30,62,phone,high,1.5,transfer,1,side_effects
2564,on_track,early,on time,90,24,app,low,2.1,direct_rx,,
2565,on_track,stable,on time,30,23,app,moderate,11.2,direct_rx,,
2566,lapsing,early,delayed,30,35,app,high,0.4,direct_rx,1,side_effects
2567,on_track,early,on time,60,31,app,moderate,1.5,direct_rx,,
2568,on_track,early,on time,30,14,phone,low,1.7,direct_rx,,
2569,lapsed,stable,missed,30,102,app,high,3.4,hcp,1,forgot_or_routine
2570,lapsing,stable,delayed,30,36,app,moderate,10.6,transfer,11,no_response
2571,on_track,stable,on time,60,35,none,low,11.4,hcp,,
2572,on_track,stable,on time,30,12,none,low,11.1,hcp,,
2573,lapsed,early,missed,30,106,none,moderate,1.9,direct_rx,1,no_response
2574,on_track,early,on time,90,46,app,low,0.9,direct_rx,,
2575,lapsed,early,missed,90,268,phone,high,1.7,direct_rx,1,side_effects
2576,lapsing,long_term,delayed,30,41,app,high,17.6,direct_rx,18,no_response
2577,on_track,stable,on time,30,17,app,low,11.3,hcp,,
2578,on_track,stable,on time,60,25,app,low,9.9,direct_rx,,
2579,lapsing,early,delayed,30,48,phone,high,2.7,direct_rx,3,side_effects
2580,lapsing,early,delayed,30,31,phone,high,2.7,hcp,3,no_response
2581,on_track,stable,on time,30,14,app,moderate,11.0,direct_rx,,
2582,lapsed,stable,missed,30,52,app,high,3.1,hcp,3,side_effects
2583,on_track,early,on time,30,21,phone,low,0.5,transfer,,
2584,on_track,stable,on time,90,13,app,moderate,10.3,direct_rx,,
2585,on_track,long_term,on time,60,5,app,moderate,23.8,direct_rx,,
2586,on_track,stable,on time,60,19,none,moderate,11.4,hcp,,
2587,on_track,long_term,on time,90,61,phone,low,23.4,direct_rx,,
2588,on_track,stable,on time,30,18,app,low,10.8,transfer,,
2589,lapsed,stable,missed,60,110,phone,moderate,5.2,direct_rx,4,no_response
2590,lapsing,early,delayed,30,40,app,moderate,0.3,direct_rx,1,side_effects
2591,on_track,early,on time,60,34,app,low,1.8,direct_rx,,
2592,on_track,stable,on time,30,2,phone,moderate,11.8,hcp,,
2593,lapsing,early,delayed,30,34,phone,moderate,2.8,hcp,3,no_response
2594,on_track,long_term,on time,60,44,none,low,34.5,transfer,,
2595,on_track,stable,on time,30,20,app,low,11.6,hcp,,
2596,on_track,long_term,on time,60,45,none,low,27.6,direct_rx,,
2597,on_track,early,on time,60,40,none,low,2.3,hcp,,
2598,on_track,long_term,on time,60,38,none,moderate,15.3,direct_rx,,
2599,lapsed,stable,missed,30,114,phone,moderate,3.3,transfer,1,side_effects
2600,on_track,early,on time,90,38,none,moderate,0.5,direct_rx,,
2601,on_track,long_term,on time,30,4,none,low,16.8,transfer,,
2602,lapsed,early,missed,30,57,app,high,2.9,direct_rx,2,felt_better
2603,on_track,stable,on time,90,1,app,moderate,10.4,hcp,,
2604,on_track,stable,on time,90,34,app,low,11.3,direct_rx,,
2605,lapsing,stable,delayed,90,119,phone,moderate,5.9,direct_rx,6,felt_better
2606,on_track,stable,on time,30,4,app,moderate,7.8,hcp,,
2607,lapsing,stable,delayed,60,64,app,high,4.4,transfer,5,no_response
2608,lapsing,early,delayed,30,48,app,moderate,1.2,direct_rx,2,cost_or_coverage
2609,on_track,stable,on time,60,8,app,low,10.3,direct_rx,,
2610,lapsing,early,delayed,60,66,app,high,2.7,direct_rx,3,side_effects
2611,on_track,early,on time,60,22,app,low,1.2,direct_rx,,
2612,on_track,long_term,on time,60,14,phone,moderate,22.6,direct_rx,,
2613,on_track,long_term,on time,60,47,app,low,18.9,direct_rx,,
2614,on_track,stable,on time,30,10,none,low,9.5,direct_rx,,
2615,lapsing,long_term,delayed,60,68,none,high,28.1,hcp,29,no_response
2616,on_track,stable,on time,30,2,app,moderate,10.8,direct_rx,,
2617,on_track,stable,on time,60,2,app,moderate,9.7,direct_rx,,
2618,lapsing,early,delayed,60,79,none,high,0.8,hcp,1,forgot_or_routine
2619,on_track,long_term,on time,60,28,phone,low,17.4,direct_rx,,
2620,on_track,early,on time,30,10,phone,low,1.2,direct_rx,,
2621,on_track,stable,on time,30,22,app,low,7.3,transfer,,
2622,on_track,stable,on time,60,7,none,moderate,11.3,direct_rx,,
2623,on_track,early,on time,30,3,app,low,1.3,direct_rx,,
2624,on_track,early,on time,30,23,app,low,2.5,direct_rx,,
2625,on_track,stable,on time,90,27,app,low,11.7,direct_rx,,
2626,lapsed,early,missed,60,127,phone,high,1.6,direct_rx,1,not_working
2627,on_track,stable,on time,90,62,phone,low,11.3,hcp,,
2628,on_track,stable,on time,30,4,app,low,10.1,direct_rx,,
2629,on_track,early,on time,30,1,phone,low,0.0,hcp,,
2630,on_track,early,on time,90,6,phone,moderate,0.3,transfer,,
2631,on_track,stable,on time,90,10,app,low,11.0,transfer,,
2632,on_track,early,on time,30,8,none,moderate,2.9,hcp,,
2633,lapsing,early,delayed,60,77,app,moderate,0.2,hcp,1,not_working
2634,lapsing,early,delayed,30,39,phone,moderate,1.2,direct_rx,2,side_effects
2635,lapsing,early,delayed,30,35,app,high,0.2,hcp,1,cost_or_coverage
2636,on_track,long_term,on time,30,8,none,low,31.1,direct_rx,,
2637,on_track,stable,on time,30,5,app,low,9.7,direct_rx,,
2638,on_track,early,on time,30,18,app,low,2.8,direct_rx,,
2639,lapsed,early,missed,30,92,phone,high,1.0,transfer,1,side_effects
2640,on_track,stable,on time,90,57,phone,moderate,8.0,hcp,,
2641,on_track,early,on time,30,7,phone,low,1.3,direct_rx,,
2642,on_track,stable,on time,30,5,phone,low,9.9,hcp,,
2643,on_track,stable,on time,30,20,app,low,11.4,direct_rx,,
2644,on_track,long_term,on time,60,22,app,moderate,14.2,transfer,,
2645,lapsing,early,delayed,60,91,phone,moderate,2.2,direct_rx,3,cost_or_coverage
2646,on_track,stable,on time,30,3,phone,low,11.8,transfer,,
2647,lapsed,stable,missed,30,59,app,high,5.2,hcp,5,no_response
2648,lapsing,long_term,delayed,60,84,app,high,15.7,hcp,16,no_response
2649,on_track,long_term,on time,60,42,phone,low,34.1,hcp,,
2650,lapsing,stable,delayed,30,42,none,moderate,3.7,transfer,4,forgot_or_routine
2651,lapsed,stable,missed,90,315,phone,moderate,6.9,hcp,1,cost_or_coverage
2652,on_track,early,on time,90,72,app,moderate,2.0,direct_rx,,
2653,lapsed,early,missed,60,185,app,moderate,1.0,direct_rx,1,cost_or_coverage
2654,on_track,stable,on time,60,31,phone,low,12.0,transfer,,
2655,on_track,early,on time,60,1,phone,moderate,1.5,direct_rx,,
2656,on_track,stable,on time,60,36,phone,low,9.2,hcp,,
2657,on_track,early,on time,30,17,app,low,1.1,hcp,,
2658,on_track,early,on time,30,0,app,low,2.4,direct_rx,,
2659,lapsed,early,missed,60,103,app,high,2.5,hcp,2,side_effects
2660,lapsed,early,missed,30,83,app,high,0.4,hcp,1,no_response
2661,on_track,early,on time,60,45,app,low,2.6,direct_rx,,
2662,on_track,stable,on time,60,16,app,low,9.6,direct_rx,,
2663,lapsing,early,delayed,60,87,app,moderate,2.5,direct_rx,3,side_effects
2664,on_track,early,on time,30,24,phone,low,0.6,direct_rx,,
2665,on_track,long_term,on time,30,14,app,low,23.0,direct_rx,,
2666,on_track,early,on time,30,3,app,moderate,1.1,hcp,,
2667,lapsing,stable,delayed,60,93,app,moderate,3.3,direct_rx,4,no_response
2668,on_track,long_term,on time,30,16,phone,moderate,22.3,direct_rx,,
2669,on_track,long_term,on time,60,7,none,low,25.2,transfer,,
2670,lapsing,early,delayed,30,39,app,moderate,1.8,direct_rx,2,side_effects
2671,on_track,stable,on time,30,12,none,moderate,10.5,direct_rx,,
2672,on_track,stable,on time,30,22,phone,moderate,10.4,hcp,,
2673,on_track,stable,on time,30,24,phone,moderate,10.1,direct_rx,,
2674,on_track,stable,on time,90,62,phone,moderate,11.9,direct_rx,,
2675,on_track,early,on time,60,14,app,low,1.6,direct_rx,,
2676,on_track,long_term,on time,30,11,none,low,13.9,hcp,,
2677,lapsing,early,delayed,90,130,app,moderate,0.7,direct_rx,1,no_response
2678,on_track,stable,on time,30,0,none,moderate,10.2,direct_rx,,
2679,lapsed,early,missed,30,55,phone,high,0.3,hcp,1,forgot_or_routine
2680,on_track,early,on time,30,12,app,low,0.7,hcp,,
2681,on_track,long_term,on time,30,10,app,low,35.4,transfer,,
2682,lapsing,stable,delayed,30,43,app,high,5.5,direct_rx,6,side_effects
2683,on_track,long_term,on time,60,12,app,moderate,30.3,direct_rx,,
2684,on_track,stable,on time,30,21,app,low,9.9,transfer,,
2685,on_track,early,on time,30,7,app,low,1.7,direct_rx,,
2686,on_track,long_term,on time,60,5,app,low,36.0,hcp,,
2687,lapsed,stable,missed,30,71,none,high,4.0,direct_rx,3,not_working
2688,on_track,stable,on time,90,45,phone,low,11.6,hcp,,
2689,on_track,stable,on time,30,19,none,low,10.9,hcp,,
2690,on_track,stable,on time,90,3,app,low,8.3,direct_rx,,
2691,on_track,early,on time,30,20,none,low,1.6,transfer,,
2692,on_track,early,on time,90,29,phone,moderate,2.2,hcp,,
2693,lapsing,stable,delayed,30,46,none,moderate,8.5,direct_rx,9,no_response
2694,lapsed,stable,missed,30,86,app,moderate,7.2,direct_rx,6,no_response
2695,on_track,early,on time,30,12,app,moderate,0.5,direct_rx,,
2696,on_track,stable,on time,30,9,app,moderate,8.9,direct_rx,,
2697,on_track,early,on time,30,1,phone,low,0.1,direct_rx,,
2698,lapsing,early,delayed,30,38,phone,moderate,1.8,direct_rx,2,no_response
2699,on_track,early,on time,30,1,app,low,1.9,direct_rx,,
2700,on_track,stable,on time,60,25,phone,low,11.6,direct_rx,,
2701,on_track,long_term,on time,60,18,none,low,26.7,hcp,,
2702,on_track,stable,on time,30,10,phone,low,10.4,direct_rx,,
2703,lapsing,stable,delayed,90,117,none,moderate,3.1,direct_rx,4,cost_or_coverage
2704,lapsed,early,missed,90,227,app,moderate,0.7,hcp,1,not_working
2705,on_track,stable,on time,30,23,app,low,8.6,hcp,,
2706,lapsing,early,delayed,60,65,phone,moderate,0.6,direct_rx,1,not_working
2707,lapsing,early,delayed,30,34,none,moderate,1.5,direct_rx,2,no_response
2708,on_track,stable,on time,30,20,phone,low,8.5,direct_rx,,
2709,on_track,stable,on time,60,40,none,moderate,11.8,direct_rx,,
2710,on_track,long_term,on time,30,18,app,low,17.0,hcp,,
2711,lapsed,early,missed,30,77,app,moderate,1.3,hcp,1,side_effects
2712,lapsing,early,delayed,30,45,phone,moderate,2.0,hcp,2,side_effects
2713,on_track,early,on time,60,27,app,low,2.6,transfer,,
2714,lapsed,early,missed,90,345,app,high,2.3,hcp,1,no_response
2715,on_track,long_term,on time,90,21,phone,moderate,20.6,direct_rx,,
2716,on_track,stable,on time,30,18,app,low,10.1,direct_rx,,
2717,on_track,early,on time,30,9,phone,low,1.3,direct_rx,,
2718,lapsing,stable,delayed,30,48,none,high,3.6,hcp,4,no_response
2719,on_track,long_term,on time,30,1,phone,low,22.1,hcp,,
2720,on_track,long_term,on time,30,15,none,low,32.1,hcp,,
2721,on_track,early,on time,90,58,phone,low,0.1,direct_rx,,
2722,on_track,early,on time,30,16,app,low,1.8,direct_rx,,
2723,on_track,stable,on time,30,16,app,moderate,12.0,hcp,,
2724,on_track,early,on time,60,1,none,low,1.2,direct_rx,,
2725,on_track,stable,on time,90,25,app,low,11.7,direct_rx,,
2726,on_track,stable,on time,60,2,phone,low,10.1,hcp,,
2727,on_track,early,on time,30,7,phone,moderate,1.6,hcp,,
2728,on_track,stable,on time,90,70,phone,low,11.6,hcp,,
2729,lapsed,stable,missed,90,259,phone,moderate,5.4,direct_rx,1,cost_or_coverage
2730,on_track,early,on time,30,20,phone,moderate,1.3,direct_rx,,
2731,lapsing,stable,delayed,30,45,phone,moderate,5.3,transfer,6,no_response
2732,on_track,early,on time,30,22,app,low,0.6,hcp,,
2733,lapsed,early,missed,90,348,phone,high,0.1,direct_rx,1,no_response
2734,on_track,early,on time,90,42,app,low,2.0,direct_rx,,
2735,on_track,stable,on time,60,39,app,low,8.6,transfer,,
2736,on_track,long_term,on time,30,2,app,low,30.8,direct_rx,,
2737,on_track,long_term,on time,60,35,none,moderate,29.2,transfer,,
2738,on_track,early,on time,30,1,none,low,1.5,direct_rx,,
2739,on_track,stable,on time,30,16,phone,moderate,10.8,direct_rx,,
2740,on_track,early,on time,30,11,app,low,0.2,direct_rx,,
2741,lapsing,stable,delayed,90,127,none,moderate,3.7,hcp,4,side_effects
2742,lapsing,stable,delayed,90,97,phone,moderate,7.0,hcp,7,felt_better
2743,on_track,long_term,on time,90,27,app,low,29.2,hcp,,
2744,lapsed,long_term,missed,30,70,none,high,16.1,hcp,15,felt_better
2745,on_track,long_term,on time,30,19,app,low,35.7,hcp,,
2746,on_track,stable,on time,60,47,app,moderate,11.5,direct_rx,,
2747,lapsing,early,delayed,90,97,app,moderate,1.6,direct_rx,2,side_effects
2748,on_track,early,on time,30,3,app,low,2.9,direct_rx,,
2749,on_track,stable,on time,90,49,none,low,11.3,transfer,,
2750,lapsing,early,delayed,30,36,app,moderate,2.4,direct_rx,3,no_response
2751,lapsing,stable,delayed,30,39,app,high,3.2,direct_rx,4,forgot_or_routine
2752,on_track,stable,on time,30,20,phone,moderate,10.5,hcp,,
2753,on_track,long_term,on time,30,13,app,low,19.4,direct_rx,,
2754,on_track,stable,on time,30,11,app,low,11.5,direct_rx,,
2755,lapsed,long_term,missed,90,316,phone,moderate,35.1,hcp,28,side_effects
2756,lapsed,long_term,missed,60,129,phone,moderate,16.9,transfer,15,no_response
2757,on_track,stable,on time,30,6,app,low,11.4,direct_rx,,
2758,lapsing,stable,delayed,30,42,app,moderate,8.6,transfer,9,cost_or_coverage
2759,lapsing,long_term,delayed,90,119,phone,high,20.0,direct_rx,20,forgot_or_routine
2760,on_track,stable,on time,90,56,app,low,11.7,direct_rx,,
2761,on_track,long_term,on time,90,1,phone,low,18.4,transfer,,
2762,lapsing,early,delayed,60,76,none,moderate,0.6,direct_rx,1,not_working
2763,lapsing,long_term,delayed,30,34,app,moderate,17.7,direct_rx,18,felt_better
2764,lapsed,early,missed,30,116,app,moderate,3.0,hcp,1,forgot_or_routine
2765,lapsed,stable,missed,60,157,app,high,3.9,direct_rx,1,forgot_or_routine
2766,lapsing,stable,delayed,30,40,app,high,5.5,transfer,6,felt_better
2767,on_track,stable,on time,30,15,app,low,9.9,hcp,,
2768,on_track,stable,on time,60,33,phone,low,10.7,direct_rx,,
2769,on_track,early,on time,30,12,none,low,1.4,direct_rx,,
2770,on_track,early,on time,60,29,phone,low,2.5,direct_rx,,
2771,on_track,stable,on time,30,24,phone,moderate,11.9,direct_rx,,
2772,lapsing,stable,delayed,60,84,app,high,4.2,hcp,5,side_effects
2773,lapsing,stable,delayed,30,45,none,moderate,9.2,direct_rx,10,no_response
2774,on_track,stable,on time,60,6,app,low,10.9,transfer,,
2775,lapsing,early,delayed,90,117,phone,moderate,2.6,direct_rx,3,side_effects
2776,on_track,long_term,on time,90,21,none,moderate,27.9,transfer,,
2777,lapsing,early,delayed,30,32,app,moderate,1.9,direct_rx,2,no_response
2778,lapsed,early,missed,60,117,phone,high,1.3,direct_rx,1,side_effects
2779,on_track,stable,on time,30,8,none,low,11.8,direct_rx,,
2780,on_track,early,on time,30,21,none,moderate,1.0,hcp,,
2781,on_track,long_term,on time,30,19,app,moderate,14.5,hcp,,
2782,on_track,stable,on time,30,17,app,moderate,8.2,direct_rx,,
2783,lapsing,early,delayed,30,33,app,moderate,2.2,hcp,3,forgot_or_routine
2784,on_track,early,on time,30,17,phone,moderate,1.3,direct_rx,,
2785,on_track,stable,on time,30,19,phone,low,10.6,direct_rx,,
2786,on_track,early,on time,30,16,phone,moderate,0.3,hcp,,
2787,on_track,stable,on time,60,16,phone,low,10.6,transfer,,
2788,lapsed,early,missed,30,72,app,high,2.9,transfer,2,side_effects
2789,lapsed,early,missed,90,327,app,high,0.9,hcp,1,no_response
2790,lapsing,early,delayed,30,34,none,moderate,2.0,direct_rx,2,forgot_or_routine
2791,on_track,long_term,on time,90,55,phone,low,22.7,direct_rx,,
2792,on_track,stable,on time,30,23,none,low,8.9,direct_rx,,
2793,on_track,long_term,on time,90,23,app,low,16.4,direct_rx,,
2794,on_track,early,on time,30,2,phone,moderate,2.4,hcp,,
2795,lapsing,early,delayed,30,44,app,moderate,1.4,direct_rx,2,no_response
2796,on_track,long_term,on time,30,3,phone,low,29.8,direct_rx,,
2797,on_track,long_term,on time,60,17,phone,moderate,33.0,hcp,,
2798,on_track,long_term,on time,90,60,phone,low,16.9,direct_rx,,
2799,lapsing,early,delayed,30,48,phone,high,1.4,transfer,2,no_response
2800,on_track,early,on time,60,18,phone,low,1.1,transfer,,
2801,on_track,stable,on time,30,24,app,low,11.2,direct_rx,,
2802,on_track,stable,on time,60,14,none,moderate,11.5,direct_rx,,
2803,on_track,long_term,on time,30,11,none,moderate,23.0,hcp,,
2804,lapsing,early,delayed,30,31,app,high,0.5,hcp,1,side_effects
2805,on_track,early,on time,90,10,phone,low,1.7,hcp,,
2806,lapsing,stable,delayed,30,44,app,moderate,3.4,direct_rx,4,cost_or_coverage
2807,lapsed,early,missed,30,72,phone,high,2.1,direct_rx,1,not_working
2808,lapsing,early,delayed,90,122,app,high,2.7,direct_rx,3,no_response
2809,on_track,long_term,on time,30,8,none,low,13.7,direct_rx,,
2810,on_track,stable,on time,60,7,phone,low,11.1,hcp,,
2811,lapsing,early,delayed,30,40,phone,high,2.0,direct_rx,2,side_effects
2812,on_track,stable,on time,30,2,app,moderate,11.1,hcp,,
2813,on_track,early,on time,30,8,phone,low,2.1,direct_rx,,
2814,lapsed,early,missed,60,169,app,high,1.5,direct_rx,1,side_effects
2815,lapsing,stable,delayed,90,118,app,high,10.6,direct_rx,11,cost_or_coverage
2816,lapsing,early,delayed,30,43,app,high,2.4,direct_rx,3,side_effects
2817,on_track,long_term,on time,30,2,app,moderate,24.5,direct_rx,,
2818,lapsing,early,delayed,30,39,app,moderate,2.4,direct_rx,3,side_effects
2819,on_track,stable,on time,60,12,none,moderate,11.5,hcp,,
2820,on_track,early,on time,30,10,app,low,1.7,transfer,,
2821,lapsing,early,delayed,60,82,app,moderate,0.5,hcp,1,forgot_or_routine
2822,on_track,long_term,on time,30,24,phone,moderate,15.6,hcp,,
2823,on_track,stable,on time,30,4,app,low,11.1,hcp,,
2824,lapsed,stable,missed,60,229,phone,moderate,11.6,hcp,6,no_response
2825,on_track,stable,on time,90,68,phone,moderate,10.0,direct_rx,,
2826,on_track,long_term,on time,90,38,phone,low,12.2,direct_rx,,
2827,on_track,stable,on time,30,17,app,low,9.8,hcp,,
2828,lapsed,early,missed,90,179,app,moderate,1.1,direct_rx,1,cost_or_coverage
2829,on_track,stable,on time,30,5,app,low,10.4,direct_rx,,
2830,on_track,long_term,on time,30,18,phone,low,34.3,direct_rx,,
2831,lapsing,long_term,delayed,30,40,app,high,17.2,hcp,18,side_effects
2832,on_track,early,on time,30,16,phone,moderate,1.0,hcp,,
2833,on_track,early,on time,90,28,phone,low,1.3,hcp,,
2834,on_track,early,on time,60,26,app,low,2.6,hcp,,
2835,lapsing,early,delayed,30,47,app,high,2.5,direct_rx,3,forgot_or_routine
2836,lapsing,early,delayed,60,95,app,moderate,0.5,direct_rx,1,no_response
2837,on_track,long_term,on time,30,5,phone,low,28.6,hcp,,
2838,on_track,stable,on time,60,26,app,low,11.9,transfer,,
2839,on_track,stable,on time,30,22,phone,low,11.1,hcp,,
2840,lapsing,early,delayed,60,64,phone,moderate,1.0,hcp,1,no_response
2841,on_track,long_term,on time,90,47,none,low,26.7,direct_rx,,
2842,lapsed,stable,missed,60,207,none,high,10.9,direct_rx,6,forgot_or_routine
2843,on_track,stable,on time,60,33,none,moderate,11.3,direct_rx,,
2844,on_track,early,on time,60,41,phone,moderate,0.4,direct_rx,,
2845,on_track,stable,on time,90,71,phone,moderate,11.8,transfer,,
2846,lapsed,early,missed,30,51,phone,moderate,0.4,direct_rx,1,side_effects
2847,on_track,early,on time,90,19,none,low,1.2,direct_rx,,
2848,on_track,long_term,on time,90,70,app,low,32.2,direct_rx,,
2849,on_track,stable,on time,60,14,app,low,11.2,transfer,,
2850,on_track,long_term,on time,30,23,app,low,18.7,direct_rx,,
2851,on_track,early,on time,60,28,app,low,0.2,direct_rx,,
2852,lapsing,early,delayed,30,42,phone,high,2.8,direct_rx,3,cost_or_coverage
2853,on_track,stable,on time,30,24,none,low,11.2,hcp,,
2854,on_track,early,on time,30,2,app,low,1.6,hcp,,
2855,on_track,stable,on time,30,17,none,low,10.3,direct_rx,,
2856,lapsing,early,delayed,60,82,none,moderate,1.7,transfer,2,side_effects
2857,on_track,early,on time,60,27,app,moderate,1.1,direct_rx,,
2858,lapsing,early,delayed,30,45,app,high,2.6,hcp,3,cost_or_coverage
2859,on_track,stable,on time,90,6,none,low,10.8,hcp,,
2860,lapsing,early,delayed,30,42,phone,moderate,1.7,direct_rx,2,side_effects
2861,on_track,stable,on time,30,16,phone,low,10.7,hcp,,
2862,on_track,early,on time,30,22,app,low,2.1,hcp,,
2863,on_track,long_term,on time,30,21,phone,moderate,21.6,hcp,,
2864,on_track,early,on time,30,7,app,low,2.4,hcp,,
2865,on_track,early,on time,90,33,none,low,2.9,direct_rx,,
2866,on_track,long_term,on time,60,6,phone,low,34.6,hcp,,
2867,on_track,early,on time,60,12,none,low,1.1,hcp,,
2868,lapsing,early,delayed,30,37,phone,high,1.2,transfer,2,cost_or_coverage
2869,on_track,early,on time,30,20,phone,low,2.2,direct_rx,,
2870,on_track,long_term,on time,90,29,app,moderate,13.4,direct_rx,,
2871,on_track,long_term,on time,30,2,app,moderate,28.7,direct_rx,,
2872,lapsed,long_term,missed,30,87,app,moderate,32.3,direct_rx,31,forgot_or_routine
2873,on_track,stable,on time,90,51,phone,low,11.3,direct_rx,,
2874,on_track,early,on time,30,1,app,low,1.6,hcp,,
2875,on_track,long_term,on time,30,14,app,moderate,18.5,direct_rx,,
2876,on_track,long_term,on time,90,72,none,low,31.0,hcp,,
2877,on_track,long_term,on time,60,35,app,low,31.5,direct_rx,,
2878,on_track,early,on time,30,16,app,moderate,2.5,direct_rx,,
2879,on_track,long_term,on time,30,5,app,moderate,30.2,direct_rx,,
2880,on_track,stable,on time,90,54,phone,moderate,11.5,direct_rx,,
2881,on_track,early,on time,30,0,phone,moderate,2.8,hcp,,
2882,on_track,stable,on time,90,63,app,low,10.2,hcp,,
2883,on_track,stable,on time,30,13,app,moderate,10.1,direct_rx,,
2884,on_track,long_term,on time,90,53,app,low,21.1,direct_rx,,
2885,lapsed,early,missed,90,284,phone,high,1.9,hcp,1,no_response
2886,lapsing,stable,delayed,30,33,none,high,5.6,hcp,6,no_response
2887,on_track,early,on time,60,48,app,moderate,0.6,transfer,,
2888,on_track,stable,on time,60,22,phone,moderate,11.9,direct_rx,,
2889,on_track,long_term,on time,90,21,app,moderate,13.0,direct_rx,,
2890,on_track,early,on time,90,6,phone,moderate,2.2,direct_rx,,
2891,on_track,stable,on time,60,13,app,low,11.6,hcp,,
2892,on_track,stable,on time,60,4,phone,moderate,10.7,direct_rx,,
2893,on_track,early,on time,30,23,app,moderate,1.0,hcp,,
2894,on_track,stable,on time,60,12,app,low,11.0,direct_rx,,
2895,on_track,early,on time,90,23,app,moderate,0.0,direct_rx,,
2896,lapsing,early,delayed,90,126,app,moderate,2.8,hcp,3,side_effects
2897,lapsed,long_term,missed,30,119,app,high,34.8,direct_rx,32,no_response
2898,on_track,long_term,on time,30,23,phone,moderate,27.7,transfer,,
2899,on_track,stable,on time,60,17,app,low,11.7,hcp,,
2900,on_track,long_term,on time,30,16,app,low,13.3,direct_rx,,
2901,lapsed,stable,missed,30,58,phone,high,6.5,direct_rx,6,side_effects
2902,on_track,early,on time,30,16,app,low,0.2,hcp,,
2903,on_track,stable,on time,90,0,app,low,6.9,direct_rx,,
2904,on_track,stable,on time,90,68,app,low,10.7,hcp,,
2905,lapsing,early,delayed,30,35,phone,moderate,1.2,direct_rx,2,cost_or_coverage
2906,on_track,early,on time,60,17,phone,moderate,2.8,direct_rx,,
2907,lapsed,early,missed,90,308,phone,high,1.4,hcp,1,side_effects
2908,on_track,stable,on time,90,7,app,moderate,10.7,direct_rx,,
2909,lapsing,stable,delayed,30,48,app,moderate,7.5,hcp,8,cost_or_coverage
2910,on_track,long_term,on time,30,24,app,moderate,12.6,hcp,,
2911,on_track,stable,on time,60,38,none,moderate,10.5,direct_rx,,
2912,on_track,stable,on time,30,18,phone,low,10.9,direct_rx,,
2913,on_track,stable,on time,30,19,phone,moderate,11.2,hcp,,
2914,on_track,stable,on time,60,48,app,low,9.1,direct_rx,,
2915,on_track,stable,on time,30,12,app,low,11.1,hcp,,
2916,lapsed,early,missed,60,217,none,moderate,2.8,transfer,1,no_response
2917,on_track,stable,on time,60,44,phone,moderate,9.7,hcp,,
2918,lapsing,early,delayed,30,37,none,moderate,1.5,direct_rx,2,cost_or_coverage
2919,on_track,stable,on time,60,8,phone,low,9.7,direct_rx,,
2920,on_track,early,on time,90,26,phone,moderate,2.8,direct_rx,,
2921,lapsed,stable,missed,30,108,none,high,10.8,transfer,9,side_effects
2922,lapsing,stable,delayed,30,45,none,high,11.8,hcp,12,cost_or_coverage
2923,on_track,stable,on time,30,4,app,low,8.4,direct_rx,,
2924,on_track,early,on time,30,24,phone,low,0.1,hcp,,
2925,on_track,stable,on time,30,21,app,moderate,11.0,direct_rx,,
2926,lapsing,early,delayed,90,138,phone,high,0.1,hcp,1,no_response
2927,on_track,long_term,on time,30,4,app,low,30.8,transfer,,
2928,lapsed,early,missed,30,87,app,high,0.4,direct_rx,1,not_working
2929,on_track,stable,on time,30,9,phone,low,10.1,direct_rx,,
2930,lapsed,early,missed,30,106,phone,high,1.5,direct_rx,1,felt_better
2931,on_track,stable,on time,30,23,none,low,11.0,hcp,,
2932,on_track,stable,on time,90,35,app,low,10.1,direct_rx,,
2933,on_track,early,on time,30,4,app,low,0.9,hcp,,
2934,on_track,early,on time,30,7,phone,moderate,0.5,direct_rx,,
2935,on_track,stable,on time,30,7,phone,low,11.0,direct_rx,,
2936,on_track,stable,on time,90,47,app,low,10.5,hcp,,
2937,on_track,early,on time,30,20,app,low,1.6,direct_rx,,
2938,on_track,stable,on time,90,38,phone,moderate,9.8,transfer,,
2939,lapsing,stable,delayed,90,140,none,high,7.1,transfer,8,felt_better
2940,lapsed,early,missed,30,88,phone,high,2.6,hcp,1,cost_or_coverage
2941,on_track,stable,on time,90,42,phone,low,11.6,direct_rx,,
2942,on_track,long_term,on time,30,24,none,low,12.7,direct_rx,,
2943,on_track,long_term,on time,30,3,none,low,32.4,direct_rx,,
2944,on_track,early,on time,30,23,none,moderate,2.3,direct_rx,,
2945,lapsing,early,delayed,60,71,none,moderate,2.8,direct_rx,3,cost_or_coverage
2946,lapsing,stable,delayed,60,96,app,moderate,5.8,hcp,6,cost_or_coverage
2947,lapsing,early,delayed,30,42,app,high,2.5,hcp,3,not_working
2948,on_track,stable,on time,90,50,none,low,11.6,transfer,,
2949,lapsing,early,delayed,90,112,none,high,1.4,direct_rx,2,no_response
2950,on_track,stable,on time,60,23,app,low,11.3,direct_rx,,
2951,on_track,early,on time,90,21,app,moderate,1.6,direct_rx,,
2952,on_track,stable,on time,30,22,phone,low,11.6,direct_rx,,
2953,on_track,long_term,on time,30,24,app,moderate,32.4,hcp,,
2954,lapsed,early,missed,30,73,app,high,1.8,direct_rx,1,no_response
2955,on_track,stable,on time,30,14,app,moderate,11.9,direct_rx,,
2956,on_track,stable,on time,30,5,none,low,11.1,hcp,,
2957,lapsing,early,delayed,30,34,app,moderate,2.6,direct_rx,3,not_working
2958,lapsing,stable,delayed,90,122,app,moderate,10.5,hcp,11,forgot_or_routine
2959,lapsed,long_term,missed,30,73,app,high,27.6,hcp,27,cost_or_coverage
2960,lapsed,long_term,missed,30,119,phone,moderate,19.4,transfer,17,no_response
2961,lapsed,early,missed,60,186,phone,moderate,0.8,direct_rx,1,cost_or_coverage
2962,on_track,stable,on time,30,4,phone,moderate,8.5,hcp,,
2963,lapsing,early,delayed,30,43,phone,high,3.0,hcp,3,side_effects
2964,on_track,early,on time,30,5,app,low,1.8,direct_rx,,
2965,lapsing,early,delayed,30,35,none,moderate,1.9,direct_rx,2,cost_or_coverage
2966,on_track,stable,on time,30,21,phone,low,6.3,hcp,,
2967,on_track,long_term,on time,60,36,app,low,16.0,direct_rx,,
2968,on_track,stable,on time,90,51,app,low,10.8,direct_rx,,
2969,on_track,long_term,on time,30,12,phone,moderate,26.1,hcp,,
2970,on_track,early,on time,30,3,app,low,0.2,hcp,,
2971,on_track,stable,on time,90,57,none,low,11.0,hcp,,
2972,on_track,stable,on time,60,39,app,low,11.5,hcp,,
2973,lapsing,stable,delayed,30,37,none,high,3.2,direct_rx,4,forgot_or_routine
2974,on_track,long_term,on time,90,0,phone,low,12.5,direct_rx,,
2975,lapsing,early,delayed,30,47,none,moderate,0.3,direct_rx,1,forgot_or_routine
2976,on_track,early,on time,30,2,app,low,0.7,direct_rx,,
2977,on_track,long_term,on time,90,5,app,low,15.8,hcp,,
2978,lapsing,early,delayed,30,46,none,moderate,2.0,direct_rx,2,not_working
2979,on_track,early,on time,60,45,phone,low,1.2,direct_rx,,
2980,lapsed,stable,missed,90,338,phone,high,6.7,transfer,1,no_response
2981,lapsing,stable,delayed,30,32,phone,moderate,7.5,hcp,8,cost_or_coverage
2982,lapsing,long_term,delayed,30,42,phone,moderate,28.3,transfer,29,cost_or_coverage
2983,lapsed,stable,missed,30,61,app,high,3.1,hcp,3,not_working
2984,on_track,stable,on time,30,13,phone,low,11.0,direct_rx,,
2985,on_track,early,on time,60,15,phone,low,1.7,hcp,,
2986,on_track,stable,on time,30,17,phone,moderate,10.9,hcp,,
2987,on_track,stable,on time,90,0,app,low,11.5,hcp,,
2988,on_track,long_term,on time,90,7,phone,low,12.3,direct_rx,,
2989,on_track,early,on time,60,21,none,moderate,2.8,direct_rx,,
2990,on_track,stable,on time,90,46,app,low,11.8,direct_rx,,
2991,on_track,early,on time,30,6,phone,low,2.9,hcp,,
2992,on_track,long_term,on time,30,4,phone,moderate,26.8,direct_rx,,
2993,on_track,early,on time,30,3,none,low,0.9,transfer,,
2994,on_track,stable,on time,90,62,none,low,10.0,direct_rx,,
2995,lapsing,long_term,delayed,30,47,none,moderate,18.1,direct_rx,19,no_response
2996,lapsing,stable,delayed,30,37,phone,high,10.7,hcp,11,forgot_or_routine
2997,lapsing,early,delayed,90,127,none,moderate,1.0,direct_rx,1,forgot_or_routine
2998,on_track,stable,on time,60,42,none,low,10.5,direct_rx,,
2999,on_track,long_term,on time,60,34,app,low,14.6,direct_rx,,
3000,on_track,early,on time,60,0,app,low,1.3,hcp,,
3001,on_track,early,on time,60,24,app,moderate,1.8,direct_rx,,
3002,on_track,stable,on time,90,49,app,moderate,9.7,direct_rx,,
3003,lapsing,stable,delayed,90,114,phone,high,5.4,hcp,6,felt_better
3004,on_track,long_term,on time,60,17,none,low,27.8,hcp,,
3005,on_track,stable,on time,90,54,app,moderate,8.2,transfer,,
3006,lapsed,early,missed,30,118,none,high,1.5,transfer,1,side_effects
3007,on_track,early,on time,30,6,none,low,1.5,hcp,,
3008,on_track,long_term,on time,30,18,app,low,35.2,transfer,,
3009,on_track,stable,on time,30,21,app,low,11.7,direct_rx,,
3010,on_track,early,on time,60,37,phone,low,0.9,direct_rx,,
3011,on_track,stable,on time,30,3,app,low,11.9,direct_rx,,
3012,on_track,long_term,on time,90,14,none,low,13.1,direct_rx,,
3013,on_track,stable,on time,90,34,phone,low,10.6,direct_rx,,
3014,on_track,early,on time,30,8,app,low,2.7,transfer,,
3015,lapsing,early,delayed,90,120,phone,high,2.6,transfer,3,side_effects
3016,on_track,stable,on time,90,25,phone,low,10.2,direct_rx,,
3017,lapsed,long_term,missed,30,88,app,high,19.3,direct_rx,18,felt_better
3018,on_track,stable,on time,30,14,app,low,11.6,direct_rx,,
3019,on_track,long_term,on time,30,16,app,low,25.4,transfer,,
3020,on_track,stable,on time,30,17,phone,low,9.2,hcp,,
3021,on_track,stable,on time,30,12,app,low,10.8,hcp,,
3022,lapsing,long_term,delayed,30,32,app,high,22.2,direct_rx,23,no_response
3023,on_track,stable,on time,60,48,phone,moderate,8.4,direct_rx,,
3024,on_track,stable,on time,30,20,none,moderate,11.3,hcp,,
3025,on_track,stable,on time,30,13,phone,low,10.6,hcp,,
3026,on_track,early,on time,30,13,app,moderate,2.1,transfer,,
3027,lapsing,early,delayed,30,37,app,moderate,0.2,direct_rx,1,forgot_or_routine
3028,on_track,early,on time,30,21,phone,moderate,2.2,direct_rx,,
3029,lapsing,long_term,delayed,90,121,phone,high,26.9,direct_rx,27,cost_or_coverage
3030,on_track,long_term,on time,30,22,none,moderate,31.7,direct_rx,,
3031,lapsing,stable,delayed,30,32,app,moderate,6.2,hcp,7,side_effects
3032,lapsed,early,missed,60,177,phone,high,2.7,direct_rx,1,not_working
3033,on_track,long_term,on time,30,9,app,low,31.7,direct_rx,,
3034,lapsing,stable,delayed,30,34,none,high,3.5,direct_rx,4,cost_or_coverage
3035,on_track,stable,on time,30,7,app,moderate,9.5,direct_rx,,
3036,lapsing,long_term,delayed,30,38,app,high,15.8,direct_rx,16,side_effects
3037,on_track,stable,on time,30,8,app,low,11.6,direct_rx,,
3038,lapsing,early,delayed,90,94,app,high,0.7,direct_rx,1,no_response
3039,on_track,long_term,on time,30,20,phone,low,17.2,direct_rx,,
3040,lapsing,stable,delayed,60,65,phone,moderate,3.6,direct_rx,4,cost_or_coverage
3041,on_track,stable,on time,60,21,phone,moderate,8.4,direct_rx,,
3042,on_track,long_term,on time,30,15,none,low,34.6,direct_rx,,
3043,on_track,early,on time,60,17,app,moderate,2.4,direct_rx,,
3044,lapsing,early,delayed,30,37,phone,moderate,0.2,hcp,1,cost_or_coverage
3045,on_track,stable,on time,60,18,phone,low,12.0,hcp,,
3046,lapsed,early,missed,90,289,phone,high,1.8,direct_rx,1,not_working
3047,on_track,stable,on time,30,1,app,low,11.9,hcp,,
3048,on_track,early,on time,90,70,none,moderate,0.3,direct_rx,,
3049,lapsed,stable,missed,30,102,app,high,5.1,direct_rx,3,no_response
3050,on_track,stable,on time,90,31,none,low,12.0,direct_rx,,
3051,on_track,early,on time,30,1,app,low,2.2,transfer,,
3052,lapsing,long_term,delayed,60,61,none,moderate,29.6,direct_rx,30,forgot_or_routine
3053,on_track,stable,on time,60,32,phone,moderate,11.4,hcp,,
3054,lapsing,stable,delayed,60,88,none,moderate,4.2,transfer,5,cost_or_coverage
3055,on_track,early,on time,60,37,app,low,1.7,direct_rx,,
3056,on_track,early,on time,30,22,app,moderate,2.9,direct_rx,,
3057,on_track,stable,on time,30,11,none,low,10.9,direct_rx,,
3058,on_track,long_term,on time,60,35,none,low,35.6,direct_rx,,
3059,on_track,stable,on time,90,36,phone,low,11.6,hcp,,
3060,on_track,long_term,on time,60,28,phone,low,30.4,direct_rx,,
3061,lapsed,early,missed,90,296,phone,moderate,2.8,hcp,1,side_effects
3062,lapsed,stable,missed,30,91,app,high,3.5,hcp,2,side_effects
3063,on_track,early,on time,30,24,phone,moderate,1.4,hcp,,
3064,on_track,stable,on time,60,25,phone,low,10.2,direct_rx,,
3065,lapsing,stable,delayed,30,36,app,moderate,3.4,hcp,4,no_response
3066,lapsing,long_term,delayed,30,38,phone,moderate,26.7,hcp,27,cost_or_coverage
3067,on_track,long_term,on time,30,8,app,low,29.0,transfer,,
3068,on_track,early,on time,90,61,phone,low,2.9,direct_rx,,
3069,on_track,stable,on time,90,19,none,moderate,9.5,transfer,,
3070,lapsed,stable,missed,60,213,phone,high,7.8,direct_rx,3,no_response
3071,on_track,long_term,on time,30,13,phone,moderate,34.4,transfer,,
3072,lapsing,stable,delayed,30,42,phone,high,9.5,hcp,10,no_response
3073,lapsing,early,delayed,30,33,phone,high,1.0,transfer,1,side_effects
3074,on_track,long_term,on time,30,11,phone,low,18.6,direct_rx,,
3075,on_track,stable,on time,30,2,phone,low,9.1,direct_rx,,
3076,lapsing,stable,delayed,90,97,phone,moderate,3.3,hcp,4,no_response
3077,on_track,stable,on time,30,3,app,low,11.8,direct_rx,,
3078,lapsed,early,missed,60,189,none,high,0.2,direct_rx,1,forgot_or_routine
3079,on_track,long_term,on time,60,30,app,low,31.0,direct_rx,,
3080,lapsed,early,missed,30,107,app,moderate,2.1,transfer,1,no_response
3081,lapsing,early,delayed,30,41,phone,high,2.1,hcp,3,forgot_or_routine
3082,lapsing,early,delayed,60,70,phone,moderate,1.1,direct_rx,2,side_effects
3083,on_track,stable,on time,90,62,app,low,10.4,direct_rx,,
3084,lapsing,stable,delayed,30,32,phone,high,5.6,direct_rx,6,cost_or_coverage
3085,on_track,early,on time,90,69,app,moderate,0.2,direct_rx,,
3086,on_track,stable,on time,90,37,app,low,8.6,direct_rx,,
3087,on_track,early,on time,30,2,app,low,1.7,direct_rx,,
3088,on_track,stable,on time,90,56,phone,low,11.3,direct_rx,,
3089,on_track,stable,on time,30,1,none,low,9.8,direct_rx,,
3090,on_track,long_term,on time,60,34,phone,low,27.3,direct_rx,,
3091,on_track,stable,on time,30,2,phone,moderate,11.2,direct_rx,,
3092,on_track,long_term,on time,30,1,app,moderate,34.6,hcp,,
3093,on_track,stable,on time,60,14,none,low,10.8,hcp,,
3094,lapsed,early,missed,30,83,app,high,0.2,direct_rx,1,not_working
3095,on_track,long_term,on time,30,7,app,moderate,17.6,direct_rx,,
3096,lapsing,early,delayed,30,46,app,high,0.9,transfer,1,side_effects
3097,lapsed,early,missed,30,69,app,moderate,2.5,direct_rx,2,cost_or_coverage
3098,lapsed,early,missed,30,53,app,high,1.8,transfer,2,cost_or_coverage
3099,on_track,long_term,on time,30,14,app,moderate,25.5,direct_rx,,
3100,on_track,long_term,on time,30,14,app,low,14.8,transfer,,
3101,on_track,early,on time,60,11,none,moderate,1.9,transfer,,
3102,lapsing,long_term,delayed,30,40,app,high,30.2,hcp,31,side_effects
3103,lapsing,stable,delayed,30,36,none,high,3.1,transfer,4,no_response
3104,on_track,early,on time,90,10,app,low,2.6,hcp,,
3105,on_track,early,on time,30,13,app,moderate,0.8,hcp,,
3106,on_track,stable,on time,60,46,phone,moderate,11.9,hcp,,
3107,on_track,long_term,on time,30,14,app,low,34.9,direct_rx,,
3108,on_track,stable,on time,60,21,none,low,11.4,direct_rx,,
3109,on_track,stable,on time,30,24,app,low,9.7,direct_rx,,
3110,on_track,stable,on time,30,0,none,low,9.2,hcp,,
3111,on_track,long_term,on time,30,5,app,moderate,12.6,hcp,,
3112,on_track,early,on time,30,17,phone,moderate,1.4,direct_rx,,
3113,on_track,early,on time,30,13,phone,moderate,0.5,direct_rx,,
3114,on_track,stable,on time,30,11,phone,low,10.5,hcp,,
3115,lapsing,early,delayed,90,104,phone,moderate,1.3,direct_rx,2,not_working
3116,on_track,early,on time,30,16,phone,low,1.9,direct_rx,,
3117,on_track,early,on time,30,14,app,low,2.5,transfer,,
3118,on_track,stable,on time,30,23,phone,low,10.4,hcp,,
3119,on_track,early,on time,60,42,app,low,1.2,direct_rx,,
3120,lapsing,early,delayed,30,40,app,moderate,3.0,hcp,3,side_effects
3121,on_track,stable,on time,30,23,none,low,7.9,direct_rx,,
3122,on_track,stable,on time,30,23,none,low,10.2,direct_rx,,
3123,on_track,early,on time,60,25,none,low,1.6,direct_rx,,
3124,on_track,stable,on time,60,6,app,low,9.0,hcp,,
3125,on_track,stable,on time,30,3,app,moderate,11.8,direct_rx,,
3126,lapsed,early,missed,60,162,none,moderate,1.0,transfer,1,no_response
3127,lapsed,long_term,missed,90,247,app,high,32.6,transfer,28,cost_or_coverage
3128,on_track,early,on time,30,11,app,moderate,0.5,direct_rx,,
3129,on_track,stable,on time,90,23,app,low,11.6,direct_rx,,
3130,on_track,stable,on time,30,1,app,low,11.8,direct_rx,,
3131,lapsing,stable,delayed,30,40,app,moderate,8.4,direct_rx,9,forgot_or_routine
3132,lapsed,long_term,missed,30,92,app,high,25.5,direct_rx,24,cost_or_coverage
3133,lapsed,early,missed,30,92,app,high,3.0,direct_rx,1,not_working
3134,on_track,stable,on time,30,8,phone,low,10.9,direct_rx,,
3135,on_track,early,on time,90,43,app,low,0.2,direct_rx,,
3136,lapsing,stable,delayed,30,47,none,moderate,8.0,transfer,8,side_effects
3137,on_track,long_term,on time,60,24,app,low,34.8,direct_rx,,
3138,lapsed,early,missed,90,294,app,high,2.1,transfer,1,no_response
3139,lapsed,long_term,missed,30,54,none,high,27.9,hcp,28,cost_or_coverage
3140,lapsing,early,delayed,90,130,phone,high,2.5,direct_rx,3,side_effects
3141,on_track,stable,on time,30,2,app,moderate,11.7,direct_rx,,
3142,on_track,stable,on time,30,0,app,moderate,11.1,direct_rx,,
3143,lapsing,stable,delayed,90,105,phone,moderate,5.9,direct_rx,6,felt_better
3144,lapsing,stable,delayed,60,65,phone,high,3.2,transfer,4,no_response
3145,lapsing,early,delayed,60,96,none,high,3.0,transfer,3,no_response
3146,on_track,long_term,on time,60,15,app,moderate,19.2,hcp,,
3147,on_track,stable,on time,30,14,app,moderate,10.3,direct_rx,,
3148,on_track,early,on time,30,24,app,low,0.1,direct_rx,,
3149,lapsing,early,delayed,30,44,app,moderate,1.1,direct_rx,2,felt_better
3150,on_track,stable,on time,30,21,app,low,9.9,direct_rx,,
3151,lapsing,early,delayed,30,45,app,moderate,2.7,hcp,3,forgot_or_routine
3152,on_track,stable,on time,30,22,app,moderate,6.7,direct_rx,,
3153,on_track,stable,on time,90,29,app,moderate,12.0,direct_rx,,
3154,lapsed,early,missed,30,120,app,moderate,0.5,direct_rx,1,cost_or_coverage
3155,on_track,early,on time,30,6,none,low,0.7,direct_rx,,
3156,on_track,long_term,on time,30,4,app,low,21.9,hcp,,
3157,lapsed,long_term,missed,60,173,none,high,14.6,hcp,11,side_effects
3158,on_track,stable,on time,30,22,app,low,10.3,direct_rx,,
3159,on_track,long_term,on time,30,6,app,low,16.9,direct_rx,,
3160,lapsed,early,missed,90,157,phone,high,0.5,hcp,1,not_working
3161,on_track,early,on time,60,1,app,low,1.0,transfer,,
3162,lapsing,stable,delayed,90,131,app,moderate,4.0,transfer,4,no_response
3163,on_track,stable,on time,30,0,app,low,11.5,direct_rx,,
3164,on_track,early,on time,90,68,none,moderate,1.5,direct_rx,,
3165,lapsing,stable,delayed,30,34,app,high,5.3,direct_rx,6,forgot_or_routine
3166,lapsing,early,delayed,30,48,app,high,2.9,transfer,3,no_response
3167,on_track,early,on time,60,21,app,low,1.3,transfer,,
3168,lapsing,early,delayed,60,74,app,moderate,1.4,hcp,2,no_response
3169,on_track,stable,on time,60,8,phone,low,12.0,hcp,,
3170,on_track,long_term,on time,30,17,none,moderate,27.3,hcp,,
3171,on_track,stable,on time,30,24,app,low,7.5,direct_rx,,
3172,on_track,long_term,on time,30,14,phone,low,21.2,direct_rx,,
3173,lapsing,early,delayed,30,36,none,moderate,1.2,direct_rx,2,side_effects
3174,on_track,early,on time,60,41,none,moderate,0.8,direct_rx,,
3175,lapsing,stable,delayed,90,135,app,moderate,6.9,hcp,7,cost_or_coverage
3176,on_track,stable,on time,90,61,app,moderate,7.9,direct_rx,,
3177,on_track,early,on time,30,5,none,low,2.9,direct_rx,,
3178,lapsing,early,delayed,90,107,none,high,2.1,direct_rx,3,no_response
3179,on_track,stable,on time,90,32,phone,low,10.2,direct_rx,,
3180,on_track,long_term,on time,60,31,app,low,33.4,hcp,,
3181,lapsing,early,delayed,90,114,phone,moderate,0.9,hcp,1,not_working
3182,on_track,long_term,on time,30,19,phone,moderate,25.5,hcp,,
3183,on_track,stable,on time,30,17,app,low,11.4,direct_rx,,
3184,on_track,stable,on time,60,47,app,low,10.9,direct_rx,,
3185,on_track,early,on time,30,20,app,low,2.2,direct_rx,,
3186,on_track,long_term,on time,30,21,phone,moderate,34.5,direct_rx,,
3187,on_track,long_term,on time,30,10,app,moderate,33.6,direct_rx,,
3188,on_track,long_term,on time,30,17,app,low,15.4,hcp,,
3189,on_track,early,on time,60,2,app,low,1.0,direct_rx,,
3190,on_track,stable,on time,60,37,phone,moderate,9.3,hcp,,
3191,on_track,early,on time,90,63,app,moderate,2.8,hcp,,
3192,on_track,early,on time,30,9,phone,low,2.3,direct_rx,,
3193,on_track,stable,on time,60,37,app,low,10.5,direct_rx,,
3194,on_track,stable,on time,30,22,app,low,11.5,direct_rx,,
3195,on_track,early,on time,30,14,none,low,1.0,direct_rx,,
3196,on_track,early,on time,30,23,phone,low,1.9,direct_rx,,
3197,on_track,stable,on time,60,9,app,moderate,9.3,hcp,,
3198,lapsing,stable,delayed,30,44,phone,moderate,3.6,hcp,4,cost_or_coverage
3199,lapsed,early,missed,30,103,phone,high,1.1,direct_rx,1,no_response
3200,on_track,stable,on time,30,18,none,low,11.7,direct_rx,,
3201,on_track,early,on time,60,3,phone,low,1.9,direct_rx,,
3202,on_track,stable,on time,30,21,app,low,11.9,transfer,,
3203,on_track,stable,on time,60,17,app,moderate,11.8,hcp,,
3204,on_track,early,on time,60,2,app,low,1.8,direct_rx,,
3205,on_track,stable,on time,60,44,phone,low,11.0,direct_rx,,
3206,on_track,early,on time,30,19,app,low,2.0,direct_rx,,
3207,on_track,stable,on time,90,60,app,low,9.4,hcp,,
3208,on_track,stable,on time,30,16,phone,low,9.9,transfer,,
3209,lapsed,long_term,missed,90,159,app,high,27.7,direct_rx,26,cost_or_coverage
3210,on_track,long_term,on time,90,18,phone,low,13.7,hcp,,
3211,on_track,stable,on time,30,10,app,low,11.4,direct_rx,,
3212,lapsed,early,missed,60,150,none,moderate,1.7,direct_rx,1,side_effects
3213,on_track,stable,on time,60,46,app,low,9.5,direct_rx,,
3214,on_track,early,on time,30,8,app,low,1.7,direct_rx,,
3215,on_track,early,on time,90,33,none,low,2.8,direct_rx,,
3216,on_track,long_term,on time,90,53,app,moderate,35.4,direct_rx,,
3217,lapsed,early,missed,60,156,app,high,1.7,direct_rx,1,side_effects
3218,on_track,long_term,on time,30,14,none,low,32.2,direct_rx,,
3219,on_track,stable,on time,90,41,phone,low,12.0,direct_rx,,
3220,on_track,long_term,on time,90,0,phone,moderate,24.9,hcp,,
3221,on_track,long_term,on time,90,28,app,low,23.5,hcp,,
3222,lapsing,early,delayed,30,47,app,moderate,0.5,hcp,1,cost_or_coverage
3223,on_track,early,on time,30,1,app,low,1.1,transfer,,
3224,lapsing,early,delayed,90,109,app,high,2.5,transfer,3,no_response
3225,lapsed,long_term,missed,30,107,none,moderate,32.1,direct_rx,30,no_response
3226,lapsing,stable,delayed,30,39,phone,moderate,3.6,transfer,4,no_response
3227,lapsing,early,delayed,90,141,none,moderate,1.7,direct_rx,2,forgot_or_routine
3228,on_track,stable,on time,30,1,app,low,9.4,direct_rx,,
3229,on_track,stable,on time,30,15,app,low,10.1,direct_rx,,
3230,lapsing,long_term,delayed,30,40,phone,moderate,16.3,direct_rx,17,not_working
3231,on_track,long_term,on time,30,22,app,low,30.8,direct_rx,,
3232,on_track,early,on time,30,15,phone,moderate,2.9,hcp,,
3233,on_track,stable,on time,30,9,app,low,9.0,hcp,,
3234,lapsing,stable,delayed,30,33,app,moderate,5.8,hcp,6,forgot_or_routine
3235,lapsed,stable,missed,90,166,phone,moderate,4.8,direct_rx,3,side_effects
3236,on_track,long_term,on time,30,8,app,low,21.7,direct_rx,,
3237,on_track,stable,on time,30,9,app,moderate,10.1,direct_rx,,
3238,lapsing,stable,delayed,30,40,app,moderate,3.1,direct_rx,4,forgot_or_routine
3239,on_track,long_term,on time,30,1,app,moderate,15.2,hcp,,
3240,on_track,early,on time,30,14,phone,low,2.6,hcp,,
3241,on_track,early,on time,30,19,phone,low,1.4,direct_rx,,
3242,on_track,early,on time,30,13,app,low,2.4,hcp,,
3243,on_track,stable,on time,90,39,app,low,10.4,transfer,,
3244,on_track,long_term,on time,90,68,phone,low,29.6,direct_rx,,
3245,on_track,early,on time,90,49,phone,moderate,2.9,direct_rx,,
3246,on_track,early,on time,30,15,phone,low,1.5,hcp,,
3247,on_track,early,on time,30,15,none,moderate,2.2,direct_rx,,
3248,on_track,stable,on time,60,39,app,low,8.8,direct_rx,,
3249,lapsed,early,missed,30,119,phone,high,2.0,direct_rx,1,forgot_or_routine
3250,lapsing,stable,delayed,30,32,app,moderate,5.1,hcp,6,no_response
3251,on_track,stable,on time,90,53,none,low,9.2,transfer,,
3252,lapsed,stable,missed,90,346,app,moderate,5.9,hcp,1,no_response
3253,on_track,early,on time,60,41,app,low,0.9,direct_rx,,
3254,on_track,early,on time,30,7,phone,moderate,1.7,hcp,,
3255,on_track,early,on time,90,71,app,low,2.3,direct_rx,,
3256,on_track,stable,on time,30,10,app,moderate,10.7,hcp,,
3257,on_track,stable,on time,90,21,phone,moderate,10.0,direct_rx,,
3258,on_track,early,on time,90,56,phone,low,1.3,direct_rx,,
3259,on_track,stable,on time,90,68,phone,moderate,11.3,direct_rx,,
3260,on_track,stable,on time,30,14,phone,low,11.2,transfer,,
3261,on_track,early,on time,30,11,none,moderate,2.6,hcp,,
3262,lapsed,early,missed,90,223,app,high,2.3,hcp,1,cost_or_coverage
3263,on_track,early,on time,90,41,app,low,1.7,transfer,,
3264,on_track,long_term,on time,30,17,phone,low,23.6,direct_rx,,
3265,lapsed,long_term,missed,60,235,phone,high,16.1,transfer,11,forgot_or_routine
3266,lapsed,early,missed,30,63,phone,high,0.4,hcp,1,not_working
3267,on_track,long_term,on time,30,6,phone,moderate,24.9,transfer,,
3268,on_track,early,on time,90,47,app,moderate,2.3,transfer,,
3269,on_track,early,on time,30,0,none,moderate,1.2,direct_rx,,
3270,on_track,long_term,on time,30,12,none,low,27.5,hcp,,
3271,lapsed,long_term,missed,30,55,app,high,12.2,transfer,12,not_working
3272,lapsed,early,missed,60,171,none,moderate,0.1,direct_rx,1,not_working
3273,on_track,stable,on time,30,0,none,low,10.5,direct_rx,,
3274,on_track,stable,on time,30,4,phone,low,11.7,hcp,,
3275,on_track,long_term,on time,90,38,none,moderate,15.5,direct_rx,,
3276,on_track,early,on time,60,10,none,low,1.4,transfer,,
3277,on_track,early,on time,30,1,phone,low,1.9,transfer,,
3278,on_track,early,on time,30,16,app,low,1.2,direct_rx,,
3279,on_track,early,on time,30,24,app,low,2.2,direct_rx,,
3280,lapsed,stable,missed,60,230,app,high,10.3,direct_rx,5,cost_or_coverage
3281,on_track,stable,on time,30,5,phone,moderate,11.8,hcp,,
3282,on_track,long_term,on time,60,36,app,low,30.4,direct_rx,,
3283,lapsing,stable,delayed,30,41,none,high,4.7,direct_rx,5,forgot_or_routine
3284,lapsed,stable,missed,30,56,phone,moderate,3.2,hcp,3,not_working
3285,on_track,stable,on time,30,11,app,low,10.6,direct_rx,,
3286,on_track,stable,on time,30,6,phone,low,8.8,direct_rx,,
3287,on_track,stable,on time,30,5,phone,moderate,10.5,direct_rx,,
3288,on_track,stable,on time,90,30,phone,moderate,10.5,direct_rx,,
3289,on_track,early,on time,30,2,app,low,0.0,hcp,,
3290,on_track,long_term,on time,60,8,none,low,30.7,transfer,,
3291,on_track,long_term,on time,60,31,phone,moderate,18.3,hcp,,
3292,on_track,stable,on time,90,46,app,low,9.1,direct_rx,,
3293,on_track,early,on time,90,5,phone,low,2.3,transfer,,
3294,lapsed,stable,missed,90,174,none,high,4.5,direct_rx,2,side_effects
3295,on_track,early,on time,30,18,app,low,0.7,hcp,,
3296,on_track,early,on time,30,22,app,moderate,1.5,transfer,,
3297,lapsing,stable,delayed,30,46,none,moderate,6.3,hcp,7,no_response
3298,on_track,stable,on time,30,11,phone,moderate,11.2,hcp,,
3299,on_track,stable,on time,60,0,phone,low,11.7,hcp,,
3300,on_track,stable,on time,30,20,phone,low,10.6,transfer,,
3301,on_track,long_term,on time,90,18,app,low,27.1,hcp,,
3302,lapsing,early,delayed,90,98,app,moderate,0.6,direct_rx,1,no_response
3303,on_track,early,on time,30,20,none,moderate,1.2,hcp,,
3304,on_track,long_term,on time,30,8,app,low,12.5,direct_rx,,
3305,on_track,long_term,on time,90,47,app,low,33.7,direct_rx,,
3306,lapsing,early,delayed,90,102,none,moderate,2.8,transfer,3,no_response
3307,lapsed,stable,missed,90,155,app,high,7.4,hcp,6,forgot_or_routine
3308,on_track,early,on time,30,7,app,moderate,1.6,hcp,,
3309,on_track,long_term,on time,60,35,app,low,16.6,direct_rx,,
3310,lapsed,early,missed,30,86,phone,moderate,0.8,direct_rx,1,side_effects
3311,lapsing,early,delayed,90,126,none,high,3.0,hcp,3,not_working
3312,on_track,stable,on time,30,19,app,low,10.7,direct_rx,,
3313,lapsing,early,delayed,90,126,phone,high,1.8,hcp,2,no_response
3314,on_track,stable,on time,30,11,phone,low,11.7,direct_rx,,
3315,on_track,early,on time,30,18,none,low,1.8,direct_rx,,
3316,lapsing,stable,delayed,30,43,phone,moderate,11.6,direct_rx,12,no_response
3317,lapsing,early,delayed,60,79,app,moderate,0.1,hcp,1,forgot_or_routine
3318,on_track,long_term,on time,60,0,app,moderate,32.4,direct_rx,,
3319,lapsed,early,missed,30,59,phone,high,1.0,hcp,1,forgot_or_routine
3320,on_track,stable,on time,30,14,phone,low,8.7,direct_rx,,
3321,lapsing,early,delayed,60,66,phone,moderate,2.6,hcp,3,no_response
3322,on_track,stable,on time,90,57,app,low,11.8,direct_rx,,
3323,lapsing,early,delayed,90,96,app,high,0.2,transfer,1,cost_or_coverage
3324,on_track,stable,on time,30,24,app,low,11.3,hcp,,
3325,lapsed,early,missed,30,107,phone,moderate,0.5,direct_rx,1,side_effects
3326,lapsing,early,delayed,30,37,phone,high,1.4,direct_rx,2,felt_better
3327,lapsed,stable,missed,60,216,phone,moderate,8.2,direct_rx,3,not_working
3328,lapsed,early,missed,30,80,app,high,2.2,hcp,1,forgot_or_routine
3329,on_track,early,on time,60,16,none,moderate,1.0,direct_rx,,
3330,on_track,long_term,on time,60,2,app,low,34.9,direct_rx,,
3331,on_track,long_term,on time,60,6,phone,low,34.2,direct_rx,,
3332,on_track,long_term,on time,90,44,phone,low,13.0,direct_rx,,
3333,lapsed,stable,missed,30,61,phone,high,3.1,direct_rx,3,side_effects
3334,lapsing,early,delayed,30,33,none,moderate,0.7,hcp,1,not_working
3335,lapsed,early,missed,60,238,app,high,2.4,hcp,1,side_effects
3336,on_track,long_term,on time,90,14,app,moderate,22.4,transfer,,
3337,lapsed,stable,missed,30,102,none,moderate,3.7,direct_rx,2,cost_or_coverage
3338,on_track,early,on time,90,18,phone,low,0.8,hcp,,
3339,on_track,stable,on time,30,18,none,low,11.1,transfer,,
3340,lapsed,early,missed,90,229,app,moderate,1.1,direct_rx,1,side_effects
3341,on_track,stable,on time,90,61,app,moderate,11.9,direct_rx,,
3342,lapsing,long_term,delayed,60,84,phone,high,28.6,transfer,29,forgot_or_routine
3343,lapsing,stable,delayed,30,38,phone,moderate,3.2,hcp,4,cost_or_coverage
3344,lapsing,stable,delayed,60,91,app,high,10.7,hcp,11,no_response
3345,lapsed,long_term,missed,30,84,app,moderate,33.9,direct_rx,33,cost_or_coverage
3346,on_track,stable,on time,30,5,app,low,11.0,direct_rx,,
3347,lapsing,early,delayed,30,43,none,moderate,0.0,direct_rx,1,forgot_or_routine
3348,on_track,stable,on time,30,0,none,low,11.8,direct_rx,,
3349,on_track,long_term,on time,60,12,app,low,34.6,direct_rx,,
3350,on_track,stable,on time,30,23,phone,low,11.7,hcp,,
3351,on_track,long_term,on time,60,30,phone,moderate,15.6,direct_rx,,
3352,lapsing,stable,delayed,90,106,none,moderate,6.3,hcp,7,side_effects
3353,on_track,early,on time,90,15,app,low,0.3,direct_rx,,
3354,on_track,long_term,on time,30,13,app,moderate,22.4,direct_rx,,
3355,on_track,early,on time,30,9,app,low,1.4,direct_rx,,
3356,lapsed,stable,missed,30,77,phone,high,3.2,transfer,2,no_response
3357,on_track,stable,on time,90,52,app,low,11.4,direct_rx,,
3358,lapsed,early,missed,30,60,phone,moderate,1.7,hcp,1,not_working
3359,lapsed,early,missed,90,261,none,high,2.9,direct_rx,1,no_response
3360,lapsing,long_term,delayed,90,109,app,moderate,21.5,direct_rx,22,no_response
3361,lapsing,early,delayed,30,38,app,high,2.0,direct_rx,2,not_working
3362,lapsed,stable,missed,60,222,app,high,3.2,direct_rx,1,side_effects
3363,on_track,early,on time,30,0,phone,moderate,0.6,hcp,,
3364,on_track,stable,on time,90,23,phone,low,11.7,direct_rx,,
3365,on_track,early,on time,60,14,phone,low,1.9,hcp,,
3366,on_track,stable,on time,60,33,phone,moderate,11.2,transfer,,
3367,lapsing,early,delayed,30,44,none,moderate,2.3,direct_rx,3,side_effects
3368,on_track,stable,on time,30,4,none,low,11.9,direct_rx,,
3369,lapsed,stable,missed,30,93,app,high,7.0,transfer,5,no_response
3370,on_track,early,on time,30,8,phone,low,0.8,hcp,,
3371,lapsing,early,delayed,30,33,none,high,2.7,direct_rx,3,side_effects
3372,on_track,early,on time,90,48,none,low,0.5,transfer,,
3373,on_track,early,on time,90,45,app,low,2.4,direct_rx,,
3374,on_track,long_term,on time,30,7,app,moderate,16.7,direct_rx,,
3375,lapsing,early,delayed,30,37,phone,high,1.2,direct_rx,2,cost_or_coverage
3376,on_track,stable,on time,30,15,phone,moderate,9.4,hcp,,
3377,on_track,early,on time,60,45,none,low,2.3,direct_rx,,
3378,on_track,long_term,on time,60,23,app,low,32.0,hcp,,
3379,on_track,early,on time,30,0,app,moderate,0.5,direct_rx,,
3380,lapsed,early,missed,30,61,phone,moderate,0.1,hcp,1,no_response
3381,on_track,long_term,on time,60,9,app,low,17.9,hcp,,
3382,lapsing,stable,delayed,30,32,app,high,3.2,direct_rx,4,no_response
3383,on_track,early,on time,90,67,none,moderate,1.1,direct_rx,,
3384,on_track,stable,on time,60,29,app,low,8.4,direct_rx,,
3385,lapsing,stable,delayed,60,64,app,moderate,7.8,hcp,8,forgot_or_routine
3386,on_track,early,on time,90,60,app,low,1.6,direct_rx,,
3387,on_track,early,on time,30,10,app,low,0.5,hcp,,
3388,on_track,long_term,on time,30,23,app,moderate,33.9,direct_rx,,
3389,on_track,stable,on time,60,21,app,moderate,7.7,direct_rx,,
3390,lapsed,stable,missed,30,96,app,high,5.1,direct_rx,3,cost_or_coverage
3391,lapsing,early,delayed,30,39,app,high,2.2,hcp,3,cost_or_coverage
3392,lapsing,early,delayed,30,39,phone,moderate,0.8,direct_rx,1,not_working
3393,on_track,stable,on time,30,1,app,moderate,8.5,direct_rx,,
3394,on_track,early,on time,30,16,app,moderate,2.5,direct_rx,,
3395,lapsing,early,delayed,30,44,none,high,2.4,direct_rx,3,no_response
3396,lapsing,early,delayed,60,91,none,moderate,1.6,direct_rx,2,no_response
3397,on_track,early,on time,30,14,phone,low,0.7,direct_rx,,
3398,on_track,early,on time,30,10,none,low,2.2,hcp,,
3399,on_track,long_term,on time,30,0,app,low,20.0,direct_rx,,
3400,on_track,stable,on time,30,24,app,moderate,11.6,hcp,,
3401,lapsing,early,delayed,90,99,none,moderate,1.3,direct_rx,2,cost_or_coverage
3402,lapsing,early,delayed,30,33,app,moderate,0.7,direct_rx,1,side_effects
3403,lapsed,early,missed,90,172,none,high,1.4,direct_rx,1,no_response
3404,on_track,stable,on time,90,28,phone,low,10.8,hcp,,
3405,lapsing,long_term,delayed,90,107,app,moderate,22.6,direct_rx,23,felt_better
3406,on_track,early,on time,60,31,app,low,0.9,hcp,,
3407,on_track,long_term,on time,30,16,phone,low,17.2,direct_rx,,
3408,lapsed,early,missed,30,114,none,high,0.6,hcp,1,no_response
3409,lapsing,early,delayed,30,37,none,high,2.2,direct_rx,3,no_response
3410,on_track,stable,on time,30,20,app,moderate,9.7,transfer,,
3411,on_track,long_term,on time,30,15,none,low,30.9,direct_rx,,
3412,on_track,long_term,on time,60,7,app,low,25.3,direct_rx,,
3413,on_track,long_term,on time,30,4,phone,moderate,12.5,transfer,,
3414,on_track,stable,on time,30,23,app,low,11.3,direct_rx,,
3415,lapsing,early,delayed,30,43,app,moderate,1.5,direct_rx,2,no_response
3416,on_track,long_term,on time,30,4,phone,low,29.5,direct_rx,,
3417,on_track,stable,on time,30,22,app,low,11.8,hcp,,
3418,lapsing,early,delayed,30,44,phone,moderate,0.2,direct_rx,1,not_working
3419,on_track,stable,on time,90,65,phone,low,10.1,hcp,,
3420,on_track,long_term,on time,30,13,app,low,17.3,hcp,,
3421,lapsing,early,delayed,30,37,app,moderate,0.4,direct_rx,1,no_response
3422,on_track,long_term,on time,60,33,app,moderate,25.0,direct_rx,,
3423,on_track,stable,on time,30,22,phone,moderate,11.9,hcp,,
3424,on_track,long_term,on time,30,20,app,low,20.6,hcp,,
3425,on_track,stable,on time,90,26,app,moderate,11.3,hcp,,
3426,on_track,stable,on time,90,51,app,low,8.9,direct_rx,,
3427,lapsed,early,missed,30,93,phone,high,0.3,direct_rx,1,forgot_or_routine
3428,on_track,early,on time,30,0,app,moderate,1.5,direct_rx,,
3429,on_track,long_term,on time,30,8,none,moderate,30.4,direct_rx,,
3430,on_track,long_term,on time,30,2,app,low,13.3,direct_rx,,
3431,on_track,stable,on time,30,0,app,moderate,9.4,hcp,,
3432,on_track,early,on time,90,68,phone,moderate,0.3,direct_rx,,
3433,on_track,stable,on time,90,49,phone,low,10.7,direct_rx,,
3434,on_track,early,on time,30,11,app,moderate,0.6,direct_rx,,
3435,on_track,long_term,on time,30,1,app,low,35.0,direct_rx,,
3436,on_track,early,on time,30,18,phone,moderate,0.1,hcp,,
3437,on_track,long_term,on time,30,21,app,low,25.7,hcp,,
3438,on_track,long_term,on time,30,10,app,low,14.8,direct_rx,,
3439,on_track,stable,on time,90,37,app,low,11.9,hcp,,
3440,on_track,stable,on time,30,14,phone,low,11.8,direct_rx,,
3441,on_track,long_term,on time,90,23,none,low,28.3,direct_rx,,
3442,on_track,stable,on time,30,8,app,low,10.3,hcp,,
3443,on_track,stable,on time,60,22,phone,low,11.6,direct_rx,,
3444,on_track,long_term,on time,90,22,phone,moderate,19.3,hcp,,
3445,lapsed,early,missed,90,270,app,high,2.0,hcp,1,side_effects
3446,on_track,stable,on time,30,16,app,low,9.5,direct_rx,,
3447,on_track,early,on time,30,10,phone,low,1.3,direct_rx,,
3448,on_track,stable,on time,30,21,app,low,11.5,hcp,,
3449,lapsing,long_term,delayed,90,105,phone,high,15.2,transfer,16,forgot_or_routine
3450,on_track,early,on time,60,5,phone,moderate,0.9,direct_rx,,
3451,on_track,early,on time,60,41,none,moderate,2.6,direct_rx,,
3452,lapsing,early,delayed,60,88,phone,moderate,0.8,direct_rx,1,no_response
3453,on_track,stable,on time,30,11,app,moderate,8.9,direct_rx,,
3454,on_track,long_term,on time,30,11,phone,low,22.8,hcp,,
3455,lapsed,stable,missed,60,144,app,high,3.2,direct_rx,1,forgot_or_routine
3456,on_track,long_term,on time,30,10,app,moderate,29.7,hcp,,
3457,lapsed,early,missed,90,226,phone,high,0.6,hcp,1,no_response
3458,on_track,stable,on time,30,21,app,low,11.6,direct_rx,,
3459,on_track,stable,on time,30,12,none,moderate,9.6,hcp,,
3460,on_track,early,on time,60,27,none,low,1.5,transfer,,
3461,lapsing,early,delayed,60,85,phone,moderate,0.6,hcp,1,not_working
3462,on_track,long_term,on time,90,53,app,moderate,29.8,direct_rx,,
3463,on_track,long_term,on time,90,60,app,moderate,18.6,direct_rx,,
3464,on_track,stable,on time,30,16,phone,low,10.8,transfer,,
3465,lapsing,stable,delayed,60,90,phone,moderate,3.1,direct_rx,4,side_effects
3466,lapsing,long_term,delayed,30,39,app,moderate,27.1,direct_rx,28,no_response
3467,on_track,stable,on time,30,1,none,moderate,11.4,transfer,,
3468,on_track,long_term,on time,30,4,none,low,24.6,hcp,,
3469,lapsing,early,delayed,90,131,app,high,1.0,hcp,1,no_response
3470,lapsed,early,missed,30,116,app,high,1.1,direct_rx,1,side_effects
3471,on_track,stable,on time,60,21,app,low,11.1,direct_rx,,
3472,lapsing,early,delayed,30,31,phone,moderate,2.1,hcp,3,side_effects
3473,lapsing,early,delayed,90,142,phone,high,0.1,direct_rx,1,side_effects
3474,on_track,long_term,on time,30,20,app,moderate,27.4,hcp,,
3475,lapsing,early,delayed,60,87,phone,moderate,0.6,direct_rx,1,no_response
3476,on_track,early,on time,60,3,phone,low,1.0,hcp,,
3477,on_track,stable,on time,30,22,phone,low,11.4,direct_rx,,
3478,lapsed,stable,missed,60,166,app,moderate,10.9,direct_rx,8,cost_or_coverage
3479,on_track,early,on time,30,17,app,low,0.3,hcp,,
3480,lapsing,stable,delayed,90,94,none,moderate,7.6,hcp,8,felt_better
3481,on_track,stable,on time,30,11,phone,low,11.6,direct_rx,,
3482,on_track,early,on time,30,4,app,low,1.2,direct_rx,,
3483,lapsing,early,delayed,30,47,phone,moderate,2.3,direct_rx,3,no_response
3484,lapsing,stable,delayed,30,33,phone,moderate,7.7,hcp,8,cost_or_coverage
3485,lapsed,early,missed,30,51,app,high,2.1,direct_rx,2,no_response
3486,on_track,stable,on time,90,45,app,low,11.5,direct_rx,,
3487,on_track,stable,on time,90,16,app,low,11.4,hcp,,
3488,on_track,long_term,on time,90,11,app,low,19.7,direct_rx,,
3489,on_track,stable,on time,30,21,app,moderate,10.1,direct_rx,,
3490,lapsing,early,delayed,90,137,app,high,0.1,transfer,1,not_working
3491,lapsed,early,missed,90,356,phone,high,1.1,transfer,1,forgot_or_routine
3492,lapsing,long_term,delayed,60,86,app,moderate,32.2,direct_rx,33,not_working
3493,lapsed,long_term,missed,30,117,phone,moderate,22.2,direct_rx,20,cost_or_coverage
3494,on_track,early,on time,90,56,phone,low,2.5,hcp,,
3495,on_track,early,on time,30,17,app,low,0.5,direct_rx,,
3496,on_track,stable,on time,30,10,app,moderate,11.6,direct_rx,,
3497,on_track,early,on time,90,15,app,low,1.7,direct_rx,,
3498,on_track,early,on time,30,22,phone,low,0.7,direct_rx,,
3499,lapsed,long_term,missed,90,307,app,moderate,31.4,direct_rx,25,cost_or_coverage
3500,on_track,long_term,on time,30,21,phone,low,33.0,transfer,,
3501,on_track,early,on time,30,4,phone,low,1.4,hcp,,
3502,lapsed,early,missed,90,198,app,high,0.7,transfer,1,forgot_or_routine
3503,on_track,stable,on time,60,5,phone,low,9.1,hcp,,
3504,lapsing,early,delayed,90,117,app,high,0.7,hcp,1,not_working
3505,on_track,stable,on time,90,29,app,low,9.0,hcp,,
3506,on_track,early,on time,60,32,none,low,2.5,hcp,,
3507,on_track,long_term,on time,30,2,phone,low,27.3,hcp,,
3508,on_track,stable,on time,30,3,none,low,11.4,direct_rx,,
3509,on_track,early,on time,30,4,none,moderate,0.2,hcp,,
3510,on_track,stable,on time,60,14,app,moderate,11.1,transfer,,
3511,lapsing,early,delayed,30,36,phone,moderate,1.0,direct_rx,1,no_response
3512,lapsed,early,missed,90,180,app,high,1.6,direct_rx,1,cost_or_coverage
3513,on_track,stable,on time,30,7,app,moderate,9.8,direct_rx,,
3514,on_track,early,on time,30,6,app,moderate,2.3,direct_rx,,
3515,lapsing,stable,delayed,30,32,phone,moderate,6.7,direct_rx,7,no_response
3516,lapsing,early,delayed,30,42,none,high,0.0,hcp,1,no_response
3517,lapsed,early,missed,30,91,phone,high,1.0,direct_rx,1,cost_or_coverage
3518,on_track,early,on time,30,12,app,low,0.4,direct_rx,,
3519,on_track,stable,on time,30,2,none,low,10.2,hcp,,
3520,lapsing,early,delayed,30,44,app,high,0.3,direct_rx,1,no_response
3521,on_track,stable,on time,30,17,app,low,10.8,hcp,,
3522,on_track,early,on time,30,9,phone,low,0.7,direct_rx,,
3523,on_track,early,on time,30,12,app,moderate,0.2,direct_rx,,
3524,on_track,stable,on time,30,19,none,low,11.9,hcp,,
3525,lapsed,stable,missed,30,52,app,high,3.6,hcp,3,side_effects
3526,on_track,stable,on time,60,18,app,moderate,10.3,hcp,,
3527,on_track,early,on time,30,0,phone,moderate,2.1,transfer,,
3528,lapsed,early,missed,60,169,app,high,0.3,direct_rx,1,side_effects
3529,on_track,stable,on time,30,24,phone,moderate,11.5,direct_rx,,
3530,on_track,early,on time,90,37,app,low,0.1,direct_rx,,
3531,lapsing,long_term,delayed,90,144,phone,high,24.4,direct_rx,25,cost_or_coverage
3532,on_track,early,on time,30,6,app,low,1.0,transfer,,
3533,on_track,early,on time,30,1,app,low,1.3,direct_rx,,
3534,on_track,long_term,on time,30,0,app,low,14.0,direct_rx,,
3535,on_track,stable,on time,30,19,phone,low,11.6,transfer,,
3536,lapsing,early,delayed,90,139,none,moderate,2.3,hcp,3,no_response
3537,lapsing,early,delayed,60,81,phone,moderate,2.4,hcp,3,side_effects
3538,lapsed,early,missed,30,105,app,moderate,1.6,direct_rx,1,not_working
3539,on_track,stable,on time,30,9,app,low,9.9,direct_rx,,
3540,on_track,long_term,on time,30,18,app,moderate,29.6,transfer,,
3541,lapsing,stable,delayed,30,36,app,high,3.1,hcp,4,no_response
3542,on_track,early,on time,30,14,phone,moderate,1.1,hcp,,
3543,on_track,stable,on time,90,9,phone,low,11.9,transfer,,
3544,on_track,stable,on time,30,3,app,low,9.7,direct_rx,,
3545,on_track,early,on time,30,3,none,low,1.5,transfer,,
3546,on_track,early,on time,30,3,none,low,0.8,direct_rx,,
3547,lapsing,long_term,delayed,90,108,app,high,24.6,hcp,25,no_response
3548,on_track,stable,on time,60,13,none,low,10.0,hcp,,
3549,on_track,early,on time,30,18,phone,low,1.9,direct_rx,,
3550,on_track,early,on time,30,3,none,moderate,1.9,transfer,,
3551,lapsing,long_term,delayed,90,123,phone,moderate,28.2,hcp,29,cost_or_coverage
3552,on_track,stable,on time,60,30,phone,moderate,11.1,transfer,,
3553,lapsed,long_term,missed,90,258,app,high,34.9,hcp,30,side_effects
3554,lapsing,early,delayed,60,68,phone,high,1.5,direct_rx,2,not_working
3555,lapsed,early,missed,30,62,app,moderate,0.6,direct_rx,1,cost_or_coverage
3556,lapsing,early,delayed,30,44,app,moderate,2.0,transfer,2,side_effects
3557,lapsed,stable,missed,30,79,phone,moderate,3.6,direct_rx,2,not_working
3558,on_track,stable,on time,60,36,phone,low,11.6,hcp,,
3559,on_track,early,on time,90,25,app,low,1.7,direct_rx,,
3560,on_track,stable,on time,30,16,app,low,11.9,hcp,,
3561,on_track,stable,on time,30,24,app,moderate,11.4,direct_rx,,
3562,lapsing,early,delayed,30,44,app,high,2.3,hcp,3,forgot_or_routine
3563,on_track,stable,on time,90,59,phone,low,11.0,direct_rx,,
3564,on_track,stable,on time,30,23,app,low,10.5,direct_rx,,
3565,on_track,stable,on time,30,18,app,low,10.5,direct_rx,,
3566,on_track,early,on time,30,14,none,low,1.7,transfer,,
3567,on_track,long_term,on time,60,15,app,low,15.4,direct_rx,,
3568,on_track,early,on time,30,14,app,low,1.3,direct_rx,,
3569,on_track,stable,on time,30,7,app,moderate,9.5,direct_rx,,
3570,on_track,stable,on time,30,3,none,low,12.0,hcp,,
3571,lapsing,stable,delayed,30,35,phone,high,7.2,direct_rx,8,felt_better
3572,on_track,early,on time,30,20,app,moderate,1.9,direct_rx,,
3573,on_track,early,on time,30,9,phone,low,2.6,hcp,,
3574,on_track,stable,on time,30,5,phone,moderate,10.7,hcp,,
3575,on_track,long_term,on time,30,21,none,moderate,24.0,hcp,,
3576,on_track,stable,on time,30,12,app,moderate,8.4,direct_rx,,
3577,lapsing,early,delayed,60,79,app,moderate,1.2,direct_rx,2,not_working
3578,on_track,early,on time,60,48,none,low,1.8,transfer,,
3579,lapsed,early,missed,60,126,none,high,1.9,direct_rx,1,cost_or_coverage
3580,lapsing,early,delayed,60,61,app,high,0.1,transfer,1,no_response
3581,on_track,stable,on time,30,21,phone,low,7.1,direct_rx,,
3582,on_track,stable,on time,30,2,none,moderate,8.9,hcp,,
3583,on_track,stable,on time,30,0,phone,low,11.0,hcp,,
3584,on_track,stable,on time,30,22,none,low,11.4,direct_rx,,
3585,on_track,early,on time,30,19,phone,low,0.7,direct_rx,,
3586,on_track,early,on time,60,11,phone,low,1.7,direct_rx,,
3587,lapsing,stable,delayed,30,44,phone,high,6.0,hcp,6,no_response
3588,on_track,long_term,on time,30,22,phone,moderate,23.5,hcp,,
3589,lapsed,stable,missed,30,108,app,high,5.4,transfer,3,not_working
3590,on_track,stable,on time,30,5,phone,moderate,9.8,direct_rx,,
3591,on_track,early,on time,30,17,phone,low,2.3,hcp,,
3592,on_track,early,on time,60,29,phone,moderate,2.9,hcp,,
3593,on_track,stable,on time,30,5,none,low,11.2,direct_rx,,
3594,lapsing,stable,delayed,90,121,app,high,5.7,direct_rx,6,no_response
3595,on_track,stable,on time,90,64,app,low,10.0,direct_rx,,
3596,on_track,long_term,on time,30,21,phone,low,32.6,direct_rx,,
3597,on_track,stable,on time,60,15,phone,moderate,10.2,direct_rx,,
3598,on_track,long_term,on time,30,10,app,low,27.2,direct_rx,,
3599,on_track,stable,on time,90,27,phone,moderate,11.5,direct_rx,,
3600,lapsing,stable,delayed,30,38,phone,moderate,3.5,direct_rx,4,side_effects
3601,on_track,early,on time,60,29,app,low,2.0,direct_rx,,
3602,on_track,stable,on time,30,20,phone,low,11.4,transfer,,
3603,lapsed,long_term,missed,30,57,phone,moderate,18.6,transfer,18,forgot_or_routine
3604,on_track,long_term,on time,30,15,app,moderate,24.6,direct_rx,,
3605,on_track,stable,on time,30,9,app,low,9.3,hcp,,
3606,on_track,long_term,on time,30,13,none,low,29.8,direct_rx,,
3607,on_track,stable,on time,30,5,phone,low,10.8,hcp,,
3608,on_track,long_term,on time,30,15,app,low,16.7,transfer,,
3609,lapsing,early,delayed,30,48,app,high,2.7,hcp,3,side_effects
3610,lapsing,early,delayed,30,38,phone,moderate,2.7,direct_rx,3,no_response
3611,on_track,stable,on time,30,7,phone,low,11.2,transfer,,
3612,on_track,stable,on time,30,0,app,moderate,11.9,direct_rx,,
3613,lapsed,long_term,missed,60,239,phone,high,25.9,hcp,20,cost_or_coverage
3614,lapsing,early,delayed,90,113,none,moderate,3.0,hcp,3,side_effects
3615,on_track,stable,on time,90,46,app,low,11.3,direct_rx,,
3616,lapsing,early,delayed,90,131,phone,high,1.1,hcp,2,not_working
3617,on_track,long_term,on time,30,19,app,low,16.2,transfer,,
3618,on_track,early,on time,30,13,app,moderate,0.5,direct_rx,,
3619,on_track,early,on time,30,14,phone,low,1.7,direct_rx,,
3620,on_track,stable,on time,60,21,phone,low,11.8,direct_rx,,
3621,on_track,early,on time,60,4,app,moderate,0.1,direct_rx,,
3622,lapsing,early,delayed,30,35,phone,high,1.2,hcp,2,no_response
3623,lapsed,stable,missed,30,92,phone,high,3.7,direct_rx,2,side_effects
3624,lapsed,early,missed,30,96,app,high,1.7,direct_rx,1,no_response
3625,on_track,long_term,on time,90,69,app,moderate,32.8,transfer,,
3626,lapsing,stable,delayed,90,144,phone,high,4.8,direct_rx,5,side_effects
3627,lapsing,early,delayed,30,37,app,moderate,1.2,hcp,2,no_response
3628,on_track,early,on time,90,31,app,moderate,1.8,direct_rx,,
3629,on_track,long_term,on time,30,21,app,low,17.9,direct_rx,,
3630,on_track,stable,on time,60,40,app,low,11.0,transfer,,
3631,lapsing,stable,delayed,30,39,app,high,8.9,transfer,9,forgot_or_routine
3632,lapsing,stable,delayed,90,130,none,high,3.9,direct_rx,4,forgot_or_routine
3633,on_track,early,on time,90,38,none,low,2.5,transfer,,
3634,lapsing,stable,delayed,30,34,app,moderate,3.7,direct_rx,4,no_response
3635,on_track,early,on time,30,2,app,low,0.0,direct_rx,,
3636,on_track,early,on time,90,42,phone,low,1.1,direct_rx,,
3637,on_track,early,on time,90,35,phone,low,1.5,direct_rx,,
3638,on_track,early,on time,30,6,app,low,2.0,hcp,,
3639,on_track,stable,on time,90,39,app,low,9.1,direct_rx,,
3640,on_track,early,on time,30,2,app,low,2.8,transfer,,
3641,on_track,long_term,on time,30,18,app,low,31.5,direct_rx,,
3642,on_track,stable,on time,60,17,phone,low,10.6,direct_rx,,
3643,lapsed,long_term,missed,90,159,none,moderate,35.8,direct_rx,34,forgot_or_routine
3644,on_track,early,on time,30,6,phone,low,0.8,hcp,,
3645,lapsing,early,delayed,30,42,app,moderate,0.5,direct_rx,1,forgot_or_routine
3646,lapsing,early,delayed,30,38,app,high,1.3,hcp,2,no_response
3647,on_track,early,on time,30,11,none,low,2.9,hcp,,
3648,lapsing,stable,delayed,30,37,phone,high,5.4,direct_rx,6,felt_better
3649,on_track,stable,on time,90,70,phone,low,6.8,direct_rx,,
3650,on_track,stable,on time,90,1,none,moderate,11.8,hcp,,
3651,on_track,early,on time,60,38,none,low,0.9,direct_rx,,
3652,on_track,early,on time,30,10,app,moderate,0.5,direct_rx,,
3653,on_track,stable,on time,60,21,app,low,12.0,direct_rx,,
3654,on_track,early,on time,30,20,none,moderate,1.9,direct_rx,,
3655,lapsed,early,missed,30,110,phone,high,1.4,transfer,1,felt_better
3656,on_track,stable,on time,30,2,phone,moderate,11.6,hcp,,
3657,lapsing,early,delayed,60,84,app,moderate,0.0,direct_rx,1,side_effects
3658,lapsing,long_term,delayed,30,32,none,moderate,30.7,hcp,31,forgot_or_routine
3659,on_track,stable,on time,90,52,app,low,11.8,transfer,,
3660,on_track,long_term,on time,30,18,phone,low,24.7,direct_rx,,
3661,lapsed,early,missed,30,118,phone,high,2.4,direct_rx,1,side_effects
3662,on_track,stable,on time,60,43,app,moderate,11.7,direct_rx,,
3663,lapsing,long_term,delayed,30,33,phone,high,25.5,direct_rx,26,forgot_or_routine
3664,lapsed,stable,missed,30,91,app,high,11.2,direct_rx,10,side_effects
3665,on_track,stable,on time,90,51,app,moderate,10.0,hcp,,
3666,lapsing,early,delayed,90,97,none,high,1.8,hcp,2,side_effects
3667,lapsed,early,missed,60,225,app,high,1.0,direct_rx,1,felt_better
3668,on_track,long_term,on time,60,3,none,low,14.0,direct_rx,,
3669,on_track,long_term,on time,30,16,none,low,17.4,direct_rx,,
3670,on_track,stable,on time,90,54,app,low,10.9,direct_rx,,
3671,on_track,stable,on time,30,3,app,moderate,8.7,direct_rx,,
3672,on_track,stable,on time,30,3,phone,low,8.6,direct_rx,,
3673,on_track,stable,on time,90,45,phone,low,10.6,hcp,,
3674,on_track,long_term,on time,90,32,app,low,13.7,direct_rx,,
3675,on_track,long_term,on time,60,5,app,low,20.7,transfer,,
3676,on_track,long_term,on time,30,24,none,moderate,32.4,direct_rx,,
3677,on_track,stable,on time,90,27,phone,moderate,10.9,direct_rx,,
3678,lapsing,stable,delayed,30,40,phone,high,7.6,direct_rx,8,cost_or_coverage
3679,lapsing,early,delayed,90,142,app,high,2.2,direct_rx,3,side_effects
3680,on_track,stable,on time,30,6,phone,moderate,11.4,hcp,,
3681,lapsing,early,delayed,60,90,app,high,2.5,direct_rx,3,no_response
3682,on_track,stable,on time,60,1,app,low,10.6,hcp,,
3683,on_track,stable,on time,60,33,app,moderate,9.4,hcp,,
3684,on_track,stable,on time,30,6,app,moderate,10.2,hcp,,
3685,on_track,early,on time,60,12,app,moderate,2.5,hcp,,
3686,lapsed,early,missed,30,110,app,high,2.9,direct_rx,1,felt_better
3687,on_track,early,on time,60,42,app,low,2.0,hcp,,
3688,on_track,long_term,on time,90,46,none,low,33.5,direct_rx,,
3689,lapsed,stable,missed,30,56,app,moderate,3.7,hcp,3,side_effects
3690,lapsed,early,missed,30,62,app,moderate,0.5,direct_rx,1,side_effects
3691,on_track,early,on time,90,68,phone,low,0.4,direct_rx,,
3692,lapsed,early,missed,30,74,phone,high,1.4,direct_rx,1,side_effects
3693,on_track,long_term,on time,30,18,phone,low,20.9,direct_rx,,
3694,on_track,stable,on time,90,47,app,low,11.9,hcp,,
3695,on_track,stable,on time,30,1,none,moderate,11.4,transfer,,
3696,on_track,long_term,on time,60,32,app,low,20.1,direct_rx,,
3697,lapsed,early,missed,30,93,none,moderate,2.6,direct_rx,1,side_effects
3698,on_track,early,on time,30,14,phone,low,2.7,direct_rx,,
3699,on_track,early,on time,30,11,app,low,1.5,transfer,,
3700,on_track,long_term,on time,30,20,app,low,27.4,direct_rx,,
3701,on_track,stable,on time,30,9,phone,moderate,10.5,direct_rx,,
3702,lapsed,early,missed,30,113,app,high,0.7,transfer,1,side_effects
3703,lapsed,early,missed,60,136,phone,high,2.7,direct_rx,1,cost_or_coverage
3704,on_track,early,on time,90,1,none,moderate,1.5,hcp,,
3705,on_track,stable,on time,30,9,app,low,11.7,hcp,,
3706,on_track,early,on time,30,14,phone,low,2.7,direct_rx,,
3707,on_track,early,on time,30,9,phone,low,2.5,direct_rx,,
3708,on_track,stable,on time,30,12,phone,low,11.4,hcp,,
3709,on_track,long_term,on time,90,35,phone,moderate,22.0,hcp,,
3710,lapsing,stable,delayed,30,44,phone,high,5.1,direct_rx,6,no_response
3711,on_track,long_term,on time,90,6,app,low,18.3,hcp,,
3712,on_track,stable,on time,90,3,phone,low,11.4,direct_rx,,
3713,lapsed,stable,missed,30,86,phone,moderate,3.2,hcp,2,not_working
3714,on_track,long_term,on time,90,8,none,moderate,28.4,hcp,,
3715,on_track,stable,on time,90,28,none,low,10.1,hcp,,
3716,on_track,early,on time,60,7,app,low,1.7,hcp,,
3717,on_track,stable,on time,30,23,phone,low,11.6,hcp,,
3718,on_track,long_term,on time,30,4,phone,low,14.8,hcp,,
3719,on_track,stable,on time,30,18,none,low,10.7,direct_rx,,
3720,on_track,early,on time,60,13,none,low,0.6,hcp,,
3721,on_track,early,on time,60,4,phone,low,1.3,hcp,,
3722,on_track,long_term,on time,30,13,phone,low,27.6,hcp,,
3723,on_track,early,on time,90,6,phone,low,0.0,transfer,,
3724,on_track,stable,on time,30,6,phone,low,7.6,direct_rx,,
3725,on_track,early,on time,90,48,app,low,1.1,hcp,,
3726,on_track,stable,on time,30,12,app,moderate,8.6,direct_rx,,
3727,on_track,early,on time,90,26,app,moderate,0.7,direct_rx,,
3728,lapsed,early,missed,60,175,app,high,1.7,direct_rx,1,not_working
3729,on_track,stable,on time,30,14,app,low,10.1,hcp,,
3730,on_track,early,on time,30,11,phone,moderate,1.7,hcp,,
3731,on_track,stable,on time,90,2,app,low,11.1,hcp,,
3732,on_track,stable,on time,30,9,app,low,10.9,hcp,,
3733,on_track,long_term,on time,30,8,none,moderate,34.8,transfer,,
3734,on_track,stable,on time,90,46,phone,low,9.5,direct_rx,,
3735,on_track,stable,on time,30,18,app,low,11.5,transfer,,
3736,lapsed,stable,missed,90,275,phone,moderate,8.8,hcp,3,not_working
3737,on_track,early,on time,30,12,phone,moderate,2.8,hcp,,
3738,on_track,long_term,on time,30,5,phone,low,24.4,direct_rx,,
3739,on_track,long_term,on time,60,22,phone,low,26.1,hcp,,
3740,on_track,long_term,on time,30,8,app,low,30.3,direct_rx,,
3741,lapsed,stable,missed,30,84,app,high,4.8,hcp,3,forgot_or_routine
3742,lapsing,early,delayed,30,40,phone,high,2.4,direct_rx,3,cost_or_coverage
3743,on_track,long_term,on time,60,42,none,low,33.8,direct_rx,,
3744,lapsing,early,delayed,30,46,phone,moderate,0.3,transfer,1,felt_better
3745,lapsing,early,delayed,30,35,app,moderate,1.6,transfer,2,side_effects
3746,on_track,early,on time,30,17,phone,low,1.0,direct_rx,,
3747,lapsed,long_term,missed,30,83,app,high,28.6,direct_rx,27,no_response
3748,on_track,stable,on time,90,61,phone,low,8.9,transfer,,
3749,lapsing,early,delayed,90,109,app,moderate,1.0,hcp,1,cost_or_coverage
3750,on_track,stable,on time,30,16,app,low,11.6,hcp,,
3751,on_track,early,on time,30,23,app,moderate,0.6,hcp,,
3752,on_track,early,on time,30,0,app,moderate,1.7,hcp,,
3753,on_track,early,on time,30,19,app,low,1.4,direct_rx,,
3754,on_track,stable,on time,30,11,phone,low,10.6,hcp,,
3755,on_track,stable,on time,30,8,phone,low,8.8,hcp,,
3756,on_track,early,on time,30,1,app,low,2.8,direct_rx,,
3757,on_track,long_term,on time,30,14,none,low,23.3,transfer,,
3758,lapsing,early,delayed,30,44,phone,moderate,1.4,direct_rx,2,forgot_or_routine
3759,on_track,stable,on time,30,4,phone,low,9.9,hcp,,
3760,on_track,early,on time,90,67,app,low,1.0,hcp,,
3761,on_track,stable,on time,90,35,app,moderate,10.0,direct_rx,,
3762,lapsing,stable,delayed,90,126,phone,moderate,10.1,hcp,11,no_response
3763,on_track,early,on time,90,7,phone,moderate,0.1,transfer,,
3764,on_track,stable,on time,30,0,phone,low,10.8,transfer,,
3765,on_track,long_term,on time,30,7,app,moderate,33.6,direct_rx,,
3766,lapsing,early,delayed,30,36,app,moderate,1.8,direct_rx,2,cost_or_coverage
3767,lapsed,stable,missed,60,219,phone,high,10.2,direct_rx,5,side_effects
3768,lapsing,stable,delayed,30,33,app,moderate,8.9,direct_rx,9,cost_or_coverage
3769,on_track,stable,on time,30,3,phone,low,10.6,direct_rx,,
3770,lapsing,early,delayed,90,137,phone,moderate,1.4,hcp,2,no_response
3771,on_track,early,on time,30,4,phone,moderate,1.7,hcp,,
3772,on_track,stable,on time,90,61,app,moderate,12.0,direct_rx,,
3773,on_track,stable,on time,30,5,none,low,11.2,direct_rx,,
3774,lapsed,early,missed,30,69,app,high,1.8,hcp,1,side_effects
3775,lapsed,early,missed,30,117,phone,moderate,2.0,transfer,1,no_response
3776,on_track,long_term,on time,60,46,phone,low,24.7,transfer,,
3777,on_track,long_term,on time,30,6,none,low,34.9,direct_rx,,
3778,on_track,stable,on time,30,2,phone,low,11.2,hcp,,
3779,lapsing,early,delayed,30,39,app,moderate,1.5,direct_rx,2,side_effects
3780,lapsing,early,delayed,30,47,none,high,1.1,hcp,2,side_effects
3781,on_track,stable,on time,30,12,app,low,8.6,hcp,,
3782,on_track,stable,on time,30,9,app,low,11.3,direct_rx,,
3783,on_track,stable,on time,60,32,none,low,10.0,direct_rx,,
3784,lapsed,early,missed,30,93,phone,high,1.5,direct_rx,1,side_effects
3785,lapsing,early,delayed,30,40,app,moderate,0.1,hcp,1,no_response
3786,lapsed,early,missed,60,125,phone,high,0.1,hcp,1,side_effects
3787,lapsed,early,missed,30,116,app,high,1.7,direct_rx,1,no_response
3788,lapsed,stable,missed,30,76,app,moderate,4.9,direct_rx,4,cost_or_coverage
3789,on_track,early,on time,60,2,app,low,1.2,hcp,,
3790,on_track,stable,on time,30,13,phone,moderate,11.1,transfer,,
3791,on_track,stable,on time,30,6,none,low,9.5,hcp,,
3792,lapsed,early,missed,30,52,app,high,0.1,direct_rx,1,not_working
3793,on_track,stable,on time,90,33,app,moderate,9.7,transfer,,
3794,on_track,long_term,on time,30,7,phone,moderate,33.6,hcp,,
3795,lapsing,early,delayed,90,124,none,moderate,2.5,direct_rx,3,cost_or_coverage
3796,on_track,long_term,on time,90,49,app,moderate,14.9,hcp,,
3797,lapsing,stable,delayed,30,44,app,high,11.1,hcp,12,side_effects
3798,on_track,early,on time,30,16,app,moderate,1.1,direct_rx,,
3799,on_track,stable,on time,30,3,phone,low,10.3,hcp,,
3800,lapsing,early,delayed,30,34,phone,high,2.6,hcp,3,forgot_or_routine
3801,lapsing,long_term,delayed,60,76,phone,high,30.1,hcp,31,no_response
3802,on_track,stable,on time,30,19,app,low,11.4,direct_rx,,
3803,on_track,stable,on time,30,2,none,moderate,11.4,direct_rx,,
3804,on_track,early,on time,30,18,app,moderate,1.4,direct_rx,,
3805,on_track,long_term,on time,30,7,app,low,32.8,hcp,,
3806,on_track,early,on time,30,24,phone,moderate,2.2,direct_rx,,
3807,on_track,stable,on time,30,10,none,low,11.3,hcp,,
3808,on_track,stable,on time,60,43,none,low,11.5,direct_rx,,
3809,on_track,stable,on time,30,16,app,low,11.0,hcp,,
3810,on_track,early,on time,30,2,app,moderate,0.8,direct_rx,,
3811,on_track,long_term,on time,30,21,app,low,21.8,hcp,,
3812,on_track,long_term,on time,60,43,app,low,29.7,direct_rx,,
3813,lapsed,early,missed,30,54,app,high,1.5,direct_rx,1,side_effects
3814,on_track,stable,on time,30,15,app,moderate,9.6,direct_rx,,
3815,on_track,stable,on time,60,18,phone,low,11.3,hcp,,
3816,on_track,early,on time,60,25,none,moderate,1.8,direct_rx,,
3817,lapsing,early,delayed,30,31,app,moderate,2.6,hcp,3,cost_or_coverage
3818,on_track,long_term,on time,30,3,phone,low,28.4,hcp,,
3819,on_track,stable,on time,30,7,phone,low,11.6,hcp,,
3820,on_track,stable,on time,30,17,app,moderate,10.8,direct_rx,,
3821,lapsing,early,delayed,90,117,phone,moderate,1.6,transfer,2,forgot_or_routine
3822,lapsing,early,delayed,30,38,app,moderate,1.9,direct_rx,2,side_effects
3823,lapsing,long_term,delayed,30,39,phone,moderate,25.9,direct_rx,26,no_response
3824,on_track,stable,on time,60,47,app,low,12.0,hcp,,
3825,on_track,stable,on time,60,42,none,moderate,11.8,hcp,,
3826,on_track,early,on time,90,61,phone,low,2.0,hcp,,
3827,lapsed,long_term,missed,90,303,phone,moderate,33.5,direct_rx,27,side_effects
3828,lapsed,stable,missed,60,210,none,high,7.5,direct_rx,3,not_working
3829,lapsing,early,delayed,60,63,phone,moderate,1.4,hcp,2,side_effects
3830,lapsing,early,delayed,30,44,app,moderate,0.7,direct_rx,1,felt_better
3831,lapsed,early,missed,30,82,app,high,2.9,direct_rx,2,not_working
3832,on_track,stable,on time,60,12,app,low,10.1,direct_rx,,
3833,on_track,early,on time,30,12,app,low,1.8,direct_rx,,
3834,lapsing,long_term,delayed,30,41,app,high,28.4,hcp,29,no_response
3835,on_track,early,on time,90,51,app,moderate,0.6,hcp,,
3836,lapsed,stable,missed,30,68,app,moderate,3.1,direct_rx,2,side_effects
3837,lapsing,long_term,delayed,90,131,phone,moderate,17.9,direct_rx,18,felt_better
3838,on_track,early,on time,60,19,app,low,0.9,hcp,,
3839,lapsing,early,delayed,30,45,app,moderate,2.6,hcp,3,forgot_or_routine
3840,lapsing,long_term,delayed,30,40,app,moderate,14.5,hcp,15,cost_or_coverage
3841,lapsing,stable,delayed,30,43,app,moderate,3.4,direct_rx,4,cost_or_coverage
3842,lapsing,stable,delayed,30,37,phone,high,4.6,direct_rx,5,cost_or_coverage
3843,lapsed,stable,missed,30,53,phone,high,4.0,hcp,4,felt_better
3844,on_track,early,on time,30,5,app,low,2.6,direct_rx,,
3845,on_track,early,on time,60,38,app,moderate,1.1,hcp,,
3846,on_track,stable,on time,30,20,none,moderate,11.6,hcp,,
3847,on_track,long_term,on time,30,23,app,moderate,25.2,transfer,,
3848,on_track,long_term,on time,30,9,phone,low,31.5,direct_rx,,
3849,lapsed,early,missed,30,81,app,high,1.1,direct_rx,1,forgot_or_routine
3850,on_track,stable,on time,30,7,app,low,11.2,direct_rx,,
3851,on_track,stable,on time,30,16,app,moderate,9.4,direct_rx,,
3852,on_track,stable,on time,30,18,phone,low,12.0,hcp,,
3853,on_track,early,on time,30,20,app,moderate,0.4,hcp,,
3854,on_track,stable,on time,30,1,app,low,5.9,direct_rx,,
3855,on_track,early,on time,60,35,none,low,1.0,transfer,,
3856,on_track,stable,on time,30,14,app,low,9.7,hcp,,
3857,on_track,stable,on time,30,6,app,moderate,6.8,hcp,,
3858,lapsing,early,delayed,30,48,phone,high,1.2,transfer,2,not_working
3859,lapsed,long_term,missed,60,152,app,high,24.2,hcp,22,cost_or_coverage
3860,lapsing,early,delayed,30,45,app,high,0.2,direct_rx,1,not_working
3861,lapsed,early,missed,30,55,app,moderate,1.9,direct_rx,2,no_response
3862,on_track,stable,on time,90,12,phone,moderate,10.5,hcp,,
3863,lapsed,long_term,missed,30,62,none,moderate,15.8,direct_rx,15,forgot_or_routine
3864,lapsed,early,missed,30,91,app,moderate,0.2,transfer,1,cost_or_coverage
3865,on_track,stable,on time,30,17,phone,low,11.0,direct_rx,,
3866,on_track,early,on time,90,70,phone,low,0.0,direct_rx,,
3867,lapsing,long_term,delayed,30,36,app,moderate,16.2,hcp,17,not_working
3868,on_track,stable,on time,30,0,phone,low,9.9,hcp,,
3869,on_track,early,on time,30,0,app,low,0.6,transfer,,
3870,lapsing,early,delayed,30,33,none,high,2.7,direct_rx,3,no_response
3871,lapsing,early,delayed,60,80,app,moderate,0.1,direct_rx,1,side_effects
3872,on_track,early,on time,30,6,phone,low,2.0,direct_rx,,
3873,on_track,stable,on time,30,15,none,moderate,9.4,hcp,,
3874,on_track,long_term,on time,30,14,app,low,32.8,hcp,,
3875,on_track,stable,on time,60,6,none,moderate,8.2,direct_rx,,
3876,on_track,early,on time,30,8,phone,moderate,0.1,hcp,,
3877,on_track,stable,on time,30,8,app,low,11.7,hcp,,
3878,lapsing,early,delayed,30,47,app,moderate,1.5,direct_rx,2,no_response
3879,on_track,long_term,on time,30,24,none,low,34.3,direct_rx,,
3880,on_track,early,on time,30,10,app,moderate,0.5,direct_rx,,
3881,on_track,early,on time,30,3,phone,low,0.7,direct_rx,,
3882,on_track,early,on time,60,14,none,moderate,2.2,direct_rx,,
3883,lapsing,early,delayed,60,74,phone,moderate,0.9,direct_rx,1,cost_or_coverage
3884,lapsed,early,missed,30,93,none,high,1.7,transfer,1,no_response
3885,on_track,stable,on time,30,11,phone,moderate,9.5,direct_rx,,
3886,on_track,stable,on time,30,4,phone,moderate,10.7,direct_rx,,
3887,lapsing,long_term,delayed,30,32,none,moderate,17.6,direct_rx,18,cost_or_coverage
3888,on_track,stable,on time,90,39,app,moderate,11.8,hcp,,
3889,on_track,early,on time,30,24,none,low,1.7,direct_rx,,
3890,on_track,long_term,on time,30,10,app,low,35.5,hcp,,
3891,on_track,long_term,on time,30,6,app,low,33.4,hcp,,
3892,on_track,early,on time,60,30,app,low,0.6,direct_rx,,
3893,lapsing,stable,delayed,90,120,none,moderate,4.8,direct_rx,5,no_response
3894,on_track,early,on time,90,71,phone,low,2.3,direct_rx,,
3895,on_track,long_term,on time,30,10,phone,low,34.4,hcp,,
3896,lapsing,long_term,delayed,90,108,phone,moderate,24.7,direct_rx,25,forgot_or_routine
3897,on_track,stable,on time,30,22,phone,low,11.8,direct_rx,,
3898,on_track,early,on time,60,14,phone,low,1.6,direct_rx,,
3899,on_track,long_term,on time,90,29,app,moderate,13.9,direct_rx,,
3900,lapsed,early,missed,60,147,app,high,1.7,hcp,1,no_response
3901,lapsed,long_term,missed,60,220,app,moderate,33.1,direct_rx,28,forgot_or_routine
3902,on_track,stable,on time,30,22,app,low,10.7,hcp,,
3903,lapsing,early,delayed,30,47,phone,moderate,1.5,hcp,2,no_response
3904,lapsed,early,missed,60,153,app,high,2.5,direct_rx,1,side_effects
3905,on_track,stable,on time,90,27,app,low,11.9,hcp,,
3906,lapsed,stable,missed,30,100,app,high,4.1,direct_rx,2,no_response
3907,lapsing,stable,delayed,60,95,app,high,3.1,hcp,4,cost_or_coverage
3908,on_track,stable,on time,30,13,phone,moderate,10.6,hcp,,
3909,on_track,early,on time,30,2,app,moderate,1.8,direct_rx,,
3910,lapsed,early,missed,60,121,app,high,1.2,direct_rx,1,no_response
3911,lapsed,long_term,missed,30,75,app,high,23.3,direct_rx,22,forgot_or_routine
3912,lapsing,early,delayed,30,42,app,high,0.4,direct_rx,1,not_working
3913,on_track,early,on time,30,13,none,moderate,1.4,transfer,,
3914,on_track,stable,on time,90,22,app,low,11.8,transfer,,
3915,on_track,stable,on time,30,17,app,moderate,10.8,direct_rx,,
3916,on_track,stable,on time,30,14,app,low,12.0,transfer,,
3917,lapsed,stable,missed,30,103,none,high,5.6,transfer,4,no_response
3918,on_track,early,on time,30,15,phone,moderate,1.0,direct_rx,,
3919,on_track,long_term,on time,90,6,none,low,30.9,direct_rx,,
3920,on_track,early,on time,30,3,phone,low,1.4,direct_rx,,
3921,on_track,stable,on time,90,33,app,low,11.5,hcp,,
3922,lapsed,stable,missed,30,75,app,high,6.5,direct_rx,5,forgot_or_routine
3923,on_track,stable,on time,60,38,phone,low,10.7,direct_rx,,
3924,on_track,stable,on time,60,41,phone,moderate,10.0,direct_rx,,
3925,on_track,early,on time,30,3,phone,low,3.0,direct_rx,,
3926,on_track,stable,on time,90,42,none,low,11.0,direct_rx,,
3927,on_track,stable,on time,30,22,app,moderate,10.7,direct_rx,,
3928,on_track,stable,on time,30,8,phone,low,11.9,hcp,,
3929,lapsed,stable,missed,90,259,app,moderate,3.3,hcp,1,not_working
3930,on_track,early,on time,30,14,app,moderate,2.3,direct_rx,,
3931,on_track,long_term,on time,60,36,app,low,26.8,hcp,,
3932,on_track,long_term,on time,30,1,app,low,24.7,direct_rx,,
3933,on_track,early,on time,30,1,app,low,0.4,hcp,,
3934,on_track,long_term,on time,60,7,app,low,18.5,direct_rx,,
3935,lapsing,stable,delayed,30,33,app,moderate,8.8,direct_rx,9,cost_or_coverage
3936,lapsed,early,missed,60,153,phone,high,1.6,direct_rx,1,side_effects
3937,on_track,stable,on time,30,16,app,moderate,11.7,transfer,,
3938,lapsed,long_term,missed,30,61,app,high,36.0,direct_rx,35,cost_or_coverage
3939,lapsing,stable,delayed,30,45,app,high,10.0,direct_rx,10,no_response
3940,on_track,stable,on time,90,30,app,low,9.6,hcp,,
3941,on_track,stable,on time,60,3,none,low,11.2,direct_rx,,
3942,lapsing,early,delayed,60,62,app,moderate,1.3,direct_rx,2,no_response
3943,lapsing,early,delayed,90,102,app,high,2.3,direct_rx,3,not_working
3944,lapsing,stable,delayed,60,95,app,high,3.9,transfer,4,no_response
3945,on_track,stable,on time,30,8,none,low,11.2,hcp,,
3946,on_track,stable,on time,90,1,phone,moderate,11.5,direct_rx,,
3947,on_track,stable,on time,90,65,app,low,11.9,hcp,,
3948,on_track,stable,on time,30,19,app,low,11.2,hcp,,
3949,on_track,long_term,on time,30,22,phone,low,25.7,direct_rx,,
3950,lapsing,early,delayed,60,64,app,moderate,0.6,direct_rx,1,not_working
3951,lapsing,stable,delayed,60,61,phone,moderate,3.2,transfer,4,forgot_or_routine
3952,on_track,long_term,on time,30,14,phone,low,18.8,hcp,,
3953,on_track,long_term,on time,30,12,phone,low,34.4,hcp,,
3954,on_track,long_term,on time,30,16,app,moderate,26.2,direct_rx,,
3955,lapsing,long_term,delayed,90,105,app,moderate,24.1,direct_rx,25,felt_better
3956,lapsing,early,delayed,30,31,app,moderate,2.9,direct_rx,3,no_response
3957,lapsed,early,missed,30,95,app,high,1.4,hcp,1,not_working
3958,on_track,long_term,on time,90,54,phone,low,30.1,hcp,,
3959,lapsing,early,delayed,60,65,app,moderate,2.2,direct_rx,3,not_working
3960,lapsing,early,delayed,60,83,phone,moderate,1.4,transfer,2,cost_or_coverage
3961,on_track,stable,on time,30,14,phone,low,10.2,hcp,,
3962,on_track,early,on time,30,24,phone,moderate,0.6,direct_rx,,
3963,on_track,early,on time,30,0,app,low,2.3,direct_rx,,
3964,on_track,stable,on time,60,23,phone,low,11.1,hcp,,
3965,lapsed,stable,missed,90,338,app,high,7.6,hcp,1,side_effects
3966,on_track,long_term,on time,90,43,app,low,17.1,direct_rx,,
3967,on_track,long_term,on time,60,17,phone,moderate,22.9,hcp,,
3968,on_track,long_term,on time,90,7,app,low,23.3,direct_rx,,
3969,lapsing,stable,delayed,30,39,app,high,3.1,direct_rx,4,cost_or_coverage
3970,lapsed,long_term,missed,60,199,phone,moderate,32.5,direct_rx,28,no_response
3971,lapsing,early,delayed,90,110,app,moderate,0.2,hcp,1,not_working
3972,on_track,early,on time,30,16,app,low,1.8,hcp,,
3973,on_track,stable,on time,30,5,app,moderate,10.0,direct_rx,,
3974,lapsed,stable,missed,30,51,app,moderate,3.1,hcp,3,no_response
3975,lapsing,early,delayed,60,91,app,moderate,2.5,direct_rx,3,no_response
3976,on_track,stable,on time,60,4,app,low,11.1,direct_rx,,
3977,lapsing,early,delayed,30,38,app,high,1.0,hcp,1,no_response
3978,on_track,stable,on time,90,69,app,low,10.9,direct_rx,,
3979,on_track,stable,on time,30,22,none,moderate,9.4,transfer,,
3980,lapsed,early,missed,30,104,none,moderate,1.0,transfer,1,side_effects
3981,on_track,stable,on time,30,2,phone,low,10.7,hcp,,
3982,lapsed,stable,missed,30,73,none,high,10.1,direct_rx,9,felt_better
3983,on_track,early,on time,90,27,phone,low,1.1,direct_rx,,
3984,lapsed,stable,missed,30,118,app,high,3.2,direct_rx,1,no_response
3985,on_track,stable,on time,30,20,app,moderate,10.6,direct_rx,,
3986,on_track,long_term,on time,30,6,phone,low,24.4,hcp,,
3987,on_track,stable,on time,30,23,none,moderate,11.3,hcp,,
3988,on_track,stable,on time,90,13,app,moderate,10.4,hcp,,
3989,on_track,long_term,on time,60,17,app,moderate,18.8,direct_rx,,
3990,on_track,stable,on time,30,17,app,low,10.9,direct_rx,,
3991,on_track,stable,on time,30,22,none,low,11.2,transfer,,
3992,lapsed,early,missed,30,89,phone,high,2.8,direct_rx,1,no_response
3993,on_track,long_term,on time,30,14,app,moderate,27.3,hcp,,
3994,on_track,stable,on time,60,47,app,low,8.8,transfer,,
3995,on_track,early,on time,60,25,app,low,2.9,direct_rx,,
3996,lapsing,early,delayed,60,61,none,moderate,0.2,hcp,1,forgot_or_routine
3997,on_track,long_term,on time,30,8,phone,moderate,28.2,hcp,,
3998,on_track,long_term,on time,30,3,app,low,21.4,hcp,,
3999,on_track,early,on time,90,15,app,low,2.0,direct_rx,,
4000,lapsing,early,delayed,60,66,none,high,2.2,direct_rx,3,no_response
4001,lapsed,long_term,missed,30,62,phone,moderate,32.3,direct_rx,32,no_response
4002,lapsing,early,delayed,30,42,phone,high,1.5,hcp,2,forgot_or_routine
4003,on_track,stable,on time,30,14,app,low,10.1,transfer,,
4004,lapsing,early,delayed,30,33,phone,high,2.8,direct_rx,3,no_response
4005,lapsed,early,missed,60,144,app,high,0.1,direct_rx,1,forgot_or_routine
4006,on_track,long_term,on time,60,3,app,low,27.2,hcp,,
4007,lapsing,early,delayed,30,32,app,moderate,2.5,hcp,3,not_working
4008,on_track,long_term,on time,30,2,none,moderate,26.9,transfer,,
4009,on_track,stable,on time,90,48,app,moderate,8.4,hcp,,
4010,on_track,long_term,on time,30,7,phone,low,14.4,hcp,,
4011,on_track,early,on time,30,23,phone,moderate,1.9,hcp,,
4012,on_track,long_term,on time,90,0,phone,low,21.4,transfer,,
4013,on_track,long_term,on time,30,6,app,low,30.8,hcp,,
4014,lapsing,early,delayed,30,46,app,moderate,0.0,direct_rx,1,cost_or_coverage
4015,lapsed,stable,missed,30,78,none,high,5.9,transfer,5,cost_or_coverage
4016,lapsing,stable,delayed,30,42,app,moderate,10.7,direct_rx,11,cost_or_coverage
4017,on_track,stable,on time,60,10,app,moderate,11.2,direct_rx,,
4018,lapsing,early,delayed,90,122,app,high,1.1,transfer,2,side_effects
4019,lapsing,early,delayed,30,40,none,moderate,2.9,hcp,3,not_working
4020,on_track,stable,on time,30,18,app,low,8.4,direct_rx,,
4021,lapsing,early,delayed,30,42,none,moderate,3.0,direct_rx,3,forgot_or_routine
4022,on_track,long_term,on time,90,7,app,moderate,24.0,direct_rx,,
4023,on_track,early,on time,30,7,none,moderate,1.6,direct_rx,,
4024,lapsing,long_term,delayed,30,36,phone,high,30.1,direct_rx,31,felt_better
4025,on_track,early,on time,60,26,app,moderate,0.4,transfer,,
4026,lapsing,early,delayed,30,36,none,moderate,2.2,hcp,3,no_response
4027,on_track,stable,on time,60,41,phone,low,11.3,direct_rx,,
4028,on_track,early,on time,30,5,app,low,0.1,direct_rx,,
4029,on_track,long_term,on time,30,18,none,low,22.3,direct_rx,,
4030,on_track,long_term,on time,30,21,app,moderate,13.8,hcp,,
4031,lapsing,long_term,delayed,60,69,phone,high,12.9,direct_rx,13,not_working
4032,on_track,early,on time,30,6,app,moderate,1.9,hcp,,
4033,on_track,early,on time,30,8,app,moderate,1.2,direct_rx,,
4034,lapsed,early,missed,30,120,app,high,0.4,hcp,1,forgot_or_routine
4035,on_track,long_term,on time,30,12,app,low,22.5,hcp,,
4036,on_track,long_term,on time,30,11,phone,low,22.3,direct_rx,,
4037,lapsed,early,missed,30,82,app,high,0.2,hcp,1,no_response
4038,lapsing,long_term,delayed,60,65,none,high,30.6,direct_rx,31,cost_or_coverage
4039,lapsing,early,delayed,30,43,app,moderate,2.7,hcp,3,not_working
4040,on_track,early,on time,30,15,none,low,0.3,hcp,,
4041,lapsing,early,delayed,90,142,app,moderate,2.6,direct_rx,3,not_working
4042,on_track,stable,on time,30,4,phone,moderate,12.0,direct_rx,,
4043,on_track,stable,on time,30,14,none,low,10.4,hcp,,
4044,lapsing,early,delayed,30,39,phone,moderate,0.9,direct_rx,1,no_response
4045,on_track,stable,on time,30,8,phone,low,11.8,hcp,,
4046,lapsed,early,missed,60,204,app,high,0.5,direct_rx,1,forgot_or_routine
4047,lapsing,stable,delayed,30,45,app,high,4.2,hcp,5,cost_or_coverage
4048,on_track,long_term,on time,90,33,app,moderate,18.1,hcp,,
4049,on_track,stable,on time,30,10,app,moderate,11.0,direct_rx,,
4050,on_track,long_term,on time,30,15,phone,moderate,24.7,hcp,,
4051,on_track,long_term,on time,30,2,app,moderate,32.0,direct_rx,,
4052,on_track,stable,on time,30,2,app,low,9.4,direct_rx,,
4053,on_track,early,on time,30,9,app,low,2.8,hcp,,
4054,on_track,stable,on time,30,11,phone,low,10.8,hcp,,
4055,on_track,stable,on time,30,8,none,moderate,10.2,hcp,,
4056,on_track,stable,on time,30,21,app,low,10.9,direct_rx,,
4057,lapsing,early,delayed,30,36,phone,moderate,2.6,direct_rx,3,side_effects
4058,on_track,stable,on time,30,11,phone,low,11.6,hcp,,
4059,on_track,long_term,on time,60,10,phone,low,24.3,direct_rx,,
4060,on_track,early,on time,60,47,app,moderate,0.3,hcp,,
4061,lapsing,early,delayed,30,48,none,moderate,2.6,hcp,3,cost_or_coverage
4062,lapsing,early,delayed,30,31,phone,high,0.6,hcp,1,cost_or_coverage
4063,lapsed,stable,missed,30,81,app,high,9.4,direct_rx,8,felt_better
4064,lapsing,early,delayed,90,111,none,moderate,1.6,hcp,2,side_effects
4065,on_track,long_term,on time,30,7,app,moderate,35.7,direct_rx,,
4066,on_track,long_term,on time,30,23,phone,low,23.9,direct_rx,,
4067,on_track,stable,on time,30,6,app,low,11.4,hcp,,
4068,on_track,early,on time,30,4,app,low,2.5,direct_rx,,
4069,lapsing,early,delayed,60,95,none,high,0.8,hcp,1,cost_or_coverage
4070,on_track,long_term,on time,60,35,app,low,36.0,direct_rx,,
4071,on_track,long_term,on time,60,47,phone,low,28.8,direct_rx,,
4072,on_track,early,on time,30,24,phone,low,2.8,hcp,,
4073,lapsing,early,delayed,60,64,phone,moderate,2.4,hcp,3,forgot_or_routine
4074,lapsing,early,delayed,30,36,app,moderate,2.4,hcp,3,no_response
4075,on_track,early,on time,30,15,app,moderate,1.1,direct_rx,,
4076,on_track,stable,on time,30,7,phone,low,10.5,hcp,,
4077,lapsed,early,missed,90,300,phone,high,0.3,hcp,1,cost_or_coverage
4078,on_track,long_term,on time,30,14,phone,moderate,27.7,hcp,,
4079,on_track,stable,on time,60,45,app,low,11.8,hcp,,
4080,on_track,stable,on time,60,47,phone,low,9.3,direct_rx,,
4081,on_track,stable,on time,60,22,phone,low,11.4,direct_rx,,
4082,on_track,long_term,on time,90,65,app,moderate,16.4,direct_rx,,
4083,on_track,long_term,on time,90,4,app,moderate,33.5,direct_rx,,
4084,lapsed,early,missed,90,236,app,high,1.2,direct_rx,1,no_response
4085,on_track,long_term,on time,30,0,phone,low,23.9,hcp,,
4086,lapsed,stable,missed,90,291,app,moderate,3.2,direct_rx,1,cost_or_coverage
4087,on_track,early,on time,60,38,phone,moderate,1.1,direct_rx,,
4088,lapsed,early,missed,30,101,app,high,2.2,hcp,1,forgot_or_routine
4089,lapsing,stable,delayed,90,139,none,moderate,5.5,direct_rx,6,no_response
4090,on_track,stable,on time,60,41,phone,moderate,11.6,hcp,,
4091,on_track,long_term,on time,30,17,app,low,32.3,hcp,,
4092,on_track,early,on time,30,7,none,low,1.4,hcp,,
4093,on_track,stable,on time,30,5,app,low,9.3,hcp,,
4094,on_track,early,on time,30,13,app,low,0.1,direct_rx,,
4095,lapsed,long_term,missed,30,109,phone,high,17.6,direct_rx,15,side_effects
4096,on_track,early,on time,90,16,none,low,1.5,direct_rx,,
4097,on_track,long_term,on time,60,13,app,low,23.0,direct_rx,,
4098,on_track,early,on time,30,3,app,low,1.3,direct_rx,,
4099,lapsing,early,delayed,30,42,none,moderate,1.4,direct_rx,2,forgot_or_routine
4100,on_track,stable,on time,90,17,phone,low,8.2,hcp,,
4101,on_track,early,on time,60,41,phone,moderate,0.2,hcp,,
4102,on_track,stable,on time,60,16,phone,low,10.2,transfer,,
4103,on_track,early,on time,30,16,none,low,0.5,direct_rx,,
4104,on_track,long_term,on time,60,15,app,moderate,27.7,direct_rx,,
4105,lapsing,early,delayed,90,137,none,moderate,2.1,direct_rx,3,forgot_or_routine
4106,on_track,stable,on time,60,47,phone,low,10.6,direct_rx,,
4107,lapsed,stable,missed,30,85,none,high,8.9,transfer,8,forgot_or_routine
4108,on_track,stable,on time,90,71,none,low,11.9,direct_rx,,
4109,lapsed,early,missed,60,187,app,high,0.9,hcp,1,forgot_or_routine
4110,on_track,stable,on time,30,4,app,low,11.9,direct_rx,,
4111,on_track,stable,on time,90,42,none,low,10.1,direct_rx,,
4112,on_track,early,on time,60,2,app,low,2.8,direct_rx,,
4113,on_track,stable,on time,90,7,app,low,12.0,direct_rx,,
4114,lapsed,stable,missed,30,82,app,moderate,4.9,direct_rx,4,cost_or_coverage
4115,lapsed,long_term,missed,30,116,none,moderate,33.2,hcp,31,no_response
4116,on_track,long_term,on time,60,45,app,low,24.2,direct_rx,,
4117,lapsed,early,missed,30,110,none,moderate,1.6,hcp,1,no_response
4118,on_track,early,on time,30,9,app,low,2.8,direct_rx,,
4119,on_track,long_term,on time,90,51,phone,low,17.4,hcp,,
4120,on_track,early,on time,30,17,none,low,2.0,direct_rx,,
4121,lapsed,stable,missed,60,232,app,high,4.0,direct_rx,1,no_response
4122,on_track,stable,on time,60,17,app,low,10.2,direct_rx,,
4123,lapsing,early,delayed,90,104,app,moderate,2.9,direct_rx,3,no_response
4124,on_track,early,on time,30,23,none,moderate,2.3,hcp,,
4125,on_track,stable,on time,60,41,none,moderate,9.7,direct_rx,,
4126,lapsing,early,delayed,90,135,app,moderate,1.8,transfer,2,not_working
4127,lapsed,stable,missed,30,117,app,high,3.6,hcp,1,side_effects
4128,lapsing,stable,delayed,30,48,none,moderate,5.0,direct_rx,5,cost_or_coverage
4129,on_track,stable,on time,90,41,app,moderate,10.8,direct_rx,,
4130,lapsed,early,missed,30,101,none,high,1.1,direct_rx,1,not_working
4131,on_track,early,on time,90,15,phone,low,0.8,direct_rx,,
4132,lapsing,stable,delayed,60,76,app,high,3.7,direct_rx,4,forgot_or_routine
4133,on_track,stable,on time,30,8,app,moderate,11.9,hcp,,
4134,on_track,stable,on time,30,14,app,moderate,8.6,direct_rx,,
4135,on_track,stable,on time,30,4,phone,low,10.9,direct_rx,,
4136,lapsing,stable,delayed,30,38,app,moderate,4.4,hcp,5,forgot_or_routine
4137,lapsed,early,missed,30,73,app,high,1.2,direct_rx,1,side_effects
4138,on_track,long_term,on time,60,27,app,moderate,26.0,hcp,,
4139,on_track,stable,on time,60,26,none,low,10.5,direct_rx,,
4140,on_track,long_term,on time,60,0,app,low,30.9,hcp,,
4141,on_track,stable,on time,60,32,phone,low,12.0,direct_rx,,
4142,on_track,early,on time,30,17,none,low,0.6,direct_rx,,
4143,lapsing,long_term,delayed,90,106,app,moderate,29.7,direct_rx,30,felt_better
4144,lapsing,long_term,delayed,60,67,app,moderate,29.0,hcp,29,felt_better
4145,on_track,long_term,on time,30,23,app,low,28.4,direct_rx,,
4146,on_track,early,on time,90,55,phone,moderate,2.4,direct_rx,,
4147,lapsing,long_term,delayed,30,33,phone,moderate,17.0,direct_rx,17,no_response
4148,lapsing,long_term,delayed,60,84,phone,moderate,34.0,direct_rx,34,no_response
4149,on_track,stable,on time,60,35,phone,low,11.6,hcp,,
4150,on_track,long_term,on time,30,20,phone,low,24.3,direct_rx,,
4151,on_track,early,on time,60,14,phone,low,0.9,hcp,,
4152,on_track,early,on time,30,23,app,moderate,0.6,direct_rx,,
4153,lapsing,early,delayed,60,82,app,moderate,0.2,direct_rx,1,no_response
4154,on_track,long_term,on time,30,16,phone,low,23.7,hcp,,
4155,on_track,early,on time,60,39,phone,low,1.4,transfer,,
4156,lapsing,stable,delayed,90,140,phone,moderate,3.6,direct_rx,4,no_response
4157,on_track,long_term,on time,90,35,none,low,29.1,hcp,,
4158,on_track,stable,on time,90,30,phone,low,11.0,direct_rx,,
4159,on_track,long_term,on time,30,7,phone,low,33.5,direct_rx,,
4160,lapsing,early,delayed,30,33,none,moderate,0.3,direct_rx,1,felt_better
4161,on_track,early,on time,90,63,app,low,0.6,hcp,,
4162,lapsing,early,delayed,30,36,phone,moderate,0.3,direct_rx,1,forgot_or_routine
4163,on_track,early,on time,30,19,app,low,0.2,direct_rx,,
4164,on_track,stable,on time,30,4,app,low,11.7,direct_rx,,
4165,lapsed,early,missed,30,85,app,high,0.3,direct_rx,1,not_working
4166,on_track,stable,on time,30,8,app,moderate,10.6,hcp,,
4167,lapsed,long_term,missed,60,106,none,high,25.6,direct_rx,25,no_response
4168,on_track,long_term,on time,90,24,phone,low,28.8,hcp,,
4169,on_track,early,on time,30,21,phone,moderate,2.1,transfer,,
4170,on_track,stable,on time,30,4,phone,moderate,11.6,direct_rx,,
4171,lapsed,early,missed,30,120,none,moderate,1.7,direct_rx,1,cost_or_coverage
4172,lapsed,early,missed,60,240,phone,high,1.4,direct_rx,1,side_effects
4173,on_track,early,on time,30,0,app,low,2.9,direct_rx,,
4174,on_track,early,on time,90,43,none,low,0.7,transfer,,
4175,on_track,long_term,on time,30,18,app,moderate,27.6,transfer,,
4176,lapsing,stable,delayed,30,31,phone,moderate,3.6,hcp,4,forgot_or_routine
4177,lapsing,early,delayed,90,116,app,moderate,1.5,hcp,2,forgot_or_routine
4178,lapsing,early,delayed,60,91,app,high,1.6,direct_rx,2,no_response
4179,lapsed,long_term,missed,30,82,app,high,28.1,direct_rx,27,side_effects
4180,on_track,stable,on time,60,2,none,moderate,11.6,direct_rx,,
4181,on_track,long_term,on time,60,30,app,moderate,25.4,direct_rx,,
4182,lapsing,early,delayed,30,37,phone,moderate,1.6,direct_rx,2,forgot_or_routine
4183,lapsing,early,delayed,30,38,app,moderate,2.7,direct_rx,3,side_effects
4184,on_track,stable,on time,30,12,app,low,11.6,direct_rx,,
4185,on_track,stable,on time,30,13,phone,low,11.6,direct_rx,,
4186,on_track,stable,on time,30,17,phone,low,6.2,direct_rx,,
4187,lapsing,early,delayed,30,33,app,moderate,0.4,transfer,1,not_working
4188,on_track,stable,on time,90,71,app,moderate,11.6,direct_rx,,
4189,on_track,stable,on time,90,48,phone,low,11.2,hcp,,
4190,on_track,stable,on time,30,3,phone,moderate,8.2,direct_rx,,
4191,lapsing,early,delayed,60,83,app,moderate,1.2,transfer,2,no_response
4192,lapsing,early,delayed,30,41,phone,high,0.6,hcp,1,no_response
4193,lapsing,early,delayed,30,40,none,moderate,1.5,direct_rx,2,no_response
4194,on_track,long_term,on time,30,19,app,low,27.0,transfer,,
4195,lapsed,stable,missed,30,109,phone,high,3.3,hcp,1,not_working
4196,lapsing,early,delayed,60,74,phone,high,0.6,direct_rx,1,no_response
4197,lapsing,early,delayed,90,114,phone,moderate,0.7,direct_rx,1,no_response
4198,lapsed,early,missed,90,248,phone,high,0.5,hcp,1,forgot_or_routine
4199,on_track,stable,on time,30,3,none,moderate,11.4,direct_rx,,
4200,on_track,early,on time,30,12,app,low,2.9,hcp,,
4201,on_track,stable,on time,90,3,none,low,9.4,transfer,,
4202,lapsing,early,delayed,90,138,app,high,2.4,hcp,3,not_working
4203,lapsing,early,delayed,30,35,phone,moderate,2.2,direct_rx,3,side_effects
4204,lapsed,long_term,missed,90,174,none,high,33.0,direct_rx,31,felt_better
4205,on_track,stable,on time,30,18,app,moderate,11.4,transfer,,
4206,on_track,long_term,on time,90,8,app,low,17.0,hcp,,
4207,on_track,long_term,on time,30,21,none,low,33.1,direct_rx,,
4208,on_track,early,on time,30,18,phone,moderate,1.4,hcp,,
4209,on_track,early,on time,30,18,phone,low,0.3,hcp,,
4210,on_track,long_term,on time,30,5,none,low,19.0,direct_rx,,
4211,lapsing,early,delayed,30,40,app,moderate,1.1,direct_rx,2,no_response
4212,on_track,stable,on time,30,22,phone,low,10.0,direct_rx,,
4213,on_track,early,on time,30,21,app,low,0.7,direct_rx,,
4214,on_track,stable,on time,60,23,app,moderate,11.2,hcp,,
4215,on_track,stable,on time,30,13,phone,low,10.6,hcp,,
4216,lapsing,stable,delayed,30,38,phone,high,3.6,direct_rx,4,not_working
4217,on_track,early,on time,90,36,app,low,2.0,transfer,,
4218,lapsing,long_term,delayed,60,70,phone,moderate,19.5,direct_rx,20,not_working
4219,lapsing,early,delayed,30,40,app,moderate,2.8,direct_rx,3,forgot_or_routine
4220,lapsing,stable,delayed,60,76,none,moderate,9.8,direct_rx,10,felt_better
4221,on_track,stable,on time,30,17,phone,low,10.4,direct_rx,,
4222,on_track,stable,on time,90,35,none,moderate,10.8,direct_rx,,
4223,lapsing,stable,delayed,30,46,app,moderate,10.1,hcp,11,cost_or_coverage
4224,lapsing,stable,delayed,30,44,phone,moderate,4.7,direct_rx,5,cost_or_coverage
4225,lapsed,long_term,missed,60,157,phone,moderate,29.8,direct_rx,27,felt_better
4226,on_track,long_term,on time,30,10,app,low,28.4,transfer,,
4227,on_track,long_term,on time,30,4,app,low,29.8,direct_rx,,
4228,on_track,early,on time,90,21,app,low,2.0,direct_rx,,
4229,lapsing,early,delayed,30,32,none,moderate,1.8,direct_rx,2,cost_or_coverage
4230,lapsing,early,delayed,30,45,phone,moderate,1.6,direct_rx,2,no_response
4231,on_track,stable,on time,30,10,phone,moderate,11.6,direct_rx,,
4232,lapsing,early,delayed,30,37,phone,high,1.9,transfer,2,no_response
4233,on_track,long_term,on time,30,14,app,moderate,22.4,hcp,,
4234,on_track,long_term,on time,30,9,none,low,31.2,direct_rx,,
4235,on_track,stable,on time,60,8,phone,low,8.7,direct_rx,,
4236,on_track,stable,on time,90,62,none,low,9.0,transfer,,
4237,on_track,early,on time,30,9,phone,low,1.8,hcp,,
4238,on_track,stable,on time,30,22,phone,low,11.4,direct_rx,,
4239,on_track,early,on time,30,17,phone,low,2.7,direct_rx,,
4240,on_track,early,on time,30,7,app,low,2.0,hcp,,
4241,on_track,stable,on time,90,11,app,low,11.9,hcp,,
4242,lapsed,early,missed,60,199,app,high,1.3,direct_rx,1,side_effects
4243,lapsing,early,delayed,30,37,none,high,0.9,direct_rx,1,side_effects
4244,on_track,long_term,on time,90,57,app,low,29.5,hcp,,
4245,on_track,long_term,on time,30,4,app,low,16.6,direct_rx,,
4246,on_track,early,on time,30,4,none,low,1.1,direct_rx,,
4247,lapsing,early,delayed,30,44,app,moderate,0.2,transfer,1,no_response
4248,on_track,stable,on time,60,20,app,low,11.6,direct_rx,,
4249,on_track,long_term,on time,90,39,phone,low,18.1,direct_rx,,
4250,on_track,long_term,on time,90,11,none,low,23.7,direct_rx,,
4251,lapsed,early,missed,60,219,none,high,0.2,direct_rx,1,forgot_or_routine
4252,on_track,early,on time,90,19,app,low,0.6,direct_rx,,
4253,lapsed,early,missed,30,65,none,moderate,2.9,hcp,2,felt_better
4254,on_track,early,on time,30,24,none,low,2.2,hcp,,
4255,on_track,early,on time,30,16,phone,low,0.6,direct_rx,,
4256,lapsed,early,missed,60,141,none,high,0.6,direct_rx,1,cost_or_coverage
4257,on_track,early,on time,30,15,phone,moderate,2.9,direct_rx,,
4258,lapsing,early,delayed,30,32,phone,moderate,2.0,hcp,2,side_effects
4259,on_track,long_term,on time,30,16,app,low,17.3,direct_rx,,
4260,on_track,long_term,on time,30,23,phone,low,33.2,hcp,,
4261,lapsing,early,delayed,60,77,app,high,0.4,hcp,1,not_working
4262,on_track,early,on time,60,47,phone,moderate,1.6,hcp,,
4263,on_track,early,on time,90,37,app,low,2.0,direct_rx,,
4264,on_track,stable,on time,30,23,app,low,9.4,direct_rx,,
4265,lapsing,stable,delayed,30,43,app,moderate,11.5,direct_rx,12,no_response
4266,lapsed,stable,missed,30,117,none,moderate,3.1,direct_rx,1,not_working
4267,on_track,long_term,on time,90,0,app,moderate,25.7,direct_rx,,
4268,on_track,stable,on time,30,11,none,low,7.7,hcp,,
4269,on_track,early,on time,30,10,app,low,0.6,direct_rx,,
4270,lapsed,stable,missed,90,343,app,high,4.0,transfer,1,forgot_or_routine
4271,lapsing,early,delayed,30,44,app,moderate,2.1,direct_rx,3,cost_or_coverage
4272,lapsing,early,delayed,30,43,none,moderate,1.6,direct_rx,2,side_effects
4273,lapsed,early,missed,60,160,app,moderate,0.4,direct_rx,1,not_working
4274,on_track,stable,on time,30,6,none,low,10.5,hcp,,
4275,lapsing,long_term,delayed,30,31,none,moderate,13.4,direct_rx,14,forgot_or_routine
4276,on_track,stable,on time,60,39,phone,low,9.7,hcp,,
4277,on_track,early,on time,60,32,app,low,0.5,hcp,,
4278,lapsed,early,missed,30,56,phone,high,2.4,direct_rx,2,no_response
4279,on_track,stable,on time,30,12,app,low,11.7,direct_rx,,
4280,on_track,stable,on time,30,20,app,low,9.9,direct_rx,,
4281,lapsing,stable,delayed,30,42,none,moderate,3.4,hcp,4,no_response
4282,on_track,long_term,on time,60,20,phone,low,27.7,direct_rx,,
4283,lapsed,long_term,missed,90,168,phone,moderate,18.5,hcp,16,forgot_or_routine
4284,on_track,long_term,on time,30,24,app,moderate,27.4,hcp,,
4285,lapsed,long_term,missed,30,66,phone,high,33.7,direct_rx,33,forgot_or_routine
4286,lapsing,early,delayed,90,118,app,moderate,2.3,hcp,3,no_response
4287,on_track,early,on time,90,26,app,low,1.6,hcp,,
4288,on_track,stable,on time,90,7,app,moderate,9.9,hcp,,
4289,on_track,long_term,on time,60,24,none,low,34.9,direct_rx,,
4290,lapsing,long_term,delayed,30,44,none,high,13.5,hcp,14,no_response
4291,lapsing,early,delayed,30,47,phone,moderate,0.4,direct_rx,1,cost_or_coverage
4292,lapsed,early,missed,30,113,app,high,0.8,transfer,1,cost_or_coverage
4293,on_track,stable,on time,30,22,phone,low,10.3,transfer,,
4294,on_track,stable,on time,30,11,app,moderate,11.3,direct_rx,,
4295,on_track,early,on time,60,11,app,low,2.5,direct_rx,,
4296,on_track,long_term,on time,90,48,phone,low,24.4,direct_rx,,
4297,on_track,stable,on time,30,15,phone,low,11.6,direct_rx,,
4298,lapsing,early,delayed,90,109,app,moderate,2.9,hcp,3,side_effects
4299,on_track,early,on time,30,7,phone,low,1.1,transfer,,
4300,lapsed,early,missed,30,85,phone,high,1.8,direct_rx,1,no_response
4301,on_track,stable,on time,90,60,phone,low,10.5,direct_rx,,
4302,on_track,early,on time,60,12,app,low,1.1,hcp,,
4303,lapsed,stable,missed,60,137,none,high,3.1,transfer,1,side_effects
4304,on_track,stable,on time,30,20,phone,low,9.7,hcp,,
4305,lapsed,long_term,missed,60,172,none,high,19.9,hcp,17,no_response
4306,on_track,long_term,on time,60,31,app,low,13.7,direct_rx,,
4307,lapsed,stable,missed,30,66,phone,moderate,8.0,direct_rx,7,not_working
4308,lapsing,early,delayed,30,31,app,moderate,1.8,hcp,2,cost_or_coverage
4309,on_track,long_term,on time,30,5,phone,moderate,22.5,transfer,,
4310,on_track,long_term,on time,90,1,none,low,17.4,direct_rx,,
4311,on_track,long_term,on time,90,43,phone,low,12.5,direct_rx,,
4312,lapsed,early,missed,60,162,app,high,2.6,direct_rx,1,felt_better
4313,on_track,early,on time,30,22,app,moderate,1.1,transfer,,
4314,lapsing,stable,delayed,30,48,app,moderate,7.0,direct_rx,7,no_response
4315,lapsed,early,missed,60,177,none,moderate,3.0,direct_rx,1,side_effects
4316,lapsing,early,delayed,60,81,app,high,2.9,transfer,3,cost_or_coverage
4317,on_track,long_term,on time,30,18,phone,low,26.4,transfer,,
4318,on_track,stable,on time,30,10,phone,moderate,9.6,hcp,,
4319,on_track,long_term,on time,30,9,phone,moderate,27.0,direct_rx,,
4320,on_track,stable,on time,90,5,none,moderate,11.5,direct_rx,,
4321,on_track,early,on time,30,5,app,low,0.4,hcp,,
4322,on_track,stable,on time,30,6,none,low,10.8,transfer,,
4323,on_track,long_term,on time,60,30,none,low,23.2,direct_rx,,
4324,lapsing,early,delayed,30,44,phone,moderate,0.0,hcp,1,side_effects
4325,lapsing,stable,delayed,60,73,app,high,4.4,hcp,5,felt_better
4326,on_track,long_term,on time,30,8,phone,moderate,15.5,direct_rx,,
4327,lapsing,early,delayed,30,31,phone,high,1.2,direct_rx,2,side_effects
4328,on_track,stable,on time,30,16,app,moderate,9.4,hcp,,
4329,lapsing,early,delayed,30,39,app,high,2.1,direct_rx,3,side_effects
4330,lapsed,early,missed,30,63,phone,high,0.0,transfer,1,forgot_or_routine
4331,on_track,early,on time,30,10,none,low,2.5,direct_rx,,
4332,on_track,stable,on time,90,45,none,moderate,10.5,direct_rx,,
4333,on_track,stable,on time,30,2,app,low,11.1,direct_rx,,
4334,lapsing,early,delayed,90,126,app,moderate,1.5,hcp,2,not_working
4335,on_track,early,on time,30,16,phone,low,1.4,hcp,,
4336,on_track,long_term,on time,30,5,phone,moderate,20.7,hcp,,
4337,lapsed,early,missed,30,108,phone,high,1.1,hcp,1,forgot_or_routine
4338,on_track,stable,on time,60,25,app,low,11.8,direct_rx,,
4339,lapsing,early,delayed,30,34,phone,moderate,2.0,direct_rx,2,side_effects
4340,lapsing,stable,delayed,60,77,none,high,3.2,transfer,4,cost_or_coverage
4341,on_track,early,on time,30,16,phone,moderate,0.1,direct_rx,,
4342,lapsing,early,delayed,30,31,app,moderate,2.6,direct_rx,3,not_working
4343,on_track,long_term,on time,90,58,app,moderate,21.2,direct_rx,,
4344,on_track,early,on time,30,10,none,moderate,0.3,transfer,,
4345,on_track,long_term,on time,30,22,phone,low,26.3,transfer,,
4346,on_track,long_term,on time,30,11,none,low,14.1,direct_rx,,
4347,on_track,early,on time,60,38,app,low,2.2,direct_rx,,
4348,on_track,stable,on time,30,6,none,low,10.2,transfer,,
4349,on_track,early,on time,30,5,app,low,2.5,direct_rx,,
4350,on_track,long_term,on time,30,23,none,moderate,27.4,direct_rx,,
4351,on_track,stable,on time,90,14,none,low,11.1,direct_rx,,
4352,on_track,stable,on time,90,24,app,moderate,9.3,hcp,,
4353,lapsed,stable,missed,90,182,phone,moderate,4.1,direct_rx,2,side_effects
4354,lapsed,early,missed,60,182,phone,moderate,2.2,direct_rx,1,not_working
4355,on_track,stable,on time,90,46,phone,low,11.9,hcp,,
4356,on_track,long_term,on time,30,13,app,low,27.6,direct_rx,,
4357,lapsing,early,delayed,30,33,phone,moderate,0.3,hcp,1,side_effects
4358,on_track,stable,on time,90,64,app,moderate,11.0,direct_rx,,
4359,on_track,stable,on time,60,4,phone,low,7.1,transfer,,
4360,on_track,stable,on time,30,23,phone,low,9.1,direct_rx,,
4361,on_track,stable,on time,60,14,app,low,11.3,direct_rx,,
4362,on_track,stable,on time,30,18,app,moderate,9.9,transfer,,
4363,lapsing,early,delayed,60,68,none,moderate,1.9,hcp,2,cost_or_coverage
4364,lapsed,early,missed,30,112,none,high,1.9,direct_rx,1,cost_or_coverage
4365,lapsed,stable,missed,30,88,app,high,3.5,direct_rx,2,forgot_or_routine
4366,lapsed,stable,missed,90,240,phone,high,5.3,direct_rx,1,cost_or_coverage
4367,on_track,stable,on time,60,21,phone,moderate,8.2,hcp,,
4368,lapsed,early,missed,30,67,phone,high,1.2,hcp,1,not_working
4369,lapsing,early,delayed,90,141,app,moderate,1.7,hcp,2,side_effects
4370,on_track,long_term,on time,90,25,phone,moderate,22.5,direct_rx,,
4371,on_track,stable,on time,30,15,phone,low,7.9,hcp,,
4372,on_track,long_term,on time,60,38,app,moderate,17.9,direct_rx,,
4373,lapsing,early,delayed,30,46,phone,high,0.4,direct_rx,1,side_effects
4374,on_track,stable,on time,90,24,app,low,11.8,direct_rx,,
4375,on_track,long_term,on time,90,37,app,moderate,30.8,direct_rx,,
4376,on_track,long_term,on time,30,15,phone,low,27.0,direct_rx,,
4377,lapsing,early,delayed,30,36,app,moderate,2.6,hcp,3,cost_or_coverage
4378,on_track,long_term,on time,30,9,app,low,14.3,direct_rx,,
4379,on_track,long_term,on time,90,17,app,low,23.0,hcp,,
4380,lapsing,early,delayed,90,124,phone,moderate,1.3,direct_rx,2,no_response
4381,on_track,stable,on time,30,13,phone,moderate,11.1,transfer,,
4382,lapsing,stable,delayed,30,39,app,moderate,3.3,direct_rx,4,side_effects
4383,lapsing,early,delayed,30,34,app,high,2.2,hcp,3,no_response
4384,on_track,stable,on time,60,6,none,low,11.6,direct_rx,,
4385,lapsing,early,delayed,90,92,app,moderate,0.7,direct_rx,1,no_response
4386,lapsed,early,missed,60,123,phone,high,0.2,direct_rx,1,not_working
4387,on_track,early,on time,90,7,phone,moderate,1.6,transfer,,
4388,lapsed,early,missed,30,101,phone,moderate,1.1,hcp,1,side_effects
4389,lapsed,early,missed,30,92,phone,moderate,2.6,transfer,1,forgot_or_routine
4390,lapsing,early,delayed,60,83,app,moderate,1.3,direct_rx,2,cost_or_coverage
4391,on_track,early,on time,30,1,phone,moderate,2.6,direct_rx,,
4392,on_track,stable,on time,90,9,phone,low,8.5,hcp,,
4393,lapsing,early,delayed,30,31,none,moderate,2.5,hcp,3,not_working
4394,on_track,long_term,on time,60,12,app,low,32.7,transfer,,
4395,on_track,stable,on time,30,23,none,moderate,11.3,direct_rx,,
4396,lapsing,stable,delayed,90,101,phone,high,7.9,direct_rx,8,forgot_or_routine
4397,lapsing,early,delayed,30,47,app,moderate,1.9,direct_rx,2,no_response
4398,on_track,stable,on time,90,13,phone,low,11.7,direct_rx,,
4399,on_track,stable,on time,30,20,phone,moderate,7.4,direct_rx,,
4400,on_track,stable,on time,90,6,phone,low,11.3,direct_rx,,
4401,on_track,stable,on time,30,5,app,moderate,8.2,direct_rx,,
4402,lapsed,early,missed,30,57,app,high,0.4,direct_rx,1,side_effects
4403,lapsed,early,missed,30,79,app,high,0.4,direct_rx,1,side_effects
4404,lapsing,early,delayed,90,107,phone,moderate,0.7,transfer,1,no_response
4405,lapsing,early,delayed,30,35,none,moderate,1.1,direct_rx,2,cost_or_coverage
4406,on_track,stable,on time,30,23,phone,low,10.2,hcp,,
4407,on_track,stable,on time,30,24,none,low,10.1,direct_rx,,
4408,on_track,stable,on time,60,32,phone,low,11.9,hcp,,
4409,on_track,long_term,on time,60,9,phone,low,27.9,direct_rx,,
4410,lapsing,early,delayed,90,125,phone,moderate,1.5,direct_rx,2,side_effects
4411,on_track,stable,on time,30,17,none,moderate,9.9,hcp,,
4412,on_track,long_term,on time,30,24,phone,low,14.0,hcp,,
4413,on_track,stable,on time,30,18,none,low,10.7,direct_rx,,
4414,lapsed,early,missed,30,52,app,moderate,2.1,hcp,2,cost_or_coverage
4415,on_track,stable,on time,90,16,app,low,10.0,direct_rx,,
4416,on_track,early,on time,60,0,app,moderate,1.1,hcp,,
4417,on_track,stable,on time,60,45,none,moderate,11.1,hcp,,
4418,on_track,stable,on time,30,13,app,low,11.8,direct_rx,,
4419,on_track,long_term,on time,60,9,app,moderate,20.7,direct_rx,,
4420,on_track,early,on time,30,23,app,low,2.1,direct_rx,,
4421,on_track,early,on time,90,71,app,moderate,0.3,hcp,,
4422,lapsed,early,missed,30,86,none,high,2.1,direct_rx,1,not_working
4423,lapsing,early,delayed,30,35,none,moderate,1.0,direct_rx,1,not_working
4424,lapsing,early,delayed,60,73,app,moderate,1.0,hcp,1,no_response
4425,on_track,stable,on time,30,8,app,low,11.5,direct_rx,,
4426,on_track,long_term,on time,60,29,app,low,33.4,direct_rx,,
4427,on_track,long_term,on time,30,5,phone,moderate,26.9,transfer,,
4428,on_track,early,on time,30,0,app,moderate,0.4,transfer,,
4429,lapsing,early,delayed,60,81,phone,moderate,1.2,hcp,2,not_working
4430,lapsed,early,missed,30,61,app,moderate,0.7,direct_rx,1,cost_or_coverage
4431,on_track,stable,on time,30,17,phone,low,11.2,direct_rx,,
4432,on_track,stable,on time,30,20,app,moderate,10.8,transfer,,
4433,lapsing,early,delayed,60,81,phone,high,1.6,direct_rx,2,no_response
4434,on_track,early,on time,60,0,phone,moderate,2.2,direct_rx,,
4435,lapsing,long_term,delayed,60,87,none,high,26.5,direct_rx,27,no_response
4436,lapsed,early,missed,30,81,none,high,0.2,direct_rx,1,not_working
4437,on_track,early,on time,30,6,none,low,1.9,transfer,,
4438,lapsed,early,missed,30,54,phone,high,0.8,direct_rx,1,cost_or_coverage
4439,on_track,early,on time,30,21,app,moderate,1.4,transfer,,
4440,on_track,stable,on time,30,7,phone,low,10.3,hcp,,
4441,lapsing,long_term,delayed,30,42,app,moderate,23.3,hcp,24,forgot_or_routine
4442,lapsing,stable,delayed,30,42,app,moderate,3.5,direct_rx,4,felt_better
4443,on_track,early,on time,30,18,phone,low,2.9,direct_rx,,
4444,lapsing,early,delayed,30,47,app,moderate,1.6,direct_rx,2,cost_or_coverage
4445,lapsed,early,missed,30,79,none,moderate,1.1,transfer,1,not_working
4446,on_track,early,on time,30,18,phone,moderate,0.9,direct_rx,,
4447,lapsing,stable,delayed,60,82,phone,moderate,7.0,transfer,7,cost_or_coverage
4448,lapsed,early,missed,90,213,none,moderate,1.0,transfer,1,side_effects
4449,lapsing,stable,delayed,30,44,app,high,3.1,transfer,4,no_response
4450,lapsed,early,missed,30,70,app,moderate,1.4,direct_rx,1,no_response
4451,on_track,stable,on time,30,5,phone,low,11.8,direct_rx,,
4452,lapsing,stable,delayed,30,37,phone,moderate,3.1,direct_rx,4,cost_or_coverage
4453,on_track,stable,on time,30,22,phone,moderate,11.8,transfer,,
4454,on_track,long_term,on time,30,13,phone,moderate,22.5,direct_rx,,
4455,on_track,long_term,on time,30,7,phone,low,28.8,hcp,,
4456,lapsing,early,delayed,30,44,app,moderate,0.4,direct_rx,1,cost_or_coverage
4457,lapsed,early,missed,90,262,phone,high,0.7,hcp,1,forgot_or_routine
4458,lapsing,early,delayed,60,78,none,high,2.0,direct_rx,2,no_response
4459,on_track,long_term,on time,30,12,phone,low,16.5,transfer,,
4460,on_track,long_term,on time,60,33,none,moderate,29.6,hcp,,
4461,lapsing,early,delayed,30,35,app,moderate,0.3,direct_rx,1,forgot_or_routine
4462,lapsing,stable,delayed,30,35,app,moderate,4.7,hcp,5,no_response
4463,on_track,long_term,on time,30,23,app,low,28.7,hcp,,
4464,lapsing,early,delayed,30,41,phone,high,0.8,direct_rx,1,side_effects
4465,lapsing,stable,delayed,90,141,app,high,3.1,transfer,4,cost_or_coverage
4466,lapsing,long_term,delayed,30,38,app,moderate,31.9,direct_rx,32,no_response
4467,lapsing,early,delayed,30,37,app,moderate,0.6,direct_rx,1,cost_or_coverage
4468,on_track,stable,on time,60,19,app,low,10.9,transfer,,
4469,lapsed,stable,missed,30,90,phone,moderate,4.2,direct_rx,3,forgot_or_routine
4470,on_track,early,on time,30,16,none,low,0.9,hcp,,
4471,on_track,long_term,on time,30,12,none,low,26.4,hcp,,
4472,lapsing,stable,delayed,30,39,app,moderate,3.1,direct_rx,4,forgot_or_routine
4473,lapsing,early,delayed,30,35,app,high,1.3,hcp,2,no_response
4474,on_track,early,on time,30,0,phone,low,1.7,direct_rx,,
4475,lapsed,early,missed,30,52,app,moderate,2.7,direct_rx,2,side_effects
4476,on_track,stable,on time,30,18,none,moderate,10.8,direct_rx,,
4477,lapsing,early,delayed,90,112,app,moderate,2.4,hcp,3,forgot_or_routine
4478,on_track,stable,on time,30,12,none,low,10.1,hcp,,
4479,on_track,long_term,on time,60,43,app,low,20.7,transfer,,
4480,lapsed,early,missed,90,184,none,high,0.8,direct_rx,1,side_effects
4481,lapsing,early,delayed,60,66,none,moderate,0.1,hcp,1,cost_or_coverage
4482,on_track,stable,on time,30,13,app,moderate,10.2,transfer,,
4483,on_track,long_term,on time,90,46,app,moderate,16.4,transfer,,
4484,on_track,stable,on time,30,9,app,low,11.0,hcp,,
4485,lapsed,long_term,missed,60,121,app,high,18.9,hcp,17,cost_or_coverage
4486,on_track,early,on time,30,21,phone,low,0.8,hcp,,
4487,on_track,long_term,on time,30,3,app,low,28.2,hcp,,
4488,on_track,early,on time,30,1,app,low,0.9,direct_rx,,
4489,lapsed,stable,missed,30,109,app,high,4.6,direct_rx,2,cost_or_coverage
4490,on_track,stable,on time,30,1,phone,low,11.8,direct_rx,,
4491,on_track,early,on time,90,27,phone,low,0.4,direct_rx,,
4492,on_track,stable,on time,60,11,app,moderate,8.7,direct_rx,,
4493,lapsing,early,delayed,30,43,app,high,0.7,direct_rx,1,not_working
4494,on_track,stable,on time,30,22,phone,moderate,10.8,direct_rx,,
4495,on_track,stable,on time,30,10,app,low,10.0,transfer,,
4496,on_track,stable,on time,60,20,phone,moderate,11.6,direct_rx,,
4497,on_track,stable,on time,30,4,app,low,11.6,direct_rx,,
4498,lapsing,long_term,delayed,30,35,phone,high,15.6,direct_rx,16,cost_or_coverage
4499,on_track,long_term,on time,30,24,none,low,12.6,direct_rx,,
4500,on_track,long_term,on time,30,4,phone,low,35.6,direct_rx,,
4501,lapsing,early,delayed,30,43,phone,moderate,0.2,direct_rx,1,cost_or_coverage
4502,on_track,early,on time,60,44,app,low,2.2,direct_rx,,
4503,on_track,stable,on time,60,35,app,low,10.9,direct_rx,,
4504,on_track,early,on time,60,47,app,low,1.9,hcp,,
4505,lapsed,stable,missed,60,133,none,high,3.1,direct_rx,1,side_effects
4506,on_track,stable,on time,30,17,phone,low,8.6,hcp,,
4507,lapsed,early,missed,60,119,phone,high,0.7,direct_rx,1,forgot_or_routine
4508,lapsing,early,delayed,60,96,none,high,0.6,direct_rx,1,forgot_or_routine
4509,on_track,stable,on time,60,18,none,moderate,9.7,hcp,,
4510,on_track,long_term,on time,60,13,app,low,34.1,hcp,,
4511,on_track,early,on time,90,15,none,low,1.2,hcp,,
4512,on_track,early,on time,90,10,app,moderate,1.2,direct_rx,,
4513,lapsing,early,delayed,90,123,phone,moderate,2.8,direct_rx,3,side_effects
4514,lapsing,early,delayed,30,47,app,moderate,0.5,direct_rx,1,no_response
4515,on_track,early,on time,60,38,app,low,0.1,transfer,,
4516,lapsing,early,delayed,90,120,app,moderate,0.3,hcp,1,forgot_or_routine
4517,lapsing,stable,delayed,30,40,phone,moderate,3.4,hcp,4,forgot_or_routine
4518,on_track,stable,on time,60,19,phone,low,7.2,direct_rx,,
4519,lapsing,early,delayed,60,69,app,moderate,0.8,direct_rx,1,cost_or_coverage
4520,on_track,stable,on time,30,14,phone,low,11.8,direct_rx,,
4521,on_track,stable,on time,90,70,app,low,11.5,direct_rx,,
4522,on_track,stable,on time,60,10,app,moderate,9.4,direct_rx,,
4523,on_track,stable,on time,30,4,phone,low,11.9,direct_rx,,
4524,on_track,early,on time,30,0,none,low,0.7,direct_rx,,
4525,lapsing,stable,delayed,30,36,phone,moderate,4.1,transfer,5,cost_or_coverage
4526,on_track,stable,on time,60,39,app,low,11.9,direct_rx,,
4527,on_track,stable,on time,30,6,app,low,6.9,direct_rx,,
4528,on_track,long_term,on time,30,14,app,moderate,30.2,hcp,,
4529,lapsed,stable,missed,60,121,app,moderate,3.1,direct_rx,2,no_response
4530,on_track,stable,on time,90,69,app,moderate,11.5,direct_rx,,
4531,lapsed,early,missed,30,88,phone,moderate,2.8,direct_rx,1,forgot_or_routine
4532,on_track,early,on time,30,8,none,low,1.7,direct_rx,,
4533,on_track,early,on time,30,5,phone,moderate,0.4,direct_rx,,
4534,on_track,long_term,on time,30,1,none,low,12.5,direct_rx,,
4535,on_track,stable,on time,90,12,phone,low,11.6,direct_rx,,
4536,lapsing,long_term,delayed,30,34,app,moderate,23.3,direct_rx,24,no_response
4537,on_track,stable,on time,30,18,phone,low,11.3,hcp,,
4538,on_track,early,on time,60,41,app,low,0.3,transfer,,
4539,on_track,long_term,on time,30,7,phone,low,30.0,direct_rx,,
4540,on_track,stable,on time,60,26,phone,low,11.8,direct_rx,,
4541,lapsing,early,delayed,30,32,phone,moderate,1.1,transfer,2,no_response
4542,on_track,stable,on time,30,8,phone,moderate,9.2,direct_rx,,
4543,on_track,stable,on time,30,9,app,low,10.7,direct_rx,,
4544,lapsing,stable,delayed,30,40,app,moderate,4.6,transfer,5,side_effects
4545,on_track,stable,on time,30,18,app,moderate,11.9,hcp,,
4546,on_track,stable,on time,30,24,app,low,10.5,direct_rx,,
4547,on_track,stable,on time,30,22,app,moderate,11.6,direct_rx,,
4548,lapsed,stable,missed,60,155,phone,high,11.7,direct_rx,9,no_response
4549,on_track,stable,on time,90,8,phone,low,9.8,hcp,,
4550,on_track,stable,on time,30,4,app,low,10.1,transfer,,
4551,on_track,stable,on time,30,9,phone,moderate,9.9,hcp,,
4552,on_track,early,on time,30,23,app,low,0.3,transfer,,
4553,lapsing,early,delayed,30,40,app,high,2.3,hcp,3,cost_or_coverage
4554,on_track,stable,on time,60,24,phone,moderate,9.0,direct_rx,,
4555,lapsing,early,delayed,90,143,phone,moderate,1.3,direct_rx,2,side_effects
4556,on_track,stable,on time,60,48,app,low,9.9,direct_rx,,
4557,on_track,stable,on time,90,57,phone,low,11.3,direct_rx,,
4558,lapsing,early,delayed,30,47,app,moderate,1.7,hcp,2,no_response
4559,on_track,stable,on time,90,63,app,low,11.8,hcp,,
4560,on_track,early,on time,30,7,phone,low,1.5,direct_rx,,
4561,on_track,stable,on time,90,58,app,moderate,9.5,direct_rx,,
4562,on_track,stable,on time,30,17,phone,moderate,8.5,hcp,,
4563,on_track,early,on time,90,66,none,moderate,0.6,direct_rx,,
4564,on_track,stable,on time,30,20,app,moderate,11.6,direct_rx,,
4565,on_track,stable,on time,30,8,phone,low,11.8,direct_rx,,
4566,lapsed,early,missed,30,118,app,high,2.9,direct_rx,1,no_response
4567,lapsing,early,delayed,30,43,phone,moderate,1.6,transfer,2,side_effects
4568,on_track,early,on time,30,7,phone,low,1.9,hcp,,
4569,on_track,stable,on time,90,60,phone,low,9.4,direct_rx,,
4570,lapsed,early,missed,30,60,app,high,0.9,direct_rx,1,side_effects
4571,on_track,stable,on time,30,20,app,low,11.3,transfer,,
4572,on_track,stable,on time,60,47,phone,low,11.4,hcp,,
4573,on_track,long_term,on time,90,33,phone,low,16.1,direct_rx,,
4574,on_track,stable,on time,30,20,app,moderate,10.9,direct_rx,,
4575,on_track,stable,on time,60,10,phone,low,9.5,hcp,,
4576,on_track,stable,on time,90,36,app,low,11.9,hcp,,
4577,lapsed,stable,missed,30,66,app,moderate,4.5,transfer,4,felt_better
4578,on_track,early,on time,30,22,phone,low,1.9,hcp,,
4579,on_track,early,on time,60,35,app,moderate,0.4,direct_rx,,
4580,on_track,stable,on time,30,18,phone,low,11.6,direct_rx,,
4581,lapsing,early,delayed,30,36,none,moderate,1.5,hcp,2,not_working
4582,on_track,stable,on time,30,3,none,low,10.9,direct_rx,,
4583,lapsing,early,delayed,30,45,app,moderate,2.9,direct_rx,3,no_response
4584,lapsed,long_term,missed,30,84,none,high,13.6,direct_rx,12,no_response
4585,lapsed,early,missed,60,128,phone,high,0.1,hcp,1,not_working
4586,lapsing,long_term,delayed,90,114,app,moderate,17.4,direct_rx,18,no_response
4587,lapsing,stable,delayed,30,48,app,high,3.7,direct_rx,4,no_response
4588,on_track,long_term,on time,30,22,app,moderate,34.6,hcp,,
4589,on_track,early,on time,30,0,none,moderate,0.9,hcp,,
4590,on_track,early,on time,60,40,none,low,2.1,direct_rx,,
4591,on_track,early,on time,30,9,none,moderate,0.6,direct_rx,,
4592,lapsed,long_term,missed,30,111,none,high,28.4,direct_rx,26,cost_or_coverage
4593,on_track,stable,on time,60,40,none,low,11.9,direct_rx,,
4594,on_track,early,on time,30,1,app,low,2.3,hcp,,
4595,lapsing,early,delayed,30,42,app,moderate,2.6,transfer,3,not_working
4596,on_track,stable,on time,60,45,phone,low,10.1,direct_rx,,
4597,lapsed,early,missed,60,160,app,moderate,1.2,direct_rx,1,not_working
4598,on_track,early,on time,30,13,app,low,0.4,hcp,,
4599,on_track,long_term,on time,30,5,app,moderate,33.5,hcp,,
4600,on_track,stable,on time,60,4,phone,low,9.8,direct_rx,,
4601,on_track,long_term,on time,30,20,app,moderate,12.2,direct_rx,,
4602,on_track,early,on time,90,24,app,low,2.4,hcp,,
4603,on_track,stable,on time,60,25,phone,low,11.5,transfer,,
4604,on_track,long_term,on time,90,43,phone,moderate,24.2,transfer,,
4605,on_track,stable,on time,30,20,none,low,11.2,hcp,,
4606,on_track,stable,on time,30,10,phone,moderate,10.8,direct_rx,,
4607,on_track,stable,on time,30,15,phone,moderate,10.1,direct_rx,,
4608,lapsing,early,delayed,30,45,app,moderate,0.7,direct_rx,1,not_working
4609,on_track,long_term,on time,90,17,phone,low,34.3,hcp,,
4610,on_track,long_term,on time,30,16,phone,low,18.0,transfer,,
4611,on_track,stable,on time,30,8,app,low,10.5,transfer,,
4612,on_track,stable,on time,30,22,app,low,11.6,direct_rx,,
4613,on_track,long_term,on time,90,7,app,moderate,29.4,hcp,,
4614,on_track,long_term,on time,90,55,app,low,24.1,hcp,,
4615,on_track,stable,on time,30,6,phone,moderate,10.9,transfer,,
4616,lapsing,long_term,delayed,30,32,phone,moderate,26.1,direct_rx,27,no_response
4617,on_track,long_term,on time,30,22,app,low,28.9,hcp,,
4618,on_track,stable,on time,60,38,app,moderate,10.1,hcp,,
4619,on_track,stable,on time,30,4,app,low,10.3,direct_rx,,
4620,on_track,early,on time,30,5,app,low,1.0,direct_rx,,
4621,lapsed,early,missed,90,264,app,high,2.0,direct_rx,1,not_working
4622,lapsing,long_term,delayed,30,40,app,moderate,13.9,transfer,14,cost_or_coverage
4623,on_track,long_term,on time,90,0,app,low,24.1,direct_rx,,
4624,lapsed,stable,missed,30,87,app,high,5.6,direct_rx,4,no_response
4625,on_track,stable,on time,60,29,none,low,10.9,direct_rx,,
4626,on_track,stable,on time,30,7,phone,low,11.5,hcp,,
4627,on_track,stable,on time,30,20,app,low,11.7,direct_rx,,
4628,on_track,early,on time,30,23,app,low,2.4,hcp,,
4629,on_track,stable,on time,30,15,none,moderate,10.8,direct_rx,,
4630,on_track,stable,on time,30,1,app,low,10.2,direct_rx,,
4631,on_track,early,on time,60,36,phone,low,1.9,direct_rx,,
4632,on_track,stable,on time,30,23,phone,low,9.0,transfer,,
4633,on_track,long_term,on time,90,2,none,low,14.1,transfer,,
4634,on_track,stable,on time,30,15,phone,moderate,10.0,hcp,,
4635,lapsing,early,delayed,30,33,none,moderate,2.5,direct_rx,3,not_working
4636,on_track,stable,on time,90,70,app,moderate,9.0,direct_rx,,
4637,on_track,long_term,on time,30,2,app,low,28.8,hcp,,
4638,on_track,early,on time,60,3,app,low,0.6,hcp,,
4639,lapsing,stable,delayed,30,35,phone,moderate,3.2,hcp,4,cost_or_coverage
4640,lapsed,early,missed,30,69,phone,moderate,2.2,direct_rx,1,cost_or_coverage
4641,on_track,stable,on time,90,57,app,moderate,10.8,hcp,,
4642,lapsed,early,missed,30,106,app,high,1.0,direct_rx,1,cost_or_coverage
4643,lapsing,early,delayed,30,39,phone,moderate,2.5,direct_rx,3,side_effects
4644,lapsing,stable,delayed,30,33,app,moderate,3.6,direct_rx,4,forgot_or_routine
4645,on_track,long_term,on time,30,22,phone,moderate,34.5,hcp,,
4646,on_track,stable,on time,30,4,phone,low,11.8,direct_rx,,
4647,lapsed,early,missed,30,54,app,high,1.1,hcp,1,not_working
4648,on_track,early,on time,90,52,app,low,1.7,direct_rx,,
4649,on_track,stable,on time,90,66,app,low,10.3,direct_rx,,
4650,on_track,early,on time,90,0,none,moderate,2.0,hcp,,
4651,on_track,stable,on time,30,2,app,low,11.2,direct_rx,,
4652,on_track,early,on time,90,4,none,low,0.1,hcp,,
4653,lapsed,early,missed,90,274,app,moderate,1.3,direct_rx,1,forgot_or_routine
4654,on_track,early,on time,30,5,app,low,2.1,transfer,,
4655,on_track,stable,on time,30,5,app,low,9.8,direct_rx,,
4656,on_track,stable,on time,60,40,app,low,11.0,hcp,,
4657,on_track,early,on time,30,24,app,low,1.2,direct_rx,,
4658,on_track,stable,on time,30,14,app,moderate,10.6,direct_rx,,
4659,on_track,long_term,on time,30,24,app,moderate,31.3,direct_rx,,
4660,on_track,long_term,on time,30,0,app,low,16.6,hcp,,
4661,lapsing,early,delayed,90,121,phone,moderate,0.6,direct_rx,1,cost_or_coverage
4662,on_track,stable,on time,60,36,app,low,12.0,hcp,,
4663,on_track,early,on time,90,5,phone,low,0.5,direct_rx,,
4664,on_track,stable,on time,60,21,none,moderate,11.8,hcp,,
4665,on_track,stable,on time,60,7,app,moderate,11.7,direct_rx,,
4666,on_track,long_term,on time,90,25,app,moderate,18.1,direct_rx,,
4667,on_track,stable,on time,30,4,phone,low,11.8,hcp,,
4668,on_track,stable,on time,30,24,app,low,9.9,direct_rx,,
4669,on_track,early,on time,30,17,phone,low,1.7,hcp,,
4670,lapsing,early,delayed,30,32,phone,high,1.4,direct_rx,2,forgot_or_routine
4671,lapsing,stable,delayed,30,35,phone,moderate,4.2,direct_rx,5,forgot_or_routine
4672,lapsing,early,delayed,90,95,phone,high,1.0,direct_rx,1,side_effects
4673,on_track,early,on time,30,15,app,moderate,1.3,direct_rx,,
4674,on_track,stable,on time,60,15,none,low,11.8,direct_rx,,
4675,on_track,early,on time,60,22,phone,low,2.8,transfer,,
4676,on_track,early,on time,90,22,phone,low,1.8,transfer,,
4677,on_track,long_term,on time,90,34,phone,low,17.6,direct_rx,,
4678,on_track,long_term,on time,60,35,none,low,30.7,direct_rx,,
4679,on_track,long_term,on time,30,12,app,low,25.2,direct_rx,,
4680,lapsed,early,missed,30,87,app,high,1.7,direct_rx,1,no_response
4681,lapsing,early,delayed,30,48,none,moderate,2.7,direct_rx,3,cost_or_coverage
4682,lapsing,stable,delayed,30,40,app,moderate,7.2,direct_rx,8,side_effects
4683,on_track,stable,on time,60,39,none,moderate,11.3,hcp,,
4684,lapsing,stable,delayed,30,41,app,moderate,9.8,direct_rx,10,no_response
4685,on_track,long_term,on time,60,26,app,low,20.9,hcp,,
4686,on_track,stable,on time,30,22,app,low,9.5,direct_rx,,
4687,lapsing,early,delayed,30,48,none,moderate,0.8,hcp,1,side_effects
4688,lapsed,early,missed,30,111,phone,high,1.5,direct_rx,1,forgot_or_routine
4689,lapsing,early,delayed,30,40,none,moderate,1.0,hcp,1,side_effects
4690,on_track,long_term,on time,60,41,phone,low,25.2,hcp,,
4691,on_track,long_term,on time,30,12,app,low,24.2,direct_rx,,
4692,on_track,early,on time,90,22,none,moderate,2.0,direct_rx,,
4693,on_track,stable,on time,30,19,app,low,9.7,hcp,,
4694,on_track,stable,on time,30,10,none,moderate,10.4,direct_rx,,
4695,lapsing,stable,delayed,90,137,app,moderate,10.9,hcp,11,forgot_or_routine
4696,on_track,long_term,on time,90,37,phone,moderate,24.2,direct_rx,,
4697,on_track,stable,on time,30,8,phone,low,11.8,transfer,,
4698,lapsed,early,missed,60,226,phone,high,2.6,direct_rx,1,no_response
4699,lapsed,early,missed,60,141,app,high,1.5,direct_rx,1,not_working
4700,on_track,stable,on time,30,1,phone,moderate,10.2,hcp,,
4701,lapsing,early,delayed,60,72,app,moderate,0.3,hcp,1,no_response
4702,on_track,stable,on time,90,25,phone,low,11.9,transfer,,
4703,on_track,stable,on time,90,71,phone,low,8.6,direct_rx,,
4704,lapsed,long_term,missed,30,70,phone,high,17.6,direct_rx,17,no_response
4705,lapsed,early,missed,30,112,phone,high,0.2,direct_rx,1,no_response
4706,on_track,stable,on time,30,22,none,low,10.9,direct_rx,,
4707,lapsed,early,missed,30,83,none,high,1.7,hcp,1,side_effects
4708,on_track,stable,on time,90,39,app,moderate,11.3,transfer,,
4709,on_track,early,on time,30,18,app,moderate,1.2,direct_rx,,
4710,lapsing,early,delayed,30,39,phone,high,1.3,direct_rx,2,side_effects
4711,lapsing,early,delayed,30,43,none,moderate,2.9,direct_rx,3,cost_or_coverage
4712,on_track,early,on time,60,19,app,moderate,0.0,direct_rx,,
4713,lapsing,early,delayed,90,143,app,moderate,1.0,direct_rx,1,no_response
4714,on_track,stable,on time,30,23,app,low,10.8,transfer,,
4715,lapsing,early,delayed,90,109,app,moderate,0.9,direct_rx,1,not_working
4716,on_track,stable,on time,30,3,app,moderate,9.7,transfer,,
4717,lapsed,early,missed,30,68,none,moderate,2.6,direct_rx,2,not_working
4718,on_track,stable,on time,90,33,none,low,10.3,hcp,,
4719,on_track,stable,on time,30,4,phone,low,11.5,direct_rx,,
4720,lapsed,early,missed,90,314,app,moderate,0.9,transfer,1,not_working
4721,lapsing,early,delayed,60,70,app,high,1.6,direct_rx,2,no_response
4722,on_track,stable,on time,30,22,phone,low,9.9,direct_rx,,
4723,lapsing,early,delayed,60,94,app,moderate,2.6,hcp,3,side_effects
4724,on_track,stable,on time,60,27,phone,low,8.5,hcp,,
4725,lapsing,stable,delayed,30,48,none,moderate,9.1,direct_rx,10,felt_better
4726,on_track,stable,on time,60,13,none,low,11.6,hcp,,
4727,lapsing,early,delayed,30,48,phone,high,1.8,direct_rx,2,side_effects
4728,on_track,stable,on time,30,3,app,moderate,11.6,direct_rx,,
4729,on_track,early,on time,90,56,app,low,2.9,direct_rx,,
4730,lapsed,stable,missed,60,229,app,high,6.1,hcp,1,not_working
4731,on_track,stable,on time,30,18,phone,low,11.1,direct_rx,,
4732,on_track,early,on time,30,8,none,low,0.5,hcp,,
4733,on_track,stable,on time,60,11,app,low,8.7,transfer,,
4734,lapsing,stable,delayed,30,47,none,moderate,3.6,hcp,4,side_effects
4735,lapsing,long_term,delayed,90,123,app,moderate,15.6,hcp,16,felt_better
4736,lapsing,early,delayed,90,131,phone,moderate,2.6,hcp,3,no_response
4737,on_track,stable,on time,60,11,app,low,10.1,transfer,,
4738,on_track,stable,on time,30,20,phone,low,9.7,direct_rx,,
4739,lapsed,stable,missed,60,210,none,high,3.7,direct_rx,1,side_effects
4740,on_track,long_term,on time,30,19,none,low,18.1,direct_rx,,
4741,on_track,stable,on time,90,16,phone,low,11.6,direct_rx,,
4742,on_track,stable,on time,30,7,app,moderate,10.1,hcp,,
4743,lapsing,stable,delayed,30,41,none,moderate,8.3,transfer,9,side_effects
4744,on_track,long_term,on time,60,33,app,moderate,20.4,direct_rx,,
4745,on_track,stable,on time,90,7,app,low,9.9,direct_rx,,
4746,on_track,long_term,on time,30,10,phone,low,33.5,hcp,,
4747,lapsed,stable,missed,30,52,app,moderate,6.5,hcp,6,forgot_or_routine
4748,on_track,early,on time,90,7,app,low,2.1,direct_rx,,
4749,lapsed,early,missed,30,90,app,moderate,0.9,hcp,1,no_response
4750,lapsing,stable,delayed,60,81,app,moderate,10.6,direct_rx,11,forgot_or_routine
4751,lapsed,stable,missed,60,230,phone,moderate,6.3,direct_rx,1,side_effects
4752,on_track,stable,on time,30,16,none,moderate,11.9,direct_rx,,
4753,lapsed,early,missed,30,51,phone,high,1.8,direct_rx,2,no_response
4754,on_track,long_term,on time,30,1,phone,low,23.4,transfer,,
4755,on_track,long_term,on time,30,23,none,moderate,31.1,hcp,,
4756,on_track,early,on time,30,19,app,low,0.3,direct_rx,,
4757,lapsing,long_term,delayed,90,116,phone,moderate,16.0,direct_rx,16,forgot_or_routine
4758,lapsing,early,delayed,30,44,none,high,1.0,direct_rx,1,no_response
4759,on_track,long_term,on time,90,61,phone,low,34.5,direct_rx,,
4760,lapsed,stable,missed,60,120,phone,high,3.2,hcp,2,no_response
4761,on_track,long_term,on time,30,11,none,low,33.3,direct_rx,,
4762,on_track,long_term,on time,30,22,app,low,22.7,direct_rx,,
4763,lapsing,stable,delayed,30,41,app,moderate,4.5,direct_rx,5,forgot_or_routine
4764,on_track,stable,on time,30,10,app,moderate,11.6,direct_rx,,
4765,lapsed,early,missed,30,73,app,high,2.5,direct_rx,2,side_effects
4766,lapsed,early,missed,30,62,app,high,2.2,hcp,2,side_effects
4767,on_track,long_term,on time,60,2,app,low,33.2,direct_rx,,
4768,lapsing,stable,delayed,30,34,phone,moderate,5.0,hcp,5,side_effects
4769,lapsing,long_term,delayed,30,41,none,moderate,33.1,direct_rx,34,side_effects
4770,lapsed,early,missed,30,68,app,high,2.1,direct_rx,1,forgot_or_routine
4771,on_track,early,on time,30,14,none,low,1.7,direct_rx,,
4772,on_track,stable,on time,30,9,phone,moderate,10.4,direct_rx,,
4773,lapsed,stable,missed,30,71,app,moderate,3.2,direct_rx,2,no_response
4774,on_track,early,on time,30,20,none,moderate,0.2,direct_rx,,
4775,on_track,stable,on time,30,16,app,moderate,7.9,hcp,,
4776,lapsed,early,missed,30,107,none,high,3.0,direct_rx,1,not_working
4777,on_track,stable,on time,30,8,app,moderate,8.7,direct_rx,,
4778,on_track,early,on time,90,40,none,low,2.6,hcp,,
4779,on_track,long_term,on time,30,23,app,moderate,16.1,direct_rx,,
4780,on_track,long_term,on time,60,37,none,moderate,29.7,transfer,,
4781,lapsing,stable,delayed,60,86,app,moderate,9.7,hcp,10,no_response
4782,on_track,stable,on time,90,4,app,low,11.0,direct_rx,,
4783,on_track,stable,on time,60,21,app,moderate,11.7,direct_rx,,
4784,lapsed,early,missed,60,109,app,high,1.7,direct_rx,1,forgot_or_routine
4785,on_track,long_term,on time,90,0,none,low,32.8,hcp,,
4786,on_track,long_term,on time,90,11,app,moderate,18.7,hcp,,
4787,on_track,stable,on time,90,44,app,low,9.5,transfer,,
4788,lapsed,stable,missed,60,203,app,moderate,4.2,direct_rx,1,cost_or_coverage
4789,on_track,stable,on time,90,1,app,low,9.3,direct_rx,,
4790,on_track,stable,on time,60,13,app,low,11.1,direct_rx,,
4791,lapsed,early,missed,60,182,none,high,1.8,hcp,1,side_effects
4792,lapsing,early,delayed,30,43,app,moderate,2.3,direct_rx,3,side_effects
4793,on_track,stable,on time,60,11,none,moderate,10.5,hcp,,
4794,on_track,long_term,on time,30,17,none,low,13.8,hcp,,
4795,lapsing,early,delayed,60,79,app,moderate,0.2,hcp,1,forgot_or_routine
4796,lapsing,early,delayed,60,79,none,high,1.2,hcp,2,cost_or_coverage
4797,on_track,early,on time,30,3,app,low,1.4,hcp,,
4798,on_track,stable,on time,90,72,app,low,10.8,direct_rx,,
4799,on_track,early,on time,60,38,app,low,1.2,direct_rx,,
4800,on_track,stable,on time,60,1,app,moderate,10.2,direct_rx,,
4801,on_track,stable,on time,30,3,phone,low,10.6,direct_rx,,
4802,on_track,stable,on time,90,67,app,low,11.2,hcp,,
4803,on_track,early,on time,30,11,none,moderate,0.3,hcp,,
4804,on_track,stable,on time,30,7,phone,moderate,10.6,direct_rx,,
4805,on_track,early,on time,60,3,none,low,0.5,direct_rx,,
4806,on_track,stable,on time,90,39,app,low,6.3,hcp,,
4807,on_track,stable,on time,30,15,phone,low,11.7,direct_rx,,
4808,on_track,stable,on time,60,5,none,moderate,9.8,hcp,,
4809,lapsing,early,delayed,30,48,app,moderate,0.1,direct_rx,1,cost_or_coverage
4810,lapsing,early,delayed,30,34,app,high,1.2,hcp,2,no_response
4811,on_track,long_term,on time,30,3,app,low,35.3,transfer,,
4812,lapsing,early,delayed,30,45,app,high,2.7,hcp,3,no_response
4813,on_track,long_term,on time,30,13,app,low,22.3,direct_rx,,
4814,lapsing,early,delayed,90,101,phone,moderate,1.3,hcp,2,side_effects
4815,on_track,long_term,on time,30,3,app,low,16.7,direct_rx,,
4816,lapsed,early,missed,90,196,app,moderate,2.6,direct_rx,1,side_effects
4817,on_track,stable,on time,60,5,app,low,11.4,transfer,,
4818,lapsing,early,delayed,90,120,none,moderate,2.9,hcp,3,cost_or_coverage
4819,lapsing,early,delayed,30,47,app,moderate,2.8,transfer,3,not_working
4820,lapsing,stable,delayed,30,37,phone,moderate,3.2,direct_rx,4,not_working
4821,on_track,stable,on time,60,6,none,low,10.4,transfer,,
4822,on_track,long_term,on time,90,24,phone,low,27.2,hcp,,
4823,on_track,early,on time,30,22,app,low,1.9,direct_rx,,
4824,on_track,long_term,on time,30,15,app,moderate,15.8,hcp,,
4825,on_track,long_term,on time,30,23,phone,low,19.9,hcp,,
4826,on_track,early,on time,30,7,phone,low,0.9,transfer,,
4827,on_track,stable,on time,90,7,app,low,10.7,direct_rx,,
4828,on_track,early,on time,30,21,app,low,1.3,hcp,,
4829,lapsed,early,missed,30,56,phone,high,0.9,direct_rx,1,not_working
4830,on_track,long_term,on time,30,13,app,moderate,14.8,direct_rx,,
4831,on_track,stable,on time,30,10,app,low,10.3,hcp,,
4832,on_track,early,on time,30,9,phone,low,2.7,direct_rx,,
4833,lapsing,early,delayed,60,82,phone,moderate,0.0,direct_rx,1,side_effects
4834,on_track,stable,on time,30,9,app,moderate,11.4,hcp,,
4835,on_track,stable,on time,30,21,app,moderate,8.7,hcp,,
4836,lapsed,stable,missed,60,224,phone,moderate,3.6,direct_rx,1,side_effects
4837,on_track,stable,on time,30,0,phone,low,10.1,direct_rx,,
4838,on_track,stable,on time,30,13,phone,low,11.7,direct_rx,,
4839,lapsing,long_term,delayed,30,44,app,high,28.8,direct_rx,29,cost_or_coverage
4840,lapsing,stable,delayed,90,122,phone,moderate,4.2,transfer,5,felt_better
4841,on_track,long_term,on time,90,39,none,low,26.1,direct_rx,,
4842,on_track,stable,on time,30,4,none,moderate,9.9,direct_rx,,
4843,lapsing,early,delayed,90,108,app,moderate,1.2,direct_rx,2,side_effects
4844,lapsing,stable,delayed,90,106,phone,moderate,6.5,hcp,7,not_working
4845,on_track,long_term,on time,30,3,none,low,35.9,hcp,,
4846,lapsed,early,missed,30,60,app,moderate,1.3,direct_rx,1,not_working
4847,on_track,long_term,on time,90,45,phone,moderate,22.6,direct_rx,,
4848,lapsed,early,missed,60,142,app,moderate,0.1,direct_rx,1,no_response
4849,on_track,stable,on time,30,0,phone,moderate,10.6,hcp,,
4850,on_track,stable,on time,60,1,app,moderate,9.9,direct_rx,,
4851,lapsed,stable,missed,30,120,phone,high,8.1,hcp,6,forgot_or_routine
4852,lapsing,stable,delayed,90,111,none,moderate,3.3,direct_rx,4,cost_or_coverage
4853,lapsing,early,delayed,30,31,app,high,2.3,direct_rx,3,not_working
4854,on_track,early,on time,30,9,app,moderate,0.2,hcp,,
4855,on_track,early,on time,30,6,app,low,1.5,hcp,,
4856,lapsing,stable,delayed,30,34,phone,high,3.4,direct_rx,4,side_effects
4857,on_track,stable,on time,30,8,phone,low,11.5,hcp,,
4858,on_track,stable,on time,30,9,phone,moderate,9.5,direct_rx,,
4859,lapsed,stable,missed,30,103,phone,moderate,4.5,direct_rx,3,not_working
4860,lapsing,early,delayed,30,42,app,moderate,1.2,direct_rx,2,side_effects
4861,on_track,stable,on time,60,6,app,low,11.8,direct_rx,,
4862,on_track,early,on time,30,8,phone,moderate,0.1,hcp,,
4863,on_track,early,on time,60,1,app,low,0.6,hcp,,
4864,on_track,early,on time,60,47,phone,low,0.2,direct_rx,,
4865,on_track,early,on time,30,17,app,moderate,2.8,direct_rx,,
4866,on_track,long_term,on time,30,17,app,low,35.3,direct_rx,,
4867,on_track,stable,on time,60,0,app,low,11.0,direct_rx,,
4868,lapsed,early,missed,30,75,app,high,1.5,hcp,1,no_response
4869,on_track,early,on time,30,15,phone,low,2.9,direct_rx,,
4870,on_track,stable,on time,30,16,app,low,10.3,hcp,,
4871,lapsed,early,missed,60,138,phone,high,1.3,hcp,1,no_response
4872,on_track,long_term,on time,30,16,phone,low,30.9,hcp,,
4873,lapsing,long_term,delayed,30,36,phone,moderate,14.4,hcp,15,forgot_or_routine
4874,on_track,stable,on time,90,64,phone,moderate,11.3,transfer,,
4875,on_track,stable,on time,90,27,app,low,9.5,direct_rx,,
4876,on_track,stable,on time,30,16,app,moderate,10.2,direct_rx,,
4877,on_track,stable,on time,30,19,app,low,11.4,hcp,,
4878,on_track,stable,on time,60,25,app,low,7.0,direct_rx,,
4879,on_track,stable,on time,30,8,app,moderate,11.6,direct_rx,,
4880,on_track,early,on time,30,23,app,low,1.3,transfer,,
4881,on_track,long_term,on time,30,6,none,low,13.8,direct_rx,,
4882,lapsed,early,missed,30,78,phone,high,1.9,direct_rx,1,forgot_or_routine
4883,on_track,stable,on time,30,21,app,low,11.8,direct_rx,,
4884,on_track,long_term,on time,60,10,app,low,21.3,hcp,,
4885,lapsed,stable,missed,30,56,phone,moderate,6.6,direct_rx,6,no_response
4886,on_track,early,on time,30,3,none,low,2.1,direct_rx,,
4887,lapsed,early,missed,30,77,app,high,1.3,direct_rx,1,not_working
4888,on_track,long_term,on time,30,12,phone,moderate,20.8,hcp,,
4889,on_track,stable,on time,30,18,phone,low,11.7,hcp,,
4890,on_track,long_term,on time,90,52,app,moderate,23.4,hcp,,
4891,lapsed,early,missed,60,125,app,moderate,0.8,hcp,1,not_working
4892,on_track,long_term,on time,60,3,phone,moderate,17.9,direct_rx,,
4893,lapsing,long_term,delayed,30,37,phone,moderate,14.9,direct_rx,15,side_effects
4894,on_track,stable,on time,30,9,app,low,9.9,hcp,,
4895,lapsed,early,missed,60,128,app,moderate,3.0,hcp,1,forgot_or_routine
4896,lapsing,early,delayed,90,104,phone,moderate,2.1,direct_rx,3,not_working
4897,on_track,early,on time,60,11,none,moderate,2.8,transfer,,
4898,on_track,long_term,on time,30,14,phone,low,33.3,hcp,,
4899,on_track,early,on time,30,17,phone,low,1.8,direct_rx,,
4900,on_track,long_term,on time,30,19,phone,moderate,14.3,hcp,,
4901,lapsing,long_term,delayed,30,40,none,high,17.5,transfer,18,cost_or_coverage
4902,lapsing,early,delayed,60,95,app,moderate,0.9,hcp,1,not_working
4903,on_track,stable,on time,60,5,app,low,12.0,hcp,,
4904,lapsing,early,delayed,60,65,none,moderate,1.3,hcp,2,forgot_or_routine
4905,lapsing,stable,delayed,30,39,none,moderate,4.5,direct_rx,5,no_response
4906,lapsed,stable,missed,30,55,app,high,4.3,direct_rx,4,cost_or_coverage
4907,on_track,long_term,on time,30,6,app,low,28.9,transfer,,
4908,on_track,stable,on time,30,17,app,moderate,9.2,direct_rx,,
4909,on_track,early,on time,60,30,app,low,0.0,hcp,,
4910,on_track,early,on time,30,6,app,low,2.1,hcp,,
4911,on_track,long_term,on time,90,20,phone,low,30.8,direct_rx,,
4912,on_track,early,on time,90,39,phone,moderate,2.6,direct_rx,,
4913,on_track,early,on time,30,21,none,low,2.3,hcp,,
4914,on_track,stable,on time,60,7,none,low,8.1,direct_rx,,
4915,on_track,long_term,on time,60,27,phone,moderate,15.0,direct_rx,,
4916,on_track,early,on time,30,2,app,low,2.3,direct_rx,,
4917,on_track,early,on time,30,7,app,moderate,1.1,hcp,,
4918,on_track,long_term,on time,30,16,app,moderate,18.9,hcp,,
4919,on_track,stable,on time,90,59,phone,low,9.3,hcp,,
4920,lapsing,early,delayed,30,47,none,high,2.0,direct_rx,2,no_response
4921,on_track,stable,on time,90,27,phone,low,10.8,direct_rx,,
4922,on_track,early,on time,90,65,none,low,1.4,direct_rx,,
4923,on_track,long_term,on time,60,36,app,low,35.0,hcp,,
4924,lapsing,early,delayed,30,43,app,moderate,2.0,direct_rx,2,forgot_or_routine
4925,lapsing,early,delayed,90,93,phone,moderate,0.9,direct_rx,1,side_effects
4926,lapsing,stable,delayed,30,47,app,moderate,3.3,hcp,4,cost_or_coverage
4927,lapsing,early,delayed,30,46,phone,high,2.1,direct_rx,3,forgot_or_routine
4928,on_track,stable,on time,30,6,phone,low,8.7,hcp,,
4929,on_track,early,on time,30,14,app,moderate,1.2,direct_rx,,
4930,lapsing,early,delayed,30,43,none,moderate,0.1,direct_rx,1,no_response
4931,on_track,stable,on time,60,45,phone,low,11.6,direct_rx,,
4932,lapsing,early,delayed,60,63,app,moderate,0.1,direct_rx,1,no_response
4933,on_track,early,on time,30,8,none,low,2.8,direct_rx,,
4934,on_track,stable,on time,30,20,none,moderate,10.7,direct_rx,,
4935,lapsing,early,delayed,30,41,phone,moderate,2.6,direct_rx,3,no_response
4936,lapsed,stable,missed,90,321,none,moderate,10.1,direct_rx,3,cost_or_coverage
4937,on_track,long_term,on time,90,57,app,low,19.6,direct_rx,,
4938,on_track,early,on time,30,21,phone,moderate,0.9,direct_rx,,
4939,on_track,early,on time,30,3,none,moderate,2.1,direct_rx,,
4940,lapsing,early,delayed,30,48,app,moderate,0.1,hcp,1,forgot_or_routine
4941,on_track,stable,on time,30,11,none,low,11.0,direct_rx,,
4942,on_track,long_term,on time,90,60,phone,low,14.9,direct_rx,,
4943,on_track,stable,on time,30,20,app,low,12.0,hcp,,
4944,on_track,long_term,on time,30,2,none,low,32.2,direct_rx,,
4945,on_track,stable,on time,90,1,phone,low,10.4,direct_rx,,
4946,lapsing,stable,delayed,30,47,none,high,4.8,hcp,5,felt_better
4947,on_track,long_term,on time,90,29,app,low,28.0,direct_rx,,
4948,on_track,long_term,on time,30,7,phone,low,31.3,hcp,,
4949,on_track,early,on time,30,9,app,low,0.3,hcp,,
4950,on_track,long_term,on time,30,1,app,low,12.8,direct_rx,,
4951,on_track,stable,on time,30,13,app,moderate,11.9,direct_rx,,
4952,lapsed,early,missed,90,334,app,high,2.4,hcp,1,no_response
4953,on_track,stable,on time,30,18,app,low,11.2,direct_rx,,
4954,lapsed,early,missed,30,63,phone,high,0.2,hcp,1,not_working
4955,on_track,stable,on time,30,16,app,moderate,11.1,direct_rx,,
4956,on_track,early,on time,30,16,app,low,1.0,transfer,,
4957,on_track,stable,on time,90,57,app,low,8.4,direct_rx,,
4958,on_track,long_term,on time,30,21,app,moderate,32.8,direct_rx,,
4959,on_track,early,on time,30,7,phone,low,1.1,hcp,,
4960,on_track,stable,on time,30,1,phone,low,10.9,direct_rx,,
4961,lapsing,early,delayed,30,31,phone,high,0.2,direct_rx,1,side_effects
4962,lapsing,early,delayed,30,47,app,high,2.6,direct_rx,3,cost_or_coverage
4963,lapsed,long_term,missed,30,69,app,high,33.6,hcp,33,felt_better
4964,on_track,stable,on time,60,1,app,low,11.6,hcp,,
4965,lapsed,long_term,missed,90,260,phone,moderate,32.7,direct_rx,28,no_response
4966,on_track,early,on time,60,20,app,moderate,1.5,direct_rx,,
4967,on_track,stable,on time,90,37,phone,low,11.4,direct_rx,,
4968,lapsing,stable,delayed,30,40,app,moderate,4.6,transfer,5,cost_or_coverage
4969,on_track,stable,on time,30,8,app,low,11.9,hcp,,
4970,on_track,long_term,on time,30,17,phone,low,12.8,direct_rx,,
4971,on_track,stable,on time,30,17,none,low,11.3,hcp,,
4972,on_track,long_term,on time,30,9,none,low,14.6,direct_rx,,
4973,lapsing,long_term,delayed,30,41,app,high,19.2,hcp,20,cost_or_coverage
4974,lapsed,stable,missed,30,78,app,high,11.5,transfer,10,no_response
4975,on_track,stable,on time,60,40,none,low,10.3,hcp,,
4976,lapsing,early,delayed,60,76,phone,high,2.1,direct_rx,3,side_effects
4977,on_track,stable,on time,90,4,phone,low,11.3,transfer,,
4978,on_track,stable,on time,30,24,phone,low,11.5,direct_rx,,
4979,on_track,stable,on time,30,23,app,low,7.4,direct_rx,,
4980,lapsing,long_term,delayed,30,40,app,moderate,14.5,hcp,15,forgot_or_routine
4981,lapsing,long_term,delayed,30,32,app,high,22.9,direct_rx,23,forgot_or_routine
4982,lapsed,early,missed,30,61,app,high,1.1,direct_rx,1,side_effects
4983,on_track,long_term,on time,90,38,none,low,26.4,direct_rx,,
4984,lapsing,early,delayed,30,37,phone,high,2.7,direct_rx,3,forgot_or_routine
4985,on_track,stable,on time,60,5,phone,moderate,10.5,hcp,,
4986,lapsed,early,missed,60,188,app,moderate,0.9,direct_rx,1,side_effects
4987,lapsing,early,delayed,30,37,app,moderate,1.3,direct_rx,2,not_working
4988,on_track,early,on time,30,1,phone,low,2.9,hcp,,
4989,lapsing,early,delayed,60,86,app,high,2.9,hcp,3,cost_or_coverage
4990,on_track,stable,on time,30,12,app,moderate,12.0,direct_rx,,
4991,on_track,stable,on time,30,4,none,low,11.8,direct_rx,,
4992,lapsing,early,delayed,30,43,phone,moderate,2.3,transfer,3,no_response
4993,on_track,long_term,on time,30,21,phone,moderate,19.2,direct_rx,,
4994,lapsing,stable,delayed,30,46,app,high,9.0,hcp,9,no_response
4995,lapsing,early,delayed,60,83,phone,moderate,0.4,transfer,1,forgot_or_routine
4996,lapsed,early,missed,90,285,phone,high,0.8,hcp,1,forgot_or_routine
4997,lapsing,stable,delayed,30,35,phone,moderate,9.2,hcp,10,cost_or_coverage
4998,on_track,early,on time,30,5,app,moderate,0.2,direct_rx,,
4999,on_track,stable,on time,60,44,phone,low,7.1,direct_rx,,
5000,on_track,early,on time,30,8,app,low,2.6,direct_rx,,
5001,on_track,long_term,on time,60,34,app,low,24.7,direct_rx,,
5002,on_track,stable,on time,30,17,phone,low,11.4,direct_rx,,
5003,lapsing,stable,delayed,30,35,app,moderate,3.6,transfer,4,forgot_or_routine
5004,lapsed,long_term,missed,30,61,phone,moderate,21.7,hcp,21,side_effects
5005,on_track,long_term,on time,90,60,phone,low,25.0,hcp,,
5006,on_track,long_term,on time,90,42,app,low,28.6,hcp,,
5007,lapsed,long_term,missed,30,59,app,high,20.6,direct_rx,20,felt_better
5008,lapsing,stable,delayed,60,61,phone,high,4.3,hcp,5,forgot_or_routine
5009,on_track,long_term,on time,30,20,none,low,15.5,direct_rx,,
5010,lapsing,early,delayed,30,32,app,moderate,0.4,direct_rx,1,felt_better
5011,lapsing,early,delayed,60,78,phone,moderate,0.9,direct_rx,1,side_effects
5012,on_track,early,on time,30,13,phone,moderate,2.2,direct_rx,,
5013,lapsing,early,delayed,90,143,app,high,2.5,hcp,3,felt_better
5014,on_track,stable,on time,90,51,app,low,11.7,direct_rx,,
5015,on_track,long_term,on time,30,14,none,low,13.7,direct_rx,,
5016,lapsed,long_term,missed,30,79,none,high,17.9,transfer,17,cost_or_coverage
5017,on_track,stable,on time,30,2,none,moderate,11.4,direct_rx,,
5018,on_track,early,on time,30,2,phone,low,0.9,direct_rx,,
5019,on_track,long_term,on time,30,11,app,low,21.7,transfer,,
5020,on_track,long_term,on time,90,11,phone,low,33.2,direct_rx,,
5021,on_track,stable,on time,90,42,phone,low,10.6,direct_rx,,
5022,on_track,early,on time,60,23,app,low,0.3,hcp,,
5023,on_track,stable,on time,30,5,app,moderate,10.0,direct_rx,,
5024,on_track,stable,on time,30,15,none,low,5.5,direct_rx,,
5025,lapsing,early,delayed,30,45,app,moderate,0.5,direct_rx,1,side_effects
5026,lapsing,early,delayed,30,44,phone,moderate,0.5,hcp,1,side_effects
5027,lapsing,early,delayed,30,46,app,high,2.6,direct_rx,3,no_response
5028,lapsed,early,missed,30,89,phone,moderate,1.9,direct_rx,1,not_working
5029,on_track,early,on time,30,3,app,low,0.1,hcp,,
5030,lapsing,stable,delayed,30,42,app,high,3.2,hcp,4,no_response
5031,lapsed,early,missed,30,71,none,moderate,1.6,direct_rx,1,felt_better
5032,on_track,early,on time,60,38,app,low,2.3,hcp,,
5033,on_track,long_term,on time,30,5,app,moderate,16.9,hcp,,
5034,on_track,long_term,on time,30,7,phone,low,35.3,direct_rx,,
5035,on_track,stable,on time,30,7,app,moderate,11.6,direct_rx,,
5036,on_track,early,on time,90,30,app,low,0.2,hcp,,
5037,lapsing,early,delayed,60,62,app,high,0.2,direct_rx,1,side_effects
5038,on_track,early,on time,30,16,app,low,2.8,direct_rx,,
5039,lapsing,stable,delayed,30,34,none,moderate,6.2,hcp,7,forgot_or_routine
5040,on_track,long_term,on time,30,9,app,moderate,32.8,direct_rx,,
5041,on_track,stable,on time,90,70,none,low,11.8,transfer,,
5042,lapsing,early,delayed,30,34,app,moderate,0.4,direct_rx,1,no_response
5043,on_track,early,on time,90,11,none,low,1.4,hcp,,
5044,on_track,stable,on time,30,12,none,moderate,11.3,direct_rx,,
5045,on_track,stable,on time,30,18,phone,moderate,10.9,direct_rx,,
5046,lapsing,stable,delayed,30,37,none,high,3.1,hcp,4,forgot_or_routine
5047,lapsing,early,delayed,60,82,none,high,0.5,hcp,1,cost_or_coverage
5048,on_track,stable,on time,90,69,app,low,10.5,hcp,,
5049,on_track,early,on time,90,32,phone,low,1.9,hcp,,
5050,on_track,early,on time,30,7,none,low,2.6,transfer,,
5051,on_track,stable,on time,30,2,phone,low,10.8,direct_rx,,
5052,lapsed,early,missed,30,77,phone,high,2.9,direct_rx,2,side_effects
5053,lapsed,long_term,missed,30,108,phone,moderate,24.9,hcp,23,forgot_or_routine
5054,on_track,stable,on time,30,3,phone,low,8.2,direct_rx,,
5055,on_track,stable,on time,60,35,app,low,10.5,hcp,,
5056,lapsing,early,delayed,30,36,app,moderate,2.4,direct_rx,3,forgot_or_routine
5057,on_track,long_term,on time,30,5,app,low,16.7,transfer,,
5058,on_track,long_term,on time,90,7,phone,low,26.1,hcp,,
5059,lapsing,early,delayed,90,132,app,moderate,2.4,hcp,3,no_response
5060,on_track,long_term,on time,30,17,app,low,25.1,direct_rx,,
5061,on_track,stable,on time,60,25,app,moderate,9.3,hcp,,
5062,lapsing,early,delayed,30,34,app,moderate,2.3,direct_rx,3,side_effects
5063,lapsed,early,missed,30,71,app,high,0.2,direct_rx,1,not_working
5064,on_track,long_term,on time,60,21,none,low,24.3,transfer,,
5065,lapsed,early,missed,30,101,app,moderate,2.0,direct_rx,1,no_response
5066,on_track,long_term,on time,30,6,app,moderate,14.1,direct_rx,,
5067,on_track,stable,on time,30,12,app,moderate,12.0,transfer,,
5068,lapsed,early,missed,30,68,none,high,0.6,transfer,1,no_response
5069,lapsing,early,delayed,30,34,app,moderate,2.9,hcp,3,no_response
5070,lapsing,stable,delayed,30,36,app,moderate,4.8,hcp,5,forgot_or_routine
5071,on_track,long_term,on time,30,7,phone,low,24.7,direct_rx,,
5072,on_track,early,on time,60,20,app,moderate,2.9,hcp,,
5073,lapsing,stable,delayed,60,63,phone,moderate,5.6,direct_rx,6,forgot_or_routine
5074,lapsing,early,delayed,30,40,app,high,1.4,hcp,2,no_response
5075,on_track,long_term,on time,30,2,app,low,13.9,transfer,,
5076,lapsed,early,missed,60,208,app,high,1.1,direct_rx,1,no_response
5077,on_track,early,on time,30,1,app,low,2.0,hcp,,
5078,on_track,stable,on time,30,21,phone,low,12.0,direct_rx,,
5079,lapsing,early,delayed,30,35,phone,moderate,1.9,direct_rx,2,not_working
5080,on_track,early,on time,90,66,app,low,1.0,direct_rx,,
5081,lapsed,stable,missed,90,219,phone,moderate,9.8,direct_rx,6,side_effects
5082,lapsing,early,delayed,30,44,phone,moderate,1.3,hcp,2,no_response
5083,on_track,long_term,on time,30,21,phone,low,23.3,hcp,,
5084,on_track,stable,on time,90,45,app,moderate,11.8,hcp,,
5085,on_track,early,on time,60,39,phone,low,1.1,hcp,,
5086,on_track,stable,on time,30,18,none,low,10.5,transfer,,
5087,lapsing,early,delayed,30,46,none,high,1.4,direct_rx,2,not_working
5088,lapsed,stable,missed,30,99,phone,high,10.9,hcp,9,cost_or_coverage
5089,lapsing,stable,delayed,60,81,app,high,5.2,direct_rx,6,forgot_or_routine
5090,lapsing,early,delayed,90,93,app,moderate,0.6,direct_rx,1,forgot_or_routine
5091,on_track,stable,on time,30,12,app,moderate,8.8,hcp,,
5092,lapsed,early,missed,90,289,app,high,1.4,direct_rx,1,cost_or_coverage
5093,lapsed,long_term,missed,90,243,app,moderate,27.2,direct_rx,23,felt_better
5094,on_track,stable,on time,90,6,none,low,9.9,direct_rx,,
5095,lapsing,early,delayed,30,48,app,moderate,2.8,hcp,3,no_response
5096,lapsing,long_term,delayed,30,48,app,moderate,24.0,direct_rx,24,side_effects
5097,on_track,early,on time,30,16,phone,moderate,2.8,direct_rx,,
5098,on_track,long_term,on time,30,0,phone,low,12.9,hcp,,
5099,lapsing,stable,delayed,30,48,app,high,5.1,direct_rx,6,no_response
5100,on_track,long_term,on time,60,12,phone,low,12.6,hcp,,
5101,lapsed,long_term,missed,90,209,app,high,30.9,transfer,27,side_effects
5102,on_track,long_term,on time,30,8,phone,low,30.4,direct_rx,,
5103,lapsing,stable,delayed,90,123,app,moderate,3.3,hcp,4,cost_or_coverage
5104,on_track,early,on time,90,17,app,moderate,0.3,hcp,,
5105,lapsing,early,delayed,30,32,none,moderate,2.3,transfer,3,side_effects
5106,lapsing,long_term,delayed,90,142,app,moderate,34.2,hcp,35,side_effects
5107,lapsing,early,delayed,60,94,app,moderate,0.1,direct_rx,1,cost_or_coverage
5108,on_track,stable,on time,30,19,app,moderate,11.1,direct_rx,,
5109,on_track,long_term,on time,60,6,app,low,22.0,direct_rx,,
5110,lapsed,early,missed,30,55,app,moderate,1.7,direct_rx,1,not_working
5111,on_track,stable,on time,30,0,phone,low,11.4,hcp,,
5112,on_track,stable,on time,60,3,app,low,10.2,hcp,,
5113,on_track,stable,on time,30,15,none,moderate,10.6,direct_rx,,
5114,on_track,early,on time,90,5,phone,low,0.5,direct_rx,,
5115,on_track,stable,on time,30,12,app,low,11.1,hcp,,
5116,on_track,long_term,on time,30,17,phone,moderate,26.0,transfer,,
5117,lapsed,stable,missed,60,188,app,moderate,11.1,transfer,7,forgot_or_routine
5118,on_track,stable,on time,90,8,app,moderate,12.0,transfer,,
5119,on_track,long_term,on time,30,8,none,low,32.7,hcp,,
5120,lapsing,early,delayed,30,34,app,moderate,0.4,hcp,1,no_response
5121,on_track,long_term,on time,90,18,none,moderate,35.9,hcp,,
5122,lapsed,early,missed,30,105,app,moderate,1.1,direct_rx,1,forgot_or_routine
5123,on_track,stable,on time,90,27,app,low,10.8,direct_rx,,
5124,on_track,stable,on time,30,8,app,moderate,9.3,direct_rx,,
5125,lapsed,stable,missed,60,132,app,moderate,8.3,direct_rx,6,forgot_or_routine
5126,on_track,early,on time,30,18,app,low,1.4,direct_rx,,
5127,lapsed,stable,missed,30,75,none,high,11.4,direct_rx,10,cost_or_coverage
5128,lapsing,stable,delayed,30,37,app,high,10.2,direct_rx,11,no_response
5129,on_track,stable,on time,30,13,app,moderate,10.1,hcp,,
5130,lapsed,long_term,missed,30,88,phone,high,23.9,direct_rx,22,cost_or_coverage
5131,on_track,stable,on time,60,30,app,moderate,10.0,direct_rx,,
5132,lapsing,early,delayed,30,48,none,moderate,0.3,direct_rx,1,side_effects
5133,on_track,stable,on time,30,5,app,low,9.5,hcp,,
5134,lapsed,long_term,missed,30,111,phone,moderate,25.2,direct_rx,23,cost_or_coverage
5135,on_track,early,on time,30,22,app,moderate,1.9,direct_rx,,
5136,on_track,stable,on time,30,24,phone,low,11.9,direct_rx,,
5137,on_track,early,on time,30,2,app,low,2.1,direct_rx,,
5138,lapsed,long_term,missed,60,163,none,high,27.8,direct_rx,25,cost_or_coverage
5139,on_track,early,on time,90,20,phone,moderate,0.7,direct_rx,,
5140,lapsed,early,missed,90,261,phone,moderate,0.9,direct_rx,1,cost_or_coverage
5141,lapsing,early,delayed,60,75,phone,high,1.2,direct_rx,2,side_effects
5142,lapsing,early,delayed,90,132,none,moderate,1.9,hcp,2,side_effects
5143,on_track,early,on time,30,15,app,moderate,2.0,direct_rx,,
5144,on_track,early,on time,30,24,phone,low,2.1,hcp,,
5145,lapsing,early,delayed,30,38,none,moderate,2.0,direct_rx,2,no_response
5146,on_track,stable,on time,30,8,none,low,10.0,direct_rx,,
5147,lapsed,stable,missed,30,77,app,high,5.3,direct_rx,4,forgot_or_routine
5148,lapsed,early,missed,30,117,app,high,1.5,direct_rx,1,side_effects
5149,lapsed,stable,missed,90,257,phone,high,5.0,hcp,1,not_working
5150,on_track,stable,on time,60,28,app,moderate,10.5,direct_rx,,
5151,lapsing,early,delayed,30,36,app,high,0.3,direct_rx,1,no_response
5152,on_track,stable,on time,30,22,app,low,11.6,transfer,,
5153,on_track,long_term,on time,60,43,app,low,16.3,direct_rx,,
5154,lapsing,early,delayed,30,31,phone,high,0.5,hcp,1,no_response
5155,lapsing,long_term,delayed,90,143,phone,moderate,24.7,hcp,25,cost_or_coverage
5156,on_track,stable,on time,30,15,app,low,11.1,direct_rx,,
5157,on_track,stable,on time,90,52,app,moderate,10.7,direct_rx,,
5158,on_track,stable,on time,60,38,app,low,8.7,direct_rx,,
5159,on_track,early,on time,30,23,none,low,1.9,hcp,,
5160,lapsed,early,missed,30,56,none,high,0.4,hcp,1,not_working
5161,on_track,stable,on time,90,62,none,moderate,12.0,hcp,,
5162,on_track,stable,on time,90,29,app,low,11.1,direct_rx,,
5163,on_track,early,on time,30,5,app,moderate,2.7,direct_rx,,
5164,on_track,early,on time,60,5,app,moderate,2.2,direct_rx,,
5165,lapsing,early,delayed,30,36,phone,moderate,2.3,hcp,3,forgot_or_routine
5166,on_track,stable,on time,30,12,app,low,10.4,hcp,,
5167,lapsing,early,delayed,30,43,app,moderate,2.4,direct_rx,3,not_working
5168,lapsing,early,delayed,90,132,app,high,2.7,hcp,3,forgot_or_routine
5169,on_track,stable,on time,30,18,phone,low,11.0,transfer,,
5170,lapsing,early,delayed,30,33,none,moderate,1.3,direct_rx,2,cost_or_coverage
5171,on_track,stable,on time,60,45,none,low,11.3,direct_rx,,
5172,lapsing,early,delayed,90,140,app,moderate,2.6,direct_rx,3,not_working
5173,lapsing,early,delayed,30,42,app,moderate,1.3,direct_rx,2,no_response
5174,lapsing,long_term,delayed,90,98,phone,moderate,18.5,transfer,19,cost_or_coverage
5175,on_track,early,on time,30,6,phone,low,2.4,direct_rx,,
5176,lapsed,early,missed,30,88,app,high,0.2,direct_rx,1,forgot_or_routine
5177,on_track,stable,on time,60,27,none,low,10.8,direct_rx,,
5178,on_track,stable,on time,90,27,phone,moderate,11.6,direct_rx,,
5179,on_track,long_term,on time,30,16,app,moderate,30.9,hcp,,
5180,on_track,early,on time,30,6,none,low,2.5,transfer,,
5181,on_track,long_term,on time,90,18,app,low,32.5,direct_rx,,
5182,on_track,stable,on time,60,25,phone,moderate,11.2,transfer,,
5183,on_track,long_term,on time,30,1,app,low,15.8,hcp,,
5184,on_track,long_term,on time,30,4,phone,low,30.6,hcp,,
5185,on_track,early,on time,90,15,app,moderate,1.3,transfer,,
5186,lapsing,stable,delayed,90,123,none,high,10.1,hcp,11,forgot_or_routine
5187,on_track,early,on time,30,4,phone,moderate,1.3,direct_rx,,
5188,on_track,stable,on time,30,10,app,moderate,11.5,transfer,,
5189,lapsed,early,missed,60,205,none,high,1.9,direct_rx,1,side_effects
5190,on_track,stable,on time,30,10,phone,low,8.8,direct_rx,,
5191,on_track,early,on time,30,11,phone,moderate,1.0,direct_rx,,
5192,on_track,early,on time,90,43,none,low,2.1,direct_rx,,
5193,on_track,long_term,on time,60,25,app,low,28.2,direct_rx,,
5194,lapsed,early,missed,30,80,app,high,0.4,direct_rx,1,not_working
5195,on_track,stable,on time,30,17,app,low,9.6,direct_rx,,
5196,lapsing,long_term,delayed,30,37,app,high,13.3,direct_rx,14,side_effects
5197,on_track,early,on time,90,13,none,moderate,2.4,direct_rx,,
5198,on_track,long_term,on time,30,13,app,moderate,32.6,hcp,,
5199,lapsing,early,delayed,60,78,app,moderate,1.1,direct_rx,2,felt_better
5200,on_track,long_term,on time,90,45,phone,moderate,35.9,transfer,,
5201,lapsed,long_term,missed,30,93,none,high,31.6,hcp,30,cost_or_coverage
5202,on_track,long_term,on time,30,12,phone,low,31.4,hcp,,
5203,on_track,stable,on time,30,5,app,moderate,9.5,direct_rx,,
5204,on_track,long_term,on time,30,7,app,low,13.2,direct_rx,,
5205,on_track,early,on time,30,22,phone,moderate,1.6,transfer,,
5206,on_track,stable,on time,90,50,phone,low,11.9,direct_rx,,
5207,lapsed,early,missed,30,96,none,high,1.9,direct_rx,1,no_response
5208,on_track,stable,on time,30,12,app,moderate,11.9,direct_rx,,
5209,lapsed,stable,missed,30,81,phone,high,4.4,hcp,3,cost_or_coverage
5210,lapsed,early,missed,30,96,phone,high,2.8,direct_rx,1,not_working
5211,on_track,long_term,on time,90,17,phone,moderate,31.5,direct_rx,,
5212,on_track,stable,on time,30,6,none,low,11.9,hcp,,
5213,on_track,early,on time,30,2,app,low,2.7,direct_rx,,
5214,on_track,long_term,on time,30,19,phone,low,18.1,transfer,,
5215,lapsing,early,delayed,60,94,app,high,1.8,transfer,2,side_effects
5216,on_track,early,on time,30,19,app,low,2.5,direct_rx,,
5217,on_track,stable,on time,30,20,none,low,11.2,hcp,,
5218,on_track,long_term,on time,60,37,phone,low,26.7,hcp,,
5219,on_track,long_term,on time,30,22,none,moderate,31.0,transfer,,
5220,on_track,early,on time,60,9,app,moderate,1.0,direct_rx,,
5221,on_track,early,on time,30,3,phone,low,2.7,hcp,,
5222,on_track,long_term,on time,30,7,phone,low,29.4,hcp,,
5223,lapsing,long_term,delayed,30,39,app,moderate,16.6,direct_rx,17,no_response
5224,on_track,stable,on time,60,45,none,low,11.5,direct_rx,,
5225,on_track,early,on time,30,13,app,moderate,0.5,direct_rx,,
5226,lapsing,long_term,delayed,30,38,phone,moderate,32.9,hcp,33,no_response
5227,on_track,early,on time,30,17,none,low,1.2,transfer,,
5228,lapsing,early,delayed,60,95,phone,high,1.2,direct_rx,2,no_response
5229,on_track,early,on time,90,36,phone,low,1.5,direct_rx,,
5230,on_track,early,on time,30,3,app,moderate,2.4,direct_rx,,
5231,on_track,early,on time,30,10,app,low,0.2,hcp,,
5232,on_track,early,on time,90,71,phone,low,0.2,hcp,,
5233,on_track,long_term,on time,30,20,app,low,15.1,direct_rx,,
5234,lapsed,stable,missed,90,293,app,high,4.6,hcp,1,side_effects
5235,on_track,long_term,on time,60,26,phone,low,34.6,direct_rx,,
5236,lapsing,early,delayed,30,34,phone,high,1.9,direct_rx,2,side_effects
5237,on_track,long_term,on time,30,23,app,moderate,19.4,hcp,,
5238,on_track,long_term,on time,30,10,none,moderate,17.1,transfer,,
5239,on_track,long_term,on time,30,20,app,low,19.1,direct_rx,,
5240,on_track,early,on time,30,2,app,low,0.7,direct_rx,,
5241,on_track,early,on time,90,70,none,moderate,1.3,direct_rx,,
5242,on_track,stable,on time,60,7,app,low,10.3,direct_rx,,
5243,on_track,long_term,on time,30,9,app,low,18.1,direct_rx,,
5244,lapsed,long_term,missed,60,237,phone,moderate,25.5,direct_rx,20,cost_or_coverage
5245,on_track,long_term,on time,60,25,app,low,23.0,direct_rx,,
5246,on_track,early,on time,90,6,app,moderate,2.7,direct_rx,,
5247,lapsed,early,missed,30,51,app,high,2.7,transfer,2,not_working
5248,lapsing,early,delayed,30,45,app,high,0.3,hcp,1,not_working
5249,on_track,early,on time,90,11,phone,moderate,0.9,direct_rx,,
5250,on_track,early,on time,60,35,app,low,2.3,direct_rx,,
5251,on_track,long_term,on time,30,14,none,low,25.2,direct_rx,,
5252,on_track,early,on time,30,16,phone,low,2.2,hcp,,
5253,on_track,long_term,on time,60,48,app,low,12.6,hcp,,
5254,lapsing,early,delayed,30,41,phone,moderate,2.5,direct_rx,3,no_response
5255,lapsing,early,delayed,30,31,phone,high,2.3,hcp,3,forgot_or_routine
5256,lapsing,early,delayed,90,132,phone,moderate,1.3,direct_rx,2,side_effects
5257,lapsed,early,missed,30,75,app,moderate,1.1,direct_rx,1,forgot_or_routine
5258,on_track,stable,on time,30,11,app,low,11.7,direct_rx,,
5259,on_track,stable,on time,60,30,phone,low,11.4,transfer,,
5260,on_track,stable,on time,60,19,none,low,9.4,direct_rx,,
5261,lapsing,stable,delayed,90,129,app,moderate,3.6,direct_rx,4,cost_or_coverage
5262,on_track,stable,on time,30,24,app,low,9.4,direct_rx,,
5263,lapsing,early,delayed,60,90,none,high,0.7,direct_rx,1,side_effects
5264,lapsed,early,missed,90,165,app,high,0.5,direct_rx,1,side_effects
5265,on_track,stable,on time,30,12,app,low,11.5,hcp,,
5266,on_track,early,on time,30,19,none,moderate,2.4,hcp,,
5267,lapsing,stable,delayed,30,41,app,moderate,8.5,direct_rx,9,side_effects
5268,lapsing,early,delayed,90,143,phone,moderate,1.0,hcp,1,no_response
5269,lapsed,stable,missed,30,108,phone,high,3.4,transfer,1,cost_or_coverage
5270,lapsed,early,missed,90,217,phone,moderate,0.6,transfer,1,cost_or_coverage
5271,on_track,long_term,on time,30,8,none,moderate,16.7,transfer,,
5272,on_track,long_term,on time,30,0,none,moderate,35.6,direct_rx,,
5273,on_track,stable,on time,30,17,phone,moderate,11.3,direct_rx,,
5274,on_track,early,on time,30,20,phone,low,2.0,direct_rx,,
5275,on_track,stable,on time,30,5,none,moderate,11.8,direct_rx,,
5276,on_track,stable,on time,60,47,phone,moderate,11.5,direct_rx,,
5277,on_track,stable,on time,90,47,phone,low,11.0,direct_rx,,
5278,on_track,early,on time,30,23,none,low,0.7,transfer,,
5279,on_track,stable,on time,30,1,app,low,8.7,direct_rx,,
5280,on_track,stable,on time,60,42,phone,moderate,9.9,direct_rx,,
5281,on_track,long_term,on time,30,5,app,moderate,30.1,direct_rx,,
5282,on_track,long_term,on time,60,15,phone,moderate,28.2,hcp,,
5283,on_track,long_term,on time,30,1,phone,low,19.9,hcp,,
5284,on_track,long_term,on time,60,48,app,low,31.4,hcp,,
5285,on_track,stable,on time,30,12,phone,moderate,10.4,direct_rx,,
5286,lapsing,early,delayed,30,47,app,high,2.2,direct_rx,3,forgot_or_routine
5287,on_track,long_term,on time,90,13,phone,moderate,26.1,direct_rx,,
5288,on_track,long_term,on time,90,6,app,low,12.6,direct_rx,,
5289,lapsing,early,delayed,30,33,phone,moderate,1.2,transfer,2,side_effects
5290,lapsed,early,missed,90,351,app,high,0.4,hcp,1,not_working
5291,lapsed,long_term,missed,30,120,app,high,17.9,direct_rx,15,cost_or_coverage
5292,lapsed,stable,missed,30,110,phone,high,4.1,direct_rx,2,not_working
5293,on_track,long_term,on time,30,16,app,moderate,29.2,hcp,,
5294,lapsed,early,missed,30,65,phone,high,1.1,direct_rx,1,no_response
5295,on_track,stable,on time,90,21,none,moderate,10.4,hcp,,
5296,on_track,long_term,on time,30,14,app,low,26.9,transfer,,
5297,lapsed,early,missed,30,52,none,high,1.6,hcp,1,no_response
5298,lapsed,early,missed,30,87,app,moderate,2.6,hcp,1,no_response
5299,on_track,stable,on time,90,54,app,moderate,11.8,direct_rx,,
5300,on_track,stable,on time,30,6,phone,low,8.5,direct_rx,,
5301,on_track,long_term,on time,90,18,none,low,26.9,direct_rx,,
5302,lapsed,early,missed,90,247,none,high,1.1,hcp,1,no_response
5303,on_track,early,on time,30,13,phone,low,2.4,direct_rx,,
5304,on_track,early,on time,30,9,app,moderate,2.1,direct_rx,,
5305,on_track,early,on time,30,14,app,low,2.0,hcp,,
5306,on_track,long_term,on time,30,19,phone,low,32.0,direct_rx,,
5307,on_track,stable,on time,60,24,phone,low,8.4,direct_rx,,
5308,lapsing,long_term,delayed,30,37,app,moderate,28.7,direct_rx,29,felt_better
5309,on_track,early,on time,90,52,app,low,2.3,hcp,,
5310,lapsed,stable,missed,60,233,app,high,3.5,hcp,1,side_effects
5311,on_track,stable,on time,90,9,app,moderate,10.7,hcp,,
5312,on_track,long_term,on time,30,2,app,moderate,12.5,direct_rx,,
5313,on_track,stable,on time,30,4,phone,low,11.4,direct_rx,,
5314,lapsed,early,missed,30,111,phone,high,0.1,hcp,1,cost_or_coverage
5315,on_track,long_term,on time,60,26,phone,low,15.4,direct_rx,,
5316,on_track,stable,on time,60,16,app,low,10.7,hcp,,
5317,on_track,stable,on time,90,70,none,low,11.4,direct_rx,,
5318,on_track,early,on time,30,12,phone,low,2.3,direct_rx,,
5319,lapsed,early,missed,60,170,app,high,2.7,hcp,1,cost_or_coverage
5320,on_track,stable,on time,30,19,none,moderate,10.0,direct_rx,,
5321,on_track,early,on time,30,4,none,low,2.3,transfer,,
5322,on_track,stable,on time,30,8,app,moderate,8.6,hcp,,
5323,on_track,long_term,on time,30,0,phone,low,22.8,direct_rx,,
5324,lapsed,stable,missed,30,120,phone,high,6.2,transfer,4,cost_or_coverage
5325,lapsing,early,delayed,90,96,app,moderate,0.6,transfer,1,no_response
5326,on_track,long_term,on time,90,13,none,low,14.2,direct_rx,,
5327,lapsed,early,missed,30,101,app,high,0.6,hcp,1,side_effects
5328,lapsing,early,delayed,60,70,none,moderate,1.6,hcp,2,side_effects
5329,lapsing,early,delayed,60,61,none,high,1.8,hcp,2,side_effects
5330,on_track,long_term,on time,90,69,phone,low,25.2,direct_rx,,
5331,on_track,early,on time,30,4,app,low,0.5,hcp,,
5332,on_track,early,on time,90,23,app,moderate,0.9,direct_rx,,
5333,on_track,stable,on time,30,8,phone,low,9.6,hcp,,
5334,lapsing,early,delayed,90,144,app,moderate,1.8,transfer,2,felt_better
5335,lapsing,early,delayed,30,45,app,high,1.0,direct_rx,1,not_working
5336,lapsing,stable,delayed,60,68,app,moderate,3.5,direct_rx,4,not_working
5337,on_track,long_term,on time,30,22,none,low,12.9,hcp,,
5338,lapsing,stable,delayed,30,32,phone,moderate,4.2,hcp,5,cost_or_coverage
5339,lapsed,long_term,missed,90,346,app,moderate,14.2,hcp,6,not_working
5340,on_track,long_term,on time,60,3,none,moderate,17.0,hcp,,
5341,on_track,stable,on time,90,48,phone,moderate,9.1,direct_rx,,
5342,on_track,stable,on time,60,8,phone,low,9.9,transfer,,
5343,lapsing,early,delayed,90,104,app,high,2.3,hcp,3,no_response
5344,on_track,long_term,on time,90,31,phone,low,35.4,direct_rx,,
5345,lapsed,early,missed,30,110,app,moderate,0.5,direct_rx,1,not_working
5346,on_track,stable,on time,90,62,app,low,12.0,hcp,,
5347,on_track,stable,on time,60,11,phone,low,10.4,hcp,,
5348,on_track,long_term,on time,30,12,app,moderate,21.1,direct_rx,,
5349,on_track,early,on time,60,12,phone,low,0.7,transfer,,
5350,on_track,stable,on time,60,9,phone,low,11.5,direct_rx,,
5351,on_track,stable,on time,90,8,app,moderate,8.7,hcp,,
5352,on_track,early,on time,90,43,app,moderate,0.0,transfer,,
5353,on_track,stable,on time,90,66,app,low,10.2,direct_rx,,
5354,on_track,stable,on time,30,11,phone,low,11.2,transfer,,
5355,lapsing,long_term,delayed,30,41,phone,high,30.0,direct_rx,30,no_response
5356,on_track,stable,on time,30,14,app,low,9.2,hcp,,
5357,on_track,early,on time,90,52,phone,low,2.1,hcp,,
5358,on_track,long_term,on time,90,37,phone,low,23.9,hcp,,
5359,on_track,stable,on time,30,6,app,moderate,9.0,direct_rx,,
5360,on_track,early,on time,30,14,phone,low,2.7,hcp,,
5361,lapsed,long_term,missed,60,103,app,moderate,30.6,direct_rx,30,no_response
5362,lapsed,stable,missed,90,172,app,moderate,3.2,hcp,1,side_effects
5363,on_track,long_term,on time,60,26,app,low,15.5,direct_rx,,
5364,on_track,stable,on time,90,69,app,moderate,10.1,direct_rx,,
5365,lapsing,long_term,delayed,60,77,phone,moderate,29.8,hcp,30,felt_better
5366,on_track,stable,on time,30,19,none,moderate,11.4,direct_rx,,
5367,lapsed,early,missed,90,250,phone,high,2.0,direct_rx,1,no_response
5368,on_track,long_term,on time,90,47,app,moderate,31.2,hcp,,
5369,on_track,stable,on time,30,3,none,low,11.6,transfer,,
5370,on_track,early,on time,30,8,phone,low,0.7,direct_rx,,
5371,on_track,early,on time,30,19,phone,low,1.5,direct_rx,,
5372,lapsing,stable,delayed,90,91,phone,moderate,6.5,direct_rx,7,not_working
5373,on_track,early,on time,30,11,app,moderate,2.1,direct_rx,,
5374,on_track,stable,on time,90,28,phone,low,11.4,direct_rx,,
5375,lapsing,long_term,delayed,90,101,phone,high,30.6,direct_rx,31,cost_or_coverage
5376,on_track,early,on time,60,15,none,low,1.7,direct_rx,,
5377,lapsing,early,delayed,90,141,none,moderate,0.1,direct_rx,1,cost_or_coverage
5378,lapsed,long_term,missed,30,120,app,high,26.0,direct_rx,23,cost_or_coverage
5379,lapsing,early,delayed,90,97,phone,high,3.0,direct_rx,3,side_effects
5380,lapsed,early,missed,30,115,phone,high,0.7,direct_rx,1,no_response
5381,lapsing,early,delayed,90,131,app,moderate,0.1,direct_rx,1,no_response
5382,on_track,stable,on time,30,13,app,moderate,8.4,direct_rx,,
5383,on_track,stable,on time,90,23,app,low,10.0,direct_rx,,
5384,lapsed,early,missed,60,128,app,high,1.9,direct_rx,1,side_effects
5385,lapsing,early,delayed,90,109,phone,moderate,2.8,hcp,3,cost_or_coverage
5386,on_track,stable,on time,90,21,phone,low,10.1,direct_rx,,
5387,on_track,long_term,on time,30,3,app,moderate,16.7,direct_rx,,
5388,on_track,stable,on time,30,6,none,moderate,10.5,direct_rx,,
5389,on_track,stable,on time,30,18,app,low,11.0,direct_rx,,
5390,on_track,long_term,on time,60,4,app,moderate,35.7,hcp,,
5391,lapsing,early,delayed,60,88,phone,moderate,1.2,transfer,2,felt_better
5392,lapsed,early,missed,60,196,phone,high,2.6,hcp,1,forgot_or_routine
5393,on_track,early,on time,90,2,app,moderate,1.1,direct_rx,,
5394,on_track,stable,on time,30,1,phone,moderate,9.6,direct_rx,,
5395,on_track,long_term,on time,30,2,none,moderate,29.6,direct_rx,,
5396,on_track,early,on time,30,4,none,low,2.2,hcp,,
5397,lapsed,long_term,missed,90,182,app,moderate,14.6,direct_rx,12,no_response
5398,on_track,early,on time,30,22,app,low,0.5,hcp,,
5399,on_track,stable,on time,30,23,app,moderate,10.3,transfer,,
5400,lapsing,early,delayed,30,44,none,high,0.9,hcp,1,not_working
5401,on_track,stable,on time,30,1,app,moderate,11.0,hcp,,
5402,lapsing,early,delayed,90,115,app,high,2.3,direct_rx,3,side_effects
5403,on_track,early,on time,90,15,app,moderate,0.7,hcp,,
5404,on_track,early,on time,90,18,app,low,2.0,hcp,,
5405,on_track,stable,on time,60,22,phone,moderate,12.0,hcp,,
5406,lapsing,early,delayed,60,87,app,moderate,0.1,direct_rx,1,forgot_or_routine
5407,on_track,stable,on time,30,3,app,low,10.3,hcp,,
5408,lapsing,stable,delayed,30,33,app,moderate,3.9,hcp,4,forgot_or_routine
5409,lapsed,early,missed,30,107,app,high,0.1,direct_rx,1,side_effects
5410,on_track,early,on time,30,22,app,low,0.9,direct_rx,,
5411,lapsing,early,delayed,90,132,app,high,0.6,direct_rx,1,side_effects
5412,on_track,stable,on time,30,21,app,low,8.2,direct_rx,,
5413,lapsing,early,delayed,30,34,app,moderate,1.6,direct_rx,2,no_response
5414,lapsed,stable,missed,90,340,phone,high,10.9,direct_rx,3,no_response
5415,on_track,long_term,on time,90,7,none,low,16.2,hcp,,
5416,on_track,long_term,on time,30,14,app,moderate,13.6,direct_rx,,
5417,lapsing,stable,delayed,60,96,none,high,3.2,transfer,4,forgot_or_routine
5418,lapsing,early,delayed,30,46,app,moderate,1.0,hcp,1,no_response
5419,on_track,early,on time,30,10,app,low,2.8,hcp,,
5420,on_track,stable,on time,30,19,phone,low,11.7,hcp,,
5421,on_track,long_term,on time,30,23,app,moderate,19.1,direct_rx,,
5422,on_track,stable,on time,30,0,app,moderate,9.8,direct_rx,,
5423,lapsed,early,missed,30,82,app,moderate,2.4,direct_rx,1,not_working
5424,on_track,stable,on time,30,6,app,low,11.6,transfer,,
5425,on_track,stable,on time,90,21,phone,low,11.7,direct_rx,,
5426,lapsed,early,missed,30,94,app,moderate,1.7,transfer,1,not_working
5427,on_track,stable,on time,30,7,app,low,9.2,hcp,,
5428,lapsing,early,delayed,60,96,phone,high,0.9,hcp,1,side_effects
5429,lapsing,stable,delayed,30,34,app,moderate,11.2,direct_rx,12,not_working
5430,lapsing,early,delayed,30,36,app,moderate,1.1,direct_rx,2,cost_or_coverage
5431,on_track,early,on time,30,2,app,low,0.7,hcp,,
5432,on_track,stable,on time,30,17,phone,low,8.5,hcp,,
5433,lapsing,long_term,delayed,30,43,phone,moderate,16.2,direct_rx,17,felt_better
5434,lapsing,long_term,delayed,30,48,app,high,16.3,direct_rx,17,side_effects
5435,lapsed,early,missed,30,70,none,high,2.7,direct_rx,2,not_working
5436,on_track,long_term,on time,30,10,phone,low,17.3,hcp,,
5437,on_track,long_term,on time,60,16,app,low,33.3,transfer,,
5438,on_track,long_term,on time,90,26,phone,low,24.7,direct_rx,,
5439,on_track,stable,on time,30,15,none,low,10.4,direct_rx,,
5440,lapsed,early,missed,30,84,app,moderate,0.2,direct_rx,1,no_response
5441,on_track,early,on time,90,72,phone,moderate,0.1,direct_rx,,
5442,lapsing,early,delayed,60,96,phone,moderate,2.0,direct_rx,2,not_working
5443,lapsing,long_term,delayed,30,41,none,moderate,18.7,hcp,19,cost_or_coverage
5444,on_track,stable,on time,90,0,app,low,11.2,transfer,,
5445,on_track,long_term,on time,30,6,app,low,26.9,hcp,,
5446,lapsed,early,missed,30,114,phone,high,1.8,transfer,1,cost_or_coverage
5447,lapsed,early,missed,30,101,app,high,1.2,hcp,1,no_response
5448,on_track,stable,on time,90,65,phone,moderate,11.8,direct_rx,,
5449,lapsed,long_term,missed,30,114,app,high,15.5,direct_rx,13,forgot_or_routine
5450,on_track,early,on time,30,0,phone,moderate,2.9,hcp,,
5451,on_track,stable,on time,30,12,app,low,11.2,hcp,,
5452,on_track,early,on time,30,4,phone,moderate,1.9,direct_rx,,
5453,lapsed,early,missed,30,95,app,high,1.0,direct_rx,1,not_working
5454,on_track,long_term,on time,30,9,app,low,31.7,hcp,,
5455,lapsing,stable,delayed,90,124,none,high,4.3,hcp,5,cost_or_coverage
5456,lapsing,long_term,delayed,30,46,app,moderate,17.8,hcp,18,no_response
5457,lapsing,stable,delayed,30,47,none,moderate,3.1,hcp,4,no_response
5458,lapsing,early,delayed,30,32,app,moderate,2.2,transfer,3,no_response
5459,on_track,long_term,on time,30,3,phone,low,22.6,transfer,,
5460,on_track,early,on time,60,29,phone,moderate,0.2,direct_rx,,
5461,on_track,stable,on time,30,22,none,low,9.1,direct_rx,,
5462,on_track,early,on time,30,20,phone,low,1.7,direct_rx,,
5463,lapsing,early,delayed,90,136,phone,moderate,1.3,direct_rx,2,not_working
5464,on_track,stable,on time,30,4,phone,low,8.4,direct_rx,,
5465,lapsed,early,missed,30,101,app,moderate,2.3,direct_rx,1,side_effects
5466,lapsed,stable,missed,90,224,phone,high,10.5,hcp,7,side_effects
5467,on_track,stable,on time,30,12,phone,moderate,11.3,direct_rx,,
5468,lapsed,long_term,missed,30,64,phone,high,14.5,hcp,14,forgot_or_routine
5469,on_track,long_term,on time,30,17,app,low,30.5,direct_rx,,
5470,on_track,stable,on time,30,0,app,low,10.6,hcp,,
5471,on_track,long_term,on time,30,3,phone,low,34.7,hcp,,
5472,lapsing,early,delayed,90,134,none,moderate,2.5,direct_rx,3,forgot_or_routine
5473,on_track,early,on time,30,15,none,low,0.1,hcp,,
5474,lapsing,early,delayed,30,31,phone,moderate,0.4,direct_rx,1,cost_or_coverage
5475,on_track,early,on time,90,21,none,moderate,1.8,direct_rx,,
5476,on_track,early,on time,30,13,none,low,1.2,hcp,,
5477,on_track,stable,on time,30,17,app,low,11.3,direct_rx,,
5478,on_track,long_term,on time,30,13,phone,low,29.6,direct_rx,,
5479,on_track,stable,on time,30,6,none,low,10.9,direct_rx,,
5480,lapsed,stable,missed,30,64,phone,high,3.6,hcp,3,side_effects
5481,lapsing,early,delayed,90,132,app,high,2.5,hcp,3,not_working
5482,on_track,long_term,on time,60,6,phone,low,28.6,direct_rx,,
5483,on_track,early,on time,30,1,app,low,2.7,direct_rx,,
5484,on_track,long_term,on time,30,9,app,moderate,23.9,hcp,,
5485,on_track,early,on time,60,29,app,moderate,1.0,direct_rx,,
5486,on_track,stable,on time,30,8,app,moderate,10.2,transfer,,
5487,on_track,long_term,on time,60,38,phone,low,32.6,transfer,,
5488,on_track,stable,on time,60,6,phone,low,9.9,hcp,,
5489,lapsed,early,missed,60,206,none,high,0.7,direct_rx,1,no_response
5490,on_track,stable,on time,90,35,phone,low,9.7,direct_rx,,
5491,on_track,stable,on time,30,16,app,low,11.8,direct_rx,,
5492,on_track,long_term,on time,30,7,phone,low,27.7,direct_rx,,
5493,on_track,stable,on time,30,8,app,low,11.6,hcp,,
5494,on_track,long_term,on time,90,20,phone,low,20.3,hcp,,
5495,on_track,early,on time,90,60,app,moderate,0.3,direct_rx,,
5496,on_track,stable,on time,30,21,none,moderate,9.9,transfer,,
5497,on_track,early,on time,30,2,app,low,1.4,hcp,,
5498,lapsed,early,missed,60,230,phone,moderate,1.8,direct_rx,1,cost_or_coverage
5499,lapsed,long_term,missed,30,120,none,high,25.4,direct_rx,23,felt_better
5500,on_track,long_term,on time,30,18,app,low,33.0,direct_rx,,
5501,on_track,long_term,on time,30,21,phone,low,18.0,transfer,,
5502,on_track,early,on time,30,18,app,low,0.1,hcp,,
5503,on_track,early,on time,30,20,app,moderate,2.9,transfer,,
5504,on_track,long_term,on time,30,21,phone,moderate,31.5,hcp,,
5505,on_track,stable,on time,60,40,phone,moderate,10.3,direct_rx,,
5506,on_track,stable,on time,60,4,phone,low,11.5,hcp,,
5507,on_track,long_term,on time,30,11,app,low,28.0,transfer,,
5508,lapsing,stable,delayed,90,128,app,high,3.5,direct_rx,4,side_effects
5509,on_track,early,on time,90,35,app,low,1.0,direct_rx,,
5510,lapsing,early,delayed,30,41,app,moderate,2.1,direct_rx,3,no_response
5511,on_track,stable,on time,30,0,none,moderate,8.3,direct_rx,,
5512,lapsed,early,missed,30,75,phone,high,2.5,hcp,1,side_effects
5513,on_track,early,on time,30,7,app,low,2.0,hcp,,
5514,on_track,long_term,on time,30,22,app,low,28.7,direct_rx,,
5515,lapsing,early,delayed,30,39,phone,moderate,1.4,hcp,2,no_response
5516,on_track,long_term,on time,30,6,phone,moderate,13.3,hcp,,
5517,lapsing,early,delayed,30,37,app,high,0.3,transfer,1,side_effects
5518,on_track,long_term,on time,90,62,app,low,25.1,hcp,,
5519,on_track,stable,on time,30,1,phone,moderate,9.6,direct_rx,,
5520,lapsing,long_term,delayed,30,39,app,high,32.2,hcp,33,side_effects
5521,on_track,stable,on time,30,13,none,moderate,11.7,transfer,,
5522,on_track,stable,on time,30,17,app,low,10.5,hcp,,
5523,on_track,stable,on time,30,8,none,low,8.8,direct_rx,,
5524,lapsed,early,missed,30,108,phone,moderate,0.9,direct_rx,1,cost_or_coverage
5525,on_track,long_term,on time,30,9,none,low,35.8,hcp,,
5526,on_track,stable,on time,30,7,app,low,9.4,direct_rx,,
5527,lapsed,stable,missed,30,68,phone,high,3.5,direct_rx,3,side_effects
5528,lapsed,early,missed,60,200,app,high,2.6,transfer,1,no_response
5529,lapsing,stable,delayed,90,113,app,moderate,10.2,transfer,11,cost_or_coverage
5530,on_track,long_term,on time,60,26,phone,moderate,35.6,hcp,,
5531,on_track,early,on time,30,6,phone,low,2.7,hcp,,
5532,lapsing,early,delayed,30,31,phone,high,0.6,hcp,1,no_response
5533,on_track,stable,on time,90,26,phone,low,10.9,transfer,,
5534,lapsed,long_term,missed,30,79,phone,moderate,23.7,hcp,23,no_response
5535,on_track,early,on time,30,16,app,low,0.3,hcp,,
5536,on_track,stable,on time,30,18,phone,moderate,10.8,hcp,,
5537,on_track,long_term,on time,30,15,app,moderate,12.4,direct_rx,,
5538,lapsed,stable,missed,30,103,app,high,3.2,direct_rx,1,cost_or_coverage
5539,on_track,early,on time,90,68,none,low,2.3,hcp,,
5540,on_track,stable,on time,30,24,none,low,8.5,hcp,,
5541,on_track,long_term,on time,30,7,phone,low,20.7,direct_rx,,
5542,lapsed,stable,missed,30,51,app,high,7.0,transfer,7,forgot_or_routine
5543,lapsing,stable,delayed,30,44,app,moderate,4.6,direct_rx,5,side_effects
5544,on_track,stable,on time,90,66,app,low,11.5,direct_rx,,
5545,on_track,stable,on time,30,13,phone,low,9.5,direct_rx,,
5546,on_track,early,on time,90,43,app,low,2.9,direct_rx,,
5547,on_track,long_term,on time,30,21,none,low,17.6,direct_rx,,
5548,lapsing,early,delayed,30,41,app,moderate,1.9,hcp,2,not_working
5549,lapsed,long_term,missed,90,158,none,moderate,25.5,hcp,24,forgot_or_routine
5550,on_track,stable,on time,90,35,app,moderate,9.8,direct_rx,,
5551,on_track,stable,on time,60,5,app,low,12.0,direct_rx,,
5552,on_track,stable,on time,90,14,app,moderate,10.6,direct_rx,,
5553,on_track,early,on time,60,22,app,moderate,2.5,direct_rx,,
5554,on_track,early,on time,30,15,app,moderate,1.3,direct_rx,,
5555,on_track,long_term,on time,30,24,phone,low,15.9,transfer,,
5556,on_track,long_term,on time,90,61,phone,low,30.3,direct_rx,,
5557,on_track,long_term,on time,30,10,app,moderate,12.4,direct_rx,,
5558,lapsing,early,delayed,90,97,phone,moderate,0.2,direct_rx,1,forgot_or_routine
5559,lapsed,stable,missed,30,66,app,high,8.1,direct_rx,7,cost_or_coverage
5560,on_track,long_term,on time,30,23,none,low,18.0,hcp,,
5561,on_track,stable,on time,30,20,app,moderate,10.7,direct_rx,,
5562,lapsed,stable,missed,30,68,none,high,4.0,hcp,3,forgot_or_routine
5563,on_track,long_term,on time,90,22,phone,moderate,26.7,direct_rx,,
5564,on_track,stable,on time,90,5,app,low,11.6,hcp,,
5565,on_track,long_term,on time,30,11,none,low,18.0,hcp,,
5566,on_track,early,on time,90,6,phone,low,0.4,transfer,,
5567,lapsing,long_term,delayed,60,61,app,high,16.1,hcp,17,forgot_or_routine
5568,on_track,early,on time,90,45,app,low,2.8,direct_rx,,
5569,lapsed,long_term,missed,30,81,none,moderate,33.3,direct_rx,32,no_response
5570,on_track,stable,on time,30,16,app,low,11.7,hcp,,
5571,on_track,long_term,on time,30,9,app,low,30.3,direct_rx,,
5572,lapsed,early,missed,30,82,app,high,0.3,direct_rx,1,side_effects
5573,on_track,long_term,on time,30,24,none,low,25.5,hcp,,
5574,lapsed,long_term,missed,30,100,none,high,19.9,direct_rx,18,not_working
5575,lapsing,stable,delayed,90,136,app,high,11.7,transfer,12,no_response
5576,on_track,stable,on time,60,46,app,low,11.4,direct_rx,,
5577,on_track,stable,on time,30,11,phone,low,8.4,direct_rx,,
5578,lapsing,early,delayed,60,67,app,high,0.5,direct_rx,1,not_working
5579,on_track,long_term,on time,30,9,phone,low,29.1,direct_rx,,
5580,on_track,stable,on time,90,12,phone,low,11.7,hcp,,
5581,on_track,early,on time,90,34,phone,low,0.5,direct_rx,,
5582,lapsed,early,missed,30,55,app,high,1.5,hcp,1,no_response
5583,on_track,stable,on time,30,18,app,moderate,10.0,direct_rx,,
5584,on_track,stable,on time,30,8,none,moderate,11.0,hcp,,
5585,on_track,early,on time,30,20,phone,low,1.3,direct_rx,,
5586,on_track,long_term,on time,30,6,app,low,25.9,direct_rx,,
5587,lapsed,stable,missed,30,76,phone,high,3.5,hcp,2,not_working
5588,on_track,stable,on time,60,44,app,low,11.4,direct_rx,,
5589,on_track,stable,on time,90,48,app,low,11.3,hcp,,
5590,lapsed,long_term,missed,30,90,phone,high,33.7,direct_rx,32,forgot_or_routine
5591,on_track,early,on time,30,12,phone,low,0.6,direct_rx,,
5592,lapsed,early,missed,90,265,app,moderate,2.3,hcp,1,cost_or_coverage
5593,on_track,stable,on time,90,35,app,low,11.9,transfer,,
5594,lapsing,stable,delayed,30,38,app,moderate,7.8,direct_rx,8,forgot_or_routine
5595,on_track,stable,on time,30,13,app,low,10.4,direct_rx,,
5596,lapsing,stable,delayed,30,43,none,moderate,5.7,direct_rx,6,cost_or_coverage
5597,lapsing,early,delayed,60,63,phone,high,1.8,hcp,2,no_response
5598,on_track,long_term,on time,90,10,app,moderate,27.7,direct_rx,,
5599,on_track,long_term,on time,30,19,phone,low,30.9,hcp,,
5600,on_track,early,on time,90,6,none,low,1.7,direct_rx,,
5601,on_track,stable,on time,90,53,phone,low,7.6,hcp,,
5602,on_track,stable,on time,30,20,app,low,10.1,hcp,,
5603,lapsed,early,missed,30,104,phone,high,0.4,direct_rx,1,not_working
5604,on_track,long_term,on time,60,44,app,low,30.8,direct_rx,,
5605,lapsing,early,delayed,90,129,none,moderate,0.2,hcp,1,forgot_or_routine
5606,lapsed,early,missed,30,111,phone,high,1.2,direct_rx,1,side_effects
5607,lapsing,early,delayed,30,46,app,moderate,2.5,transfer,3,side_effects
5608,lapsing,stable,delayed,90,102,app,moderate,3.8,direct_rx,4,cost_or_coverage
5609,on_track,stable,on time,30,18,app,low,9.6,hcp,,
5610,lapsing,stable,delayed,60,64,phone,moderate,11.7,hcp,12,forgot_or_routine
5611,lapsed,early,missed,90,303,app,high,2.2,hcp,1,no_response
5612,lapsed,long_term,missed,90,154,app,moderate,20.6,direct_rx,19,cost_or_coverage
5613,on_track,stable,on time,90,2,none,low,11.5,direct_rx,,
5614,lapsed,early,missed,60,139,app,high,1.0,direct_rx,1,felt_better
5615,on_track,stable,on time,30,15,phone,low,8.5,direct_rx,,
5616,on_track,stable,on time,30,3,none,moderate,8.8,hcp,,
5617,lapsed,early,missed,90,276,none,high,1.5,hcp,1,forgot_or_routine
5618,on_track,early,on time,30,12,app,low,0.9,direct_rx,,
5619,lapsing,early,delayed,90,119,app,moderate,1.2,direct_rx,2,cost_or_coverage
5620,on_track,stable,on time,60,8,app,moderate,11.1,direct_rx,,
5621,on_track,early,on time,30,21,none,low,2.3,direct_rx,,
5622,lapsing,early,delayed,30,31,phone,moderate,1.5,direct_rx,2,felt_better
5623,lapsed,early,missed,30,69,app,moderate,1.2,hcp,1,side_effects
5624,on_track,stable,on time,90,37,app,moderate,10.7,hcp,,
5625,on_track,early,on time,30,15,none,moderate,2.6,transfer,,
5626,lapsed,stable,missed,60,197,app,high,3.3,hcp,1,side_effects
5627,on_track,stable,on time,30,6,phone,moderate,9.1,direct_rx,,
5628,on_track,stable,on time,30,11,phone,low,11.9,direct_rx,,
5629,lapsing,early,delayed,90,103,app,moderate,2.9,direct_rx,3,not_working
5630,lapsed,early,missed,60,237,app,high,0.3,transfer,1,forgot_or_routine
5631,on_track,stable,on time,90,67,phone,low,11.4,hcp,,
5632,on_track,early,on time,30,22,app,moderate,2.6,hcp,,
5633,on_track,early,on time,30,0,app,moderate,2.4,hcp,,
5634,on_track,stable,on time,30,15,none,low,10.5,direct_rx,,
5635,on_track,early,on time,30,24,app,moderate,2.9,direct_rx,,
5636,on_track,stable,on time,30,0,none,low,7.2,direct_rx,,
5637,on_track,stable,on time,30,22,phone,moderate,10.2,transfer,,
5638,lapsed,early,missed,30,84,none,moderate,1.1,hcp,1,no_response
5639,on_track,stable,on time,30,17,none,low,10.5,direct_rx,,
5640,on_track,stable,on time,60,28,phone,moderate,11.3,transfer,,
5641,lapsing,early,delayed,30,31,app,moderate,3.0,hcp,3,no_response
5642,on_track,stable,on time,60,4,phone,low,11.2,direct_rx,,
5643,lapsed,long_term,missed,90,174,app,high,34.8,direct_rx,32,cost_or_coverage
5644,lapsing,early,delayed,90,143,app,moderate,1.9,hcp,2,not_working
5645,on_track,stable,on time,90,16,app,low,10.2,hcp,,
5646,lapsed,long_term,missed,30,64,app,high,31.9,direct_rx,31,side_effects
5647,lapsed,stable,missed,30,84,app,moderate,10.4,direct_rx,9,no_response
5648,on_track,long_term,on time,30,13,app,low,30.5,direct_rx,,
5649,lapsing,early,delayed,30,44,phone,moderate,1.4,hcp,2,cost_or_coverage
5650,on_track,long_term,on time,90,8,none,low,23.2,direct_rx,,
5651,on_track,early,on time,30,16,app,low,0.7,direct_rx,,
5652,on_track,early,on time,90,18,none,moderate,2.6,hcp,,
5653,on_track,stable,on time,30,18,phone,moderate,9.9,direct_rx,,
5654,on_track,long_term,on time,90,56,app,low,18.2,direct_rx,,
5655,on_track,early,on time,30,14,none,low,0.4,hcp,,
5656,on_track,stable,on time,60,45,phone,moderate,10.0,direct_rx,,
5657,lapsing,early,delayed,30,37,app,high,0.8,hcp,1,forgot_or_routine
5658,on_track,long_term,on time,30,7,none,low,29.9,hcp,,
5659,lapsing,early,delayed,60,61,app,moderate,1.9,direct_rx,2,side_effects
5660,on_track,stable,on time,30,8,phone,low,10.8,direct_rx,,
5661,lapsing,stable,delayed,60,76,phone,moderate,4.8,transfer,5,no_response
5662,on_track,early,on time,60,40,phone,low,3.0,hcp,,
5663,lapsing,stable,delayed,60,62,app,high,3.2,direct_rx,4,cost_or_coverage
5664,on_track,stable,on time,30,14,app,low,10.5,hcp,,
5665,lapsed,early,missed,30,61,none,moderate,2.6,direct_rx,2,cost_or_coverage
5666,on_track,stable,on time,60,17,app,low,10.5,hcp,,
5667,on_track,early,on time,30,16,app,low,0.1,hcp,,
5668,lapsing,long_term,delayed,90,119,phone,high,24.9,direct_rx,25,not_working
5669,on_track,early,on time,60,15,none,low,2.5,direct_rx,,
5670,on_track,early,on time,30,4,app,low,0.0,transfer,,
5671,on_track,long_term,on time,30,0,phone,moderate,31.1,hcp,,
5672,on_track,early,on time,90,71,none,moderate,2.2,direct_rx,,
5673,on_track,stable,on time,30,17,phone,low,11.7,direct_rx,,
5674,on_track,stable,on time,30,10,app,low,11.9,transfer,,
5675,lapsed,early,missed,90,265,none,high,1.8,direct_rx,1,forgot_or_routine
5676,on_track,stable,on time,90,33,app,low,11.4,direct_rx,,
5677,lapsed,early,missed,30,106,phone,moderate,0.5,direct_rx,1,side_effects
5678,on_track,early,on time,90,10,app,low,2.9,direct_rx,,
5679,lapsing,early,delayed,30,36,app,moderate,2.2,direct_rx,3,felt_better
5680,lapsed,long_term,missed,60,134,phone,moderate,30.1,direct_rx,28,no_response
5681,lapsing,long_term,delayed,60,88,app,moderate,19.0,hcp,19,forgot_or_routine
5682,lapsing,stable,delayed,30,36,app,high,3.7,direct_rx,4,felt_better
5683,on_track,stable,on time,30,1,phone,low,11.7,hcp,,
5684,on_track,stable,on time,90,45,app,moderate,10.8,direct_rx,,
5685,on_track,long_term,on time,30,22,phone,low,29.2,direct_rx,,
5686,on_track,early,on time,90,2,phone,low,1.6,transfer,,
5687,lapsed,early,missed,30,70,app,high,0.6,transfer,1,cost_or_coverage
5688,on_track,stable,on time,30,19,phone,low,11.7,transfer,,
5689,on_track,stable,on time,30,11,phone,low,9.9,direct_rx,,
5690,lapsing,early,delayed,90,116,app,high,0.8,transfer,1,forgot_or_routine
5691,lapsing,early,delayed,60,91,phone,moderate,2.1,direct_rx,3,no_response
5692,lapsing,long_term,delayed,30,34,phone,high,15.1,transfer,16,cost_or_coverage
5693,lapsing,early,delayed,60,70,app,moderate,0.9,direct_rx,1,no_response
5694,lapsing,early,delayed,30,48,app,moderate,1.7,direct_rx,2,forgot_or_routine
5695,on_track,early,on time,60,5,app,moderate,2.6,direct_rx,,
5696,on_track,long_term,on time,90,48,phone,low,32.0,direct_rx,,
5697,on_track,early,on time,30,5,none,low,2.8,direct_rx,,
5698,on_track,early,on time,90,57,phone,low,0.8,transfer,,
5699,on_track,long_term,on time,30,11,phone,low,26.6,hcp,,
5700,on_track,early,on time,30,15,none,low,1.2,direct_rx,,
5701,lapsing,early,delayed,30,37,phone,moderate,1.0,hcp,1,not_working
5702,lapsed,stable,missed,30,105,phone,high,6.2,direct_rx,4,no_response
5703,on_track,early,on time,30,21,phone,low,1.1,direct_rx,,
5704,on_track,stable,on time,60,15,app,low,11.8,direct_rx,,
5705,on_track,stable,on time,30,9,app,low,8.2,hcp,,
5706,on_track,stable,on time,30,17,phone,low,9.7,hcp,,
5707,on_track,long_term,on time,60,46,app,low,21.7,direct_rx,,
5708,on_track,long_term,on time,60,13,phone,low,28.4,direct_rx,,
5709,on_track,early,on time,30,12,app,moderate,1.4,hcp,,
5710,on_track,early,on time,90,46,none,moderate,1.7,direct_rx,,
5711,lapsed,early,missed,90,194,phone,moderate,2.6,direct_rx,1,no_response
5712,on_track,stable,on time,30,7,phone,low,12.0,hcp,,
5713,on_track,stable,on time,60,39,none,low,11.1,direct_rx,,
5714,on_track,early,on time,30,10,none,moderate,1.7,transfer,,
5715,on_track,long_term,on time,30,3,phone,low,23.6,direct_rx,,
5716,lapsing,stable,delayed,30,31,phone,high,5.9,hcp,6,no_response
5717,on_track,early,on time,30,11,app,moderate,2.7,hcp,,
5718,on_track,early,on time,30,3,phone,low,0.3,hcp,,
5719,lapsed,stable,missed,60,168,app,high,9.2,direct_rx,6,cost_or_coverage
5720,on_track,long_term,on time,90,32,app,low,28.7,direct_rx,,
5721,on_track,long_term,on time,30,11,app,moderate,29.4,hcp,,
5722,lapsed,early,missed,90,220,app,high,2.4,direct_rx,1,forgot_or_routine
5723,on_track,early,on time,30,3,app,low,2.1,direct_rx,,
5724,lapsed,early,missed,30,61,none,high,1.1,direct_rx,1,cost_or_coverage
5725,lapsed,early,missed,30,80,app,high,0.1,transfer,1,no_response
5726,on_track,long_term,on time,60,26,phone,low,19.6,hcp,,
5727,lapsed,early,missed,30,96,phone,moderate,0.4,direct_rx,1,side_effects
5728,on_track,long_term,on time,30,18,none,low,20.7,hcp,,
5729,on_track,early,on time,30,16,app,moderate,1.0,direct_rx,,
5730,lapsing,early,delayed,90,143,phone,moderate,2.5,direct_rx,3,side_effects
5731,lapsed,early,missed,90,342,phone,moderate,2.7,direct_rx,1,cost_or_coverage
5732,lapsing,early,delayed,60,65,app,moderate,1.8,direct_rx,2,forgot_or_routine
5733,on_track,early,on time,30,19,app,low,0.8,direct_rx,,
5734,on_track,early,on time,30,23,phone,moderate,0.4,direct_rx,,
5735,lapsing,early,delayed,30,48,phone,moderate,1.4,hcp,2,cost_or_coverage
5736,lapsing,long_term,delayed,60,90,phone,moderate,20.5,direct_rx,21,no_response
5737,on_track,stable,on time,60,17,none,moderate,11.0,transfer,,
5738,on_track,early,on time,30,18,phone,low,0.9,direct_rx,,
5739,on_track,early,on time,30,1,app,low,1.0,hcp,,
5740,lapsing,early,delayed,30,38,none,moderate,2.4,direct_rx,3,forgot_or_routine
5741,on_track,long_term,on time,30,17,phone,moderate,14.6,hcp,,
5742,on_track,long_term,on time,30,21,none,moderate,14.0,direct_rx,,
5743,on_track,stable,on time,90,32,none,moderate,8.7,hcp,,
5744,on_track,early,on time,60,36,app,moderate,0.9,hcp,,
5745,on_track,stable,on time,30,5,app,low,11.2,direct_rx,,
5746,on_track,early,on time,30,24,app,low,1.1,transfer,,
5747,on_track,early,on time,30,2,none,low,2.7,direct_rx,,
5748,on_track,stable,on time,30,16,phone,low,11.1,direct_rx,,
5749,lapsed,early,missed,60,203,app,moderate,2.1,direct_rx,1,not_working
5750,lapsing,early,delayed,30,41,phone,high,1.5,direct_rx,2,forgot_or_routine
5751,on_track,early,on time,30,6,app,moderate,0.1,hcp,,
5752,on_track,stable,on time,30,19,phone,low,11.3,direct_rx,,
5753,on_track,early,on time,30,24,app,low,0.6,direct_rx,,
5754,on_track,long_term,on time,30,19,app,low,17.1,direct_rx,,
5755,on_track,early,on time,60,46,app,moderate,1.4,direct_rx,,
5756,lapsing,early,delayed,30,36,app,moderate,2.6,direct_rx,3,cost_or_coverage
5757,on_track,early,on time,30,4,app,low,1.8,direct_rx,,
5758,on_track,early,on time,30,13,phone,low,1.1,direct_rx,,
5759,on_track,stable,on time,30,13,app,low,11.8,direct_rx,,
5760,on_track,long_term,on time,30,24,none,low,23.4,transfer,,
5761,on_track,early,on time,30,1,app,low,0.1,direct_rx,,
5762,on_track,early,on time,30,15,phone,low,0.3,hcp,,
5763,lapsing,stable,delayed,60,90,app,moderate,3.5,hcp,4,no_response
5764,on_track,stable,on time,30,21,none,low,10.7,hcp,,
5765,on_track,stable,on time,60,21,app,moderate,10.4,direct_rx,,
5766,lapsed,early,missed,90,221,phone,high,2.5,direct_rx,1,not_working
5767,on_track,early,on time,30,13,app,moderate,1.0,direct_rx,,
5768,on_track,early,on time,60,28,phone,low,0.0,hcp,,
5769,on_track,long_term,on time,30,20,app,moderate,13.8,direct_rx,,
5770,on_track,long_term,on time,60,18,phone,moderate,26.3,direct_rx,,
5771,on_track,early,on time,30,7,phone,moderate,1.5,direct_rx,,
5772,lapsing,stable,delayed,90,134,app,moderate,10.1,hcp,11,side_effects
5773,lapsing,long_term,delayed,30,47,app,high,20.5,direct_rx,21,no_response
5774,lapsing,early,delayed,30,44,phone,high,0.4,direct_rx,1,side_effects
5775,lapsing,early,delayed,30,37,phone,high,2.7,direct_rx,3,no_response
5776,on_track,stable,on time,30,18,none,low,11.2,hcp,,
5777,on_track,early,on time,60,35,phone,low,2.1,direct_rx,,
5778,on_track,stable,on time,30,10,phone,moderate,11.0,direct_rx,,
5779,on_track,long_term,on time,30,2,app,low,12.9,direct_rx,,
5780,lapsed,stable,missed,30,65,app,high,5.3,direct_rx,5,cost_or_coverage
5781,lapsing,early,delayed,90,118,app,moderate,2.2,hcp,3,not_working
5782,lapsing,early,delayed,60,76,phone,high,1.7,hcp,2,side_effects
5783,on_track,stable,on time,60,32,app,moderate,10.7,direct_rx,,
5784,on_track,early,on time,90,71,app,low,2.0,hcp,,
5785,on_track,long_term,on time,30,11,app,low,32.4,direct_rx,,
5786,on_track,early,on time,30,2,none,moderate,0.5,direct_rx,,
5787,on_track,early,on time,60,12,app,low,1.1,transfer,,
5788,lapsed,stable,missed,60,209,app,high,9.3,hcp,5,forgot_or_routine
5789,on_track,early,on time,60,44,app,moderate,2.2,hcp,,
5790,lapsing,stable,delayed,30,45,app,moderate,7.1,direct_rx,8,no_response
5791,lapsing,stable,delayed,30,42,phone,moderate,3.7,direct_rx,4,cost_or_coverage
5792,lapsed,early,missed,90,346,phone,moderate,2.5,hcp,1,forgot_or_routine
5793,lapsing,stable,delayed,30,31,phone,high,3.5,direct_rx,4,forgot_or_routine
5794,on_track,early,on time,60,11,phone,low,2.4,transfer,,
5795,on_track,stable,on time,60,21,app,low,10.6,direct_rx,,
5796,on_track,stable,on time,30,19,app,low,11.5,transfer,,
5797,on_track,early,on time,30,17,phone,low,0.5,direct_rx,,
5798,on_track,stable,on time,60,1,phone,low,10.9,direct_rx,,
5799,on_track,long_term,on time,90,57,app,moderate,24.4,hcp,,
5800,on_track,stable,on time,30,4,phone,low,11.5,hcp,,
5801,on_track,early,on time,90,13,phone,moderate,2.0,hcp,,
5802,lapsed,stable,missed,30,56,none,moderate,6.5,hcp,6,side_effects
5803,on_track,early,on time,60,5,app,moderate,2.4,direct_rx,,
5804,lapsing,early,delayed,60,86,app,high,1.9,direct_rx,2,no_response
5805,on_track,stable,on time,30,16,phone,low,10.5,hcp,,
5806,on_track,early,on time,30,3,phone,moderate,0.0,hcp,,
5807,lapsing,stable,delayed,30,31,none,moderate,6.6,direct_rx,7,no_response
5808,lapsed,early,missed,30,74,app,high,1.4,transfer,1,cost_or_coverage
5809,on_track,stable,on time,60,28,app,low,11.8,direct_rx,,
5810,on_track,stable,on time,30,2,none,moderate,8.3,hcp,,
5811,on_track,stable,on time,90,62,phone,low,11.0,hcp,,
5812,on_track,long_term,on time,30,23,app,low,18.0,direct_rx,,
5813,on_track,long_term,on time,90,69,app,low,33.6,direct_rx,,
5814,lapsing,early,delayed,90,131,app,moderate,0.6,hcp,1,side_effects
5815,on_track,long_term,on time,90,43,app,low,25.5,direct_rx,,
5816,on_track,stable,on time,30,14,phone,low,11.0,direct_rx,,
5817,lapsing,early,delayed,90,129,app,moderate,2.0,transfer,2,cost_or_coverage
5818,on_track,stable,on time,30,18,app,moderate,7.0,hcp,,
5819,on_track,long_term,on time,60,41,app,low,24.3,direct_rx,,
5820,on_track,long_term,on time,30,21,app,moderate,34.9,direct_rx,,
5821,on_track,stable,on time,30,13,app,low,11.8,direct_rx,,
5822,on_track,early,on time,30,18,app,moderate,0.6,transfer,,
5823,lapsing,early,delayed,30,47,phone,moderate,0.0,hcp,1,cost_or_coverage
5824,lapsing,early,delayed,60,82,app,moderate,2.5,direct_rx,3,no_response
5825,on_track,long_term,on time,30,15,phone,low,19.2,hcp,,
5826,lapsing,early,delayed,30,39,phone,high,2.6,hcp,3,forgot_or_routine
5827,on_track,long_term,on time,30,13,phone,moderate,28.8,hcp,,
5828,lapsed,early,missed,60,228,phone,moderate,0.1,direct_rx,1,side_effects
5829,lapsing,early,delayed,60,84,phone,moderate,0.4,hcp,1,side_effects
5830,lapsing,early,delayed,30,39,none,high,2.3,direct_rx,3,not_working
5831,on_track,stable,on time,30,15,app,low,11.7,direct_rx,,
5832,on_track,early,on time,30,10,app,low,1.9,hcp,,
5833,lapsing,early,delayed,30,46,app,moderate,2.0,direct_rx,2,no_response
5834,lapsed,early,missed,90,179,none,high,2.2,direct_rx,1,side_effects
5835,on_track,stable,on time,30,22,phone,low,10.9,hcp,,
5836,on_track,stable,on time,30,19,app,moderate,10.7,direct_rx,,
5837,lapsing,stable,delayed,30,43,phone,high,10.4,hcp,11,no_response
5838,on_track,early,on time,30,24,app,moderate,1.7,direct_rx,,
5839,on_track,stable,on time,30,19,app,moderate,10.6,direct_rx,,
5840,on_track,stable,on time,30,12,phone,low,9.3,direct_rx,,
5841,lapsing,early,delayed,30,33,app,moderate,1.4,hcp,2,not_working
5842,on_track,stable,on time,90,69,none,low,11.5,transfer,,
5843,on_track,long_term,on time,30,7,phone,low,14.8,hcp,,
5844,lapsing,early,delayed,90,98,phone,high,0.4,direct_rx,1,forgot_or_routine
5845,lapsed,stable,missed,90,339,phone,high,5.1,direct_rx,1,felt_better
5846,on_track,stable,on time,30,19,app,moderate,10.4,hcp,,
5847,on_track,stable,on time,30,21,app,moderate,11.9,direct_rx,,
5848,lapsing,stable,delayed,30,33,app,moderate,4.2,hcp,5,no_response
5849,on_track,stable,on time,60,48,app,low,10.1,direct_rx,,
5850,lapsing,early,delayed,30,33,phone,moderate,0.7,direct_rx,1,no_response
5851,lapsed,long_term,missed,90,221,phone,moderate,13.7,direct_rx,10,cost_or_coverage
5852,lapsed,early,missed,60,220,phone,moderate,2.2,direct_rx,1,cost_or_coverage
5853,on_track,stable,on time,30,3,app,low,10.7,direct_rx,,
5854,on_track,early,on time,90,18,app,low,2.5,hcp,,
5855,on_track,long_term,on time,30,15,phone,low,20.8,direct_rx,,
5856,on_track,long_term,on time,30,5,app,low,27.3,transfer,,
5857,on_track,stable,on time,30,7,app,low,11.9,direct_rx,,
5858,on_track,stable,on time,30,23,phone,low,10.7,direct_rx,,
5859,on_track,long_term,on time,30,9,phone,low,14.0,direct_rx,,
5860,lapsed,early,missed,30,112,none,moderate,1.8,hcp,1,not_working
5861,on_track,long_term,on time,30,5,app,low,24.9,direct_rx,,
5862,on_track,stable,on time,90,47,app,low,9.9,hcp,,
5863,on_track,long_term,on time,30,16,app,low,35.2,hcp,,
5864,on_track,early,on time,60,29,phone,moderate,2.3,direct_rx,,
5865,lapsing,early,delayed,30,44,phone,moderate,0.3,direct_rx,1,forgot_or_routine
5866,on_track,stable,on time,30,20,app,low,11.6,hcp,,
5867,on_track,early,on time,30,12,phone,moderate,2.4,direct_rx,,
5868,lapsed,early,missed,30,103,phone,high,2.8,transfer,1,no_response
5869,on_track,stable,on time,60,45,phone,moderate,11.6,direct_rx,,
5870,on_track,stable,on time,30,20,none,low,8.1,direct_rx,,
5871,lapsing,early,delayed,30,32,none,high,2.7,direct_rx,3,not_working
5872,on_track,early,on time,30,10,phone,low,2.7,direct_rx,,
5873,lapsing,early,delayed,30,44,app,moderate,1.7,hcp,2,cost_or_coverage
5874,on_track,stable,on time,30,6,phone,moderate,11.9,direct_rx,,
5875,on_track,long_term,on time,30,3,app,low,14.8,direct_rx,,
5876,on_track,early,on time,60,40,app,low,0.6,direct_rx,,
5877,on_track,stable,on time,30,20,app,low,11.9,hcp,,
5878,on_track,stable,on time,30,17,app,low,11.9,direct_rx,,
5879,on_track,stable,on time,60,2,none,low,11.4,hcp,,
5880,on_track,stable,on time,30,17,app,low,11.3,direct_rx,,
5881,on_track,long_term,on time,90,21,phone,low,18.3,direct_rx,,
5882,on_track,early,on time,90,70,app,low,1.9,hcp,,
5883,on_track,stable,on time,60,3,phone,low,7.9,hcp,,
5884,lapsing,early,delayed,90,108,app,moderate,1.6,direct_rx,2,forgot_or_routine
5885,on_track,long_term,on time,30,12,app,moderate,15.4,direct_rx,,
5886,lapsed,early,missed,30,99,phone,high,0.6,direct_rx,1,not_working
5887,lapsing,early,delayed,60,72,phone,high,2.2,direct_rx,3,cost_or_coverage
5888,lapsed,early,missed,30,86,app,moderate,2.1,transfer,1,side_effects
5889,lapsing,stable,delayed,60,96,phone,high,6.5,hcp,7,no_response
5890,on_track,early,on time,30,6,app,low,1.8,hcp,,
5891,on_track,stable,on time,90,5,app,moderate,10.5,direct_rx,,
5892,lapsed,stable,missed,30,105,app,high,11.7,direct_rx,10,felt_better
5893,lapsed,early,missed,30,79,phone,high,2.6,hcp,1,cost_or_coverage
5894,on_track,stable,on time,30,12,app,low,11.7,hcp,,
5895,on_track,stable,on time,30,22,app,low,10.9,transfer,,
5896,lapsed,early,missed,30,108,phone,high,2.0,direct_rx,1,side_effects
5897,on_track,stable,on time,60,30,phone,moderate,8.9,direct_rx,,
5898,lapsed,early,missed,90,359,app,high,0.9,hcp,1,forgot_or_routine
5899,on_track,stable,on time,30,10,none,low,9.5,direct_rx,,
5900,on_track,stable,on time,30,0,app,moderate,10.2,direct_rx,,
5901,on_track,long_term,on time,60,23,app,low,27.8,direct_rx,,
5902,on_track,stable,on time,60,44,app,moderate,11.0,hcp,,
5903,on_track,stable,on time,60,35,app,low,10.7,hcp,,
5904,on_track,early,on time,30,0,phone,low,1.6,direct_rx,,
5905,lapsed,early,missed,30,81,app,high,2.0,hcp,1,cost_or_coverage
5906,lapsed,stable,missed,30,74,phone,moderate,5.1,transfer,4,side_effects
5907,lapsing,early,delayed,30,36,none,moderate,2.1,hcp,3,no_response
5908,lapsed,early,missed,30,89,phone,moderate,0.6,direct_rx,1,no_response
5909,on_track,stable,on time,90,14,app,low,11.3,direct_rx,,
5910,on_track,early,on time,30,0,phone,moderate,2.1,direct_rx,,
5911,on_track,stable,on time,30,12,app,moderate,11.7,transfer,,
5912,on_track,early,on time,60,9,app,low,0.5,direct_rx,,
5913,on_track,long_term,on time,30,5,phone,low,13.9,transfer,,
5914,lapsed,stable,missed,30,95,phone,high,9.0,transfer,7,forgot_or_routine
5915,lapsed,early,missed,30,120,app,high,1.9,hcp,1,side_effects
5916,on_track,stable,on time,30,14,phone,low,11.1,hcp,,
5917,lapsing,stable,delayed,30,44,phone,high,9.4,direct_rx,10,forgot_or_routine
5918,on_track,early,on time,90,14,phone,low,0.9,transfer,,
5919,on_track,long_term,on time,30,11,app,moderate,21.6,direct_rx,,
5920,on_track,early,on time,30,22,app,low,0.2,direct_rx,,
5921,on_track,early,on time,90,11,phone,moderate,1.6,direct_rx,,
5922,lapsed,early,missed,30,108,app,high,1.4,transfer,1,no_response
5923,on_track,stable,on time,30,9,none,low,7.8,transfer,,
5924,on_track,long_term,on time,30,18,phone,low,33.0,direct_rx,,
5925,on_track,long_term,on time,30,5,app,low,31.3,hcp,,
5926,on_track,stable,on time,30,4,none,low,11.6,direct_rx,,
5927,on_track,early,on time,90,18,app,low,1.6,transfer,,
5928,on_track,long_term,on time,60,14,app,low,28.3,direct_rx,,
5929,lapsed,early,missed,30,67,app,moderate,2.0,hcp,1,forgot_or_routine
5930,on_track,early,on time,60,24,phone,low,2.0,direct_rx,,
5931,lapsing,early,delayed,30,34,none,high,1.0,direct_rx,1,side_effects
5932,on_track,long_term,on time,30,11,phone,low,24.9,direct_rx,,
5933,on_track,early,on time,30,9,app,low,1.6,hcp,,
5934,lapsing,early,delayed,90,144,app,moderate,0.8,direct_rx,1,side_effects
5935,on_track,stable,on time,60,11,phone,moderate,10.8,direct_rx,,
5936,lapsed,early,missed,30,81,app,high,1.9,direct_rx,1,side_effects
5937,on_track,early,on time,30,11,app,low,1.3,direct_rx,,
5938,on_track,long_term,on time,60,34,app,low,30.8,hcp,,
5939,on_track,stable,on time,90,50,app,moderate,11.6,hcp,,
5940,on_track,early,on time,30,14,app,moderate,2.3,hcp,,
5941,on_track,early,on time,30,24,phone,moderate,0.3,hcp,,
5942,on_track,long_term,on time,30,20,none,low,31.5,hcp,,
5943,on_track,early,on time,30,12,phone,low,1.1,transfer,,
5944,lapsed,early,missed,30,74,app,high,0.6,direct_rx,1,not_working
5945,on_track,stable,on time,30,8,phone,low,9.3,direct_rx,,
5946,lapsed,stable,missed,60,186,phone,moderate,10.8,hcp,7,cost_or_coverage
5947,on_track,early,on time,60,47,phone,moderate,2.1,direct_rx,,
5948,lapsing,early,delayed,30,38,phone,moderate,2.6,direct_rx,3,forgot_or_routine
5949,on_track,stable,on time,30,15,app,low,6.6,transfer,,
5950,on_track,stable,on time,60,4,phone,moderate,9.8,direct_rx,,
5951,lapsing,early,delayed,30,40,app,moderate,1.6,direct_rx,2,cost_or_coverage
5952,on_track,early,on time,90,48,phone,low,1.1,transfer,,
5953,on_track,early,on time,30,15,app,moderate,0.8,hcp,,
5954,on_track,early,on time,30,2,app,moderate,2.6,hcp,,
5955,on_track,long_term,on time,30,4,app,moderate,15.2,direct_rx,,
5956,lapsing,early,delayed,90,112,app,moderate,1.6,hcp,2,forgot_or_routine
5957,on_track,early,on time,30,2,app,moderate,1.6,direct_rx,,
5958,on_track,stable,on time,30,21,app,low,10.9,direct_rx,,
5959,lapsed,early,missed,30,60,phone,moderate,1.7,transfer,1,cost_or_coverage
5960,lapsed,early,missed,30,118,phone,moderate,2.8,direct_rx,1,not_working
5961,on_track,early,on time,60,35,app,low,2.4,direct_rx,,
5962,lapsed,long_term,missed,30,70,app,moderate,27.7,direct_rx,27,cost_or_coverage
5963,on_track,stable,on time,60,13,phone,moderate,10.6,direct_rx,,
5964,on_track,stable,on time,30,4,phone,moderate,11.6,direct_rx,,
5965,lapsed,early,missed,90,194,app,moderate,0.4,transfer,1,not_working
5966,lapsing,early,delayed,30,33,app,moderate,0.7,direct_rx,1,side_effects
5967,lapsed,early,missed,30,87,app,high,2.0,direct_rx,1,not_working
5968,lapsing,early,delayed,60,67,app,high,2.5,direct_rx,3,felt_better
5969,lapsed,long_term,missed,90,239,none,high,15.6,direct_rx,11,forgot_or_routine
5970,lapsed,stable,missed,30,73,app,high,6.8,direct_rx,6,not_working
5971,on_track,stable,on time,90,66,phone,moderate,11.0,hcp,,
5972,lapsed,stable,missed,30,74,none,high,3.2,direct_rx,2,forgot_or_routine
5973,on_track,early,on time,60,46,phone,low,2.4,direct_rx,,
5974,on_track,early,on time,30,6,none,low,1.6,direct_rx,,
5975,lapsing,stable,delayed,30,32,none,high,9.2,hcp,10,side_effects
5976,on_track,stable,on time,60,25,app,moderate,6.6,direct_rx,,
5977,on_track,early,on time,30,24,phone,low,0.7,direct_rx,,
5978,on_track,stable,on time,30,12,app,low,9.8,direct_rx,,
5979,on_track,stable,on time,60,26,app,low,10.5,direct_rx,,
5980,on_track,long_term,on time,30,18,app,low,26.3,direct_rx,,
5981,lapsed,long_term,missed,90,337,none,high,17.5,transfer,10,forgot_or_routine
5982,on_track,stable,on time,60,21,none,low,10.6,transfer,,
5983,lapsed,early,missed,30,113,app,high,2.2,hcp,1,cost_or_coverage
5984,on_track,stable,on time,30,11,phone,low,9.7,direct_rx,,
5985,lapsing,early,delayed,30,32,app,moderate,0.9,direct_rx,1,forgot_or_routine
5986,lapsed,early,missed,30,104,phone,moderate,1.1,hcp,1,not_working
5987,on_track,stable,on time,30,17,phone,low,11.0,direct_rx,,
5988,on_track,stable,on time,90,2,app,low,12.0,direct_rx,,
5989,on_track,long_term,on time,90,42,phone,low,20.1,hcp,,
5990,on_track,stable,on time,90,55,app,low,10.1,hcp,,
5991,lapsed,long_term,missed,60,146,app,high,34.3,direct_rx,32,cost_or_coverage
5992,on_track,long_term,on time,90,46,app,low,19.0,direct_rx,,
5993,lapsed,early,missed,30,120,app,high,0.5,hcp,1,no_response
5994,on_track,early,on time,30,20,none,low,2.0,direct_rx,,
5995,on_track,long_term,on time,30,15,phone,moderate,20.9,direct_rx,,
5996,on_track,early,on time,90,25,phone,low,0.7,transfer,,
5997,lapsing,stable,delayed,90,104,app,moderate,3.8,direct_rx,4,forgot_or_routine
5998,lapsing,stable,delayed,90,139,phone,high,4.1,direct_rx,5,no_response
5999,lapsing,stable,delayed,30,38,none,high,8.0,transfer,8,forgot_or_routine
6000,on_track,stable,on time,60,17,none,low,11.3,direct_rx,,
6001,on_track,stable,on time,90,16,phone,moderate,10.7,transfer,,
6002,lapsing,early,delayed,90,131,phone,moderate,0.1,direct_rx,1,no_response
6003,lapsed,long_term,missed,30,73,phone,high,31.9,direct_rx,31,forgot_or_routine
6004,on_track,stable,on time,30,4,app,low,11.3,hcp,,
6005,lapsed,stable,missed,30,53,phone,high,6.1,direct_rx,6,cost_or_coverage
6006,on_track,early,on time,60,35,phone,low,2.1,transfer,,
6007,on_track,long_term,on time,30,15,phone,low,24.7,hcp,,
6008,on_track,stable,on time,30,16,phone,low,9.2,hcp,,
6009,lapsing,early,delayed,30,33,phone,high,1.8,direct_rx,2,side_effects
6010,on_track,early,on time,30,16,app,low,2.1,hcp,,
6011,on_track,stable,on time,90,10,app,moderate,8.6,hcp,,
6012,on_track,long_term,on time,30,22,phone,low,29.6,hcp,,
6013,on_track,stable,on time,60,32,app,low,11.9,hcp,,
6014,on_track,early,on time,60,45,app,low,1.9,hcp,,
6015,on_track,long_term,on time,30,6,none,low,25.0,direct_rx,,
6016,on_track,early,on time,30,20,phone,moderate,1.7,hcp,,
6017,on_track,early,on time,30,2,app,moderate,2.7,hcp,,
6018,on_track,stable,on time,30,2,phone,low,9.9,transfer,,
6019,on_track,stable,on time,30,12,app,low,11.1,direct_rx,,
6020,lapsing,early,delayed,30,40,phone,moderate,1.7,direct_rx,2,forgot_or_routine
6021,on_track,long_term,on time,30,3,app,moderate,20.9,hcp,,
6022,on_track,early,on time,30,8,app,low,0.8,direct_rx,,
6023,on_track,stable,on time,30,20,none,low,9.8,direct_rx,,
6024,lapsing,early,delayed,30,31,none,moderate,1.6,direct_rx,2,felt_better
6025,lapsed,early,missed,30,88,none,high,2.7,direct_rx,1,side_effects
6026,on_track,long_term,on time,60,15,phone,moderate,13.6,transfer,,
6027,on_track,stable,on time,30,23,phone,low,10.2,hcp,,
6028,on_track,early,on time,90,37,app,low,1.2,hcp,,
6029,lapsing,early,delayed,30,32,phone,moderate,0.8,transfer,1,no_response
6030,on_track,stable,on time,30,14,phone,low,10.9,direct_rx,,
6031,on_track,stable,on time,30,12,none,moderate,10.9,direct_rx,,
6032,on_track,early,on time,30,13,none,low,0.6,direct_rx,,
6033,lapsing,stable,delayed,90,104,phone,high,9.4,direct_rx,10,no_response
6034,on_track,early,on time,30,18,app,moderate,2.8,hcp,,
6035,on_track,stable,on time,30,7,none,low,10.9,direct_rx,,
6036,lapsing,early,delayed,30,38,app,moderate,2.6,direct_rx,3,cost_or_coverage
6037,on_track,early,on time,30,24,app,low,0.8,direct_rx,,
6038,on_track,stable,on time,60,40,phone,low,9.1,direct_rx,,
6039,on_track,stable,on time,30,18,app,low,11.3,hcp,,
6040,on_track,long_term,on time,30,14,app,low,18.6,hcp,,
6041,on_track,stable,on time,30,2,app,low,11.4,direct_rx,,
6042,on_track,stable,on time,30,5,none,moderate,9.5,transfer,,
6043,on_track,stable,on time,60,4,phone,moderate,11.5,direct_rx,,
6044,on_track,stable,on time,90,19,app,moderate,11.2,direct_rx,,
6045,lapsing,early,delayed,30,42,phone,moderate,2.8,hcp,3,no_response
6046,on_track,stable,on time,90,71,phone,low,11.7,transfer,,
6047,on_track,early,on time,90,7,phone,low,0.7,direct_rx,,
6048,on_track,early,on time,30,17,app,moderate,0.8,direct_rx,,
6049,lapsed,early,missed,60,191,app,high,1.8,transfer,1,side_effects
6050,lapsing,early,delayed,60,91,phone,moderate,1.1,direct_rx,2,side_effects
6051,on_track,stable,on time,30,18,none,moderate,11.4,direct_rx,,
6052,lapsing,long_term,delayed,30,40,phone,moderate,31.7,direct_rx,32,no_response
6053,lapsing,early,delayed,30,42,app,moderate,2.8,hcp,3,no_response
6054,on_track,early,on time,90,63,none,low,2.3,hcp,,
6055,lapsed,early,missed,30,80,none,moderate,0.3,direct_rx,1,side_effects
6056,on_track,early,on time,60,34,none,moderate,0.1,transfer,,
6057,on_track,early,on time,60,28,phone,low,2.1,hcp,,
6058,on_track,stable,on time,30,4,app,moderate,8.6,transfer,,
6059,on_track,long_term,on time,30,8,app,low,34.5,direct_rx,,
6060,on_track,stable,on time,30,7,none,moderate,10.4,hcp,,
6061,on_track,stable,on time,30,22,app,moderate,10.8,direct_rx,,
6062,lapsing,early,delayed,90,140,phone,moderate,1.7,transfer,2,cost_or_coverage
6063,on_track,long_term,on time,30,20,phone,moderate,19.3,direct_rx,,
6064,lapsing,early,delayed,30,48,phone,high,1.0,direct_rx,1,not_working
6065,on_track,stable,on time,60,19,app,moderate,11.8,hcp,,
6066,on_track,early,on time,30,19,phone,moderate,0.9,direct_rx,,
6067,lapsing,stable,delayed,60,62,phone,moderate,3.2,direct_rx,4,no_response
6068,lapsed,early,missed,30,89,phone,moderate,0.8,direct_rx,1,no_response
6069,lapsing,early,delayed,30,34,none,moderate,2.1,direct_rx,3,no_response
6070,on_track,stable,on time,90,6,app,low,9.9,direct_rx,,
6071,on_track,early,on time,30,0,phone,moderate,2.3,hcp,,
6072,on_track,stable,on time,60,35,app,low,10.9,direct_rx,,
6073,lapsing,early,delayed,90,137,phone,high,0.0,hcp,1,side_effects
6074,on_track,stable,on time,30,7,app,low,11.7,direct_rx,,
6075,on_track,long_term,on time,90,51,app,low,25.4,direct_rx,,
6076,lapsing,stable,delayed,30,32,none,moderate,8.4,hcp,9,felt_better
6077,on_track,early,on time,30,10,phone,low,0.6,direct_rx,,
6078,on_track,stable,on time,30,1,phone,low,10.8,direct_rx,,
6079,on_track,long_term,on time,90,21,app,low,31.7,hcp,,
6080,on_track,stable,on time,60,27,phone,low,9.5,direct_rx,,
6081,lapsed,early,missed,30,90,none,high,0.2,direct_rx,1,side_effects
6082,lapsing,long_term,delayed,90,107,phone,high,30.0,hcp,30,no_response
6083,on_track,stable,on time,30,4,phone,moderate,11.7,direct_rx,,
6084,lapsing,early,delayed,60,87,app,moderate,1.8,transfer,2,no_response
6085,on_track,long_term,on time,30,0,phone,moderate,19.2,hcp,,
6086,on_track,long_term,on time,30,12,phone,moderate,17.2,direct_rx,,
6087,on_track,stable,on time,30,22,none,moderate,11.6,transfer,,
6088,on_track,stable,on time,30,14,phone,moderate,11.1,direct_rx,,
6089,lapsed,early,missed,90,286,app,high,0.1,direct_rx,1,cost_or_coverage
6090,on_track,early,on time,30,7,app,moderate,2.7,hcp,,
6091,on_track,long_term,on time,90,3,phone,low,34.3,hcp,,
6092,lapsing,early,delayed,30,46,phone,high,1.3,hcp,2,no_response
6093,lapsing,stable,delayed,30,43,phone,moderate,9.9,direct_rx,10,cost_or_coverage
6094,on_track,early,on time,30,15,app,low,2.5,hcp,,
6095,lapsed,stable,missed,30,99,phone,moderate,11.6,hcp,10,forgot_or_routine
6096,on_track,early,on time,30,9,none,low,2.7,direct_rx,,
6097,lapsing,early,delayed,60,96,app,moderate,1.5,hcp,2,no_response
6098,lapsed,early,missed,30,71,phone,high,0.3,hcp,1,cost_or_coverage
6099,lapsing,early,delayed,30,34,app,high,0.4,hcp,1,forgot_or_routine
6100,lapsing,early,delayed,30,46,app,high,0.9,hcp,1,no_response
6101,lapsing,stable,delayed,60,89,none,high,3.1,direct_rx,4,forgot_or_routine
6102,lapsed,early,missed,90,222,phone,moderate,1.8,direct_rx,1,not_working
6103,on_track,early,on time,30,15,phone,low,1.0,hcp,,
6104,on_track,stable,on time,90,62,app,low,10.9,hcp,,
6105,lapsed,early,missed,90,228,app,high,1.6,transfer,1,forgot_or_routine
6106,on_track,stable,on time,60,48,app,low,11.2,direct_rx,,
6107,on_track,long_term,on time,30,23,app,moderate,24.3,direct_rx,,
6108,lapsing,early,delayed,30,40,phone,moderate,0.4,hcp,1,not_working
6109,lapsed,early,missed,30,78,app,high,2.4,hcp,1,forgot_or_routine
6110,lapsing,early,delayed,90,134,phone,high,0.3,hcp,1,side_effects
6111,on_track,early,on time,30,4,phone,low,0.4,direct_rx,,
6112,on_track,stable,on time,30,16,app,moderate,10.6,hcp,,
6113,on_track,early,on time,30,15,app,low,1.3,direct_rx,,
6114,on_track,stable,on time,90,45,phone,low,11.3,direct_rx,,
6115,lapsing,early,delayed,90,124,none,moderate,1.3,hcp,2,not_working
6116,lapsing,early,delayed,60,68,none,moderate,1.7,direct_rx,2,side_effects
6117,lapsing,early,delayed,30,47,app,high,0.3,hcp,1,not_working
6118,on_track,long_term,on time,30,13,app,low,16.2,transfer,,
6119,lapsed,stable,missed,30,98,app,moderate,3.1,direct_rx,1,no_response
6120,on_track,early,on time,60,28,app,low,2.2,transfer,,
6121,on_track,long_term,on time,30,20,phone,low,35.3,hcp,,
6122,lapsing,early,delayed,60,81,none,high,2.4,transfer,3,side_effects
6123,on_track,early,on time,60,9,app,moderate,1.0,direct_rx,,
6124,lapsing,early,delayed,30,37,app,high,2.1,direct_rx,3,no_response
6125,on_track,stable,on time,30,21,phone,moderate,11.5,transfer,,
6126,lapsing,stable,delayed,60,70,phone,high,8.1,direct_rx,9,cost_or_coverage
6127,on_track,early,on time,30,20,phone,low,2.3,direct_rx,,
6128,lapsing,early,delayed,30,39,app,moderate,1.1,direct_rx,2,forgot_or_routine
6129,on_track,stable,on time,30,12,app,moderate,8.0,hcp,,
6130,on_track,stable,on time,30,17,app,low,11.9,direct_rx,,
6131,on_track,early,on time,30,3,none,low,2.8,hcp,,
6132,lapsing,stable,delayed,60,71,app,moderate,6.7,hcp,7,forgot_or_routine
6133,on_track,long_term,on time,30,7,app,moderate,30.4,transfer,,
6134,on_track,stable,on time,90,16,phone,low,11.1,hcp,,
6135,on_track,stable,on time,30,6,app,low,11.0,hcp,,
6136,on_track,early,on time,30,2,app,moderate,0.5,direct_rx,,
6137,on_track,stable,on time,30,2,app,low,9.9,direct_rx,,
6138,lapsed,stable,missed,90,225,phone,high,4.6,transfer,1,not_working
6139,on_track,long_term,on time,30,9,phone,low,28.7,direct_rx,,
6140,on_track,stable,on time,30,18,none,moderate,9.1,hcp,,
6141,lapsing,early,delayed,30,44,app,high,0.5,hcp,1,side_effects
6142,lapsing,early,delayed,90,116,app,moderate,0.3,direct_rx,1,side_effects
6143,lapsed,long_term,missed,90,187,phone,high,20.0,direct_rx,17,no_response
6144,on_track,stable,on time,30,21,none,moderate,9.7,direct_rx,,
6145,on_track,long_term,on time,90,67,app,low,31.1,direct_rx,,
6146,lapsed,long_term,missed,60,116,none,high,21.8,direct_rx,20,side_effects
6147,on_track,long_term,on time,90,62,app,low,15.7,direct_rx,,
6148,on_track,early,on time,30,13,app,low,0.2,direct_rx,,
6149,on_track,stable,on time,60,21,app,moderate,11.9,hcp,,
6150,lapsing,early,delayed,30,31,phone,moderate,1.5,hcp,2,no_response
6151,lapsing,long_term,delayed,30,35,phone,moderate,27.7,direct_rx,28,no_response
6152,on_track,stable,on time,30,7,app,low,7.0,direct_rx,,
6153,on_track,early,on time,30,16,phone,low,1.8,direct_rx,,
6154,on_track,long_term,on time,60,11,none,moderate,34.0,direct_rx,,
6155,on_track,stable,on time,30,14,none,low,11.9,direct_rx,,
6156,lapsing,early,delayed,30,31,none,high,1.2,direct_rx,2,cost_or_coverage
6157,lapsing,stable,delayed,30,48,phone,moderate,5.5,hcp,6,cost_or_coverage
6158,lapsing,stable,delayed,30,40,phone,high,7.9,transfer,8,no_response
6159,lapsed,early,missed,30,70,app,high,2.1,direct_rx,1,cost_or_coverage
6160,on_track,stable,on time,30,7,phone,low,11.1,direct_rx,,
6161,on_track,long_term,on time,30,5,none,low,13.0,direct_rx,,
6162,on_track,long_term,on time,90,26,app,low,30.1,direct_rx,,
6163,on_track,long_term,on time,60,18,app,moderate,34.4,direct_rx,,
6164,on_track,long_term,on time,30,3,app,low,25.8,transfer,,
6165,on_track,stable,on time,60,46,phone,moderate,10.6,transfer,,
6166,on_track,early,on time,30,15,app,moderate,2.3,direct_rx,,
6167,on_track,early,on time,30,20,app,moderate,1.0,direct_rx,,
6168,lapsing,early,delayed,90,97,app,moderate,0.5,direct_rx,1,forgot_or_routine
6169,lapsing,long_term,delayed,30,37,phone,moderate,24.0,direct_rx,24,cost_or_coverage
6170,on_track,stable,on time,30,9,app,low,11.0,direct_rx,,
6171,on_track,long_term,on time,30,3,app,moderate,30.1,hcp,,
6172,on_track,early,on time,60,37,app,low,0.3,transfer,,
6173,on_track,long_term,on time,30,22,app,low,26.8,hcp,,
6174,on_track,stable,on time,30,4,phone,moderate,9.2,direct_rx,,
6175,on_track,stable,on time,60,29,phone,low,10.7,transfer,,
6176,lapsing,early,delayed,30,32,phone,moderate,1.2,transfer,2,no_response
6177,lapsed,early,missed,30,98,none,high,1.5,direct_rx,1,side_effects
6178,lapsing,early,delayed,60,74,phone,moderate,0.0,transfer,1,no_response
6179,lapsed,early,missed,90,219,app,moderate,0.9,direct_rx,1,no_response
6180,on_track,long_term,on time,30,15,phone,low,31.9,transfer,,
6181,lapsing,stable,delayed,30,42,app,high,9.3,direct_rx,10,cost_or_coverage
6182,on_track,stable,on time,30,20,app,low,7.3,direct_rx,,
6183,lapsed,long_term,missed,90,155,none,moderate,22.3,direct_rx,21,felt_better
6184,lapsing,stable,delayed,30,37,phone,moderate,3.4,hcp,4,no_response
6185,lapsing,stable,delayed,30,45,app,moderate,4.4,hcp,5,no_response
6186,on_track,stable,on time,30,21,app,moderate,9.9,direct_rx,,
6187,lapsing,stable,delayed,60,76,phone,moderate,4.5,direct_rx,5,forgot_or_routine
6188,on_track,long_term,on time,60,1,phone,moderate,25.1,hcp,,
6189,on_track,stable,on time,30,8,none,low,11.2,direct_rx,,
6190,lapsed,long_term,missed,30,105,phone,high,26.1,transfer,24,felt_better
6191,on_track,long_term,on time,60,5,none,low,26.7,direct_rx,,
6192,on_track,early,on time,60,10,phone,low,2.1,hcp,,
6193,lapsing,early,delayed,30,38,phone,moderate,1.8,hcp,2,side_effects
6194,on_track,stable,on time,30,12,app,moderate,11.8,hcp,,
6195,on_track,long_term,on time,30,19,app,low,28.6,hcp,,
6196,on_track,stable,on time,90,15,phone,low,11.7,direct_rx,,
6197,on_track,stable,on time,30,1,none,moderate,6.9,hcp,,
6198,on_track,stable,on time,30,20,phone,low,10.1,transfer,,
6199,on_track,stable,on time,90,68,none,moderate,12.0,direct_rx,,
6200,on_track,early,on time,60,1,app,low,2.1,direct_rx,,
6201,on_track,stable,on time,30,10,app,low,10.2,direct_rx,,
6202,lapsing,early,delayed,60,80,app,high,1.8,direct_rx,2,no_response
6203,on_track,long_term,on time,30,21,phone,low,33.8,transfer,,
6204,on_track,stable,on time,90,48,app,moderate,9.1,hcp,,
6205,on_track,stable,on time,60,36,app,moderate,10.5,direct_rx,,
6206,lapsing,early,delayed,30,40,none,high,1.1,transfer,2,cost_or_coverage
6207,lapsed,stable,missed,30,66,none,high,5.4,hcp,5,forgot_or_routine
6208,lapsing,early,delayed,60,68,app,high,0.1,direct_rx,1,not_working
6209,on_track,early,on time,30,2,phone,low,1.5,direct_rx,,
6210,lapsed,early,missed,30,94,app,high,1.5,hcp,1,cost_or_coverage
6211,on_track,early,on time,30,16,app,low,0.4,direct_rx,,
6212,on_track,long_term,on time,30,20,phone,moderate,12.3,direct_rx,,
6213,lapsing,long_term,delayed,30,45,none,moderate,25.1,hcp,26,forgot_or_routine
6214,on_track,long_term,on time,30,19,phone,low,12.9,transfer,,
6215,on_track,early,on time,60,31,phone,low,2.4,direct_rx,,
6216,lapsed,early,missed,60,175,phone,high,2.4,direct_rx,1,not_working
6217,on_track,early,on time,30,16,phone,moderate,1.0,hcp,,
6218,on_track,early,on time,30,7,none,low,0.5,direct_rx,,
6219,on_track,long_term,on time,30,4,phone,low,28.5,hcp,,
6220,lapsing,early,delayed,30,42,phone,moderate,1.3,direct_rx,2,forgot_or_routine
6221,on_track,early,on time,90,9,app,low,0.6,hcp,,
6222,lapsing,early,delayed,30,34,phone,moderate,0.3,direct_rx,1,cost_or_coverage
6223,on_track,long_term,on time,30,10,phone,low,34.3,hcp,,
6224,on_track,early,on time,60,46,phone,moderate,1.4,hcp,,
6225,lapsing,early,delayed,90,113,app,moderate,1.3,direct_rx,2,no_response
6226,lapsing,early,delayed,30,41,none,moderate,2.6,direct_rx,3,no_response
6227,on_track,stable,on time,30,0,phone,low,9.6,direct_rx,,
6228,on_track,stable,on time,30,14,phone,low,10.7,direct_rx,,
6229,on_track,early,on time,30,19,none,low,1.6,transfer,,
6230,lapsing,early,delayed,90,132,none,high,1.2,transfer,2,side_effects
6231,on_track,stable,on time,30,9,app,moderate,12.0,direct_rx,,
6232,on_track,stable,on time,30,14,app,low,10.8,hcp,,
6233,on_track,early,on time,30,20,app,moderate,2.0,direct_rx,,
6234,on_track,stable,on time,60,4,none,low,8.7,direct_rx,,
6235,lapsing,stable,delayed,30,44,none,moderate,11.9,hcp,12,cost_or_coverage
6236,lapsed,stable,missed,30,69,app,moderate,3.8,direct_rx,3,side_effects
6237,lapsing,stable,delayed,30,40,app,moderate,11.2,direct_rx,12,side_effects
6238,lapsing,long_term,delayed,60,70,phone,high,32.7,hcp,33,not_working
6239,on_track,early,on time,30,12,phone,low,2.1,direct_rx,,
6240,on_track,long_term,on time,30,19,app,moderate,17.3,transfer,,
6241,lapsing,early,delayed,90,140,app,moderate,2.7,hcp,3,side_effects
6242,lapsing,long_term,delayed,30,34,app,moderate,19.3,direct_rx,20,cost_or_coverage
6243,on_track,long_term,on time,60,48,none,low,15.9,direct_rx,,
6244,lapsing,stable,delayed,60,75,phone,moderate,4.0,hcp,4,no_response
6245,on_track,long_term,on time,30,23,app,low,29.8,direct_rx,,
6246,on_track,early,on time,30,8,none,low,1.0,direct_rx,,
6247,on_track,stable,on time,60,13,phone,low,7.6,direct_rx,,
6248,lapsed,early,missed,90,236,app,moderate,2.0,transfer,1,not_working
6249,on_track,long_term,on time,30,10,app,low,27.0,direct_rx,,
6250,on_track,stable,on time,90,65,app,low,11.6,transfer,,
6251,lapsed,stable,missed,60,151,app,high,3.1,hcp,1,not_working
6252,on_track,early,on time,60,44,none,low,1.9,direct_rx,,
6253,on_track,long_term,on time,30,16,phone,low,32.9,hcp,,
6254,on_track,long_term,on time,30,21,phone,low,23.9,direct_rx,,
6255,lapsed,early,missed,30,116,phone,moderate,1.1,direct_rx,1,cost_or_coverage
6256,on_track,stable,on time,90,28,phone,low,9.8,direct_rx,,
6257,lapsing,early,delayed,60,90,app,moderate,2.4,direct_rx,3,no_response
6258,on_track,stable,on time,30,10,none,moderate,11.7,hcp,,
6259,lapsed,early,missed,30,74,app,high,1.5,direct_rx,1,cost_or_coverage
6260,lapsing,early,delayed,30,48,phone,moderate,2.7,direct_rx,3,side_effects
6261,on_track,stable,on time,30,12,none,low,9.4,direct_rx,,
6262,on_track,stable,on time,60,40,app,low,9.9,hcp,,
6263,on_track,early,on time,30,17,phone,moderate,1.9,direct_rx,,
6264,lapsed,early,missed,90,241,phone,high,0.3,direct_rx,1,no_response
6265,on_track,early,on time,90,50,none,low,1.4,hcp,,
6266,lapsing,stable,delayed,60,94,phone,moderate,3.2,direct_rx,4,cost_or_coverage
6267,on_track,stable,on time,60,2,none,low,11.4,direct_rx,,
6268,lapsed,early,missed,30,105,phone,high,2.3,direct_rx,1,cost_or_coverage
6269,lapsed,early,missed,30,59,phone,moderate,2.3,transfer,2,no_response
6270,lapsed,early,missed,60,144,none,moderate,2.2,direct_rx,1,side_effects
6271,on_track,stable,on time,60,27,app,moderate,11.8,direct_rx,,
6272,lapsing,early,delayed,30,43,app,high,1.2,direct_rx,2,forgot_or_routine
6273,on_track,early,on time,30,19,none,low,2.3,hcp,,
6274,on_track,early,on time,30,14,app,moderate,0.9,direct_rx,,
6275,on_track,stable,on time,30,5,app,low,10.4,direct_rx,,
6276,on_track,stable,on time,60,48,none,moderate,9.0,direct_rx,,
6277,on_track,stable,on time,90,29,app,low,11.5,hcp,,
6278,lapsed,early,missed,90,155,app,high,1.4,hcp,1,no_response
6279,on_track,early,on time,90,42,phone,moderate,1.0,direct_rx,,
6280,on_track,early,on time,30,6,app,moderate,2.4,direct_rx,,
6281,on_track,early,on time,30,2,phone,moderate,1.7,direct_rx,,
6282,lapsing,early,delayed,90,135,app,moderate,1.7,hcp,2,no_response
6283,lapsing,early,delayed,60,72,none,moderate,2.7,hcp,3,cost_or_coverage
6284,on_track,early,on time,90,11,none,low,2.6,transfer,,
6285,on_track,stable,on time,90,8,app,low,11.0,direct_rx,,
6286,on_track,long_term,on time,60,16,app,low,23.1,direct_rx,,
6287,lapsing,early,delayed,30,34,phone,moderate,0.6,hcp,1,no_response
6288,lapsing,early,delayed,30,46,phone,moderate,0.3,direct_rx,1,not_working
6289,on_track,stable,on time,30,2,app,low,11.7,transfer,,
6290,lapsed,early,missed,60,219,none,moderate,2.4,direct_rx,1,no_response
6291,lapsed,stable,missed,30,67,none,high,10.9,direct_rx,10,cost_or_coverage
6292,on_track,early,on time,30,18,app,moderate,1.3,hcp,,
6293,lapsed,early,missed,30,70,app,moderate,2.9,direct_rx,2,not_working
6294,lapsing,early,delayed,60,70,app,high,0.4,hcp,1,felt_better
6295,lapsing,early,delayed,30,33,app,moderate,2.6,hcp,3,no_response
6296,lapsed,early,missed,30,116,app,high,1.8,direct_rx,1,not_working
6297,on_track,long_term,on time,30,12,phone,low,25.7,direct_rx,,
6298,on_track,early,on time,30,17,app,low,2.7,hcp,,
6299,lapsed,long_term,missed,30,88,app,moderate,29.5,hcp,28,felt_better
6300,lapsing,early,delayed,90,99,phone,moderate,1.5,hcp,2,cost_or_coverage
6301,on_track,early,on time,30,22,none,low,0.8,direct_rx,,
6302,lapsing,early,delayed,60,74,phone,high,1.5,direct_rx,2,forgot_or_routine
6303,on_track,stable,on time,30,10,app,low,11.5,hcp,,
6304,on_track,stable,on time,30,4,app,moderate,11.8,transfer,,
6305,lapsed,long_term,missed,90,284,app,high,22.4,hcp,16,no_response
6306,lapsed,early,missed,30,65,phone,high,1.5,direct_rx,1,not_working
6307,on_track,early,on time,60,6,phone,moderate,0.6,direct_rx,,
6308,lapsed,early,missed,90,228,phone,high,0.2,direct_rx,1,forgot_or_routine
6309,on_track,long_term,on time,90,40,none,moderate,14.2,direct_rx,,
6310,on_track,long_term,on time,30,0,app,moderate,31.2,hcp,,
6311,on_track,early,on time,60,25,none,low,1.2,direct_rx,,
6312,on_track,long_term,on time,30,11,phone,low,26.4,direct_rx,,
6313,on_track,long_term,on time,60,45,none,moderate,13.7,hcp,,
6314,on_track,stable,on time,90,26,none,low,10.4,direct_rx,,
6315,on_track,long_term,on time,60,6,app,moderate,28.9,hcp,,
6316,on_track,stable,on time,30,8,phone,low,9.6,direct_rx,,
6317,on_track,stable,on time,30,21,app,low,11.8,hcp,,
6318,on_track,stable,on time,60,33,none,low,10.3,direct_rx,,
6319,on_track,stable,on time,90,3,phone,low,12.0,hcp,,
6320,on_track,stable,on time,30,6,app,low,10.0,transfer,,
6321,lapsing,early,delayed,90,119,phone,moderate,2.8,hcp,3,no_response
6322,lapsing,stable,delayed,30,45,app,moderate,3.4,hcp,4,forgot_or_routine
6323,on_track,stable,on time,30,22,app,low,11.9,hcp,,
6324,on_track,early,on time,60,37,phone,low,0.3,direct_rx,,
6325,lapsing,early,delayed,60,85,phone,moderate,2.2,transfer,3,no_response
6326,on_track,early,on time,60,6,none,moderate,3.0,direct_rx,,
6327,lapsed,early,missed,30,56,app,high,1.7,hcp,1,no_response
6328,on_track,stable,on time,90,29,phone,moderate,11.8,direct_rx,,
6329,on_track,long_term,on time,90,48,app,moderate,19.3,hcp,,
6330,lapsed,early,missed,60,164,app,high,0.5,direct_rx,1,side_effects
6331,on_track,early,on time,90,67,app,moderate,2.7,direct_rx,,
6332,lapsed,early,missed,60,158,app,moderate,0.3,direct_rx,1,side_effects
6333,on_track,early,on time,60,39,app,low,1.5,direct_rx,,
6334,on_track,early,on time,30,10,none,low,1.4,hcp,,
6335,lapsing,long_term,delayed,90,104,none,moderate,17.7,hcp,18,felt_better
6336,on_track,stable,on time,90,34,app,moderate,11.9,direct_rx,,
6337,lapsing,early,delayed,60,63,app,moderate,0.7,hcp,1,side_effects
6338,on_track,early,on time,60,25,app,low,2.8,direct_rx,,
6339,on_track,stable,on time,30,20,none,low,11.9,hcp,,
6340,lapsed,long_term,missed,30,110,app,moderate,23.9,direct_rx,22,cost_or_coverage
6341,lapsed,stable,missed,90,298,app,moderate,7.0,direct_rx,1,side_effects
6342,on_track,early,on time,30,0,app,low,0.6,direct_rx,,
6343,on_track,stable,on time,60,9,app,low,10.0,hcp,,
6344,on_track,long_term,on time,30,22,phone,moderate,30.0,hcp,,
6345,on_track,early,on time,90,46,app,low,1.8,hcp,,
6346,on_track,stable,on time,60,25,none,low,11.1,hcp,,
6347,lapsing,early,delayed,30,39,phone,high,1.0,direct_rx,1,no_response
6348,on_track,long_term,on time,30,14,none,moderate,27.0,direct_rx,,
6349,lapsing,early,delayed,60,87,phone,high,0.6,hcp,1,side_effects
6350,lapsing,early,delayed,60,95,phone,moderate,2.6,direct_rx,3,side_effects
6351,on_track,stable,on time,90,35,app,moderate,10.2,direct_rx,,
6352,on_track,stable,on time,60,46,phone,low,11.2,hcp,,
6353,on_track,early,on time,30,11,phone,low,2.1,hcp,,
6354,lapsing,early,delayed,60,91,app,moderate,1.8,direct_rx,2,not_working
6355,on_track,stable,on time,90,72,app,low,9.9,direct_rx,,
6356,lapsing,early,delayed,30,42,app,moderate,2.7,hcp,3,forgot_or_routine
6357,on_track,early,on time,90,47,app,low,1.3,direct_rx,,
6358,on_track,early,on time,60,47,app,low,2.1,direct_rx,,
6359,on_track,stable,on time,30,7,none,low,11.5,hcp,,
6360,lapsed,early,missed,60,139,none,high,1.5,transfer,1,forgot_or_routine
6361,on_track,stable,on time,30,12,none,low,11.1,direct_rx,,
6362,on_track,long_term,on time,30,10,phone,low,33.2,direct_rx,,
6363,on_track,long_term,on time,30,20,none,low,26.1,direct_rx,,
6364,on_track,stable,on time,30,7,phone,low,11.7,hcp,,
6365,lapsed,early,missed,90,206,none,moderate,1.9,direct_rx,1,forgot_or_routine
6366,on_track,early,on time,30,6,none,low,0.4,direct_rx,,
6367,on_track,early,on time,90,18,phone,low,2.0,transfer,,
6368,on_track,long_term,on time,30,5,phone,moderate,32.6,direct_rx,,
6369,on_track,long_term,on time,30,21,phone,moderate,29.7,direct_rx,,
6370,on_track,long_term,on time,30,4,none,low,13.3,direct_rx,,
6371,on_track,early,on time,30,23,app,low,0.8,transfer,,
6372,on_track,stable,on time,90,15,phone,moderate,9.7,direct_rx,,
6373,on_track,early,on time,30,12,none,low,0.8,hcp,,
6374,on_track,early,on time,60,48,phone,low,2.9,direct_rx,,
6375,on_track,early,on time,30,5,phone,low,0.1,hcp,,
6376,on_track,long_term,on time,60,22,app,low,26.8,direct_rx,,
6377,lapsed,stable,missed,30,67,phone,high,5.7,direct_rx,5,forgot_or_routine
6378,on_track,early,on time,30,5,none,moderate,2.9,direct_rx,,
6379,lapsing,stable,delayed,60,88,none,moderate,4.9,hcp,5,cost_or_coverage
6380,lapsing,early,delayed,30,43,phone,moderate,1.9,direct_rx,2,cost_or_coverage
6381,lapsing,early,delayed,30,33,none,moderate,3.0,direct_rx,3,side_effects
6382,lapsing,stable,delayed,30,42,phone,moderate,11.7,direct_rx,12,felt_better
6383,on_track,early,on time,30,19,phone,moderate,1.2,direct_rx,,
6384,on_track,stable,on time,30,16,app,low,11.9,hcp,,
6385,on_track,early,on time,30,16,phone,moderate,0.2,direct_rx,,
6386,lapsed,stable,missed,60,149,none,moderate,3.1,transfer,1,forgot_or_routine
6387,on_track,early,on time,90,24,none,low,1.3,hcp,,
6388,lapsed,early,missed,30,54,app,moderate,2.9,direct_rx,3,cost_or_coverage
6389,on_track,long_term,on time,30,15,phone,moderate,24.5,hcp,,
6390,on_track,early,on time,60,29,phone,low,1.7,hcp,,
6391,on_track,long_term,on time,30,2,phone,moderate,23.6,hcp,,
6392,on_track,long_term,on time,30,10,none,low,24.2,direct_rx,,
6393,lapsed,stable,missed,30,119,app,high,3.5,direct_rx,1,not_working
6394,on_track,stable,on time,60,13,app,low,10.7,hcp,,
6395,on_track,early,on time,30,11,phone,moderate,0.6,direct_rx,,
6396,on_track,stable,on time,30,13,none,low,11.7,direct_rx,,
6397,on_track,stable,on time,30,22,app,moderate,10.7,direct_rx,,
6398,on_track,long_term,on time,30,8,phone,moderate,13.0,direct_rx,,
6399,on_track,stable,on time,60,1,phone,moderate,10.5,direct_rx,,
6400,lapsing,early,delayed,30,41,phone,high,1.7,direct_rx,2,side_effects
6401,on_track,stable,on time,30,18,app,moderate,11.3,direct_rx,,
6402,on_track,early,on time,30,16,app,moderate,0.2,hcp,,
6403,on_track,stable,on time,30,23,app,low,11.6,direct_rx,,
6404,on_track,stable,on time,30,1,app,low,10.6,direct_rx,,
6405,on_track,early,on time,30,2,phone,low,1.5,direct_rx,,
6406,on_track,long_term,on time,30,21,phone,low,29.3,direct_rx,,
6407,on_track,stable,on time,90,35,phone,low,11.2,direct_rx,,
6408,lapsed,early,missed,30,87,none,moderate,1.5,direct_rx,1,not_working
6409,lapsing,stable,delayed,30,32,phone,moderate,11.6,direct_rx,12,cost_or_coverage
6410,lapsed,stable,missed,30,93,app,high,3.7,direct_rx,2,side_effects
6411,on_track,early,on time,30,0,none,low,2.7,transfer,,
6412,on_track,stable,on time,30,12,phone,moderate,11.1,hcp,,
6413,on_track,early,on time,30,23,none,low,0.6,transfer,,
6414,lapsing,stable,delayed,30,33,phone,high,10.7,direct_rx,11,forgot_or_routine
6415,lapsed,long_term,missed,30,98,phone,moderate,31.2,direct_rx,29,cost_or_coverage
6416,on_track,early,on time,30,17,none,low,0.4,direct_rx,,
6417,on_track,early,on time,90,25,none,low,2.2,hcp,,
6418,lapsing,early,delayed,30,34,app,moderate,2.0,direct_rx,2,no_response
6419,on_track,stable,on time,30,3,app,low,10.9,direct_rx,,
6420,lapsing,early,delayed,30,46,phone,moderate,1.2,direct_rx,2,not_working
6421,on_track,stable,on time,30,17,phone,moderate,11.4,direct_rx,,
6422,lapsed,early,missed,90,245,phone,high,0.7,direct_rx,1,no_response
6423,on_track,stable,on time,90,28,none,low,11.6,direct_rx,,
6424,on_track,long_term,on time,60,2,app,low,21.2,direct_rx,,
6425,on_track,stable,on time,30,18,app,low,9.8,direct_rx,,
6426,lapsed,early,missed,30,104,app,high,0.5,hcp,1,side_effects
6427,lapsed,early,missed,30,66,phone,high,1.8,direct_rx,1,forgot_or_routine
6428,lapsed,early,missed,30,114,phone,high,1.8,transfer,1,side_effects
6429,lapsed,stable,missed,90,335,none,high,5.8,transfer,1,side_effects
6430,on_track,stable,on time,30,0,phone,moderate,11.7,direct_rx,,
6431,lapsing,stable,delayed,60,95,phone,moderate,4.7,direct_rx,5,forgot_or_routine
6432,on_track,long_term,on time,30,18,app,low,22.1,direct_rx,,
6433,on_track,stable,on time,90,23,none,low,11.9,hcp,,
6434,lapsing,stable,delayed,30,32,app,high,3.1,direct_rx,4,not_working
6435,on_track,stable,on time,30,16,app,low,9.4,direct_rx,,
6436,on_track,stable,on time,90,26,phone,low,11.8,direct_rx,,
6437,on_track,stable,on time,30,22,phone,low,6.6,direct_rx,,
6438,lapsed,stable,missed,30,117,none,high,5.0,direct_rx,3,forgot_or_routine
6439,on_track,stable,on time,30,9,none,moderate,11.6,direct_rx,,
6440,on_track,early,on time,30,14,app,low,2.9,hcp,,
6441,lapsing,early,delayed,60,61,app,moderate,1.0,hcp,1,forgot_or_routine
6442,on_track,early,on time,30,6,app,moderate,0.3,direct_rx,,
6443,on_track,long_term,on time,30,24,app,moderate,28.6,hcp,,
6444,on_track,stable,on time,30,24,phone,moderate,11.9,transfer,,
6445,lapsed,early,missed,30,113,none,moderate,2.8,direct_rx,1,cost_or_coverage
6446,lapsed,early,missed,30,95,phone,high,2.4,hcp,1,not_working
6447,on_track,early,on time,60,14,none,low,2.0,hcp,,
6448,on_track,stable,on time,90,69,phone,low,9.9,hcp,,
6449,on_track,stable,on time,30,14,app,low,11.8,direct_rx,,
6450,on_track,long_term,on time,60,25,none,low,25.4,transfer,,
6451,on_track,long_term,on time,60,26,app,moderate,22.4,hcp,,
6452,on_track,stable,on time,30,1,phone,low,11.4,direct_rx,,
6453,on_track,early,on time,30,16,app,low,0.6,direct_rx,,
6454,on_track,long_term,on time,90,11,phone,low,21.2,hcp,,
6455,on_track,early,on time,60,22,none,moderate,2.5,direct_rx,,
6456,on_track,long_term,on time,60,0,phone,moderate,31.6,direct_rx,,
6457,lapsing,early,delayed,30,41,none,moderate,1.7,direct_rx,2,cost_or_coverage
6458,on_track,stable,on time,30,12,app,low,10.5,hcp,,
6459,lapsed,early,missed,30,81,phone,high,1.8,transfer,1,not_working
6460,on_track,stable,on time,30,17,phone,low,11.7,direct_rx,,
6461,on_track,stable,on time,60,16,app,moderate,11.4,hcp,,
6462,lapsed,early,missed,30,76,phone,high,0.8,transfer,1,not_working
6463,on_track,early,on time,60,36,app,moderate,2.9,direct_rx,,
6464,on_track,stable,on time,30,3,phone,moderate,10.4,transfer,,
6465,on_track,stable,on time,60,45,app,low,10.0,direct_rx,,
6466,lapsing,early,delayed,30,35,app,moderate,0.1,direct_rx,1,no_response
6467,lapsing,early,delayed,30,40,app,moderate,0.1,hcp,1,side_effects
6468,on_track,early,on time,30,17,app,low,0.7,hcp,,
6469,lapsed,early,missed,90,291,none,high,2.2,direct_rx,1,not_working
6470,lapsing,stable,delayed,30,47,phone,moderate,4.7,direct_rx,5,no_response
6471,on_track,stable,on time,30,22,app,low,8.9,direct_rx,,
6472,lapsed,early,missed,30,95,phone,high,1.9,direct_rx,1,cost_or_coverage
6473,lapsing,early,delayed,90,113,app,high,1.5,direct_rx,2,not_working
6474,lapsing,stable,delayed,30,48,phone,high,9.0,direct_rx,9,forgot_or_routine
6475,on_track,long_term,on time,30,15,none,low,12.7,transfer,,
6476,on_track,long_term,on time,90,9,app,low,20.5,direct_rx,,
6477,on_track,early,on time,30,3,app,low,2.9,direct_rx,,
6478,lapsed,early,missed,60,181,app,moderate,2.2,hcp,1,cost_or_coverage
6479,lapsing,early,delayed,30,42,phone,high,1.1,transfer,2,side_effects
6480,on_track,early,on time,30,0,phone,low,2.3,hcp,,
6481,on_track,long_term,on time,30,22,phone,low,23.2,hcp,,
6482,on_track,early,on time,90,18,app,low,1.0,direct_rx,,
6483,on_track,stable,on time,60,10,app,moderate,11.2,direct_rx,,
6484,on_track,early,on time,30,14,phone,low,2.4,transfer,,
6485,on_track,early,on time,90,30,app,low,2.2,direct_rx,,
6486,on_track,stable,on time,30,3,app,low,8.9,direct_rx,,
6487,lapsing,early,delayed,90,114,none,moderate,1.2,direct_rx,2,cost_or_coverage
6488,on_track,stable,on time,30,1,phone,low,10.9,direct_rx,,
6489,on_track,long_term,on time,90,32,none,moderate,15.4,direct_rx,,
6490,on_track,early,on time,30,0,none,low,2.9,hcp,,
6491,lapsing,early,delayed,60,85,phone,moderate,0.6,direct_rx,1,not_working
6492,on_track,long_term,on time,30,15,none,low,16.6,direct_rx,,
6493,lapsing,early,delayed,60,81,phone,moderate,2.7,transfer,3,forgot_or_routine
6494,lapsed,early,missed,90,199,app,high,2.5,hcp,1,not_working
6495,on_track,early,on time,30,18,none,low,1.2,hcp,,
6496,lapsing,early,delayed,30,40,phone,high,1.3,hcp,2,cost_or_coverage
6497,lapsed,early,missed,60,133,phone,high,2.4,direct_rx,1,not_working
6498,on_track,long_term,on time,60,5,phone,low,16.8,direct_rx,,
6499,on_track,long_term,on time,90,68,phone,moderate,24.7,hcp,,
6500,on_track,stable,on time,30,14,app,low,11.6,transfer,,
6501,lapsing,long_term,delayed,30,43,app,moderate,30.9,hcp,31,no_response
6502,on_track,stable,on time,60,6,app,moderate,10.7,hcp,,
6503,on_track,stable,on time,30,4,phone,low,11.0,hcp,,
6504,on_track,early,on time,30,1,app,low,2.8,direct_rx,,
6505,lapsed,long_term,missed,30,66,phone,high,24.1,direct_rx,23,no_response
6506,lapsed,early,missed,30,114,app,moderate,0.9,direct_rx,1,forgot_or_routine
6507,on_track,early,on time,30,1,app,low,2.9,hcp,,
6508,lapsing,stable,delayed,60,79,app,moderate,3.2,hcp,4,side_effects
6509,on_track,early,on time,90,57,none,moderate,1.9,transfer,,
6510,lapsed,early,missed,30,66,app,high,0.4,direct_rx,1,side_effects
6511,on_track,stable,on time,30,22,phone,moderate,9.7,direct_rx,,
6512,lapsed,early,missed,30,62,none,moderate,2.1,transfer,2,no_response
6513,lapsing,stable,delayed,30,47,phone,moderate,3.1,direct_rx,4,forgot_or_routine
6514,on_track,early,on time,60,22,app,low,0.3,transfer,,
6515,on_track,stable,on time,30,9,app,moderate,9.9,direct_rx,,
6516,on_track,stable,on time,30,4,app,moderate,10.0,direct_rx,,
6517,on_track,stable,on time,30,3,none,low,11.2,direct_rx,,
6518,on_track,long_term,on time,60,42,app,low,17.2,transfer,,
6519,lapsing,early,delayed,30,42,none,high,0.0,hcp,1,forgot_or_routine
6520,on_track,early,on time,60,13,phone,low,0.9,direct_rx,,
6521,on_track,stable,on time,30,5,app,low,11.5,hcp,,
6522,on_track,stable,on time,60,30,none,moderate,10.4,direct_rx,,
6523,on_track,long_term,on time,30,21,phone,low,34.1,direct_rx,,
6524,lapsing,early,delayed,30,40,app,high,1.7,direct_rx,2,not_working
6525,lapsing,early,delayed,30,32,app,moderate,2.4,direct_rx,3,forgot_or_routine
6526,on_track,early,on time,30,14,none,moderate,0.7,transfer,,
6527,on_track,long_term,on time,30,22,phone,low,26.4,direct_rx,,
6528,lapsed,stable,missed,90,257,app,moderate,10.0,hcp,5,no_response
6529,on_track,early,on time,30,10,app,low,0.5,direct_rx,,
6530,on_track,stable,on time,30,17,app,low,11.1,hcp,,
6531,on_track,stable,on time,30,13,phone,moderate,11.8,hcp,,
6532,on_track,early,on time,90,67,app,moderate,2.2,transfer,,
6533,lapsing,stable,delayed,90,97,phone,moderate,4.2,direct_rx,5,not_working
6534,on_track,long_term,on time,90,15,app,moderate,33.0,direct_rx,,
6535,on_track,long_term,on time,30,1,none,low,25.8,direct_rx,,
6536,lapsing,long_term,delayed,30,34,app,high,17.6,direct_rx,18,cost_or_coverage
6537,on_track,early,on time,60,30,app,moderate,1.0,hcp,,
6538,on_track,stable,on time,30,23,phone,moderate,11.1,hcp,,
6539,lapsed,stable,missed,30,115,phone,high,5.6,transfer,3,side_effects
6540,lapsing,early,delayed,30,38,phone,moderate,2.2,direct_rx,3,forgot_or_routine
6541,on_track,early,on time,30,11,none,moderate,1.9,transfer,,
6542,on_track,stable,on time,90,62,app,moderate,9.1,hcp,,
6543,lapsed,early,missed,30,70,none,high,1.6,direct_rx,1,no_response
6544,lapsing,early,delayed,30,36,phone,moderate,0.4,hcp,1,cost_or_coverage
6545,on_track,stable,on time,30,2,app,moderate,9.2,direct_rx,,
6546,on_track,long_term,on time,30,6,none,low,12.7,hcp,,
6547,on_track,stable,on time,60,41,none,low,11.6,direct_rx,,
6548,on_track,early,on time,90,2,app,low,2.3,hcp,,
6549,on_track,stable,on time,30,13,none,low,9.7,hcp,,
6550,on_track,stable,on time,90,63,app,low,11.9,direct_rx,,
6551,on_track,stable,on time,30,21,app,low,11.2,transfer,,
6552,on_track,stable,on time,30,14,app,low,10.4,direct_rx,,
6553,on_track,long_term,on time,30,19,phone,low,22.9,direct_rx,,
6554,on_track,stable,on time,30,13,none,moderate,11.0,direct_rx,,
6555,on_track,stable,on time,90,5,phone,low,10.1,hcp,,
6556,on_track,early,on time,90,61,none,low,2.8,direct_rx,,
6557,on_track,stable,on time,30,21,phone,moderate,9.9,direct_rx,,
6558,on_track,stable,on time,30,21,none,low,11.4,direct_rx,,
6559,lapsed,stable,missed,30,86,phone,high,6.1,hcp,5,forgot_or_routine
6560,lapsed,early,missed,60,184,phone,high,2.3,direct_rx,1,side_effects
6561,on_track,early,on time,30,4,app,low,2.2,hcp,,
6562,on_track,stable,on time,90,33,app,low,11.2,direct_rx,,
6563,on_track,stable,on time,60,17,app,low,11.8,transfer,,
6564,on_track,stable,on time,60,26,phone,moderate,11.7,direct_rx,,
6565,on_track,long_term,on time,30,16,phone,moderate,19.8,direct_rx,,
6566,on_track,long_term,on time,30,21,app,low,33.8,hcp,,
6567,lapsing,long_term,delayed,60,90,phone,high,20.5,direct_rx,21,felt_better
6568,on_track,early,on time,30,0,phone,low,2.5,hcp,,
6569,on_track,stable,on time,60,11,app,low,11.5,hcp,,
6570,lapsing,early,delayed,90,104,app,high,0.1,transfer,1,not_working
6571,lapsing,early,delayed,60,71,app,moderate,0.7,hcp,1,no_response
6572,lapsing,early,delayed,30,38,app,moderate,1.0,direct_rx,1,no_response
6573,lapsed,stable,missed,60,213,none,high,10.8,hcp,6,forgot_or_routine
6574,lapsed,early,missed,30,62,none,high,2.9,transfer,2,felt_better
6575,on_track,early,on time,30,19,app,low,1.4,hcp,,
6576,on_track,stable,on time,60,26,app,low,10.4,direct_rx,,
6577,on_track,stable,on time,90,30,app,low,9.6,direct_rx,,
6578,on_track,stable,on time,30,7,phone,low,10.4,hcp,,
6579,on_track,stable,on time,30,1,none,low,11.2,direct_rx,,
6580,on_track,stable,on time,30,24,phone,low,9.9,hcp,,
6581,lapsing,stable,delayed,90,115,phone,moderate,5.6,transfer,6,forgot_or_routine
6582,on_track,early,on time,30,11,none,low,1.6,transfer,,
6583,lapsing,stable,delayed,30,36,app,moderate,3.1,hcp,4,not_working
6584,on_track,stable,on time,90,6,phone,moderate,11.2,hcp,,
6585,on_track,long_term,on time,60,34,none,moderate,35.9,direct_rx,,
6586,lapsing,early,delayed,90,116,app,high,2.5,transfer,3,no_response
6587,lapsed,early,missed,30,70,app,high,2.3,hcp,1,forgot_or_routine
6588,on_track,long_term,on time,30,14,none,moderate,22.9,direct_rx,,
6589,on_track,early,on time,30,8,phone,low,2.3,direct_rx,,
6590,on_track,stable,on time,90,1,none,low,7.7,hcp,,
6591,on_track,stable,on time,90,69,app,low,11.7,direct_rx,,
6592,on_track,stable,on time,30,8,phone,low,11.3,direct_rx,,
6593,on_track,early,on time,30,1,app,low,0.7,direct_rx,,
6594,on_track,long_term,on time,30,1,none,low,15.5,direct_rx,,
6595,on_track,stable,on time,30,7,phone,moderate,11.8,transfer,,
6596,lapsing,early,delayed,60,65,phone,moderate,1.5,direct_rx,2,not_working
6597,on_track,long_term,on time,30,23,app,low,15.0,direct_rx,,
6598,lapsing,long_term,delayed,30,32,phone,moderate,28.6,direct_rx,29,forgot_or_routine
6599,on_track,long_term,on time,30,1,app,low,33.4,direct_rx,,
6600,lapsing,stable,delayed,30,35,app,high,7.8,hcp,8,no_response
6601,on_track,early,on time,30,12,app,moderate,1.9,hcp,,
6602,on_track,stable,on time,90,34,phone,low,8.7,direct_rx,,
6603,on_track,early,on time,60,18,phone,low,0.5,direct_rx,,
6604,lapsed,early,missed,30,106,app,high,1.2,hcp,1,not_working
6605,lapsed,early,missed,30,63,app,high,0.8,direct_rx,1,not_working
6606,on_track,long_term,on time,30,2,app,low,26.3,direct_rx,,
6607,on_track,long_term,on time,90,25,phone,low,15.1,transfer,,
6608,on_track,early,on time,30,3,app,low,0.5,direct_rx,,
6609,on_track,long_term,on time,30,20,phone,low,12.2,direct_rx,,
6610,on_track,stable,on time,30,21,app,low,8.9,direct_rx,,
6611,on_track,early,on time,30,11,app,low,1.6,direct_rx,,
6612,on_track,long_term,on time,90,57,none,low,35.4,hcp,,
6613,on_track,stable,on time,30,22,app,low,11.1,hcp,,
6614,on_track,stable,on time,30,22,app,low,10.8,direct_rx,,
6615,lapsing,early,delayed,30,42,none,moderate,0.5,hcp,1,side_effects
6616,on_track,early,on time,30,1,phone,low,1.0,hcp,,
6617,on_track,stable,on time,30,3,app,moderate,11.8,direct_rx,,
6618,lapsing,stable,delayed,60,87,app,moderate,10.2,direct_rx,11,cost_or_coverage
6619,on_track,long_term,on time,90,6,app,low,23.0,direct_rx,,
6620,on_track,stable,on time,30,9,app,low,10.4,hcp,,
6621,on_track,stable,on time,30,19,app,low,10.7,transfer,,
6622,on_track,stable,on time,90,65,app,low,11.4,direct_rx,,
6623,lapsed,stable,missed,60,110,app,high,8.0,direct_rx,7,no_response
6624,lapsing,early,delayed,90,111,app,moderate,0.4,direct_rx,1,no_response
6625,on_track,stable,on time,60,17,app,moderate,11.4,direct_rx,,
6626,lapsing,early,delayed,30,31,phone,moderate,2.3,direct_rx,3,forgot_or_routine
6627,on_track,long_term,on time,90,10,phone,low,14.5,direct_rx,,
6628,lapsed,early,missed,30,101,app,moderate,1.9,direct_rx,1,cost_or_coverage
6629,lapsing,early,delayed,30,45,none,moderate,0.2,direct_rx,1,side_effects
6630,on_track,stable,on time,30,0,none,low,10.0,direct_rx,,
6631,lapsing,long_term,delayed,30,47,app,moderate,14.6,hcp,15,felt_better
6632,lapsing,early,delayed,30,35,app,moderate,2.1,hcp,3,no_response
6633,on_track,stable,on time,30,23,phone,low,10.7,hcp,,
6634,on_track,long_term,on time,30,8,none,moderate,29.1,direct_rx,,
6635,on_track,long_term,on time,60,32,none,moderate,19.4,hcp,,
6636,on_track,long_term,on time,30,15,none,moderate,23.4,direct_rx,,
6637,on_track,stable,on time,30,15,app,low,11.3,hcp,,
6638,on_track,stable,on time,60,32,none,low,11.8,direct_rx,,
6639,lapsing,early,delayed,30,43,phone,moderate,1.2,direct_rx,2,no_response
6640,on_track,stable,on time,30,12,none,low,11.7,direct_rx,,
6641,on_track,long_term,on time,90,26,phone,low,27.4,direct_rx,,
6642,on_track,long_term,on time,30,23,app,low,19.7,hcp,,
6643,lapsing,early,delayed,60,72,app,moderate,2.6,hcp,3,side_effects
6644,on_track,stable,on time,30,16,none,moderate,10.0,direct_rx,,
6645,on_track,stable,on time,60,34,app,moderate,11.6,direct_rx,,
6646,on_track,long_term,on time,90,20,app,low,18.3,direct_rx,,
6647,on_track,stable,on time,30,4,app,low,9.1,transfer,,
6648,lapsing,early,delayed,30,32,app,moderate,2.6,direct_rx,3,side_effects
6649,lapsed,long_term,missed,90,248,app,high,24.5,direct_rx,20,not_working
6650,on_track,early,on time,90,38,app,low,2.4,direct_rx,,
6651,lapsing,long_term,delayed,60,84,none,high,19.5,direct_rx,20,felt_better
6652,lapsing,long_term,delayed,90,102,app,moderate,25.5,direct_rx,26,no_response
6653,on_track,early,on time,90,54,app,low,2.3,hcp,,
6654,lapsed,early,missed,30,102,phone,moderate,1.6,hcp,1,no_response
6655,on_track,stable,on time,60,48,phone,moderate,11.6,direct_rx,,
6656,on_track,stable,on time,30,14,none,low,10.8,hcp,,
6657,lapsed,long_term,missed,90,205,phone,high,20.8,direct_rx,17,side_effects
6658,on_track,long_term,on time,30,7,app,low,35.2,direct_rx,,
6659,lapsed,early,missed,30,108,app,moderate,2.6,direct_rx,1,forgot_or_routine
6660,on_track,early,on time,60,33,app,moderate,1.2,transfer,,
6661,on_track,stable,on time,60,12,none,moderate,11.6,hcp,,
6662,lapsing,early,delayed,30,39,phone,moderate,2.3,hcp,3,side_effects
6663,on_track,long_term,on time,90,71,app,moderate,26.8,direct_rx,,
6664,lapsing,long_term,delayed,30,34,app,moderate,13.7,direct_rx,14,felt_better
6665,on_track,early,on time,30,5,app,moderate,1.1,direct_rx,,
6666,on_track,stable,on time,90,19,app,moderate,8.0,hcp,,
6667,on_track,early,on time,90,33,app,low,0.9,direct_rx,,
6668,on_track,early,on time,30,6,none,low,1.7,direct_rx,,
6669,lapsed,stable,missed,30,61,none,high,3.2,direct_rx,3,forgot_or_routine
6670,on_track,long_term,on time,90,37,app,low,25.0,direct_rx,,
6671,lapsing,long_term,delayed,30,47,app,moderate,35.8,hcp,36,felt_better
6672,on_track,stable,on time,30,22,phone,low,11.4,direct_rx,,
6673,on_track,stable,on time,30,17,app,moderate,11.9,direct_rx,,
6674,on_track,early,on time,60,15,phone,moderate,0.6,direct_rx,,
6675,on_track,long_term,on time,60,9,none,moderate,13.7,direct_rx,,
6676,lapsed,early,missed,60,120,none,moderate,0.5,hcp,1,cost_or_coverage
6677,lapsing,stable,delayed,60,66,none,high,4.5,hcp,5,no_response
6678,on_track,early,on time,30,2,app,low,1.6,direct_rx,,
6679,on_track,long_term,on time,30,6,app,moderate,27.8,direct_rx,,
6680,lapsing,early,delayed,60,72,app,high,0.1,direct_rx,1,forgot_or_routine
6681,lapsed,stable,missed,60,104,phone,moderate,5.6,hcp,5,cost_or_coverage
6682,on_track,stable,on time,30,17,app,low,8.0,hcp,,
6683,on_track,long_term,on time,60,2,none,low,18.0,direct_rx,,
6684,on_track,long_term,on time,90,25,phone,low,30.4,transfer,,
6685,on_track,long_term,on time,30,16,app,low,26.9,hcp,,
6686,on_track,stable,on time,60,10,phone,low,9.8,direct_rx,,
6687,on_track,early,on time,30,5,app,moderate,0.4,transfer,,
6688,on_track,early,on time,30,15,none,low,2.8,direct_rx,,
6689,on_track,stable,on time,60,38,none,moderate,11.0,hcp,,
6690,on_track,long_term,on time,60,6,app,low,13.4,hcp,,
6691,on_track,stable,on time,90,17,app,low,11.8,direct_rx,,
6692,lapsing,long_term,delayed,90,92,phone,moderate,17.1,hcp,18,forgot_or_routine
6693,lapsing,early,delayed,60,67,none,moderate,1.6,direct_rx,2,no_response
6694,lapsed,early,missed,90,237,app,moderate,3.0,hcp,1,side_effects
6695,lapsing,stable,delayed,30,46,app,moderate,8.3,direct_rx,9,forgot_or_routine
6696,on_track,early,on time,30,0,phone,low,0.4,hcp,,
6697,on_track,early,on time,90,36,none,low,1.1,direct_rx,,
6698,lapsing,stable,delayed,30,38,none,moderate,9.6,hcp,10,forgot_or_routine
6699,on_track,long_term,on time,30,11,app,moderate,20.1,transfer,,
6700,on_track,long_term,on time,60,7,app,moderate,22.6,hcp,,
6701,on_track,long_term,on time,90,64,app,low,23.5,direct_rx,,
6702,lapsed,stable,missed,30,79,app,moderate,11.1,direct_rx,10,cost_or_coverage
6703,on_track,stable,on time,90,64,none,moderate,10.0,hcp,,
6704,lapsing,early,delayed,60,75,phone,moderate,3.0,direct_rx,3,cost_or_coverage
6705,on_track,stable,on time,60,4,app,moderate,11.3,direct_rx,,
6706,lapsing,long_term,delayed,30,36,app,moderate,24.0,direct_rx,24,no_response
6707,on_track,long_term,on time,30,11,app,moderate,18.1,direct_rx,,
6708,lapsed,early,missed,90,223,phone,high,0.3,direct_rx,1,cost_or_coverage
6709,lapsing,early,delayed,30,45,app,moderate,2.2,direct_rx,3,side_effects
6710,on_track,stable,on time,30,13,none,moderate,9.3,direct_rx,,
6711,on_track,early,on time,30,6,app,low,2.6,hcp,,
6712,on_track,stable,on time,60,27,app,low,11.4,transfer,,
6713,on_track,stable,on time,30,16,phone,moderate,10.1,direct_rx,,
6714,lapsing,stable,delayed,30,33,app,moderate,7.5,hcp,8,cost_or_coverage
6715,on_track,early,on time,30,4,app,low,1.4,direct_rx,,
6716,lapsed,early,missed,30,53,phone,moderate,1.3,direct_rx,1,side_effects
6717,on_track,early,on time,30,4,phone,low,1.9,direct_rx,,
6718,on_track,stable,on time,30,23,app,moderate,11.9,hcp,,
6719,on_track,stable,on time,60,30,app,low,10.3,direct_rx,,
6720,on_track,early,on time,60,37,app,low,2.1,transfer,,
6721,on_track,stable,on time,30,9,app,low,11.5,direct_rx,,
6722,on_track,stable,on time,30,22,none,low,11.4,transfer,,
6723,on_track,stable,on time,30,5,phone,low,10.8,direct_rx,,
6724,on_track,stable,on time,30,12,app,low,11.3,hcp,,
6725,on_track,early,on time,90,45,phone,low,1.9,hcp,,
6726,on_track,long_term,on time,30,6,phone,moderate,13.2,direct_rx,,
6727,on_track,stable,on time,60,32,phone,low,10.6,hcp,,
6728,on_track,stable,on time,30,6,phone,low,10.8,hcp,,
6729,on_track,long_term,on time,30,12,app,low,16.9,transfer,,
6730,on_track,long_term,on time,30,4,phone,low,23.7,direct_rx,,
6731,on_track,early,on time,30,15,app,low,1.4,hcp,,
6732,lapsed,early,missed,30,84,app,high,1.2,direct_rx,1,no_response
6733,lapsing,early,delayed,30,41,app,high,2.2,direct_rx,3,cost_or_coverage
6734,on_track,long_term,on time,30,23,app,low,14.6,direct_rx,,
6735,on_track,early,on time,30,20,app,low,0.7,direct_rx,,
6736,on_track,long_term,on time,30,5,none,moderate,16.9,hcp,,
6737,on_track,stable,on time,60,17,app,moderate,11.9,direct_rx,,
6738,on_track,stable,on time,60,21,app,low,9.8,direct_rx,,
6739,on_track,early,on time,60,16,app,low,1.0,direct_rx,,
6740,on_track,long_term,on time,30,16,phone,moderate,34.5,hcp,,
6741,lapsing,stable,delayed,30,48,app,high,10.5,direct_rx,11,forgot_or_routine
6742,on_track,long_term,on time,30,23,app,moderate,25.7,hcp,,
6743,on_track,long_term,on time,30,24,phone,low,28.7,transfer,,
6744,on_track,stable,on time,30,0,app,low,9.9,direct_rx,,
6745,lapsed,stable,missed,60,190,app,high,10.6,direct_rx,7,side_effects
6746,on_track,stable,on time,90,9,app,moderate,11.6,direct_rx,,
6747,on_track,early,on time,30,20,app,moderate,1.2,direct_rx,,
6748,lapsed,early,missed,30,91,app,high,1.1,hcp,1,side_effects
6749,on_track,stable,on time,30,23,app,low,9.6,direct_rx,,
6750,lapsing,stable,delayed,30,42,none,moderate,3.1,direct_rx,4,side_effects
6751,lapsing,early,delayed,30,48,phone,high,2.6,direct_rx,3,no_response
6752,on_track,stable,on time,30,4,phone,low,10.3,hcp,,
6753,on_track,early,on time,30,17,phone,moderate,2.1,hcp,,
6754,on_track,stable,on time,30,11,app,low,10.1,hcp,,
6755,on_track,early,on time,30,13,app,moderate,2.6,direct_rx,,
6756,lapsing,long_term,delayed,30,46,phone,high,28.5,direct_rx,29,felt_better
6757,lapsing,early,delayed,30,44,app,moderate,0.5,direct_rx,1,side_effects
6758,lapsing,early,delayed,30,44,phone,moderate,0.8,hcp,1,not_working
6759,on_track,early,on time,30,22,app,low,2.7,direct_rx,,
6760,on_track,stable,on time,90,65,app,low,11.6,hcp,,
6761,on_track,early,on time,30,15,phone,low,1.1,hcp,,
6762,on_track,long_term,on time,60,13,app,low,28.6,direct_rx,,
6763,lapsing,early,delayed,90,113,none,moderate,1.1,direct_rx,2,no_response
6764,lapsing,early,delayed,60,93,phone,moderate,1.0,hcp,1,side_effects
6765,on_track,long_term,on time,30,2,phone,low,21.7,direct_rx,,
6766,on_track,stable,on time,30,4,app,low,10.0,hcp,,
6767,on_track,long_term,on time,30,21,app,low,13.9,hcp,,
6768,lapsed,long_term,missed,30,98,phone,moderate,23.1,direct_rx,21,no_response
6769,lapsing,early,delayed,30,43,app,moderate,1.7,transfer,2,forgot_or_routine
6770,lapsing,early,delayed,90,136,phone,high,0.5,transfer,1,no_response
6771,on_track,early,on time,30,8,phone,low,0.4,direct_rx,,
6772,on_track,stable,on time,60,30,app,moderate,9.7,direct_rx,,
6773,on_track,early,on time,30,4,app,low,1.1,direct_rx,,
6774,lapsing,early,delayed,30,48,phone,moderate,0.7,transfer,1,cost_or_coverage
6775,on_track,stable,on time,30,7,app,moderate,10.9,hcp,,
6776,lapsing,early,delayed,30,48,phone,moderate,1.1,hcp,2,side_effects
6777,on_track,stable,on time,90,60,none,low,11.7,direct_rx,,
6778,on_track,stable,on time,30,17,phone,moderate,11.5,direct_rx,,
6779,on_track,early,on time,60,15,app,moderate,2.1,direct_rx,,
6780,on_track,stable,on time,30,22,app,low,11.4,hcp,,
6781,on_track,stable,on time,60,30,phone,moderate,10.4,hcp,,
6782,lapsing,early,delayed,30,38,phone,high,1.5,direct_rx,2,no_response
6783,on_track,stable,on time,30,7,app,low,11.3,direct_rx,,
6784,on_track,long_term,on time,30,4,app,low,19.8,direct_rx,,
6785,on_track,stable,on time,90,2,app,low,10.9,direct_rx,,
6786,on_track,stable,on time,30,23,phone,low,10.6,hcp,,
6787,on_track,stable,on time,60,37,phone,low,11.5,transfer,,
6788,on_track,stable,on time,60,0,none,low,11.3,hcp,,
6789,on_track,stable,on time,90,46,app,moderate,10.2,direct_rx,,
6790,lapsing,early,delayed,30,43,phone,high,2.2,direct_rx,3,side_effects
6791,on_track,early,on time,30,23,app,moderate,2.9,direct_rx,,
6792,on_track,early,on time,30,22,phone,low,0.2,transfer,,
6793,lapsing,stable,delayed,30,42,app,high,11.9,direct_rx,12,cost_or_coverage
6794,on_track,stable,on time,30,19,app,moderate,11.8,direct_rx,,
6795,on_track,stable,on time,60,7,phone,low,11.4,direct_rx,,
6796,on_track,early,on time,30,16,none,low,0.3,direct_rx,,
6797,lapsing,early,delayed,30,42,phone,moderate,2.5,direct_rx,3,felt_better
6798,on_track,stable,on time,60,19,app,low,11.2,direct_rx,,
6799,lapsing,stable,delayed,90,98,app,high,8.7,hcp,9,forgot_or_routine
6800,lapsing,early,delayed,60,89,phone,moderate,0.9,hcp,1,no_response
6801,on_track,stable,on time,60,5,app,low,11.5,transfer,,
6802,on_track,early,on time,30,21,app,low,1.4,hcp,,
6803,on_track,long_term,on time,30,4,app,low,25.9,transfer,,
6804,on_track,long_term,on time,30,15,phone,low,20.3,hcp,,
6805,lapsing,early,delayed,30,35,app,high,0.6,hcp,1,forgot_or_routine
6806,lapsed,stable,missed,30,116,phone,moderate,8.8,hcp,6,not_working
6807,on_track,stable,on time,30,15,phone,low,9.0,direct_rx,,
6808,lapsed,early,missed,30,64,app,high,1.1,hcp,1,side_effects
6809,on_track,long_term,on time,60,33,app,low,17.1,hcp,,
6810,on_track,long_term,on time,30,12,phone,moderate,25.0,direct_rx,,
6811,on_track,long_term,on time,90,14,phone,low,32.0,direct_rx,,
6812,lapsed,stable,missed,90,190,app,moderate,7.7,hcp,5,forgot_or_routine
6813,on_track,stable,on time,30,6,none,low,11.6,direct_rx,,
6814,lapsed,early,missed,60,193,phone,high,0.2,hcp,1,cost_or_coverage
6815,on_track,early,on time,30,12,none,moderate,1.5,hcp,,
6816,on_track,stable,on time,60,47,app,low,11.8,direct_rx,,
6817,lapsing,long_term,delayed,30,34,none,high,34.0,direct_rx,34,no_response
6818,on_track,stable,on time,30,7,none,low,11.2,direct_rx,,
6819,lapsing,long_term,delayed,90,136,none,moderate,27.5,direct_rx,28,no_response
6820,lapsed,stable,missed,90,354,none,moderate,8.2,direct_rx,1,forgot_or_routine
6821,lapsed,stable,missed,90,287,app,moderate,5.4,direct_rx,1,not_working
6822,on_track,early,on time,30,16,none,low,0.8,hcp,,
6823,on_track,early,on time,30,8,phone,moderate,0.9,hcp,,
6824,on_track,early,on time,30,19,none,low,1.3,hcp,,
6825,lapsing,early,delayed,60,68,phone,high,0.4,direct_rx,1,no_response
6826,lapsing,early,delayed,30,40,phone,high,1.5,hcp,2,no_response
6827,lapsing,early,delayed,30,37,app,moderate,0.9,transfer,1,no_response
6828,on_track,stable,on time,30,17,phone,low,11.8,hcp,,
6829,lapsing,stable,delayed,30,37,app,moderate,3.1,direct_rx,4,no_response
6830,lapsed,early,missed,60,116,app,high,2.2,direct_rx,1,side_effects
6831,on_track,stable,on time,30,2,phone,moderate,11.3,direct_rx,,
6832,lapsed,early,missed,30,60,none,high,2.3,transfer,2,not_working
6833,on_track,stable,on time,90,21,phone,low,10.4,hcp,,
6834,on_track,early,on time,30,13,app,low,0.2,direct_rx,,
6835,lapsing,long_term,delayed,30,35,phone,high,22.9,hcp,23,cost_or_coverage
6836,lapsing,stable,delayed,30,46,phone,moderate,9.1,hcp,10,not_working
6837,on_track,stable,on time,30,16,phone,moderate,6.4,hcp,,
6838,lapsing,stable,delayed,30,32,none,moderate,8.8,transfer,9,forgot_or_routine
6839,lapsed,long_term,missed,60,122,app,high,29.9,direct_rx,28,side_effects
6840,lapsing,early,delayed,30,38,app,high,0.4,hcp,1,cost_or_coverage
6841,lapsing,long_term,delayed,30,43,app,moderate,22.8,transfer,23,side_effects
6842,lapsing,early,delayed,30,42,app,high,0.6,direct_rx,1,felt_better
6843,lapsing,early,delayed,30,37,phone,high,2.0,hcp,2,forgot_or_routine
6844,on_track,long_term,on time,90,17,none,low,27.9,direct_rx,,
6845,on_track,long_term,on time,30,18,none,low,28.9,hcp,,
6846,lapsing,early,delayed,60,95,phone,moderate,2.3,direct_rx,3,side_effects
6847,lapsed,long_term,missed,30,62,phone,high,19.6,direct_rx,19,not_working
6848,on_track,stable,on time,30,5,none,low,5.9,direct_rx,,
6849,on_track,long_term,on time,30,7,app,low,23.9,direct_rx,,
6850,lapsed,early,missed,60,207,app,high,2.6,transfer,1,not_working
6851,on_track,early,on time,30,15,phone,low,1.1,direct_rx,,
6852,on_track,early,on time,30,3,app,low,0.7,direct_rx,,
6853,lapsing,early,delayed,30,45,app,high,2.7,direct_rx,3,not_working
6854,lapsed,long_term,missed,60,213,app,high,29.5,hcp,25,forgot_or_routine
6855,on_track,early,on time,30,12,phone,low,0.1,transfer,,
6856,on_track,long_term,on time,90,15,phone,moderate,27.4,direct_rx,,
6857,on_track,stable,on time,30,21,app,low,11.5,hcp,,
6858,lapsing,early,delayed,30,35,none,high,0.8,hcp,1,forgot_or_routine
6859,on_track,stable,on time,30,14,none,low,11.8,transfer,,
6860,on_track,stable,on time,60,35,app,moderate,9.1,hcp,,
6861,lapsed,early,missed,30,64,app,high,0.4,hcp,1,side_effects
6862,on_track,long_term,on time,30,7,app,moderate,35.8,direct_rx,,
6863,on_track,stable,on time,30,18,app,low,11.1,direct_rx,,
6864,on_track,early,on time,30,5,phone,moderate,0.4,direct_rx,,
6865,lapsing,early,delayed,90,137,phone,moderate,0.0,hcp,1,cost_or_coverage
6866,on_track,stable,on time,30,14,app,low,10.5,direct_rx,,
6867,lapsing,stable,delayed,60,86,app,moderate,8.5,direct_rx,9,no_response
6868,on_track,early,on time,90,53,app,moderate,0.8,hcp,,
6869,lapsing,stable,delayed,30,43,app,moderate,3.7,direct_rx,4,cost_or_coverage
6870,on_track,early,on time,30,0,app,low,2.5,direct_rx,,
6871,lapsing,early,delayed,30,39,phone,high,2.9,direct_rx,3,not_working
6872,on_track,early,on time,90,31,none,moderate,1.4,direct_rx,,
6873,lapsed,long_term,missed,60,167,phone,high,24.3,hcp,21,cost_or_coverage
6874,on_track,stable,on time,30,18,app,moderate,10.7,direct_rx,,
6875,on_track,stable,on time,30,5,phone,moderate,11.7,hcp,,
6876,lapsing,long_term,delayed,30,34,none,moderate,29.4,direct_rx,30,no_response
6877,lapsed,stable,missed,90,357,app,moderate,7.8,direct_rx,1,no_response
6878,lapsing,early,delayed,30,48,phone,high,0.2,direct_rx,1,cost_or_coverage
6879,on_track,long_term,on time,90,60,app,moderate,24.3,direct_rx,,
6880,on_track,early,on time,30,12,phone,low,1.2,hcp,,
6881,on_track,early,on time,30,21,app,low,1.6,direct_rx,,
6882,lapsing,early,delayed,30,44,app,high,0.2,direct_rx,1,no_response
6883,on_track,stable,on time,90,27,app,low,7.3,direct_rx,,
6884,on_track,stable,on time,30,5,none,low,9.6,direct_rx,,
6885,on_track,stable,on time,30,4,app,low,11.0,hcp,,
6886,on_track,early,on time,30,7,app,low,0.8,direct_rx,,
6887,on_track,stable,on time,30,8,phone,low,10.9,hcp,,
6888,on_track,stable,on time,90,3,phone,moderate,10.3,hcp,,
6889,lapsing,early,delayed,30,32,phone,moderate,0.5,transfer,1,cost_or_coverage
6890,on_track,stable,on time,30,7,none,low,10.6,direct_rx,,
6891,on_track,long_term,on time,60,15,app,low,13.3,direct_rx,,
6892,lapsing,long_term,delayed,90,128,app,moderate,30.4,hcp,31,side_effects
6893,on_track,stable,on time,30,17,app,moderate,11.9,direct_rx,,
6894,on_track,early,on time,60,27,app,low,3.0,direct_rx,,
6895,on_track,long_term,on time,30,3,none,moderate,13.1,direct_rx,,
6896,on_track,long_term,on time,30,21,app,low,17.2,hcp,,
6897,lapsed,early,missed,60,123,app,moderate,2.8,direct_rx,1,side_effects
6898,on_track,early,on time,90,28,app,moderate,0.1,transfer,,
6899,on_track,long_term,on time,90,7,none,low,25.0,direct_rx,,
6900,on_track,stable,on time,60,1,none,moderate,11.3,hcp,,
6901,lapsing,stable,delayed,30,44,app,moderate,8.5,transfer,9,cost_or_coverage
6902,lapsing,stable,delayed,60,86,app,moderate,6.1,hcp,7,forgot_or_routine
6903,on_track,stable,on time,90,70,phone,low,9.2,hcp,,
6904,on_track,early,on time,30,22,none,low,1.6,direct_rx,,
6905,on_track,early,on time,30,11,app,low,1.0,hcp,,
6906,on_track,stable,on time,30,14,phone,moderate,11.4,hcp,,
6907,on_track,early,on time,30,14,none,moderate,2.2,hcp,,
6908,lapsing,early,delayed,60,71,app,high,0.5,direct_rx,1,not_working
6909,on_track,stable,on time,60,23,app,low,11.3,transfer,,
6910,lapsing,stable,delayed,60,76,app,moderate,4.1,direct_rx,5,side_effects
6911,on_track,early,on time,60,31,app,moderate,2.6,hcp,,
6912,on_track,early,on time,30,21,app,low,0.3,direct_rx,,
6913,on_track,early,on time,90,46,phone,low,0.1,hcp,,
6914,lapsed,long_term,missed,30,115,none,moderate,13.2,direct_rx,11,cost_or_coverage
6915,lapsing,early,delayed,30,42,app,moderate,0.6,hcp,1,side_effects
6916,lapsing,early,delayed,60,84,app,moderate,2.8,direct_rx,3,not_working
6917,on_track,stable,on time,30,12,phone,low,11.4,direct_rx,,
6918,on_track,long_term,on time,30,4,app,low,25.5,direct_rx,,
6919,on_track,long_term,on time,30,7,app,low,35.2,direct_rx,,
6920,lapsed,stable,missed,90,328,app,moderate,6.4,direct_rx,1,no_response
6921,lapsing,early,delayed,30,41,app,moderate,1.5,hcp,2,side_effects
6922,on_track,long_term,on time,30,23,app,low,28.7,transfer,,
6923,on_track,stable,on time,30,19,app,low,11.7,direct_rx,,
6924,on_track,early,on time,30,12,none,moderate,2.4,direct_rx,,
6925,lapsing,early,delayed,60,71,phone,moderate,1.8,hcp,2,forgot_or_routine
6926,on_track,early,on time,30,19,phone,low,2.6,direct_rx,,
6927,on_track,stable,on time,60,22,phone,moderate,9.3,hcp,,
6928,on_track,stable,on time,60,9,app,low,11.2,hcp,,
6929,on_track,long_term,on time,60,31,app,low,13.8,direct_rx,,
6930,on_track,stable,on time,30,10,app,moderate,11.6,direct_rx,,
6931,on_track,early,on time,30,8,app,low,1.6,hcp,,
6932,lapsing,early,delayed,30,34,phone,moderate,2.9,direct_rx,3,forgot_or_routine
6933,lapsing,stable,delayed,30,48,app,moderate,5.5,transfer,6,forgot_or_routine
6934,lapsed,early,missed,30,109,app,high,2.0,hcp,1,cost_or_coverage
6935,on_track,early,on time,60,7,phone,moderate,0.6,hcp,,
6936,on_track,long_term,on time,60,6,app,moderate,15.6,hcp,,
6937,on_track,early,on time,30,17,none,low,0.6,direct_rx,,
6938,on_track,stable,on time,30,2,app,low,11.6,direct_rx,,
6939,lapsing,stable,delayed,30,45,phone,moderate,3.1,transfer,4,side_effects
6940,on_track,early,on time,90,3,app,low,2.8,hcp,,
6941,lapsed,long_term,missed,90,232,app,high,13.8,direct_rx,10,not_working
6942,on_track,long_term,on time,30,24,app,moderate,23.1,direct_rx,,
6943,on_track,stable,on time,30,3,app,moderate,11.9,direct_rx,,
6944,on_track,stable,on time,90,60,phone,low,11.3,hcp,,
6945,on_track,long_term,on time,30,11,app,low,26.0,hcp,,
6946,lapsing,early,delayed,30,36,phone,high,1.3,hcp,2,no_response
6947,on_track,stable,on time,30,10,app,moderate,10.2,hcp,,
6948,on_track,long_term,on time,30,12,app,moderate,16.6,direct_rx,,
6949,lapsing,early,delayed,90,121,none,high,2.6,hcp,3,not_working
6950,lapsing,early,delayed,30,44,app,high,0.4,hcp,1,side_effects
6951,on_track,stable,on time,90,29,phone,moderate,11.7,direct_rx,,
6952,on_track,long_term,on time,90,31,app,moderate,20.4,direct_rx,,
6953,lapsing,early,delayed,30,33,phone,high,0.4,direct_rx,1,no_response
6954,on_track,long_term,on time,30,1,phone,low,33.1,direct_rx,,
6955,lapsing,early,delayed,30,35,app,moderate,2.3,direct_rx,3,no_response
6956,on_track,long_term,on time,30,8,none,moderate,13.7,hcp,,
6957,on_track,long_term,on time,60,34,app,moderate,21.8,direct_rx,,
6958,on_track,stable,on time,90,62,phone,low,8.7,direct_rx,,
6959,on_track,stable,on time,30,16,app,low,10.6,direct_rx,,
6960,on_track,stable,on time,30,20,phone,moderate,9.1,direct_rx,,
6961,on_track,stable,on time,30,5,app,low,11.0,transfer,,
6962,on_track,early,on time,30,15,none,moderate,1.4,transfer,,
6963,lapsing,stable,delayed,60,64,phone,moderate,4.0,hcp,4,side_effects
6964,on_track,stable,on time,60,4,phone,moderate,10.8,hcp,,
6965,lapsing,long_term,delayed,30,44,app,moderate,32.5,transfer,33,no_response
6966,lapsed,early,missed,60,195,phone,high,1.0,hcp,1,not_working
6967,lapsed,early,missed,90,208,phone,moderate,0.9,direct_rx,1,no_response
6968,lapsing,early,delayed,30,32,phone,moderate,1.8,direct_rx,2,not_working
6969,on_track,stable,on time,30,2,none,low,9.9,direct_rx,,
6970,on_track,early,on time,30,24,app,low,0.3,direct_rx,,
6971,lapsed,early,missed,90,287,none,high,0.7,hcp,1,not_working
6972,on_track,stable,on time,30,20,app,low,10.2,hcp,,
6973,lapsing,long_term,delayed,30,33,app,moderate,29.3,direct_rx,30,no_response
6974,on_track,long_term,on time,30,6,none,moderate,34.3,direct_rx,,
6975,on_track,early,on time,60,33,phone,low,1.4,direct_rx,,
6976,on_track,early,on time,30,0,phone,low,2.9,transfer,,
6977,lapsed,long_term,missed,30,67,app,high,29.8,direct_rx,29,forgot_or_routine
6978,on_track,long_term,on time,30,3,none,moderate,21.9,hcp,,
6979,lapsing,early,delayed,30,38,phone,moderate,0.4,transfer,1,forgot_or_routine
6980,on_track,early,on time,30,16,none,low,0.3,direct_rx,,
6981,on_track,stable,on time,60,35,app,low,10.3,direct_rx,,
6982,on_track,long_term,on time,60,13,app,low,23.5,direct_rx,,
6983,lapsing,early,delayed,30,43,none,moderate,0.1,direct_rx,1,no_response
6984,lapsed,long_term,missed,90,260,app,high,25.6,transfer,20,cost_or_coverage
6985,lapsed,stable,missed,30,67,phone,high,4.9,direct_rx,4,cost_or_coverage
6986,on_track,early,on time,90,19,phone,moderate,1.6,direct_rx,,
6987,on_track,early,on time,60,19,none,moderate,1.9,hcp,,
6988,on_track,stable,on time,30,10,phone,moderate,11.9,hcp,,
6989,lapsing,early,delayed,60,65,none,high,1.4,hcp,2,no_response
6990,lapsing,early,delayed,30,47,phone,moderate,2.3,direct_rx,3,side_effects
6991,on_track,early,on time,30,8,app,moderate,0.8,direct_rx,,
6992,lapsed,early,missed,30,52,phone,moderate,2.6,hcp,2,cost_or_coverage
6993,on_track,stable,on time,30,6,phone,moderate,9.9,hcp,,
6994,on_track,early,on time,90,52,phone,low,0.5,hcp,,
6995,on_track,long_term,on time,90,13,app,moderate,14.4,direct_rx,,
6996,on_track,stable,on time,30,12,phone,low,9.1,hcp,,
6997,on_track,stable,on time,30,7,phone,moderate,10.6,direct_rx,,
6998,on_track,early,on time,30,15,app,moderate,0.4,direct_rx,,
6999,on_track,stable,on time,30,16,app,low,10.6,hcp,,
7000,on_track,stable,on time,30,13,phone,moderate,11.7,direct_rx,,
7001,lapsing,long_term,delayed,30,34,none,high,15.1,hcp,16,felt_better
7002,lapsing,early,delayed,90,98,phone,moderate,2.1,hcp,3,no_response
7003,lapsed,stable,missed,60,229,none,moderate,4.0,transfer,1,side_effects
7004,lapsing,early,delayed,30,48,phone,moderate,0.8,direct_rx,1,cost_or_coverage
7005,lapsing,long_term,delayed,60,62,none,moderate,31.4,hcp,32,not_working
7006,on_track,early,on time,30,18,phone,low,0.5,hcp,,
7007,lapsed,early,missed,30,52,app,high,0.4,transfer,1,side_effects
7008,on_track,stable,on time,90,64,app,moderate,11.0,direct_rx,,
7009,on_track,stable,on time,30,9,phone,moderate,11.9,hcp,,
7010,lapsing,early,delayed,60,72,none,moderate,2.1,hcp,3,felt_better
7011,lapsed,long_term,missed,30,88,phone,high,24.9,direct_rx,23,cost_or_coverage
7012,lapsed,early,missed,30,73,phone,high,0.6,direct_rx,1,no_response
7013,on_track,stable,on time,30,17,none,low,11.2,transfer,,
7014,lapsed,early,missed,90,284,app,moderate,2.6,direct_rx,1,no_response
7015,on_track,stable,on time,30,16,none,low,11.4,direct_rx,,
7016,on_track,early,on time,30,14,app,low,0.1,direct_rx,,
7017,lapsed,long_term,missed,30,60,app,high,14.6,direct_rx,14,felt_better
7018,lapsed,long_term,missed,60,200,phone,high,22.5,direct_rx,18,cost_or_coverage
7019,on_track,long_term,on time,60,39,phone,moderate,30.5,direct_rx,,
7020,lapsing,early,delayed,30,33,app,moderate,1.1,transfer,2,cost_or_coverage
7021,on_track,early,on time,30,0,none,moderate,0.3,direct_rx,,
7022,on_track,long_term,on time,30,13,app,low,25.7,transfer,,
7023,on_track,stable,on time,30,2,app,low,11.2,hcp,,
7024,lapsed,early,missed,30,87,phone,high,0.9,direct_rx,1,cost_or_coverage
7025,lapsing,long_term,delayed,90,118,app,moderate,19.0,hcp,19,no_response
7026,on_track,stable,on time,90,8,app,low,11.8,direct_rx,,
7027,on_track,early,on time,60,45,app,low,1.4,hcp,,
7028,on_track,stable,on time,60,22,app,moderate,10.0,hcp,,
7029,on_track,stable,on time,30,10,app,moderate,11.2,direct_rx,,
7030,lapsing,early,delayed,30,43,none,high,2.4,hcp,3,not_working
7031,on_track,long_term,on time,30,15,phone,low,22.3,direct_rx,,
7032,on_track,stable,on time,90,0,phone,moderate,9.2,direct_rx,,
7033,on_track,early,on time,90,31,app,moderate,0.0,direct_rx,,
7034,on_track,early,on time,30,10,none,low,2.8,direct_rx,,
7035,lapsing,early,delayed,60,80,app,moderate,2.6,direct_rx,3,cost_or_coverage
7036,on_track,stable,on time,30,0,app,low,11.1,direct_rx,,
7037,on_track,early,on time,90,43,app,low,0.9,hcp,,
7038,lapsed,long_term,missed,60,110,app,moderate,27.5,direct_rx,26,no_response
7039,lapsing,stable,delayed,30,41,phone,moderate,9.5,direct_rx,10,forgot_or_routine
7040,on_track,stable,on time,30,17,app,low,10.7,direct_rx,,
7041,on_track,stable,on time,30,14,app,moderate,11.6,direct_rx,,
7042,on_track,early,on time,30,16,phone,moderate,0.4,direct_rx,,
7043,on_track,early,on time,90,68,app,low,0.4,direct_rx,,
7044,lapsed,early,missed,90,319,none,moderate,2.3,hcp,1,side_effects
7045,on_track,stable,on time,30,24,phone,moderate,11.4,direct_rx,,
7046,on_track,early,on time,30,5,phone,low,0.0,transfer,,
7047,lapsing,stable,delayed,90,118,phone,moderate,11.2,hcp,12,side_effects
7048,lapsing,stable,delayed,30,40,none,moderate,9.9,hcp,10,forgot_or_routine
7049,lapsing,stable,delayed,60,66,none,moderate,7.1,direct_rx,8,forgot_or_routine
7050,on_track,stable,on time,90,42,phone,low,10.1,direct_rx,,
7051,on_track,stable,on time,30,18,app,low,10.4,transfer,,
7052,lapsed,early,missed,60,181,app,high,0.8,direct_rx,1,side_effects
7053,on_track,stable,on time,90,17,app,low,11.3,transfer,,
7054,on_track,early,on time,30,5,phone,low,2.5,direct_rx,,
7055,lapsed,early,missed,30,69,phone,high,1.0,direct_rx,1,not_working
7056,lapsing,early,delayed,60,76,phone,moderate,0.5,transfer,1,no_response
7057,on_track,early,on time,60,1,phone,moderate,1.6,direct_rx,,
7058,lapsing,early,delayed,90,103,none,high,1.1,transfer,2,no_response
7059,on_track,stable,on time,60,11,none,low,8.3,direct_rx,,
7060,on_track,stable,on time,30,6,none,low,11.6,direct_rx,,
7061,on_track,early,on time,30,5,phone,moderate,1.8,direct_rx,,
7062,on_track,early,on time,30,12,none,low,1.6,direct_rx,,
7063,on_track,stable,on time,60,29,app,moderate,10.3,direct_rx,,
7064,lapsed,early,missed,30,73,none,high,0.6,transfer,1,not_working
7065,lapsed,long_term,missed,60,208,app,high,26.9,direct_rx,22,side_effects
7066,on_track,early,on time,30,18,app,moderate,1.7,hcp,,
7067,lapsing,stable,delayed,90,142,phone,moderate,3.9,transfer,4,forgot_or_routine
7068,on_track,long_term,on time,30,22,app,low,23.4,direct_rx,,
7069,on_track,early,on time,90,34,app,low,0.4,hcp,,
7070,on_track,long_term,on time,30,17,none,low,35.1,hcp,,
7071,lapsing,early,delayed,90,141,app,high,0.1,direct_rx,1,no_response
7072,lapsed,stable,missed,90,161,phone,high,4.6,hcp,3,no_response
7073,on_track,early,on time,60,10,phone,low,0.6,direct_rx,,
7074,on_track,stable,on time,30,7,app,low,10.7,hcp,,
7075,lapsed,stable,missed,30,60,app,high,6.2,direct_rx,6,side_effects
7076,lapsing,early,delayed,60,95,phone,moderate,2.7,hcp,3,not_working
7077,lapsing,early,delayed,30,32,app,high,1.2,hcp,2,side_effects
7078,lapsed,stable,missed,30,88,phone,moderate,6.7,direct_rx,5,forgot_or_routine
7079,on_track,early,on time,60,21,phone,low,1.7,hcp,,
7080,lapsed,early,missed,60,160,none,moderate,0.7,direct_rx,1,no_response
7081,lapsing,early,delayed,90,97,phone,moderate,1.2,direct_rx,2,forgot_or_routine
7082,lapsed,early,missed,30,103,app,high,0.1,transfer,1,forgot_or_routine
7083,on_track,long_term,on time,30,4,app,low,26.3,direct_rx,,
7084,lapsed,early,missed,30,110,phone,high,1.9,direct_rx,1,side_effects
7085,on_track,stable,on time,30,8,app,moderate,11.7,direct_rx,,
7086,lapsing,early,delayed,60,93,app,moderate,2.4,hcp,3,no_response
7087,on_track,early,on time,60,22,phone,low,1.6,direct_rx,,
7088,on_track,early,on time,30,1,none,low,1.1,direct_rx,,
7089,on_track,early,on time,90,23,phone,moderate,1.4,direct_rx,,
7090,on_track,early,on time,90,40,app,low,0.5,direct_rx,,
7091,on_track,early,on time,30,13,none,low,0.2,direct_rx,,
7092,lapsing,early,delayed,60,92,phone,high,0.4,hcp,1,forgot_or_routine
7093,on_track,stable,on time,90,8,app,low,10.6,hcp,,
7094,lapsed,early,missed,30,102,phone,high,2.2,direct_rx,1,cost_or_coverage
7095,lapsing,long_term,delayed,30,41,app,moderate,14.4,direct_rx,15,side_effects
7096,lapsed,early,missed,30,109,phone,moderate,1.6,direct_rx,1,cost_or_coverage
7097,on_track,long_term,on time,30,19,app,moderate,22.9,hcp,,
7098,lapsed,early,missed,90,210,app,moderate,0.5,hcp,1,cost_or_coverage
7099,on_track,long_term,on time,60,43,app,low,25.9,hcp,,
7100,on_track,stable,on time,60,26,phone,moderate,9.0,direct_rx,,
7101,on_track,early,on time,30,11,phone,low,1.8,hcp,,
7102,lapsing,early,delayed,30,36,app,moderate,0.5,direct_rx,1,not_working
7103,on_track,stable,on time,30,17,app,low,9.9,direct_rx,,
7104,on_track,stable,on time,90,38,app,low,11.2,hcp,,
7105,lapsed,early,missed,60,186,app,moderate,1.7,hcp,1,no_response
7106,lapsed,early,missed,30,60,app,high,2.8,hcp,2,not_working
7107,on_track,early,on time,30,18,phone,low,0.9,direct_rx,,
7108,on_track,early,on time,30,9,none,low,2.0,direct_rx,,
7109,on_track,early,on time,60,6,app,moderate,0.4,hcp,,
7110,on_track,early,on time,30,15,phone,low,1.6,direct_rx,,
7111,on_track,stable,on time,60,45,app,low,9.1,transfer,,
7112,on_track,long_term,on time,30,13,phone,moderate,16.6,hcp,,
7113,on_track,early,on time,60,24,none,moderate,1.2,transfer,,
7114,on_track,stable,on time,30,20,none,low,9.6,direct_rx,,
7115,on_track,long_term,on time,60,27,app,moderate,24.6,direct_rx,,
7116,on_track,stable,on time,30,1,phone,low,10.9,direct_rx,,
7117,on_track,early,on time,30,21,app,low,0.2,hcp,,
7118,on_track,stable,on time,30,22,phone,low,11.5,direct_rx,,
7119,lapsing,early,delayed,30,31,app,moderate,2.2,transfer,3,no_response
7120,on_track,stable,on time,30,7,app,moderate,10.8,direct_rx,,
7121,on_track,stable,on time,30,15,phone,moderate,10.8,direct_rx,,
7122,on_track,stable,on time,60,37,app,low,11.5,direct_rx,,
7123,lapsed,early,missed,30,120,phone,high,0.6,transfer,1,side_effects
7124,lapsing,early,delayed,30,43,none,high,2.7,direct_rx,3,cost_or_coverage
7125,lapsing,stable,delayed,30,36,app,moderate,3.2,transfer,4,forgot_or_routine
7126,lapsed,early,missed,60,192,app,moderate,0.8,hcp,1,cost_or_coverage
7127,lapsing,stable,delayed,90,110,none,high,7.3,transfer,8,side_effects
7128,on_track,early,on time,30,13,none,low,0.7,transfer,,
7129,on_track,long_term,on time,30,9,none,low,25.4,hcp,,
7130,lapsed,stable,missed,30,83,phone,high,5.0,direct_rx,4,side_effects
7131,lapsing,early,delayed,30,32,app,high,0.4,direct_rx,1,cost_or_coverage
7132,on_track,stable,on time,30,8,app,low,10.5,direct_rx,,
7133,lapsed,early,missed,30,73,app,high,2.5,hcp,2,no_response
7134,lapsing,long_term,delayed,60,96,none,moderate,32.1,direct_rx,33,forgot_or_routine
7135,on_track,early,on time,60,15,app,moderate,2.3,direct_rx,,
7136,lapsed,early,missed,90,333,app,high,1.5,hcp,1,not_working
7137,on_track,early,on time,60,22,phone,moderate,0.5,direct_rx,,
7138,on_track,stable,on time,30,17,none,low,6.5,direct_rx,,
7139,lapsing,early,delayed,90,120,app,moderate,2.9,direct_rx,3,no_response
7140,on_track,early,on time,30,15,phone,moderate,0.3,direct_rx,,
7141,on_track,long_term,on time,30,10,phone,low,29.2,direct_rx,,
7142,on_track,long_term,on time,90,24,app,low,20.6,hcp,,
7143,on_track,early,on time,30,15,none,moderate,1.2,hcp,,
7144,lapsed,early,missed,30,116,app,high,1.1,hcp,1,forgot_or_routine
7145,on_track,stable,on time,30,1,none,moderate,11.0,hcp,,
7146,lapsing,long_term,delayed,30,35,phone,high,22.9,hcp,23,felt_better
7147,lapsed,long_term,missed,30,109,none,moderate,17.7,direct_rx,16,felt_better
7148,on_track,stable,on time,90,33,app,moderate,11.7,transfer,,
7149,on_track,early,on time,30,2,app,moderate,1.5,hcp,,
7150,on_track,stable,on time,30,9,app,low,11.4,hcp,,
7151,on_track,stable,on time,30,8,none,low,11.0,direct_rx,,
7152,on_track,stable,on time,60,10,none,low,9.3,hcp,,
7153,lapsed,early,missed,60,197,none,high,2.7,direct_rx,1,side_effects
7154,lapsing,early,delayed,60,71,app,moderate,0.0,direct_rx,1,forgot_or_routine
7155,lapsing,early,delayed,30,31,app,moderate,0.7,hcp,1,no_response
7156,lapsed,early,missed,30,90,app,high,2.7,direct_rx,1,felt_better
7157,on_track,stable,on time,90,32,none,low,12.0,direct_rx,,
7158,on_track,early,on time,30,20,app,low,2.9,hcp,,
7159,on_track,stable,on time,60,41,app,low,11.6,direct_rx,,
7160,on_track,long_term,on time,30,7,none,low,14.4,hcp,,
7161,lapsing,long_term,delayed,30,33,app,moderate,16.1,direct_rx,17,side_effects
7162,lapsing,stable,delayed,30,37,app,high,5.3,hcp,6,forgot_or_routine
7163,lapsing,long_term,delayed,30,42,app,high,26.8,direct_rx,27,side_effects
7164,lapsing,stable,delayed,90,140,app,moderate,11.1,hcp,12,no_response
7165,on_track,stable,on time,60,23,phone,low,11.6,direct_rx,,
7166,lapsing,long_term,delayed,60,83,app,high,35.5,direct_rx,36,no_response
7167,on_track,early,on time,30,20,app,low,2.0,direct_rx,,
7168,lapsing,stable,delayed,60,66,phone,moderate,9.0,hcp,9,no_response
7169,on_track,stable,on time,30,6,phone,low,8.9,direct_rx,,
7170,lapsed,long_term,missed,30,66,app,moderate,24.6,direct_rx,24,side_effects
7171,lapsed,early,missed,90,187,none,high,1.1,hcp,1,side_effects
7172,on_track,long_term,on time,30,6,app,low,14.8,direct_rx,,
7173,on_track,early,on time,60,36,phone,low,2.1,direct_rx,,
7174,lapsing,stable,delayed,30,37,app,moderate,4.3,direct_rx,5,cost_or_coverage
7175,on_track,early,on time,30,21,none,low,0.8,direct_rx,,
7176,on_track,stable,on time,60,17,none,low,11.8,direct_rx,,
7177,on_track,stable,on time,60,34,phone,moderate,10.3,direct_rx,,
7178,lapsed,stable,missed,30,74,app,high,9.4,direct_rx,8,no_response
7179,on_track,stable,on time,90,9,phone,moderate,11.6,transfer,,
7180,on_track,stable,on time,30,23,app,moderate,11.2,direct_rx,,
7181,on_track,early,on time,30,4,phone,low,0.1,transfer,,
7182,on_track,early,on time,30,13,none,moderate,1.7,direct_rx,,
7183,lapsed,early,missed,60,162,phone,moderate,2.7,direct_rx,1,side_effects
7184,on_track,stable,on time,60,19,phone,low,11.2,hcp,,
7185,lapsing,early,delayed,90,138,app,moderate,1.5,direct_rx,2,side_effects
7186,on_track,stable,on time,60,29,phone,low,10.1,direct_rx,,
7187,on_track,long_term,on time,30,24,app,low,20.7,hcp,,
7188,on_track,long_term,on time,60,25,phone,low,13.0,transfer,,
7189,on_track,early,on time,30,23,phone,low,1.0,direct_rx,,
7190,lapsing,stable,delayed,60,73,app,high,5.1,direct_rx,6,no_response
7191,on_track,stable,on time,30,2,none,low,11.7,hcp,,
7192,lapsing,early,delayed,60,67,app,high,1.4,hcp,2,forgot_or_routine
7193,on_track,early,on time,30,13,phone,low,1.5,transfer,,
7194,on_track,long_term,on time,30,17,app,low,15.4,direct_rx,,
7195,on_track,stable,on time,30,16,none,moderate,11.5,direct_rx,,
7196,on_track,stable,on time,90,16,app,low,10.6,direct_rx,,
7197,on_track,long_term,on time,30,11,none,low,35.0,direct_rx,,
7198,on_track,early,on time,30,24,app,low,2.4,direct_rx,,
7199,on_track,stable,on time,90,24,app,low,11.7,hcp,,
7200,on_track,stable,on time,30,22,phone,low,10.4,hcp,,
7201,on_track,early,on time,30,8,phone,low,1.2,direct_rx,,
7202,on_track,long_term,on time,30,24,phone,moderate,26.5,hcp,,
7203,lapsing,stable,delayed,30,31,none,moderate,11.1,direct_rx,12,forgot_or_routine
7204,on_track,stable,on time,30,12,app,moderate,10.8,hcp,,
7205,on_track,long_term,on time,60,45,app,low,15.0,hcp,,
7206,lapsing,stable,delayed,30,35,app,moderate,10.9,direct_rx,11,felt_better
7207,on_track,long_term,on time,30,19,app,low,21.0,direct_rx,,
7208,on_track,stable,on time,90,40,phone,low,10.4,direct_rx,,
7209,on_track,stable,on time,30,5,phone,low,11.7,hcp,,
7210,on_track,stable,on time,60,37,none,low,11.6,direct_rx,,
7211,lapsed,stable,missed,30,61,phone,high,5.9,transfer,5,cost_or_coverage
7212,on_track,early,on time,60,44,none,moderate,3.0,direct_rx,,
7213,lapsing,early,delayed,30,44,app,moderate,0.4,hcp,1,no_response
7214,on_track,long_term,on time,60,32,phone,low,19.4,direct_rx,,
7215,on_track,early,on time,30,20,app,moderate,0.9,hcp,,
7216,on_track,early,on time,90,26,phone,low,1.0,direct_rx,,
7217,on_track,early,on time,90,19,app,low,0.5,direct_rx,,
7218,on_track,long_term,on time,30,8,none,low,12.9,direct_rx,,
7219,on_track,stable,on time,30,11,app,low,11.1,direct_rx,,
7220,on_track,long_term,on time,30,2,phone,moderate,14.3,hcp,,
7221,lapsing,early,delayed,90,115,phone,moderate,0.8,hcp,1,no_response
7222,on_track,early,on time,60,25,phone,low,1.8,transfer,,
7223,on_track,early,on time,60,12,phone,low,1.8,direct_rx,,
7224,on_track,stable,on time,30,10,phone,moderate,10.1,direct_rx,,
7225,lapsing,stable,delayed,30,34,phone,moderate,3.2,direct_rx,4,not_working
7226,on_track,stable,on time,60,42,app,moderate,11.9,hcp,,
7227,on_track,long_term,on time,30,11,none,low,32.0,direct_rx,,
7228,lapsing,stable,delayed,90,123,phone,high,3.5,direct_rx,4,cost_or_coverage
7229,on_track,stable,on time,30,24,phone,moderate,11.4,hcp,,
7230,on_track,long_term,on time,30,17,app,moderate,33.5,hcp,,
7231,on_track,early,on time,30,17,phone,moderate,1.0,hcp,,
7232,on_track,stable,on time,30,19,phone,low,12.0,hcp,,
7233,on_track,long_term,on time,30,6,phone,moderate,20.7,direct_rx,,
7234,on_track,stable,on time,30,14,app,low,9.5,direct_rx,,
7235,on_track,stable,on time,90,17,phone,moderate,11.9,direct_rx,,
7236,on_track,early,on time,30,0,app,low,0.6,direct_rx,,
7237,on_track,stable,on time,60,16,phone,low,11.8,direct_rx,,
7238,on_track,stable,on time,30,4,none,low,8.1,hcp,,
7239,lapsed,early,missed,60,210,none,high,1.8,direct_rx,1,no_response
7240,on_track,long_term,on time,60,2,app,moderate,14.8,hcp,,
7241,on_track,stable,on time,30,8,app,low,10.5,direct_rx,,
7242,on_track,long_term,on time,30,5,phone,low,31.8,direct_rx,,
7243,on_track,stable,on time,30,5,phone,low,10.1,direct_rx,,
7244,on_track,stable,on time,30,6,app,low,11.3,direct_rx,,
7245,on_track,stable,on time,60,27,app,low,10.5,hcp,,
7246,on_track,early,on time,30,17,phone,low,2.8,hcp,,
7247,on_track,stable,on time,30,18,phone,low,11.6,direct_rx,,
7248,on_track,early,on time,90,55,phone,low,1.5,direct_rx,,
7249,lapsing,stable,delayed,30,39,app,moderate,9.9,direct_rx,10,forgot_or_routine
7250,lapsed,early,missed,30,59,app,high,2.4,direct_rx,2,no_response
7251,on_track,long_term,on time,60,4,phone,low,20.7,hcp,,
7252,on_track,stable,on time,30,16,phone,low,9.3,direct_rx,,
7253,lapsing,early,delayed,30,41,app,high,2.5,direct_rx,3,side_effects
7254,on_track,stable,on time,60,39,app,low,9.2,direct_rx,,
7255,on_track,stable,on time,30,9,app,low,8.7,hcp,,
7256,on_track,early,on time,90,67,app,moderate,1.4,hcp,,
7257,on_track,early,on time,30,20,app,moderate,2.6,hcp,,
7258,on_track,stable,on time,30,2,phone,low,10.4,hcp,,
7259,on_track,long_term,on time,30,4,phone,low,30.3,direct_rx,,
7260,lapsing,stable,delayed,90,97,phone,moderate,4.7,hcp,5,cost_or_coverage
7261,lapsing,long_term,delayed,60,87,phone,high,31.5,direct_rx,32,no_response
7262,on_track,stable,on time,60,16,app,moderate,9.0,direct_rx,,
7263,lapsing,early,delayed,30,46,none,moderate,0.5,direct_rx,1,no_response
7264,lapsed,early,missed,30,73,app,moderate,3.0,direct_rx,2,no_response
7265,lapsed,early,missed,30,70,app,moderate,1.4,hcp,1,not_working
7266,lapsed,stable,missed,90,193,phone,high,8.1,hcp,5,side_effects
7267,on_track,early,on time,30,16,phone,low,2.6,direct_rx,,
7268,lapsing,stable,delayed,30,48,phone,moderate,4.0,hcp,4,cost_or_coverage
7269,on_track,early,on time,90,13,none,moderate,0.4,hcp,,
7270,on_track,early,on time,30,4,phone,low,0.4,transfer,,
7271,lapsing,stable,delayed,30,36,phone,moderate,6.5,direct_rx,7,felt_better
7272,on_track,stable,on time,90,40,phone,moderate,11.3,transfer,,
7273,on_track,early,on time,30,8,none,low,0.3,direct_rx,,
7274,on_track,long_term,on time,30,15,app,moderate,28.7,direct_rx,,
7275,lapsing,early,delayed,30,36,phone,moderate,0.1,direct_rx,1,side_effects
7276,on_track,stable,on time,90,36,phone,low,10.5,hcp,,
7277,on_track,stable,on time,90,23,app,low,8.8,hcp,,
7278,on_track,long_term,on time,90,13,phone,low,20.3,direct_rx,,
7279,lapsed,early,missed,90,292,none,high,0.1,hcp,1,side_effects
7280,on_track,long_term,on time,90,57,app,low,20.0,transfer,,
7281,on_track,early,on time,30,1,app,low,2.7,hcp,,
7282,on_track,long_term,on time,60,18,app,low,18.0,direct_rx,,
7283,on_track,stable,on time,90,69,phone,low,11.9,transfer,,
7284,lapsing,stable,delayed,30,44,phone,moderate,7.3,hcp,8,no_response
7285,on_track,early,on time,60,44,phone,moderate,1.9,hcp,,
7286,on_track,long_term,on time,90,53,app,moderate,20.9,hcp,,
7287,on_track,stable,on time,60,39,app,moderate,11.7,hcp,,
7288,lapsed,stable,missed,30,84,none,high,11.5,transfer,10,forgot_or_routine
7289,lapsed,stable,missed,60,167,none,high,8.8,hcp,6,cost_or_coverage
7290,lapsing,early,delayed,30,34,app,moderate,2.9,hcp,3,side_effects
7291,lapsed,early,missed,30,58,phone,high,2.3,hcp,2,no_response
7292,lapsed,early,missed,30,75,phone,moderate,2.8,direct_rx,2,cost_or_coverage
7293,on_track,early,on time,30,22,phone,low,0.6,hcp,,
7294,lapsing,stable,delayed,30,48,app,moderate,5.8,direct_rx,6,cost_or_coverage
7295,on_track,early,on time,90,52,none,moderate,1.5,hcp,,
7296,on_track,early,on time,30,0,app,low,2.6,hcp,,
7297,lapsing,early,delayed,90,105,none,high,2.9,direct_rx,3,cost_or_coverage
7298,lapsing,early,delayed,30,38,app,moderate,0.3,direct_rx,1,side_effects
7299,lapsing,early,delayed,90,96,app,moderate,2.3,direct_rx,3,no_response
7300,lapsing,stable,delayed,30,46,app,high,3.3,direct_rx,4,cost_or_coverage
7301,on_track,stable,on time,60,35,app,low,11.5,transfer,,
7302,lapsing,early,delayed,30,41,none,moderate,0.2,direct_rx,1,side_effects
7303,lapsing,early,delayed,90,110,app,moderate,2.9,direct_rx,3,not_working
7304,on_track,early,on time,30,8,phone,low,1.1,direct_rx,,
7305,lapsed,stable,missed,30,72,phone,high,8.5,direct_rx,8,side_effects
7306,on_track,stable,on time,90,51,phone,low,12.0,direct_rx,,
7307,lapsing,early,delayed,30,36,phone,high,0.1,direct_rx,1,side_effects
7308,lapsing,early,delayed,90,136,phone,moderate,0.2,transfer,1,side_effects
7309,on_track,long_term,on time,30,6,phone,moderate,35.5,transfer,,
7310,lapsed,early,missed,30,65,app,high,2.7,direct_rx,2,cost_or_coverage
7311,on_track,early,on time,90,42,app,low,1.0,direct_rx,,
7312,lapsing,stable,delayed,30,41,phone,moderate,6.2,direct_rx,7,felt_better
7313,lapsing,early,delayed,30,39,app,high,3.0,direct_rx,3,no_response
7314,lapsing,early,delayed,30,37,none,moderate,1.8,direct_rx,2,forgot_or_routine
7315,on_track,stable,on time,60,26,app,moderate,11.9,transfer,,
7316,on_track,stable,on time,60,20,none,low,11.9,direct_rx,,
7317,on_track,stable,on time,30,11,phone,low,11.4,hcp,,
7318,on_track,stable,on time,30,11,phone,moderate,9.0,hcp,,
7319,on_track,stable,on time,90,44,phone,low,10.2,hcp,,
7320,on_track,stable,on time,30,3,app,low,11.1,hcp,,
7321,on_track,early,on time,30,22,none,moderate,0.1,direct_rx,,
7322,lapsed,early,missed,90,246,phone,high,0.9,direct_rx,1,side_effects
7323,lapsing,early,delayed,60,91,app,moderate,1.6,direct_rx,2,forgot_or_routine
7324,on_track,early,on time,90,22,app,low,1.9,hcp,,
7325,lapsing,early,delayed,30,47,app,moderate,0.2,direct_rx,1,forgot_or_routine
7326,lapsing,early,delayed,30,32,phone,moderate,2.2,direct_rx,3,not_working
7327,on_track,long_term,on time,60,48,none,moderate,16.1,hcp,,
7328,on_track,early,on time,60,41,none,moderate,2.3,direct_rx,,
7329,on_track,stable,on time,60,28,app,low,10.0,direct_rx,,
7330,on_track,stable,on time,30,14,phone,low,9.9,direct_rx,,
7331,lapsing,stable,delayed,60,65,none,high,5.9,direct_rx,6,side_effects
7332,on_track,early,on time,30,10,app,low,1.0,direct_rx,,
7333,lapsing,early,delayed,60,71,none,moderate,2.2,direct_rx,3,cost_or_coverage
7334,lapsing,early,delayed,60,78,phone,moderate,1.4,hcp,2,felt_better
7335,lapsed,early,missed,30,101,phone,moderate,0.7,hcp,1,no_response
7336,on_track,stable,on time,30,11,none,moderate,9.8,hcp,,
7337,on_track,stable,on time,90,56,app,low,8.8,direct_rx,,
7338,on_track,long_term,on time,90,23,none,low,24.1,direct_rx,,
7339,on_track,early,on time,60,18,phone,low,0.2,hcp,,
7340,on_track,stable,on time,30,16,app,low,9.1,direct_rx,,
7341,lapsed,early,missed,30,113,none,moderate,2.9,direct_rx,1,no_response
7342,on_track,stable,on time,60,3,app,moderate,7.2,transfer,,
7343,lapsing,early,delayed,30,42,app,moderate,0.0,transfer,1,forgot_or_routine
7344,on_track,stable,on time,60,44,phone,low,11.6,transfer,,
7345,on_track,early,on time,90,59,app,moderate,1.6,direct_rx,,
7346,on_track,stable,on time,30,3,none,low,12.0,transfer,,
7347,lapsed,early,missed,30,91,app,moderate,0.3,direct_rx,1,cost_or_coverage
7348,on_track,long_term,on time,30,10,app,low,31.4,transfer,,
7349,lapsing,early,delayed,90,117,app,moderate,1.7,transfer,2,no_response
7350,on_track,stable,on time,30,9,phone,moderate,8.9,direct_rx,,
7351,on_track,stable,on time,30,0,app,low,11.9,direct_rx,,
7352,on_track,early,on time,30,1,phone,low,0.8,transfer,,
7353,lapsed,stable,missed,30,70,app,high,4.1,hcp,3,not_working
7354,on_track,long_term,on time,60,16,none,low,15.0,transfer,,
7355,on_track,early,on time,90,22,app,moderate,2.2,direct_rx,,
7356,on_track,stable,on time,90,42,phone,low,9.0,direct_rx,,
7357,lapsing,stable,delayed,30,32,app,moderate,3.6,direct_rx,4,cost_or_coverage
7358,on_track,stable,on time,30,6,phone,moderate,10.8,hcp,,
7359,on_track,early,on time,30,10,phone,low,1.5,direct_rx,,
7360,on_track,stable,on time,90,43,app,low,10.4,direct_rx,,
7361,lapsing,early,delayed,30,37,phone,high,0.5,direct_rx,1,not_working
7362,lapsed,early,missed,30,100,none,high,2.2,hcp,1,no_response
7363,on_track,stable,on time,60,5,none,low,11.8,hcp,,
7364,lapsed,early,missed,30,55,app,high,2.8,hcp,2,cost_or_coverage
7365,on_track,long_term,on time,30,15,phone,low,23.3,direct_rx,,
7366,lapsing,early,delayed,30,38,phone,high,2.0,hcp,2,side_effects
7367,on_track,long_term,on time,30,6,none,moderate,31.4,direct_rx,,
7368,on_track,early,on time,30,1,none,moderate,0.4,direct_rx,,
7369,on_track,stable,on time,30,12,none,low,9.9,direct_rx,,
7370,on_track,stable,on time,30,3,app,moderate,11.1,transfer,,
7371,on_track,early,on time,60,10,app,low,2.4,direct_rx,,
7372,on_track,stable,on time,90,59,phone,moderate,11.3,hcp,,
7373,on_track,long_term,on time,30,17,none,moderate,30.9,hcp,,
7374,on_track,early,on time,30,24,app,moderate,2.1,direct_rx,,
7375,on_track,early,on time,30,13,phone,low,2.2,direct_rx,,
7376,on_track,stable,on time,60,20,app,low,10.2,transfer,,
7377,on_track,early,on time,30,5,phone,low,0.3,hcp,,
7378,on_track,long_term,on time,30,14,phone,moderate,24.7,hcp,,
7379,on_track,stable,on time,30,17,phone,low,11.6,direct_rx,,
7380,lapsing,early,delayed,30,38,none,moderate,0.7,direct_rx,1,forgot_or_routine
7381,on_track,stable,on time,30,8,app,moderate,11.0,direct_rx,,
7382,lapsing,early,delayed,30,39,app,high,2.2,hcp,3,no_response
7383,on_track,stable,on time,90,2,none,low,11.8,direct_rx,,
7384,on_track,early,on time,30,18,phone,low,2.2,direct_rx,,
7385,on_track,early,on time,90,42,app,moderate,0.4,direct_rx,,
7386,on_track,long_term,on time,30,3,app,moderate,23.8,direct_rx,,
7387,on_track,long_term,on time,90,70,phone,low,14.2,transfer,,
7388,on_track,stable,on time,90,71,app,moderate,12.0,hcp,,
7389,lapsed,stable,missed,30,72,none,moderate,3.9,direct_rx,3,cost_or_coverage
7390,on_track,long_term,on time,60,16,app,low,20.8,hcp,,
7391,on_track,long_term,on time,60,35,app,low,19.5,direct_rx,,
7392,on_track,early,on time,60,31,app,moderate,0.3,hcp,,
7393,on_track,stable,on time,30,4,app,moderate,11.1,hcp,,
7394,on_track,early,on time,30,12,app,low,1.9,direct_rx,,
7395,lapsing,early,delayed,30,45,app,moderate,1.3,hcp,2,side_effects
7396,on_track,early,on time,30,17,app,moderate,1.1,transfer,,
7397,lapsed,long_term,missed,30,82,app,moderate,17.0,hcp,16,cost_or_coverage
7398,on_track,early,on time,30,17,app,moderate,0.1,transfer,,
7399,on_track,stable,on time,60,24,phone,moderate,12.0,direct_rx,,
7400,lapsing,long_term,delayed,30,35,phone,high,18.0,direct_rx,18,cost_or_coverage
7401,lapsing,stable,delayed,90,111,phone,moderate,4.7,direct_rx,5,cost_or_coverage
7402,on_track,stable,on time,30,22,phone,moderate,7.5,direct_rx,,
7403,on_track,early,on time,30,19,phone,moderate,2.9,hcp,,
7404,lapsing,early,delayed,30,47,app,moderate,1.0,hcp,1,no_response
7405,lapsed,stable,missed,30,60,app,moderate,3.1,direct_rx,3,forgot_or_routine
7406,on_track,stable,on time,60,15,app,low,11.1,transfer,,
7407,on_track,stable,on time,90,63,app,low,11.7,direct_rx,,
7408,lapsing,early,delayed,30,31,app,moderate,2.6,transfer,3,not_working
7409,on_track,stable,on time,30,16,none,low,8.7,direct_rx,,
7410,lapsing,early,delayed,30,45,app,high,1.6,direct_rx,2,no_response
7411,lapsing,early,delayed,60,96,none,moderate,1.5,direct_rx,2,side_effects
7412,lapsing,early,delayed,90,102,app,moderate,1.0,direct_rx,1,no_response
7413,on_track,early,on time,60,23,none,moderate,2.4,direct_rx,,
7414,lapsed,stable,missed,90,245,app,moderate,3.5,hcp,1,not_working
7415,on_track,stable,on time,30,10,phone,moderate,11.6,direct_rx,,
7416,lapsing,early,delayed,30,46,app,moderate,0.1,transfer,1,not_working
7417,lapsing,long_term,delayed,90,126,phone,high,19.3,hcp,20,no_response
7418,on_track,long_term,on time,90,58,app,low,22.1,direct_rx,,
7419,on_track,early,on time,60,46,app,low,0.4,hcp,,
7420,lapsing,early,delayed,30,31,phone,high,2.1,hcp,3,no_response
7421,on_track,stable,on time,30,15,app,moderate,10.9,direct_rx,,
7422,on_track,stable,on time,30,6,none,moderate,10.1,direct_rx,,
7423,on_track,stable,on time,30,20,phone,low,11.1,direct_rx,,
7424,on_track,long_term,on time,90,65,none,low,32.6,hcp,,
7425,on_track,early,on time,30,7,app,low,2.9,transfer,,
7426,lapsing,long_term,delayed,90,113,none,moderate,30.1,direct_rx,31,no_response
7427,lapsing,early,delayed,90,143,phone,moderate,1.6,direct_rx,2,side_effects
7428,on_track,early,on time,30,21,none,low,2.2,direct_rx,,
7429,on_track,long_term,on time,30,18,app,moderate,35.0,direct_rx,,
7430,lapsing,long_term,delayed,30,45,phone,high,34.1,direct_rx,35,forgot_or_routine
7431,on_track,stable,on time,60,4,app,low,11.2,transfer,,
7432,on_track,long_term,on time,30,24,phone,moderate,20.7,hcp,,
7433,lapsing,stable,delayed,90,114,phone,moderate,3.8,direct_rx,4,cost_or_coverage
7434,on_track,long_term,on time,30,16,none,low,35.3,direct_rx,,
7435,lapsed,early,missed,30,81,app,high,0.8,direct_rx,1,not_working
7436,lapsing,early,delayed,30,38,phone,high,2.0,hcp,2,not_working
7437,lapsing,early,delayed,30,45,none,moderate,0.0,direct_rx,1,forgot_or_routine
7438,lapsed,long_term,missed,90,299,app,moderate,31.2,direct_rx,25,side_effects
7439,on_track,long_term,on time,90,37,phone,low,29.5,direct_rx,,
7440,on_track,long_term,on time,60,17,app,moderate,12.8,transfer,,
7441,on_track,early,on time,90,35,app,low,2.8,direct_rx,,
7442,on_track,stable,on time,30,14,app,moderate,11.5,hcp,,
7443,on_track,early,on time,90,43,phone,low,2.3,hcp,,
7444,on_track,stable,on time,30,17,app,low,9.9,hcp,,
7445,on_track,long_term,on time,30,8,none,low,30.2,hcp,,
7446,lapsed,early,missed,30,59,none,high,1.6,hcp,1,no_response
7447,lapsed,early,missed,60,146,phone,high,2.9,direct_rx,1,side_effects
7448,lapsing,long_term,delayed,30,41,phone,moderate,21.2,direct_rx,22,no_response
7449,lapsed,stable,missed,60,212,none,moderate,7.7,direct_rx,3,side_effects
7450,on_track,long_term,on time,30,1,phone,moderate,18.6,hcp,,
7451,lapsed,early,missed,30,109,app,high,1.0,hcp,1,no_response
7452,lapsed,early,missed,60,106,phone,high,2.0,hcp,1,not_working
7453,lapsing,early,delayed,90,104,app,moderate,2.5,direct_rx,3,side_effects
7454,lapsed,stable,missed,60,164,app,high,3.2,transfer,1,no_response
7455,on_track,long_term,on time,30,21,phone,low,31.5,direct_rx,,
7456,on_track,stable,on time,30,22,phone,low,10.9,hcp,,
7457,on_track,stable,on time,30,2,phone,low,10.7,direct_rx,,
7458,on_track,stable,on time,30,2,phone,low,11.7,direct_rx,,
7459,on_track,early,on time,30,8,phone,moderate,0.6,direct_rx,,
7460,on_track,stable,on time,30,16,phone,low,12.0,direct_rx,,
7461,on_track,long_term,on time,30,20,phone,low,17.6,direct_rx,,
7462,on_track,stable,on time,30,21,app,moderate,10.5,hcp,,
7463,on_track,early,on time,30,19,app,moderate,0.4,transfer,,
7464,on_track,long_term,on time,30,4,phone,low,17.4,direct_rx,,
7465,on_track,stable,on time,60,28,phone,low,10.2,hcp,,
7466,on_track,early,on time,60,15,app,low,1.2,direct_rx,,
7467,on_track,stable,on time,30,6,phone,low,10.9,direct_rx,,
7468,lapsed,early,missed,30,74,phone,high,1.5,direct_rx,1,cost_or_coverage
7469,on_track,stable,on time,30,18,app,low,9.9,direct_rx,,
7470,lapsing,early,delayed,30,37,phone,high,0.4,hcp,1,forgot_or_routine
7471,on_track,long_term,on time,60,1,app,low,12.1,direct_rx,,
7472,on_track,stable,on time,30,1,app,low,10.5,hcp,,
7473,on_track,stable,on time,60,24,phone,low,9.8,direct_rx,,
7474,lapsing,early,delayed,30,36,app,high,2.1,direct_rx,3,not_working
7475,on_track,long_term,on time,30,3,phone,low,13.6,transfer,,
7476,on_track,long_term,on time,90,36,none,low,24.7,direct_rx,,
7477,on_track,long_term,on time,90,21,phone,moderate,18.5,hcp,,
7478,lapsed,long_term,missed,30,106,phone,high,31.2,direct_rx,29,forgot_or_routine
7479,on_track,early,on time,30,14,app,low,1.9,direct_rx,,
7480,on_track,long_term,on time,30,21,app,moderate,12.3,hcp,,
7481,on_track,stable,on time,30,4,phone,low,11.9,direct_rx,,
7482,on_track,stable,on time,30,15,phone,moderate,11.6,direct_rx,,
7483,on_track,stable,on time,30,24,phone,low,11.4,hcp,,
7484,on_track,early,on time,30,12,app,low,2.0,direct_rx,,
7485,lapsing,early,delayed,30,38,app,moderate,1.3,transfer,2,no_response
7486,on_track,long_term,on time,30,7,app,low,33.0,direct_rx,,
7487,lapsed,early,missed,30,86,app,moderate,2.4,hcp,1,forgot_or_routine
7488,lapsed,early,missed,90,176,app,high,2.6,direct_rx,1,side_effects
7489,on_track,stable,on time,30,16,app,low,8.4,direct_rx,,
7490,lapsed,stable,missed,30,64,phone,high,6.3,transfer,6,cost_or_coverage
7491,lapsing,early,delayed,90,133,phone,moderate,0.3,hcp,1,no_response
7492,lapsing,early,delayed,30,39,app,moderate,1.9,hcp,2,no_response
7493,lapsing,early,delayed,30,40,app,moderate,1.5,hcp,2,no_response
7494,on_track,stable,on time,30,14,app,moderate,10.4,hcp,,
7495,on_track,stable,on time,90,52,app,low,10.8,direct_rx,,
7496,on_track,stable,on time,30,5,app,low,12.0,direct_rx,,
7497,on_track,stable,on time,30,1,app,low,9.7,direct_rx,,
7498,lapsing,early,delayed,90,109,app,moderate,1.1,transfer,2,side_effects
7499,lapsing,early,delayed,30,48,app,moderate,0.4,direct_rx,1,no_response
7500,lapsing,early,delayed,30,32,none,moderate,0.8,transfer,1,side_effects
7501,on_track,early,on time,30,0,app,moderate,2.5,direct_rx,,
7502,on_track,long_term,on time,90,62,app,low,33.5,direct_rx,,
7503,on_track,stable,on time,60,35,phone,moderate,10.5,hcp,,
7504,on_track,early,on time,30,21,none,low,3.0,direct_rx,,
7505,on_track,long_term,on time,30,14,phone,low,35.1,hcp,,
7506,on_track,early,on time,90,24,none,moderate,1.8,direct_rx,,
7507,on_track,early,on time,30,16,phone,low,1.0,direct_rx,,
7508,on_track,stable,on time,30,0,none,low,11.6,direct_rx,,
7509,lapsed,early,missed,90,301,app,high,0.5,direct_rx,1,side_effects
7510,on_track,stable,on time,30,0,phone,low,6.9,hcp,,
7511,on_track,stable,on time,60,8,phone,moderate,9.6,direct_rx,,
7512,on_track,stable,on time,60,32,phone,moderate,11.4,direct_rx,,
7513,on_track,early,on time,30,19,app,moderate,0.3,direct_rx,,
7514,lapsing,early,delayed,30,44,phone,high,1.7,direct_rx,2,cost_or_coverage
7515,lapsed,early,missed,90,290,app,moderate,0.7,direct_rx,1,not_working
7516,on_track,stable,on time,30,20,phone,low,8.7,direct_rx,,
7517,lapsing,early,delayed,30,37,phone,high,1.2,direct_rx,2,forgot_or_routine
7518,on_track,stable,on time,90,60,none,low,11.1,hcp,,
7519,lapsing,early,delayed,30,31,phone,moderate,1.6,transfer,2,side_effects
7520,on_track,stable,on time,60,22,app,low,11.2,direct_rx,,
7521,on_track,stable,on time,30,19,phone,low,10.6,direct_rx,,
7522,lapsing,stable,delayed,30,42,phone,high,10.2,direct_rx,11,felt_better
7523,lapsing,early,delayed,60,68,app,moderate,2.9,direct_rx,3,not_working
7524,on_track,long_term,on time,60,3,app,low,15.0,hcp,,
7525,on_track,long_term,on time,30,21,app,low,17.5,hcp,,
7526,on_track,stable,on time,30,5,app,moderate,9.8,direct_rx,,
7527,on_track,early,on time,60,11,app,moderate,0.2,direct_rx,,
7528,lapsed,early,missed,90,352,app,moderate,1.4,hcp,1,no_response
7529,on_track,stable,on time,30,3,none,low,11.2,direct_rx,,
7530,on_track,early,on time,30,7,app,moderate,0.2,direct_rx,,
7531,on_track,early,on time,60,3,none,low,0.7,direct_rx,,
7532,on_track,early,on time,60,17,phone,moderate,0.8,direct_rx,,
7533,lapsed,stable,missed,30,118,none,high,6.1,transfer,4,side_effects
7534,lapsing,early,delayed,30,38,none,high,1.1,direct_rx,2,no_response
7535,on_track,long_term,on time,30,3,app,low,14.6,hcp,,
7536,on_track,stable,on time,90,6,app,low,11.7,direct_rx,,
7537,on_track,early,on time,30,6,phone,low,1.5,direct_rx,,
7538,on_track,early,on time,60,7,app,moderate,2.7,hcp,,
7539,lapsing,early,delayed,90,93,phone,high,2.1,direct_rx,3,no_response
7540,lapsing,early,delayed,60,70,app,moderate,2.7,transfer,3,no_response
7541,on_track,stable,on time,90,10,app,moderate,11.4,hcp,,
7542,on_track,early,on time,60,32,app,low,1.0,hcp,,
7543,on_track,stable,on time,30,14,none,moderate,11.8,direct_rx,,
7544,on_track,stable,on time,30,11,phone,low,11.1,hcp,,
7545,on_track,stable,on time,30,23,app,moderate,9.8,hcp,,
7546,on_track,stable,on time,60,46,app,moderate,10.6,transfer,,
7547,lapsing,early,delayed,30,35,none,moderate,2.7,direct_rx,3,cost_or_coverage
7548,on_track,stable,on time,30,12,none,moderate,11.2,direct_rx,,
7549,lapsed,early,missed,60,168,none,high,1.0,direct_rx,1,side_effects
7550,on_track,stable,on time,30,16,app,low,11.4,hcp,,
7551,on_track,early,on time,90,68,none,low,0.8,direct_rx,,
7552,on_track,stable,on time,60,5,app,low,11.5,transfer,,
7553,lapsing,early,delayed,30,37,app,moderate,1.6,transfer,2,cost_or_coverage
7554,lapsing,long_term,delayed,90,94,app,moderate,21.9,transfer,22,felt_better
7555,on_track,stable,on time,30,2,phone,low,7.7,direct_rx,,
7556,on_track,early,on time,90,3,none,moderate,1.0,direct_rx,,
7557,lapsed,stable,missed,30,85,app,high,10.0,direct_rx,9,side_effects
7558,on_track,stable,on time,30,17,app,moderate,12.0,hcp,,
7559,lapsing,early,delayed,30,37,app,high,1.1,hcp,2,not_working
7560,on_track,early,on time,60,25,phone,low,2.7,direct_rx,,
7561,on_track,stable,on time,30,1,app,moderate,9.5,direct_rx,,
7562,on_track,long_term,on time,60,30,phone,low,16.1,direct_rx,,
7563,lapsing,early,delayed,30,45,app,high,1.4,direct_rx,2,side_effects
7564,on_track,stable,on time,90,60,none,low,11.2,direct_rx,,
7565,on_track,stable,on time,60,42,phone,low,11.3,transfer,,
7566,lapsing,stable,delayed,30,34,phone,moderate,8.0,direct_rx,8,not_working
7567,on_track,stable,on time,30,23,none,low,11.8,hcp,,
7568,on_track,stable,on time,30,8,none,low,11.9,direct_rx,,
7569,on_track,stable,on time,90,48,none,low,11.6,direct_rx,,
7570,on_track,early,on time,90,3,phone,low,0.9,hcp,,
7571,on_track,long_term,on time,90,65,app,moderate,13.8,direct_rx,,
7572,on_track,early,on time,30,16,app,moderate,0.3,hcp,,
7573,lapsed,early,missed,30,52,app,high,0.2,direct_rx,1,side_effects
7574,on_track,stable,on time,30,11,phone,moderate,11.4,hcp,,
7575,lapsing,early,delayed,30,41,app,moderate,0.3,direct_rx,1,not_working
7576,on_track,long_term,on time,30,8,phone,moderate,13.2,hcp,,
7577,lapsing,early,delayed,60,85,app,moderate,0.9,direct_rx,1,not_working
7578,lapsed,early,missed,30,68,phone,high,1.4,direct_rx,1,cost_or_coverage
7579,lapsing,early,delayed,30,45,app,moderate,2.3,transfer,3,forgot_or_routine
7580,lapsing,early,delayed,90,106,app,moderate,2.9,direct_rx,3,no_response
7581,on_track,stable,on time,30,8,app,moderate,12.0,direct_rx,,
7582,lapsing,stable,delayed,60,74,phone,moderate,3.6,direct_rx,4,cost_or_coverage
7583,lapsing,early,delayed,30,47,none,moderate,0.9,transfer,1,side_effects
7584,lapsing,early,delayed,30,41,app,high,1.0,direct_rx,1,cost_or_coverage
7585,on_track,stable,on time,60,12,app,moderate,11.8,direct_rx,,
7586,lapsing,early,delayed,30,48,app,high,0.7,direct_rx,1,side_effects
7587,on_track,stable,on time,30,23,app,low,11.0,hcp,,
7588,on_track,early,on time,30,0,none,moderate,0.7,direct_rx,,
7589,on_track,long_term,on time,30,5,app,low,30.4,direct_rx,,
7590,on_track,early,on time,90,1,none,moderate,1.9,direct_rx,,
7591,on_track,stable,on time,60,20,none,low,11.9,direct_rx,,
7592,on_track,early,on time,60,40,phone,low,2.5,direct_rx,,
7593,on_track,early,on time,60,0,phone,low,1.9,transfer,,
7594,lapsing,stable,delayed,30,42,phone,moderate,3.1,direct_rx,4,cost_or_coverage
7595,on_track,stable,on time,30,22,app,moderate,10.2,direct_rx,,
7596,on_track,long_term,on time,60,24,phone,moderate,29.0,direct_rx,,
7597,on_track,long_term,on time,30,14,none,moderate,19.4,hcp,,
7598,lapsed,early,missed,30,84,app,high,1.5,hcp,1,side_effects
7599,lapsing,early,delayed,30,46,app,high,2.8,direct_rx,3,forgot_or_routine
7600,on_track,stable,on time,60,10,phone,low,10.5,hcp,,
7601,on_track,stable,on time,30,1,app,moderate,11.8,direct_rx,,
7602,lapsing,long_term,delayed,30,44,app,high,20.4,direct_rx,21,no_response
7603,on_track,stable,on time,90,58,none,low,11.9,direct_rx,,
7604,on_track,early,on time,30,18,phone,low,1.1,direct_rx,,
7605,on_track,long_term,on time,30,14,none,moderate,30.7,direct_rx,,
7606,lapsed,long_term,missed,60,148,none,high,12.3,direct_rx,10,cost_or_coverage
7607,on_track,long_term,on time,30,23,none,low,26.1,hcp,,
7608,on_track,stable,on time,30,10,app,low,11.4,direct_rx,,
7609,on_track,long_term,on time,30,4,none,low,26.5,direct_rx,,
7610,on_track,stable,on time,90,46,none,low,8.2,hcp,,
7611,on_track,early,on time,30,18,phone,moderate,0.0,hcp,,
7612,lapsing,long_term,delayed,60,68,phone,high,34.2,hcp,35,cost_or_coverage
7613,on_track,long_term,on time,30,21,phone,low,29.7,hcp,,
7614,on_track,stable,on time,30,14,phone,moderate,11.3,direct_rx,,
7615,lapsing,early,delayed,30,43,phone,moderate,0.9,hcp,1,not_working
7616,lapsed,stable,missed,90,232,app,moderate,9.1,direct_rx,5,forgot_or_routine
7617,lapsing,early,delayed,60,93,phone,moderate,0.2,hcp,1,forgot_or_routine
7618,lapsing,early,delayed,30,33,phone,moderate,1.9,direct_rx,2,no_response
7619,on_track,early,on time,60,18,app,low,2.4,transfer,,
7620,on_track,stable,on time,60,1,phone,low,12.0,direct_rx,,
7621,on_track,stable,on time,30,17,app,moderate,11.9,direct_rx,,
7622,lapsing,long_term,delayed,60,82,app,moderate,16.5,hcp,17,side_effects
7623,lapsing,stable,delayed,60,86,none,moderate,5.3,hcp,6,no_response
7624,on_track,early,on time,30,5,phone,low,2.9,hcp,,
7625,on_track,early,on time,90,70,phone,moderate,2.3,direct_rx,,
7626,on_track,early,on time,90,7,none,moderate,0.7,direct_rx,,
7627,lapsing,early,delayed,60,89,app,moderate,2.6,transfer,3,side_effects
7628,on_track,stable,on time,30,2,phone,low,11.6,hcp,,
7629,lapsing,early,delayed,30,32,app,moderate,0.3,direct_rx,1,side_effects
7630,on_track,long_term,on time,30,11,none,moderate,19.7,direct_rx,,
7631,on_track,stable,on time,90,21,app,moderate,11.7,hcp,,
7632,on_track,stable,on time,30,2,app,low,10.9,direct_rx,,
7633,on_track,stable,on time,30,21,app,low,9.9,direct_rx,,
7634,on_track,long_term,on time,30,15,none,moderate,28.2,direct_rx,,
7635,on_track,stable,on time,90,2,phone,low,10.4,hcp,,
7636,lapsing,stable,delayed,30,45,app,moderate,10.9,direct_rx,11,cost_or_coverage
7637,lapsing,early,delayed,90,108,phone,moderate,1.3,direct_rx,2,cost_or_coverage
7638,lapsed,early,missed,30,68,app,moderate,0.4,hcp,1,no_response
7639,lapsing,early,delayed,30,46,phone,moderate,1.7,direct_rx,2,no_response
7640,on_track,stable,on time,30,13,app,low,11.1,direct_rx,,
7641,lapsed,long_term,missed,30,56,none,high,15.8,direct_rx,15,not_working
7642,on_track,early,on time,30,5,none,moderate,1.9,transfer,,
7643,on_track,long_term,on time,90,17,none,low,31.0,direct_rx,,
7644,on_track,stable,on time,30,3,none,low,10.0,transfer,,
7645,lapsed,early,missed,30,82,none,moderate,1.7,hcp,1,side_effects
7646,on_track,stable,on time,30,23,app,low,11.6,hcp,,
7647,on_track,stable,on time,60,24,app,low,11.4,transfer,,
7648,lapsing,long_term,delayed,30,37,app,high,17.1,direct_rx,18,no_response
7649,on_track,early,on time,30,18,phone,low,0.4,direct_rx,,
7650,lapsing,early,delayed,90,125,app,high,2.1,direct_rx,3,not_working
7651,on_track,stable,on time,60,4,app,moderate,10.5,direct_rx,,
7652,on_track,long_term,on time,60,12,phone,low,14.5,direct_rx,,
7653,lapsing,early,delayed,90,105,app,moderate,0.2,direct_rx,1,side_effects
7654,lapsing,early,delayed,90,125,app,moderate,0.6,direct_rx,1,not_working
7655,on_track,stable,on time,60,3,app,low,10.0,direct_rx,,
7656,on_track,early,on time,30,7,app,moderate,1.7,hcp,,
7657,on_track,stable,on time,30,18,phone,low,8.4,hcp,,
7658,lapsing,early,delayed,90,101,phone,moderate,0.5,hcp,1,forgot_or_routine
7659,on_track,stable,on time,30,1,phone,low,8.4,direct_rx,,
7660,on_track,early,on time,30,19,phone,low,1.8,direct_rx,,
7661,on_track,stable,on time,30,16,phone,moderate,11.5,hcp,,
7662,on_track,early,on time,90,35,none,moderate,1.5,direct_rx,,
7663,lapsed,stable,missed,30,88,none,high,3.2,direct_rx,2,not_working
7664,on_track,stable,on time,30,18,none,low,11.9,direct_rx,,
7665,on_track,stable,on time,90,30,app,moderate,11.2,direct_rx,,
7666,on_track,long_term,on time,30,21,app,moderate,28.8,direct_rx,,
7667,on_track,early,on time,90,69,app,moderate,2.2,hcp,,
7668,lapsing,early,delayed,30,47,phone,moderate,2.6,transfer,3,cost_or_coverage
7669,lapsing,early,delayed,30,43,app,high,1.7,direct_rx,2,side_effects
7670,lapsing,long_term,delayed,60,75,phone,moderate,17.8,direct_rx,18,cost_or_coverage
7671,on_track,stable,on time,90,54,app,low,10.7,direct_rx,,
7672,on_track,stable,on time,60,47,none,low,10.7,hcp,,
7673,lapsed,early,missed,90,246,app,moderate,1.1,transfer,1,no_response
7674,lapsing,long_term,delayed,60,65,phone,moderate,16.4,hcp,17,no_response
7675,on_track,early,on time,30,4,phone,low,1.5,hcp,,
7676,on_track,long_term,on time,30,5,app,moderate,36.0,direct_rx,,
7677,lapsing,early,delayed,30,39,app,moderate,1.1,direct_rx,2,cost_or_coverage
7678,lapsing,stable,delayed,30,46,app,moderate,9.6,transfer,10,cost_or_coverage
7679,lapsing,early,delayed,30,48,app,high,1.0,transfer,1,not_working
7680,on_track,long_term,on time,90,4,none,low,35.5,direct_rx,,
7681,on_track,long_term,on time,30,0,app,low,35.7,transfer,,
7682,lapsing,early,delayed,90,91,phone,moderate,2.6,direct_rx,3,no_response
7683,on_track,long_term,on time,30,10,app,moderate,21.6,hcp,,
7684,on_track,stable,on time,30,15,none,low,8.5,direct_rx,,
7685,on_track,long_term,on time,90,71,none,low,35.0,hcp,,
7686,on_track,stable,on time,30,6,app,low,8.9,direct_rx,,
7687,on_track,stable,on time,30,18,app,moderate,10.8,direct_rx,,
7688,on_track,stable,on time,30,15,app,low,10.5,hcp,,
7689,lapsed,early,missed,30,74,none,moderate,0.8,hcp,1,side_effects
7690,on_track,stable,on time,90,37,app,low,10.8,direct_rx,,
7691,lapsing,early,delayed,30,41,app,high,0.4,hcp,1,no_response
7692,lapsed,early,missed,30,96,app,moderate,2.1,direct_rx,1,forgot_or_routine
7693,on_track,stable,on time,60,13,phone,low,11.5,direct_rx,,
7694,on_track,long_term,on time,30,0,phone,low,32.3,hcp,,
7695,lapsed,long_term,missed,30,120,phone,moderate,35.5,hcp,33,side_effects
7696,on_track,early,on time,30,22,phone,low,2.9,direct_rx,,
7697,on_track,long_term,on time,30,0,app,low,12.3,direct_rx,,
7698,on_track,early,on time,30,2,app,low,2.4,direct_rx,,
7699,lapsing,early,delayed,30,42,phone,moderate,0.6,direct_rx,1,no_response
7700,on_track,early,on time,30,22,app,low,2.7,direct_rx,,
7701,lapsing,early,delayed,30,46,phone,high,2.7,transfer,3,side_effects
7702,on_track,early,on time,30,18,phone,low,0.8,hcp,,
7703,on_track,stable,on time,60,20,none,moderate,9.1,direct_rx,,
7704,on_track,stable,on time,30,10,phone,moderate,8.4,direct_rx,,
7705,on_track,stable,on time,60,37,app,low,9.8,direct_rx,,
7706,on_track,stable,on time,60,42,app,low,7.8,direct_rx,,
7707,on_track,stable,on time,30,20,phone,low,11.0,direct_rx,,
7708,on_track,stable,on time,30,5,phone,moderate,10.6,transfer,,
7709,on_track,long_term,on time,90,35,app,low,13.7,direct_rx,,
7710,on_track,stable,on time,30,17,app,low,10.6,hcp,,
7711,on_track,long_term,on time,30,5,app,moderate,18.9,hcp,,
7712,lapsed,early,missed,30,118,none,high,3.0,hcp,1,not_working
7713,on_track,long_term,on time,30,18,app,low,19.1,hcp,,
7714,on_track,stable,on time,60,11,app,low,7.8,hcp,,
7715,on_track,stable,on time,90,34,app,low,9.9,direct_rx,,
7716,on_track,stable,on time,30,24,app,low,10.6,hcp,,
7717,lapsing,stable,delayed,30,31,app,moderate,3.5,direct_rx,4,cost_or_coverage
7718,on_track,early,on time,90,69,phone,low,0.6,direct_rx,,
7719,on_track,early,on time,60,37,phone,low,2.8,hcp,,
7720,on_track,early,on time,30,19,none,low,0.6,hcp,,
7721,on_track,long_term,on time,30,8,app,low,31.1,hcp,,
7722,lapsing,early,delayed,60,67,phone,high,2.1,hcp,3,no_response
7723,on_track,early,on time,30,17,app,low,2.8,hcp,,
7724,on_track,long_term,on time,60,19,app,low,20.6,direct_rx,,
7725,lapsing,early,delayed,30,46,none,moderate,2.4,direct_rx,3,cost_or_coverage
7726,lapsing,early,delayed,90,121,none,high,3.0,hcp,3,no_response
7727,on_track,stable,on time,30,9,app,moderate,11.4,direct_rx,,
7728,on_track,long_term,on time,30,23,phone,low,15.2,direct_rx,,
7729,on_track,stable,on time,60,45,app,moderate,8.0,direct_rx,,
7730,on_track,stable,on time,30,16,phone,moderate,10.8,transfer,,
7731,on_track,long_term,on time,30,22,none,moderate,26.9,hcp,,
7732,on_track,early,on time,90,59,none,low,1.5,direct_rx,,
7733,on_track,stable,on time,30,22,app,low,11.9,hcp,,
7734,on_track,early,on time,90,31,none,moderate,2.4,direct_rx,,
7735,on_track,stable,on time,60,44,app,low,11.7,direct_rx,,
7736,on_track,early,on time,30,7,none,low,2.3,hcp,,
7737,on_track,early,on time,60,26,none,low,2.1,direct_rx,,
7738,on_track,long_term,on time,90,70,phone,low,17.2,hcp,,
7739,lapsed,early,missed,30,81,app,high,3.0,direct_rx,2,cost_or_coverage
7740,on_track,long_term,on time,30,8,app,moderate,15.3,direct_rx,,
7741,on_track,stable,on time,90,21,phone,low,9.3,hcp,,
7742,on_track,stable,on time,30,4,app,moderate,11.8,transfer,,
7743,lapsed,early,missed,30,81,phone,high,0.2,transfer,1,no_response
7744,on_track,stable,on time,30,18,phone,low,10.2,hcp,,
7745,lapsing,early,delayed,60,94,none,high,0.6,direct_rx,1,no_response
7746,on_track,long_term,on time,30,15,app,moderate,32.0,direct_rx,,
7747,on_track,long_term,on time,30,16,app,low,19.2,transfer,,
7748,lapsed,early,missed,60,126,phone,high,1.8,transfer,1,cost_or_coverage
7749,on_track,long_term,on time,60,47,phone,low,17.9,hcp,,
7750,on_track,early,on time,30,3,app,low,2.9,hcp,,
7751,lapsed,early,missed,90,217,phone,moderate,2.3,hcp,1,not_working
7752,lapsed,early,missed,30,54,app,high,1.4,direct_rx,1,no_response
7753,lapsing,early,delayed,30,39,app,moderate,2.5,direct_rx,3,felt_better
7754,lapsing,early,delayed,90,132,app,moderate,0.8,direct_rx,1,no_response
7755,on_track,long_term,on time,60,41,app,low,31.4,direct_rx,,
7756,on_track,early,on time,90,49,none,low,1.4,direct_rx,,
7757,on_track,stable,on time,90,23,app,low,11.8,direct_rx,,
7758,on_track,early,on time,30,18,app,moderate,0.6,direct_rx,,
7759,lapsed,early,missed,30,86,app,high,2.4,hcp,1,no_response
7760,lapsed,early,missed,30,88,none,moderate,1.8,direct_rx,1,not_working
7761,on_track,stable,on time,60,16,phone,low,10.7,direct_rx,,
7762,on_track,stable,on time,30,11,app,low,10.6,direct_rx,,
7763,lapsed,early,missed,30,118,app,high,0.9,direct_rx,1,not_working
7764,on_track,early,on time,90,65,phone,low,0.2,direct_rx,,
7765,lapsing,early,delayed,30,35,app,high,2.4,transfer,3,no_response
7766,on_track,stable,on time,30,20,app,moderate,9.4,transfer,,
7767,lapsing,early,delayed,90,98,app,moderate,0.2,direct_rx,1,forgot_or_routine
7768,lapsing,early,delayed,90,114,phone,moderate,0.6,direct_rx,1,forgot_or_routine
7769,lapsing,long_term,delayed,30,38,app,moderate,13.1,hcp,14,cost_or_coverage
7770,on_track,long_term,on time,30,8,phone,moderate,30.4,direct_rx,,
7771,lapsed,stable,missed,30,81,phone,high,4.2,hcp,3,cost_or_coverage
7772,on_track,stable,on time,60,18,none,moderate,11.5,hcp,,
7773,on_track,stable,on time,30,0,phone,low,10.3,direct_rx,,
7774,lapsed,early,missed,90,299,app,moderate,1.0,hcp,1,no_response
7775,on_track,stable,on time,90,54,app,low,11.7,hcp,,
7776,on_track,early,on time,30,6,app,low,1.8,direct_rx,,
7777,lapsed,early,missed,30,78,phone,high,2.4,direct_rx,1,forgot_or_routine
7778,lapsing,stable,delayed,30,47,none,moderate,8.7,direct_rx,9,no_response
7779,on_track,stable,on time,30,20,app,moderate,11.7,hcp,,
7780,on_track,early,on time,90,37,app,moderate,1.8,hcp,,
7781,lapsing,stable,delayed,30,37,app,moderate,3.6,direct_rx,4,forgot_or_routine
7782,lapsing,early,delayed,30,40,app,moderate,2.0,direct_rx,2,forgot_or_routine
7783,lapsing,early,delayed,90,113,phone,moderate,0.6,direct_rx,1,forgot_or_routine
7784,lapsed,early,missed,90,334,none,high,0.3,direct_rx,1,forgot_or_routine
7785,lapsed,stable,missed,30,77,none,high,5.3,hcp,4,forgot_or_routine
7786,on_track,stable,on time,60,20,app,moderate,10.7,direct_rx,,
7787,on_track,early,on time,30,5,phone,moderate,0.4,transfer,,
7788,on_track,stable,on time,30,8,none,low,11.5,direct_rx,,
7789,on_track,early,on time,90,8,phone,low,0.5,direct_rx,,
7790,on_track,early,on time,30,16,app,low,1.0,hcp,,
7791,lapsing,early,delayed,30,43,phone,moderate,2.6,hcp,3,side_effects
7792,on_track,stable,on time,90,67,phone,moderate,11.5,direct_rx,,
7793,lapsed,stable,missed,30,80,phone,high,4.4,direct_rx,3,no_response
7794,lapsing,early,delayed,90,107,phone,moderate,1.5,direct_rx,2,forgot_or_routine
7795,lapsing,early,delayed,30,46,app,moderate,1.9,direct_rx,2,no_response
7796,on_track,early,on time,60,46,none,low,2.1,hcp,,
7797,on_track,early,on time,30,7,app,moderate,0.3,direct_rx,,
7798,on_track,early,on time,30,9,app,moderate,1.2,hcp,,
7799,on_track,stable,on time,30,9,phone,moderate,11.7,direct_rx,,
7800,lapsing,early,delayed,60,89,phone,moderate,1.2,direct_rx,2,no_response
7801,on_track,stable,on time,60,5,none,low,10.6,direct_rx,,
7802,on_track,stable,on time,30,21,none,moderate,11.6,direct_rx,,
7803,lapsing,early,delayed,90,122,app,moderate,0.3,transfer,1,not_working
7804,on_track,stable,on time,60,40,app,low,10.5,direct_rx,,
7805,on_track,early,on time,30,1,phone,moderate,1.7,direct_rx,,
7806,lapsed,long_term,missed,90,354,phone,high,14.6,direct_rx,6,no_response
7807,on_track,stable,on time,90,12,app,low,11.3,hcp,,
7808,on_track,stable,on time,30,9,phone,low,11.7,direct_rx,,
7809,on_track,early,on time,90,19,phone,moderate,2.4,hcp,,
7810,on_track,stable,on time,30,16,phone,low,11.5,direct_rx,,
7811,on_track,long_term,on time,30,21,app,low,22.4,hcp,,
7812,on_track,early,on time,30,0,phone,low,0.4,hcp,,
7813,lapsing,stable,delayed,30,31,phone,moderate,5.6,direct_rx,6,not_working
7814,lapsing,early,delayed,30,33,phone,moderate,0.9,hcp,1,side_effects
7815,on_track,long_term,on time,60,41,app,moderate,13.1,direct_rx,,
7816,on_track,early,on time,90,29,phone,low,2.8,direct_rx,,
7817,lapsing,stable,delayed,90,100,app,moderate,5.1,direct_rx,6,forgot_or_routine
7818,on_track,stable,on time,30,23,app,low,11.3,direct_rx,,
7819,on_track,long_term,on time,30,8,none,low,13.7,direct_rx,,
7820,lapsing,stable,delayed,60,62,app,high,11.2,direct_rx,12,cost_or_coverage
7821,on_track,stable,on time,30,10,app,low,7.5,hcp,,
7822,on_track,early,on time,30,18,none,low,1.4,hcp,,
7823,on_track,stable,on time,90,16,app,moderate,8.9,direct_rx,,
7824,lapsed,stable,missed,30,70,phone,high,6.4,hcp,6,cost_or_coverage
7825,on_track,stable,on time,30,13,none,moderate,11.1,direct_rx,,
7826,lapsed,stable,missed,30,68,none,high,4.3,hcp,4,forgot_or_routine
7827,lapsed,stable,missed,30,86,phone,high,3.3,direct_rx,2,side_effects
7828,on_track,stable,on time,30,16,app,low,9.9,direct_rx,,
7829,on_track,early,on time,30,23,phone,low,2.5,hcp,,
7830,on_track,early,on time,30,3,app,moderate,2.1,direct_rx,,
7831,lapsing,early,delayed,60,77,app,high,0.5,hcp,1,not_working
7832,lapsed,early,missed,30,58,phone,high,3.0,direct_rx,3,cost_or_coverage
7833,lapsing,early,delayed,60,67,app,high,3.0,direct_rx,3,side_effects
7834,lapsing,stable,delayed,30,42,app,moderate,3.6,hcp,4,felt_better
7835,on_track,stable,on time,30,14,phone,low,11.6,hcp,,
7836,on_track,stable,on time,90,40,phone,moderate,11.5,transfer,,
7837,on_track,stable,on time,90,22,app,low,11.1,direct_rx,,
7838,on_track,long_term,on time,30,11,phone,low,19.5,direct_rx,,
7839,lapsing,early,delayed,30,31,app,high,1.6,transfer,2,no_response
7840,on_track,stable,on time,30,22,app,low,10.5,direct_rx,,
7841,lapsing,early,delayed,60,86,none,moderate,2.9,transfer,3,side_effects
7842,on_track,stable,on time,30,19,app,low,10.8,transfer,,
7843,lapsing,early,delayed,60,92,app,moderate,2.2,direct_rx,3,no_response
7844,lapsed,early,missed,30,57,none,high,0.4,hcp,1,cost_or_coverage
7845,lapsing,stable,delayed,60,96,phone,moderate,4.2,transfer,5,forgot_or_routine
7846,on_track,early,on time,30,2,app,low,1.6,hcp,,
7847,on_track,long_term,on time,30,12,app,low,32.7,direct_rx,,
7848,on_track,stable,on time,30,24,none,moderate,10.1,direct_rx,,
7849,on_track,stable,on time,30,18,app,low,11.0,hcp,,
7850,on_track,early,on time,60,10,app,low,2.9,direct_rx,,
7851,on_track,early,on time,30,21,none,low,1.3,direct_rx,,
7852,on_track,stable,on time,90,68,none,low,11.3,hcp,,
7853,on_track,stable,on time,90,64,phone,low,11.0,hcp,,
7854,on_track,stable,on time,30,1,app,low,11.7,direct_rx,,
7855,on_track,stable,on time,30,12,phone,low,11.8,hcp,,
7856,lapsing,stable,delayed,90,96,phone,moderate,3.9,direct_rx,4,cost_or_coverage
7857,lapsed,long_term,missed,30,56,none,moderate,33.4,transfer,33,cost_or_coverage
7858,on_track,early,on time,30,4,none,low,1.3,hcp,,
7859,on_track,long_term,on time,30,11,phone,low,12.5,hcp,,
7860,lapsed,early,missed,30,67,phone,high,1.0,direct_rx,1,side_effects
7861,lapsing,early,delayed,30,39,phone,moderate,1.2,hcp,2,not_working
7862,on_track,early,on time,30,4,app,moderate,1.8,direct_rx,,
7863,lapsing,long_term,delayed,30,31,phone,moderate,12.9,direct_rx,13,no_response
7864,on_track,early,on time,90,59,app,low,0.9,direct_rx,,
7865,lapsing,early,delayed,60,77,none,moderate,0.9,transfer,1,no_response
7866,lapsing,early,delayed,30,46,phone,high,0.1,hcp,1,no_response
7867,on_track,early,on time,30,8,phone,moderate,1.9,direct_rx,,
7868,lapsed,early,missed,30,66,phone,high,0.5,direct_rx,1,forgot_or_routine
7869,lapsing,early,delayed,90,93,app,high,0.2,hcp,1,no_response
7870,on_track,long_term,on time,60,40,none,moderate,31.1,direct_rx,,
7871,on_track,early,on time,30,12,app,low,0.1,hcp,,
7872,lapsed,early,missed,90,154,app,high,1.1,hcp,1,side_effects
7873,on_track,stable,on time,30,5,none,moderate,10.3,direct_rx,,
7874,lapsing,early,delayed,90,116,phone,moderate,2.2,direct_rx,3,forgot_or_routine
7875,on_track,stable,on time,30,22,app,low,11.2,direct_rx,,
7876,on_track,stable,on time,30,8,app,low,9.9,direct_rx,,
7877,on_track,early,on time,30,13,app,low,2.7,direct_rx,,
7878,on_track,early,on time,60,41,app,low,2.8,hcp,,
7879,on_track,early,on time,30,11,phone,moderate,0.9,direct_rx,,
7880,on_track,stable,on time,30,1,none,low,11.9,direct_rx,,
7881,lapsing,early,delayed,60,69,phone,high,0.3,hcp,1,side_effects
7882,lapsed,stable,missed,30,55,phone,high,10.1,hcp,10,side_effects
7883,on_track,early,on time,30,13,app,moderate,2.0,direct_rx,,
7884,on_track,long_term,on time,90,17,app,low,27.7,transfer,,
7885,lapsing,stable,delayed,90,122,app,high,8.0,direct_rx,8,cost_or_coverage
7886,lapsing,stable,delayed,30,31,app,moderate,3.3,direct_rx,4,cost_or_coverage
7887,on_track,stable,on time,60,18,phone,low,11.9,direct_rx,,
7888,on_track,stable,on time,30,2,app,moderate,9.7,direct_rx,,
7889,on_track,early,on time,30,9,app,moderate,2.9,direct_rx,,
7890,on_track,long_term,on time,30,3,app,low,25.3,direct_rx,,
7891,lapsing,stable,delayed,30,46,app,moderate,10.5,hcp,11,cost_or_coverage
7892,lapsing,long_term,delayed,30,32,none,moderate,24.5,transfer,25,cost_or_coverage
7893,on_track,stable,on time,60,15,phone,moderate,11.7,hcp,,
7894,lapsed,long_term,missed,30,57,app,high,34.3,direct_rx,34,not_working
7895,lapsing,early,delayed,30,35,app,moderate,2.5,hcp,3,no_response
7896,on_track,long_term,on time,30,24,phone,low,20.3,hcp,,
7897,lapsing,stable,delayed,30,39,none,moderate,3.2,hcp,4,forgot_or_routine
7898,on_track,long_term,on time,60,0,phone,moderate,29.0,hcp,,
7899,on_track,stable,on time,30,2,app,low,11.1,transfer,,
7900,on_track,early,on time,30,4,app,low,1.4,hcp,,
7901,on_track,long_term,on time,60,47,app,moderate,30.0,hcp,,
7902,on_track,stable,on time,90,22,none,low,10.5,direct_rx,,
7903,on_track,early,on time,30,6,none,low,1.1,transfer,,
7904,lapsing,early,delayed,30,32,none,high,0.2,direct_rx,1,not_working
7905,on_track,stable,on time,60,9,app,low,9.3,direct_rx,,
7906,on_track,stable,on time,60,12,app,low,11.9,direct_rx,,
7907,on_track,stable,on time,30,4,phone,low,10.7,transfer,,
7908,lapsing,early,delayed,90,112,phone,moderate,0.0,direct_rx,1,forgot_or_routine
7909,on_track,long_term,on time,30,21,app,low,31.4,hcp,,
7910,lapsed,early,missed,30,86,app,high,0.7,hcp,1,no_response
7911,on_track,early,on time,90,64,app,low,2.5,transfer,,
7912,on_track,long_term,on time,30,14,app,moderate,34.1,hcp,,
7913,lapsed,stable,missed,90,297,none,high,4.7,transfer,1,no_response
7914,on_track,early,on time,90,23,app,low,1.3,hcp,,
7915,on_track,stable,on time,30,0,app,low,11.9,direct_rx,,
7916,on_track,stable,on time,30,3,app,low,9.6,hcp,,
7917,lapsed,early,missed,30,83,app,high,1.2,direct_rx,1,no_response
7918,on_track,early,on time,60,22,app,low,1.8,hcp,,
7919,on_track,stable,on time,30,4,app,low,10.2,hcp,,
7920,lapsing,early,delayed,60,77,phone,high,0.3,direct_rx,1,no_response
7921,lapsed,early,missed,60,120,app,high,0.4,hcp,1,side_effects
7922,lapsed,early,missed,90,215,phone,high,0.6,hcp,1,no_response
7923,on_track,early,on time,30,6,phone,moderate,2.6,transfer,,
7924,on_track,stable,on time,30,20,phone,low,11.6,direct_rx,,
7925,on_track,stable,on time,30,4,app,low,11.9,direct_rx,,
7926,lapsing,early,delayed,60,78,app,high,1.3,hcp,2,not_working
7927,lapsing,early,delayed,90,138,none,moderate,1.0,hcp,1,cost_or_coverage
7928,on_track,early,on time,60,4,app,moderate,0.7,hcp,,
7929,on_track,early,on time,60,32,app,low,1.4,direct_rx,,
7930,on_track,early,on time,60,7,phone,low,2.1,hcp,,
7931,on_track,stable,on time,60,39,phone,moderate,9.3,direct_rx,,
7932,lapsed,long_term,missed,30,101,phone,high,34.2,hcp,32,felt_better
7933,lapsing,early,delayed,30,42,none,moderate,0.3,direct_rx,1,side_effects
7934,on_track,stable,on time,90,69,phone,low,11.6,direct_rx,,
7935,on_track,stable,on time,30,24,none,moderate,11.1,direct_rx,,
7936,lapsed,early,missed,30,60,app,high,0.8,direct_rx,1,forgot_or_routine
7937,on_track,stable,on time,90,45,app,low,11.7,hcp,,
7938,on_track,long_term,on time,60,28,app,low,20.6,direct_rx,,
7939,lapsing,early,delayed,30,37,app,moderate,0.2,direct_rx,1,not_working
7940,lapsed,stable,missed,30,52,phone,moderate,8.1,direct_rx,8,no_response
7941,lapsed,early,missed,90,178,app,high,0.5,hcp,1,cost_or_coverage
7942,on_track,stable,on time,30,3,phone,low,11.4,hcp,,
7943,on_track,long_term,on time,30,1,phone,moderate,17.4,transfer,,
7944,on_track,stable,on time,30,12,phone,moderate,9.9,direct_rx,,
7945,on_track,stable,on time,90,11,phone,low,9.8,hcp,,
7946,lapsing,stable,delayed,90,104,app,moderate,3.8,hcp,4,cost_or_coverage
7947,on_track,long_term,on time,60,15,phone,moderate,33.7,hcp,,
7948,on_track,stable,on time,30,7,app,low,11.1,direct_rx,,
7949,on_track,early,on time,90,22,app,low,2.4,direct_rx,,
7950,on_track,long_term,on time,30,16,phone,low,13.3,direct_rx,,
7951,on_track,long_term,on time,30,15,app,low,27.3,hcp,,
7952,on_track,stable,on time,30,8,none,low,10.5,direct_rx,,
7953,lapsing,early,delayed,30,38,none,high,2.5,direct_rx,3,forgot_or_routine
7954,on_track,stable,on time,30,22,app,low,10.9,direct_rx,,
7955,on_track,early,on time,90,67,phone,low,1.6,hcp,,
7956,on_track,early,on time,60,16,phone,low,0.4,hcp,,
7957,on_track,stable,on time,60,38,phone,moderate,10.8,hcp,,
7958,lapsing,early,delayed,30,41,none,high,0.9,hcp,1,side_effects
7959,on_track,stable,on time,30,9,phone,moderate,9.0,direct_rx,,
7960,on_track,stable,on time,60,13,app,low,11.3,transfer,,
7961,on_track,early,on time,30,21,app,low,1.1,direct_rx,,
7962,on_track,early,on time,30,9,app,low,1.1,transfer,,
7963,on_track,stable,on time,30,1,app,low,10.8,direct_rx,,
7964,on_track,stable,on time,60,0,none,moderate,10.9,hcp,,
7965,on_track,stable,on time,30,1,none,low,11.9,hcp,,
7966,lapsing,early,delayed,30,48,none,high,2.0,direct_rx,2,not_working
7967,lapsed,early,missed,90,228,app,high,0.5,hcp,1,cost_or_coverage
7968,on_track,stable,on time,30,24,phone,low,11.8,hcp,,
7969,on_track,long_term,on time,60,39,none,low,22.8,direct_rx,,
7970,lapsed,early,missed,60,142,app,high,2.1,transfer,1,cost_or_coverage
7971,on_track,early,on time,90,68,app,moderate,0.1,direct_rx,,
7972,on_track,early,on time,60,41,app,low,0.7,direct_rx,,
7973,lapsed,long_term,missed,90,353,phone,high,14.1,direct_rx,6,forgot_or_routine
7974,on_track,long_term,on time,30,22,app,low,26.9,hcp,,
7975,lapsing,long_term,delayed,30,38,phone,high,34.1,direct_rx,35,side_effects
7976,lapsed,early,missed,90,324,app,high,1.6,direct_rx,1,cost_or_coverage
7977,on_track,stable,on time,90,14,none,low,11.9,hcp,,
7978,lapsed,stable,missed,60,211,app,moderate,9.7,hcp,5,forgot_or_routine
7979,on_track,long_term,on time,60,17,app,low,22.6,direct_rx,,
7980,on_track,long_term,on time,30,15,app,moderate,23.1,direct_rx,,
7981,on_track,stable,on time,30,4,phone,low,9.3,direct_rx,,
7982,on_track,early,on time,30,2,phone,low,2.7,direct_rx,,
7983,on_track,early,on time,30,16,app,low,2.4,direct_rx,,
7984,lapsed,early,missed,90,229,app,high,1.1,direct_rx,1,forgot_or_routine
7985,lapsing,stable,delayed,60,74,phone,high,11.4,direct_rx,12,no_response
7986,lapsed,stable,missed,30,68,phone,moderate,9.9,hcp,9,forgot_or_routine
7987,on_track,early,on time,30,3,phone,low,1.0,direct_rx,,
7988,on_track,stable,on time,30,7,app,low,11.5,hcp,,
7989,lapsed,early,missed,60,114,phone,moderate,2.1,hcp,1,no_response
7990,lapsed,early,missed,30,86,app,high,0.4,transfer,1,side_effects
7991,on_track,early,on time,60,35,phone,low,1.7,hcp,,
7992,lapsing,early,delayed,30,42,phone,moderate,2.3,direct_rx,3,not_working
7993,on_track,early,on time,30,22,app,low,2.1,transfer,,
7994,on_track,early,on time,60,18,none,moderate,2.8,direct_rx,,
7995,on_track,stable,on time,60,46,none,low,9.5,hcp,,
7996,on_track,stable,on time,30,19,none,low,11.9,direct_rx,,
7997,on_track,stable,on time,30,20,app,low,11.5,transfer,,
7998,lapsing,early,delayed,30,36,phone,moderate,0.5,direct_rx,1,side_effects
7999,lapsing,stable,delayed,30,37,none,high,5.6,hcp,6,no_response
8000,on_track,early,on time,30,23,none,low,0.8,direct_rx,,
8001,on_track,long_term,on time,60,25,app,moderate,35.9,hcp,,
8002,lapsing,stable,delayed,90,126,app,moderate,11.2,transfer,12,no_response
8003,on_track,early,on time,30,23,app,low,2.9,hcp,,
8004,lapsed,long_term,missed,60,103,app,high,24.5,direct_rx,24,cost_or_coverage
8005,lapsed,early,missed,90,355,app,moderate,1.5,hcp,1,cost_or_coverage
8006,lapsed,stable,missed,90,281,app,high,6.7,direct_rx,1,no_response
8007,on_track,early,on time,30,19,phone,low,0.3,hcp,,
8008,lapsing,long_term,delayed,90,130,none,moderate,19.9,hcp,20,not_working
8009,on_track,early,on time,30,4,none,moderate,2.2,direct_rx,,
8010,on_track,early,on time,90,53,none,low,1.9,hcp,,
8011,lapsing,early,delayed,30,31,none,moderate,1.0,hcp,1,no_response
8012,on_track,stable,on time,60,47,app,moderate,11.0,direct_rx,,
8013,on_track,stable,on time,30,3,app,low,10.9,hcp,,
8014,on_track,stable,on time,30,5,app,low,11.7,direct_rx,,
8015,on_track,early,on time,30,15,phone,moderate,1.8,direct_rx,,
8016,on_track,early,on time,60,26,phone,low,2.2,hcp,,
8017,lapsing,early,delayed,30,32,phone,high,1.3,direct_rx,2,no_response
8018,lapsing,early,delayed,60,75,phone,high,0.8,hcp,1,side_effects
8019,on_track,early,on time,30,4,none,low,3.0,direct_rx,,
8020,lapsed,early,missed,30,64,none,moderate,0.5,hcp,1,side_effects
8021,on_track,stable,on time,30,14,app,moderate,10.8,hcp,,
8022,on_track,early,on time,90,8,phone,moderate,2.7,direct_rx,,
8023,on_track,stable,on time,90,41,app,low,11.2,hcp,,
8024,lapsing,early,delayed,60,67,none,moderate,0.3,hcp,1,cost_or_coverage
8025,on_track,stable,on time,30,23,phone,low,11.4,direct_rx,,
8026,lapsed,stable,missed,30,104,app,high,4.4,direct_rx,2,forgot_or_routine
8027,lapsed,stable,missed,30,57,app,moderate,4.7,direct_rx,4,no_response
8028,on_track,early,on time,30,4,app,low,0.2,direct_rx,,
8029,lapsing,early,delayed,30,39,phone,moderate,1.9,hcp,2,cost_or_coverage
8030,on_track,early,on time,30,8,phone,low,0.3,direct_rx,,
8031,on_track,early,on time,30,21,app,low,0.0,direct_rx,,
8032,lapsed,long_term,missed,30,80,app,high,13.9,direct_rx,13,cost_or_coverage
8033,lapsed,stable,missed,30,51,phone,moderate,5.8,hcp,6,forgot_or_routine
8034,lapsing,early,delayed,90,143,none,high,2.3,transfer,3,no_response
8035,on_track,long_term,on time,30,17,none,low,33.4,direct_rx,,
8036,on_track,long_term,on time,30,11,app,low,30.6,direct_rx,,
8037,on_track,stable,on time,30,20,app,low,8.2,hcp,,
8038,on_track,long_term,on time,30,23,phone,low,12.1,direct_rx,,
8039,lapsed,early,missed,30,85,app,high,2.0,direct_rx,1,side_effects
8040,on_track,long_term,on time,30,20,app,low,17.1,hcp,,
8041,on_track,stable,on time,60,36,phone,low,11.7,direct_rx,,
8042,on_track,early,on time,60,30,none,low,2.0,hcp,,
8043,lapsing,early,delayed,30,41,none,moderate,1.8,direct_rx,2,not_working
8044,on_track,stable,on time,30,6,app,moderate,11.3,transfer,,
8045,lapsing,early,delayed,30,44,none,moderate,2.9,hcp,3,not_working
8046,lapsed,early,missed,60,123,app,high,0.9,hcp,1,side_effects
8047,lapsing,stable,delayed,30,35,app,high,3.2,direct_rx,4,side_effects
8048,on_track,long_term,on time,90,51,app,low,30.5,hcp,,
8049,on_track,stable,on time,30,17,app,low,10.9,direct_rx,,
8050,on_track,stable,on time,30,20,app,moderate,11.9,hcp,,
8051,on_track,early,on time,30,9,phone,low,2.1,direct_rx,,
8052,lapsing,early,delayed,90,124,app,moderate,1.8,transfer,2,not_working
8053,on_track,early,on time,60,15,phone,low,2.9,direct_rx,,
8054,lapsing,early,delayed,60,65,app,moderate,2.5,direct_rx,3,no_response
8055,on_track,stable,on time,30,20,app,low,10.3,direct_rx,,
8056,lapsed,early,missed,60,177,none,moderate,2.8,direct_rx,1,not_working
8057,lapsing,stable,delayed,60,70,none,high,5.1,direct_rx,6,cost_or_coverage
8058,on_track,stable,on time,90,41,phone,moderate,12.0,direct_rx,,
8059,on_track,early,on time,60,12,none,low,1.4,hcp,,
8060,lapsed,early,missed,30,52,phone,moderate,2.4,hcp,2,not_working
8061,lapsing,early,delayed,90,114,phone,moderate,1.3,direct_rx,2,forgot_or_routine
8062,on_track,stable,on time,30,11,app,low,10.1,direct_rx,,
8063,on_track,long_term,on time,30,13,none,low,31.6,hcp,,
8064,on_track,stable,on time,30,2,app,low,11.8,transfer,,
8065,lapsed,stable,missed,30,73,none,moderate,4.0,direct_rx,3,side_effects
8066,on_track,long_term,on time,90,44,none,moderate,15.4,hcp,,
8067,on_track,early,on time,30,14,none,low,2.2,hcp,,
8068,on_track,early,on time,60,1,none,moderate,1.4,direct_rx,,
8069,on_track,early,on time,30,5,app,moderate,1.7,hcp,,
8070,lapsed,early,missed,90,189,phone,moderate,0.4,direct_rx,1,cost_or_coverage
8071,on_track,stable,on time,30,0,app,moderate,10.5,direct_rx,,
8072,on_track,early,on time,30,19,app,low,1.0,transfer,,
8073,lapsed,early,missed,30,62,app,high,0.2,direct_rx,1,not_working
8074,on_track,stable,on time,90,67,phone,low,11.5,direct_rx,,
8075,on_track,stable,on time,30,16,phone,low,9.1,transfer,,
8076,lapsed,stable,missed,30,114,app,high,5.3,direct_rx,3,not_working
8077,on_track,early,on time,30,12,phone,low,1.0,hcp,,
8078,lapsing,early,delayed,30,46,app,high,0.5,direct_rx,1,side_effects
8079,on_track,stable,on time,90,6,app,low,10.7,direct_rx,,
8080,on_track,long_term,on time,60,31,none,moderate,27.6,hcp,,
8081,on_track,early,on time,60,21,none,low,2.7,direct_rx,,
8082,lapsing,early,delayed,30,39,app,moderate,1.1,direct_rx,2,no_response
8083,on_track,long_term,on time,90,46,phone,low,33.5,direct_rx,,
8084,on_track,early,on time,30,20,none,low,2.2,hcp,,
8085,lapsed,long_term,missed,30,118,app,moderate,35.9,hcp,33,cost_or_coverage
8086,on_track,early,on time,30,0,none,moderate,2.4,direct_rx,,
8087,on_track,long_term,on time,60,45,app,low,22.4,hcp,,
8088,lapsed,early,missed,30,81,phone,high,2.4,direct_rx,1,forgot_or_routine
8089,on_track,stable,on time,30,1,app,low,11.9,direct_rx,,
8090,on_track,long_term,on time,30,18,app,moderate,25.6,hcp,,
8091,on_track,long_term,on time,30,16,app,low,33.7,direct_rx,,
8092,on_track,early,on time,30,1,phone,low,1.5,direct_rx,,
8093,on_track,long_term,on time,30,6,app,low,22.6,hcp,,
8094,on_track,long_term,on time,30,6,none,low,15.6,hcp,,
8095,lapsing,early,delayed,90,101,none,moderate,2.8,transfer,3,not_working
8096,lapsing,stable,delayed,30,43,app,moderate,3.2,transfer,4,side_effects
8097,lapsing,stable,delayed,30,31,none,high,4.2,direct_rx,5,no_response
8098,on_track,stable,on time,30,6,app,low,10.7,direct_rx,,
8099,on_track,stable,on time,30,10,phone,low,11.4,direct_rx,,
8100,on_track,stable,on time,90,47,none,low,9.2,hcp,,
8101,lapsed,early,missed,30,109,app,high,2.0,hcp,1,cost_or_coverage
8102,lapsed,early,missed,30,111,app,moderate,1.9,hcp,1,cost_or_coverage
8103,on_track,early,on time,60,24,none,low,0.7,hcp,,
8104,on_track,long_term,on time,30,14,app,moderate,34.5,direct_rx,,
8105,on_track,stable,on time,60,15,app,low,7.5,transfer,,
8106,on_track,stable,on time,30,16,app,moderate,11.2,hcp,,
8107,lapsing,early,delayed,30,31,app,moderate,1.1,direct_rx,2,side_effects
8108,lapsing,early,delayed,90,137,app,moderate,2.4,direct_rx,3,no_response
8109,lapsing,stable,delayed,60,94,phone,moderate,9.4,hcp,10,side_effects
8110,lapsing,early,delayed,30,43,app,moderate,2.7,direct_rx,3,side_effects
8111,on_track,early,on time,30,20,none,low,0.9,hcp,,
8112,on_track,stable,on time,30,6,none,low,11.1,direct_rx,,
8113,lapsing,long_term,delayed,30,44,none,moderate,23.4,hcp,24,no_response
8114,lapsing,long_term,delayed,60,84,none,moderate,16.3,transfer,17,no_response
8115,on_track,long_term,on time,90,56,phone,low,35.1,direct_rx,,
8116,on_track,long_term,on time,60,18,phone,moderate,23.3,direct_rx,,
8117,lapsing,stable,delayed,30,32,phone,high,7.6,hcp,8,no_response
8118,lapsed,early,missed,60,184,phone,high,2.2,direct_rx,1,no_response
8119,lapsing,long_term,delayed,60,85,app,moderate,30.3,transfer,31,no_response
8120,on_track,early,on time,30,19,phone,low,1.9,hcp,,
8121,on_track,stable,on time,30,19,app,low,11.8,hcp,,
8122,lapsing,early,delayed,60,82,none,moderate,0.3,hcp,1,side_effects
8123,lapsed,early,missed,90,312,none,high,1.5,hcp,1,side_effects
8124,on_track,stable,on time,30,21,phone,low,11.4,hcp,,
8125,on_track,stable,on time,30,14,phone,moderate,8.3,direct_rx,,
8126,lapsing,early,delayed,30,31,phone,high,1.6,transfer,2,no_response
8127,lapsing,stable,delayed,30,41,none,moderate,11.3,hcp,12,cost_or_coverage
8128,on_track,early,on time,30,11,none,low,2.2,direct_rx,,
8129,lapsing,early,delayed,60,66,phone,high,0.8,direct_rx,1,no_response
8130,on_track,early,on time,30,0,app,low,0.2,transfer,,
8131,on_track,early,on time,30,14,phone,low,3.0,hcp,,
8132,on_track,early,on time,30,12,none,low,1.9,direct_rx,,
8133,lapsed,early,missed,90,250,none,moderate,0.5,direct_rx,1,no_response
8134,on_track,stable,on time,90,32,app,moderate,8.6,transfer,,
8135,lapsed,early,missed,30,89,app,high,0.8,direct_rx,1,side_effects
8136,on_track,early,on time,30,10,app,moderate,0.8,transfer,,
8137,on_track,long_term,on time,30,7,none,low,35.0,hcp,,
8138,on_track,long_term,on time,90,62,phone,low,15.3,direct_rx,,
8139,lapsing,stable,delayed,30,44,none,high,7.1,direct_rx,8,forgot_or_routine
8140,on_track,stable,on time,30,4,phone,moderate,10.4,hcp,,
8141,on_track,long_term,on time,30,9,none,low,23.9,direct_rx,,
8142,on_track,early,on time,30,11,phone,moderate,2.8,hcp,,
8143,lapsing,stable,delayed,90,144,none,moderate,3.3,direct_rx,4,forgot_or_routine
8144,on_track,long_term,on time,60,6,phone,moderate,20.9,direct_rx,,
8145,lapsing,stable,delayed,30,35,app,high,3.3,direct_rx,4,no_response
8146,lapsed,stable,missed,90,252,app,high,4.7,direct_rx,1,cost_or_coverage
8147,lapsing,early,delayed,30,38,app,high,2.2,hcp,3,not_working
8148,lapsing,long_term,delayed,60,72,phone,moderate,27.9,direct_rx,28,forgot_or_routine
8149,lapsing,stable,delayed,60,73,app,moderate,9.7,direct_rx,10,no_response
8150,on_track,stable,on time,30,19,phone,moderate,11.6,hcp,,
8151,lapsing,early,delayed,30,32,app,moderate,0.4,direct_rx,1,side_effects
8152,on_track,stable,on time,30,15,none,moderate,11.8,transfer,,
8153,lapsing,early,delayed,30,33,none,moderate,0.8,direct_rx,1,side_effects
8154,lapsed,early,missed,90,343,app,moderate,1.5,hcp,1,no_response
8155,on_track,long_term,on time,30,23,none,moderate,30.3,direct_rx,,
8156,lapsing,early,delayed,30,45,app,high,1.4,direct_rx,2,no_response
8157,lapsing,stable,delayed,30,46,phone,moderate,4.2,direct_rx,5,not_working
8158,on_track,stable,on time,30,3,phone,low,11.7,transfer,,
8159,lapsed,early,missed,60,222,app,high,1.3,direct_rx,1,not_working
8160,lapsed,early,missed,30,107,app,moderate,1.3,direct_rx,1,no_response
8161,on_track,stable,on time,30,0,app,low,8.6,direct_rx,,
8162,on_track,long_term,on time,30,20,none,moderate,32.2,direct_rx,,
8163,on_track,stable,on time,30,8,app,moderate,11.5,hcp,,
8164,lapsing,early,delayed,30,38,app,moderate,0.3,hcp,1,forgot_or_routine
8165,on_track,stable,on time,30,9,phone,low,7.1,direct_rx,,
8166,on_track,stable,on time,90,32,app,moderate,11.4,hcp,,
8167,lapsing,stable,delayed,30,33,none,moderate,5.1,direct_rx,6,no_response
8168,on_track,stable,on time,90,58,none,low,11.9,transfer,,
8169,on_track,early,on time,30,16,app,low,1.6,direct_rx,,
8170,on_track,early,on time,90,6,app,low,0.5,hcp,,
8171,lapsing,early,delayed,30,46,app,high,1.6,direct_rx,2,no_response
8172,lapsing,early,delayed,30,46,app,moderate,2.3,hcp,3,cost_or_coverage
8173,on_track,early,on time,30,1,none,low,0.4,direct_rx,,
8174,lapsing,stable,delayed,60,64,app,moderate,7.2,direct_rx,8,cost_or_coverage
8175,on_track,early,on time,30,9,phone,low,1.0,direct_rx,,
8176,lapsed,stable,missed,30,77,app,moderate,4.9,direct_rx,4,felt_better
8177,on_track,stable,on time,90,33,app,low,10.5,hcp,,
8178,on_track,early,on time,60,47,app,low,2.2,hcp,,
8179,lapsing,early,delayed,30,46,app,high,0.7,direct_rx,1,no_response
8180,on_track,early,on time,30,24,none,moderate,1.4,direct_rx,,
8181,on_track,stable,on time,60,30,app,moderate,11.6,direct_rx,,
8182,on_track,stable,on time,60,40,none,low,11.0,direct_rx,,
8183,lapsing,early,delayed,30,34,none,moderate,0.2,hcp,1,no_response
8184,on_track,stable,on time,60,4,app,low,7.6,hcp,,
8185,lapsing,early,delayed,30,40,app,moderate,1.1,hcp,2,side_effects
8186,on_track,early,on time,30,2,phone,moderate,0.3,hcp,,
8187,lapsed,early,missed,60,128,phone,moderate,2.3,direct_rx,1,cost_or_coverage
8188,on_track,stable,on time,30,0,app,low,9.7,hcp,,
8189,on_track,long_term,on time,30,24,app,low,21.9,direct_rx,,
8190,lapsed,long_term,missed,30,57,none,high,33.2,transfer,33,forgot_or_routine
8191,on_track,early,on time,60,37,phone,low,2.2,direct_rx,,
8192,on_track,stable,on time,90,40,app,low,10.9,transfer,,
8193,lapsed,early,missed,60,113,phone,high,2.6,hcp,1,not_working
8194,lapsing,early,delayed,90,104,app,high,1.0,direct_rx,1,side_effects
8195,lapsing,early,delayed,90,100,none,moderate,2.0,transfer,2,forgot_or_routine
8196,on_track,stable,on time,30,8,app,moderate,10.0,direct_rx,,
8197,on_track,early,on time,30,14,none,low,1.5,direct_rx,,
8198,on_track,stable,on time,30,5,phone,moderate,11.5,hcp,,
8199,lapsing,stable,delayed,30,47,none,moderate,10.7,hcp,11,felt_better
8200,on_track,long_term,on time,30,22,phone,low,19.1,direct_rx,,
8201,lapsing,stable,delayed,30,42,app,moderate,9.8,direct_rx,10,cost_or_coverage
8202,on_track,long_term,on time,30,11,none,low,18.9,transfer,,
8203,on_track,long_term,on time,60,15,app,low,29.2,hcp,,
8204,lapsing,early,delayed,90,115,phone,moderate,0.6,direct_rx,1,cost_or_coverage
8205,on_track,early,on time,60,38,app,low,1.0,direct_rx,,
8206,on_track,stable,on time,30,8,phone,low,11.0,direct_rx,,
8207,lapsing,early,delayed,30,37,phone,moderate,2.1,direct_rx,3,forgot_or_routine
8208,on_track,stable,on time,30,5,app,low,11.2,direct_rx,,
8209,lapsed,long_term,missed,30,81,app,high,25.4,transfer,24,cost_or_coverage
8210,on_track,stable,on time,60,42,phone,low,8.1,direct_rx,,
8211,on_track,long_term,on time,30,17,app,low,35.3,transfer,,
8212,on_track,early,on time,60,11,app,low,0.0,direct_rx,,
8213,on_track,long_term,on time,60,43,app,moderate,25.3,hcp,,
8214,on_track,stable,on time,30,23,phone,low,8.6,hcp,,
8215,on_track,long_term,on time,30,18,app,low,23.3,direct_rx,,
8216,on_track,stable,on time,30,11,phone,moderate,11.0,direct_rx,,
8217,lapsed,stable,missed,30,118,app,high,4.5,direct_rx,2,forgot_or_routine
8218,on_track,stable,on time,90,35,none,low,10.4,direct_rx,,
8219,lapsed,long_term,missed,90,188,phone,high,17.7,direct_rx,15,cost_or_coverage
8220,on_track,long_term,on time,90,42,phone,low,12.5,direct_rx,,
8221,lapsing,early,delayed,30,33,app,high,1.2,direct_rx,2,no_response
8222,lapsing,early,delayed,90,139,app,moderate,0.0,direct_rx,1,forgot_or_routine
8223,on_track,long_term,on time,90,71,app,low,24.1,direct_rx,,
8224,lapsing,early,delayed,30,42,app,moderate,0.7,hcp,1,not_working
8225,on_track,stable,on time,30,14,none,low,11.1,transfer,,
8226,on_track,early,on time,60,25,phone,low,0.5,hcp,,
8227,lapsing,early,delayed,30,42,phone,high,0.6,hcp,1,no_response
8228,lapsed,early,missed,60,137,phone,high,2.4,direct_rx,1,side_effects
8229,lapsing,stable,delayed,60,91,app,moderate,3.7,direct_rx,4,no_response
8230,lapsing,early,delayed,30,47,none,high,0.5,direct_rx,1,side_effects
8231,on_track,stable,on time,90,44,phone,low,9.4,transfer,,
8232,on_track,long_term,on time,30,18,app,low,15.7,hcp,,
8233,on_track,early,on time,30,6,phone,low,2.7,direct_rx,,
8234,on_track,early,on time,90,20,phone,moderate,2.9,direct_rx,,
8235,lapsed,long_term,missed,30,63,app,high,35.7,direct_rx,35,cost_or_coverage
8236,on_track,stable,on time,30,9,app,moderate,11.4,hcp,,
8237,on_track,stable,on time,30,19,phone,moderate,11.9,direct_rx,,
8238,lapsing,early,delayed,30,48,phone,moderate,0.6,hcp,1,no_response
8239,on_track,stable,on time,90,15,phone,moderate,11.6,direct_rx,,
8240,on_track,long_term,on time,30,2,app,low,30.7,hcp,,
8241,lapsing,stable,delayed,60,65,none,moderate,3.3,direct_rx,4,felt_better
8242,on_track,stable,on time,90,28,phone,low,12.0,hcp,,
8243,on_track,stable,on time,30,19,phone,low,10.9,direct_rx,,
8244,lapsing,stable,delayed,30,41,phone,moderate,8.2,hcp,9,no_response
8245,lapsed,stable,missed,60,149,phone,high,6.9,hcp,4,felt_better
8246,on_track,stable,on time,30,24,none,moderate,11.9,hcp,,
8247,on_track,early,on time,30,19,phone,low,0.9,hcp,,
8248,on_track,long_term,on time,30,7,app,moderate,30.0,hcp,,
8249,on_track,long_term,on time,60,26,phone,moderate,27.8,hcp,,
8250,lapsed,early,missed,30,73,none,high,3.0,direct_rx,2,side_effects
8251,on_track,early,on time,90,69,none,low,2.6,hcp,,
8252,lapsing,early,delayed,60,66,none,high,0.5,hcp,1,side_effects
8253,on_track,long_term,on time,60,24,none,low,24.6,hcp,,
8254,on_track,stable,on time,30,21,phone,low,9.1,direct_rx,,
8255,lapsing,early,delayed,90,129,phone,moderate,1.2,direct_rx,2,forgot_or_routine
8256,lapsing,stable,delayed,90,136,phone,moderate,4.1,direct_rx,5,forgot_or_routine
8257,lapsed,early,missed,30,78,phone,high,1.8,direct_rx,1,no_response
8258,on_track,long_term,on time,30,1,phone,low,26.2,direct_rx,,
8259,lapsing,early,delayed,60,92,app,moderate,2.0,hcp,2,no_response
8260,on_track,stable,on time,60,36,phone,low,9.0,hcp,,
8261,on_track,stable,on time,60,32,app,low,11.1,direct_rx,,
8262,lapsed,stable,missed,90,201,app,moderate,7.0,direct_rx,4,cost_or_coverage
8263,on_track,stable,on time,60,6,phone,moderate,11.7,direct_rx,,
8264,on_track,long_term,on time,60,41,none,moderate,28.7,direct_rx,,
8265,on_track,long_term,on time,30,22,phone,moderate,30.1,hcp,,
8266,on_track,long_term,on time,30,0,phone,low,33.0,direct_rx,,
8267,on_track,long_term,on time,30,5,phone,moderate,32.2,hcp,,
8268,on_track,early,on time,30,21,app,low,0.2,hcp,,
8269,lapsing,early,delayed,90,112,phone,moderate,0.2,direct_rx,1,cost_or_coverage
8270,on_track,stable,on time,90,1,app,low,11.9,hcp,,
8271,on_track,early,on time,30,10,app,low,1.1,direct_rx,,
8272,on_track,stable,on time,60,1,phone,low,8.9,hcp,,
8273,lapsed,stable,missed,30,111,phone,high,6.3,direct_rx,4,cost_or_coverage
8274,lapsing,stable,delayed,90,111,phone,moderate,6.1,hcp,7,cost_or_coverage
8275,on_track,early,on time,30,11,app,low,0.2,hcp,,
8276,on_track,stable,on time,30,10,phone,low,7.8,transfer,,
8277,on_track,stable,on time,60,20,phone,moderate,11.7,direct_rx,,
8278,on_track,early,on time,90,57,phone,moderate,1.8,direct_rx,,
8279,on_track,long_term,on time,90,62,app,moderate,29.5,direct_rx,,
8280,on_track,early,on time,90,58,app,low,1.6,hcp,,
8281,on_track,early,on time,30,15,app,moderate,2.0,hcp,,
8282,on_track,stable,on time,30,10,app,low,11.8,direct_rx,,
8283,on_track,stable,on time,60,29,none,moderate,11.6,direct_rx,,
8284,on_track,stable,on time,30,10,app,low,9.9,direct_rx,,
8285,on_track,early,on time,60,31,app,moderate,2.5,direct_rx,,
8286,on_track,early,on time,30,24,none,moderate,1.0,direct_rx,,
8287,on_track,early,on time,90,63,phone,low,1.0,hcp,,
8288,lapsing,stable,delayed,60,77,app,moderate,3.4,direct_rx,4,forgot_or_routine
8289,on_track,long_term,on time,30,15,phone,moderate,23.9,direct_rx,,
8290,lapsed,early,missed,30,63,app,high,1.9,direct_rx,1,not_working
8291,on_track,long_term,on time,30,8,phone,moderate,28.6,direct_rx,,
8292,on_track,stable,on time,30,5,phone,moderate,11.9,hcp,,
8293,lapsed,early,missed,60,239,app,moderate,0.6,direct_rx,1,cost_or_coverage
8294,lapsing,early,delayed,30,33,phone,moderate,1.5,direct_rx,2,forgot_or_routine
8295,on_track,long_term,on time,30,22,none,moderate,25.1,direct_rx,,
8296,lapsed,early,missed,30,108,none,moderate,1.3,direct_rx,1,side_effects
8297,lapsed,stable,missed,60,192,phone,high,6.2,direct_rx,2,cost_or_coverage
8298,lapsing,stable,delayed,30,32,app,high,3.8,hcp,4,cost_or_coverage
8299,on_track,stable,on time,30,5,app,moderate,10.4,direct_rx,,
8300,on_track,stable,on time,30,4,app,low,9.8,direct_rx,,
8301,on_track,early,on time,30,15,app,low,2.5,hcp,,
8302,lapsed,long_term,missed,60,144,app,moderate,14.0,hcp,12,no_response
8303,on_track,stable,on time,30,15,none,low,11.8,hcp,,
8304,lapsed,stable,missed,30,60,app,moderate,5.0,direct_rx,4,cost_or_coverage
8305,lapsed,early,missed,90,247,phone,moderate,0.9,hcp,1,forgot_or_routine
8306,on_track,stable,on time,30,24,phone,moderate,10.0,direct_rx,,
8307,on_track,long_term,on time,30,15,phone,low,13.0,direct_rx,,
8308,on_track,stable,on time,30,9,app,low,10.0,hcp,,
8309,lapsing,early,delayed,60,74,app,high,2.8,hcp,3,no_response
8310,lapsing,early,delayed,90,112,app,high,2.0,direct_rx,2,side_effects
8311,on_track,stable,on time,60,6,app,low,10.8,direct_rx,,
8312,lapsing,stable,delayed,30,39,none,high,12.0,direct_rx,12,cost_or_coverage
8313,lapsed,stable,missed,30,51,app,high,8.4,transfer,8,felt_better
8314,on_track,long_term,on time,30,0,app,moderate,25.7,hcp,,
8315,on_track,early,on time,30,14,app,low,1.1,direct_rx,,
8316,on_track,early,on time,60,8,app,moderate,1.9,direct_rx,,
8317,lapsing,early,delayed,60,88,phone,moderate,0.2,direct_rx,1,forgot_or_routine
8318,on_track,stable,on time,30,20,none,low,11.6,direct_rx,,
8319,on_track,stable,on time,30,16,phone,low,11.3,direct_rx,,
8320,on_track,early,on time,60,6,phone,moderate,1.1,transfer,,
8321,on_track,early,on time,90,32,none,moderate,0.6,direct_rx,,
8322,lapsed,long_term,missed,60,199,phone,high,23.4,transfer,19,no_response
8323,lapsed,early,missed,30,73,app,high,1.9,transfer,1,no_response
8324,on_track,early,on time,60,23,app,low,0.9,direct_rx,,
8325,lapsed,early,missed,30,109,app,moderate,2.0,direct_rx,1,not_working
8326,on_track,early,on time,30,23,phone,moderate,1.3,hcp,,
8327,on_track,early,on time,90,48,app,low,2.6,hcp,,
8328,on_track,early,on time,30,13,phone,low,0.6,direct_rx,,
8329,on_track,long_term,on time,30,5,app,low,30.4,direct_rx,,
8330,on_track,long_term,on time,30,11,phone,low,20.3,direct_rx,,
8331,on_track,stable,on time,90,1,phone,low,7.7,hcp,,
8332,on_track,long_term,on time,30,8,none,low,18.8,hcp,,
8333,on_track,long_term,on time,30,5,app,low,25.8,direct_rx,,
8334,on_track,stable,on time,90,58,phone,low,9.7,direct_rx,,
8335,on_track,stable,on time,60,30,app,low,11.5,transfer,,
8336,lapsing,early,delayed,30,43,app,moderate,1.1,direct_rx,2,side_effects
8337,lapsing,early,delayed,30,42,phone,high,2.0,hcp,2,forgot_or_routine
8338,lapsing,long_term,delayed,30,35,app,moderate,29.7,direct_rx,30,no_response
8339,on_track,long_term,on time,30,19,phone,low,16.9,direct_rx,,
8340,lapsed,early,missed,30,102,app,high,2.0,hcp,1,forgot_or_routine
8341,on_track,stable,on time,60,43,phone,moderate,10.0,direct_rx,,
8342,on_track,long_term,on time,30,14,app,low,24.9,hcp,,
8343,on_track,stable,on time,30,19,app,low,11.6,hcp,,
8344,on_track,stable,on time,30,19,app,low,10.7,hcp,,
8345,on_track,early,on time,90,9,phone,moderate,0.4,hcp,,
8346,on_track,early,on time,30,12,none,low,1.0,direct_rx,,
8347,on_track,long_term,on time,30,14,app,moderate,22.4,hcp,,
8348,on_track,early,on time,30,18,app,moderate,1.4,direct_rx,,
8349,on_track,early,on time,30,17,app,low,2.8,hcp,,
8350,lapsed,early,missed,60,154,phone,high,2.5,direct_rx,1,cost_or_coverage
8351,lapsed,stable,missed,30,116,none,moderate,6.4,hcp,4,felt_better
8352,on_track,stable,on time,30,14,phone,low,10.8,hcp,,
8353,lapsing,stable,delayed,60,62,phone,moderate,10.0,direct_rx,10,cost_or_coverage
8354,lapsing,stable,delayed,60,84,app,moderate,4.4,hcp,5,no_response
8355,on_track,stable,on time,30,19,phone,low,9.4,direct_rx,,
8356,on_track,stable,on time,90,72,none,low,11.3,direct_rx,,
8357,lapsing,stable,delayed,30,45,none,moderate,5.6,direct_rx,6,no_response
8358,lapsed,early,missed,30,101,phone,high,2.6,transfer,1,cost_or_coverage
8359,on_track,long_term,on time,30,12,none,low,14.4,transfer,,
8360,on_track,early,on time,30,2,app,low,1.4,hcp,,
8361,lapsed,long_term,missed,30,52,none,high,35.5,transfer,35,forgot_or_routine
8362,lapsing,early,delayed,30,39,phone,moderate,1.6,hcp,2,forgot_or_routine
8363,on_track,long_term,on time,90,10,app,low,23.2,hcp,,
8364,on_track,long_term,on time,30,7,phone,low,24.0,hcp,,
8365,on_track,stable,on time,90,0,phone,low,11.8,direct_rx,,
8366,lapsing,stable,delayed,90,94,app,high,3.2,direct_rx,4,felt_better
8367,on_track,stable,on time,30,6,none,moderate,11.0,direct_rx,,
8368,lapsing,early,delayed,60,92,app,high,0.9,direct_rx,1,side_effects
8369,lapsing,early,delayed,30,35,none,high,2.7,hcp,3,no_response
8370,on_track,early,on time,30,24,app,low,1.4,direct_rx,,
8371,lapsing,early,delayed,30,48,phone,moderate,0.5,direct_rx,1,no_response
8372,lapsing,early,delayed,90,140,app,moderate,0.9,hcp,1,side_effects
8373,on_track,early,on time,30,1,none,low,2.5,hcp,,
8374,on_track,early,on time,30,11,phone,low,1.2,hcp,,
8375,on_track,stable,on time,90,39,app,low,11.3,hcp,,
8376,on_track,long_term,on time,60,21,app,low,21.2,direct_rx,,
8377,on_track,stable,on time,30,13,app,low,11.0,direct_rx,,
8378,lapsing,early,delayed,30,40,app,moderate,1.2,hcp,2,not_working
8379,on_track,stable,on time,90,50,app,moderate,11.1,direct_rx,,
8380,on_track,stable,on time,30,6,phone,low,8.9,direct_rx,,
8381,on_track,early,on time,30,5,app,low,2.7,hcp,,
8382,lapsing,stable,delayed,90,141,app,high,3.2,direct_rx,4,forgot_or_routine
8383,lapsing,stable,delayed,30,32,app,moderate,7.1,hcp,8,felt_better
8384,on_track,stable,on time,60,3,none,low,11.9,transfer,,
8385,lapsed,long_term,missed,90,321,phone,high,24.8,transfer,18,no_response
8386,on_track,stable,on time,30,21,none,low,8.9,direct_rx,,
8387,lapsing,stable,delayed,30,35,phone,high,3.2,direct_rx,4,no_response
8388,lapsing,long_term,delayed,30,37,phone,moderate,16.5,hcp,17,no_response
8389,lapsing,early,delayed,30,35,app,moderate,1.1,direct_rx,2,no_response
8390,lapsing,early,delayed,30,44,none,moderate,1.2,direct_rx,2,no_response
8391,on_track,early,on time,30,21,app,low,0.7,direct_rx,,
8392,on_track,early,on time,30,10,app,low,1.6,direct_rx,,
8393,on_track,stable,on time,30,0,app,low,11.8,direct_rx,,
8394,on_track,long_term,on time,90,61,app,low,32.3,hcp,,
8395,on_track,early,on time,30,16,phone,low,2.0,hcp,,
8396,on_track,stable,on time,30,19,phone,low,11.0,direct_rx,,
8397,on_track,stable,on time,30,7,app,moderate,11.2,transfer,,
8398,lapsing,early,delayed,30,44,app,moderate,1.7,hcp,2,not_working
8399,lapsing,early,delayed,60,73,app,moderate,3.0,direct_rx,3,side_effects
8400,lapsing,stable,delayed,30,34,none,moderate,3.2,direct_rx,4,forgot_or_routine
8401,on_track,long_term,on time,30,22,app,low,30.3,direct_rx,,
8402,on_track,early,on time,30,11,app,low,1.9,direct_rx,,
8403,lapsed,early,missed,30,59,app,moderate,0.6,direct_rx,1,no_response
8404,on_track,early,on time,30,20,app,low,0.8,direct_rx,,
8405,on_track,early,on time,30,18,phone,low,1.9,direct_rx,,
8406,lapsing,early,delayed,60,91,app,moderate,2.8,hcp,3,side_effects
8407,on_track,stable,on time,60,5,none,low,8.5,direct_rx,,
8408,on_track,stable,on time,90,14,phone,moderate,12.0,hcp,,
8409,on_track,long_term,on time,90,57,phone,moderate,24.3,hcp,,
8410,on_track,long_term,on time,90,13,phone,low,28.3,hcp,,
8411,on_track,long_term,on time,30,6,phone,low,19.2,hcp,,
8412,on_track,stable,on time,30,12,phone,low,11.3,direct_rx,,
8413,on_track,long_term,on time,30,19,app,low,13.3,direct_rx,,
8414,lapsing,early,delayed,90,103,phone,moderate,2.9,hcp,3,not_working
8415,on_track,early,on time,30,6,phone,moderate,1.9,direct_rx,,
8416,on_track,long_term,on time,60,6,none,low,30.1,transfer,,
8417,on_track,early,on time,30,15,app,moderate,2.4,direct_rx,,
8418,lapsing,early,delayed,30,48,phone,high,1.4,direct_rx,2,side_effects
8419,lapsed,early,missed,30,53,app,high,0.3,hcp,1,forgot_or_routine
8420,on_track,long_term,on time,30,18,none,low,26.8,direct_rx,,
8421,on_track,stable,on time,90,51,phone,moderate,11.1,hcp,,
8422,lapsing,stable,delayed,90,117,app,moderate,5.9,hcp,6,felt_better
8423,lapsing,early,delayed,30,35,phone,high,1.1,hcp,2,no_response
8424,on_track,early,on time,90,8,app,moderate,1.0,direct_rx,,
8425,on_track,long_term,on time,30,23,none,low,26.3,direct_rx,,
8426,on_track,stable,on time,90,66,app,low,10.2,transfer,,
8427,on_track,stable,on time,30,9,app,moderate,11.3,hcp,,
8428,on_track,early,on time,30,14,app,low,1.5,direct_rx,,
8429,on_track,stable,on time,30,21,app,low,11.4,direct_rx,,
8430,on_track,stable,on time,60,18,app,moderate,11.9,direct_rx,,
8431,on_track,long_term,on time,90,22,app,low,17.9,direct_rx,,
8432,on_track,long_term,on time,90,71,none,low,21.8,direct_rx,,
8433,lapsed,stable,missed,90,209,app,moderate,7.4,direct_rx,4,no_response
8434,on_track,stable,on time,30,5,app,low,9.2,direct_rx,,
8435,lapsing,early,delayed,30,31,app,moderate,1.6,direct_rx,2,forgot_or_routine
8436,on_track,long_term,on time,30,21,phone,low,12.2,direct_rx,,
8437,on_track,stable,on time,90,68,app,moderate,7.4,hcp,,
8438,on_track,early,on time,30,11,phone,moderate,2.8,direct_rx,,
8439,on_track,early,on time,90,69,app,moderate,0.8,direct_rx,,
8440,lapsing,early,delayed,30,37,phone,high,2.9,direct_rx,3,no_response
8441,on_track,early,on time,30,1,none,low,0.5,direct_rx,,
8442,on_track,long_term,on time,90,63,app,low,17.0,direct_rx,,
8443,lapsed,long_term,missed,90,353,app,high,26.6,direct_rx,18,cost_or_coverage
8444,lapsing,early,delayed,30,33,phone,moderate,0.8,hcp,1,side_effects
8445,on_track,stable,on time,30,24,none,low,9.7,direct_rx,,
8446,lapsed,early,missed,30,118,phone,high,2.5,hcp,1,side_effects
8447,on_track,early,on time,30,16,phone,low,2.5,hcp,,
8448,lapsed,early,missed,90,200,app,high,0.2,transfer,1,side_effects
8449,on_track,early,on time,30,16,none,low,1.7,direct_rx,,
8450,on_track,stable,on time,30,10,none,low,11.2,direct_rx,,
8451,on_track,early,on time,30,7,app,moderate,1.2,hcp,,
8452,on_track,long_term,on time,30,24,app,moderate,28.3,transfer,,
8453,lapsed,early,missed,60,202,phone,high,1.6,direct_rx,1,side_effects
8454,on_track,stable,on time,30,9,app,moderate,11.8,direct_rx,,
8455,on_track,stable,on time,30,23,phone,low,11.1,direct_rx,,
8456,on_track,stable,on time,60,24,app,low,11.7,direct_rx,,
8457,on_track,early,on time,60,31,phone,low,0.7,hcp,,
8458,on_track,long_term,on time,90,28,phone,low,34.7,direct_rx,,
8459,lapsed,early,missed,30,56,phone,high,3.0,transfer,3,cost_or_coverage
8460,on_track,long_term,on time,30,22,phone,low,35.0,hcp,,
8461,on_track,long_term,on time,60,8,app,moderate,31.4,direct_rx,,
8462,on_track,stable,on time,30,4,phone,low,11.1,direct_rx,,
8463,lapsed,early,missed,30,116,phone,moderate,1.7,direct_rx,1,no_response
8464,lapsing,early,delayed,30,39,app,moderate,1.5,direct_rx,2,no_response
8465,on_track,stable,on time,30,5,phone,low,10.8,hcp,,
8466,on_track,stable,on time,60,15,app,low,11.8,direct_rx,,
8467,on_track,stable,on time,30,9,none,moderate,11.0,hcp,,
8468,lapsing,early,delayed,30,32,phone,moderate,0.5,direct_rx,1,no_response
8469,on_track,long_term,on time,30,18,app,low,20.6,direct_rx,,
8470,on_track,long_term,on time,30,18,none,low,22.3,direct_rx,,
8471,on_track,stable,on time,30,17,phone,moderate,10.3,direct_rx,,
8472,lapsed,early,missed,30,116,phone,moderate,0.8,transfer,1,cost_or_coverage
8473,lapsing,early,delayed,90,118,app,high,0.9,direct_rx,1,no_response
8474,lapsing,early,delayed,30,34,app,moderate,1.1,hcp,2,not_working
8475,lapsing,early,delayed,60,96,app,moderate,2.5,direct_rx,3,forgot_or_routine
8476,on_track,stable,on time,30,9,none,low,9.2,hcp,,
8477,lapsing,stable,delayed,30,38,phone,moderate,3.2,transfer,4,side_effects
8478,on_track,stable,on time,90,27,none,low,11.9,direct_rx,,
8479,lapsed,stable,missed,30,56,app,high,5.7,hcp,5,no_response
8480,on_track,stable,on time,60,5,app,moderate,11.3,hcp,,
8481,on_track,stable,on time,60,36,phone,low,11.8,direct_rx,,
8482,on_track,early,on time,90,50,app,low,2.6,hcp,,
8483,on_track,stable,on time,90,68,phone,low,11.6,hcp,,
8484,on_track,early,on time,30,13,app,moderate,2.6,direct_rx,,
8485,on_track,stable,on time,90,69,app,low,11.3,direct_rx,,
8486,on_track,stable,on time,60,43,app,low,12.0,transfer,,
8487,on_track,long_term,on time,30,22,phone,moderate,33.9,direct_rx,,
8488,lapsing,early,delayed,30,43,app,moderate,1.8,hcp,2,not_working
8489,lapsed,early,missed,60,167,none,high,1.2,direct_rx,1,forgot_or_routine
8490,on_track,stable,on time,30,6,app,moderate,11.6,transfer,,
8491,lapsing,long_term,delayed,90,92,phone,high,12.7,direct_rx,13,cost_or_coverage
8492,on_track,stable,on time,30,5,app,low,11.7,hcp,,
8493,on_track,early,on time,90,56,app,low,2.2,hcp,,
8494,on_track,long_term,on time,60,37,none,moderate,23.3,hcp,,
8495,lapsing,early,delayed,30,38,phone,moderate,0.2,hcp,1,side_effects
8496,on_track,long_term,on time,30,15,app,moderate,31.6,direct_rx,,
8497,on_track,early,on time,30,1,app,moderate,0.5,transfer,,
8498,on_track,long_term,on time,60,2,app,moderate,31.0,direct_rx,,
8499,on_track,long_term,on time,30,14,phone,low,27.0,direct_rx,,
8500,on_track,stable,on time,60,19,app,low,11.3,direct_rx,,
8501,on_track,stable,on time,30,6,app,low,11.0,direct_rx,,
8502,on_track,stable,on time,30,15,phone,low,9.3,hcp,,
8503,lapsing,early,delayed,90,124,phone,moderate,0.3,direct_rx,1,cost_or_coverage
8504,lapsing,long_term,delayed,30,37,none,high,19.7,hcp,20,no_response
8505,on_track,stable,on time,90,15,phone,moderate,10.1,direct_rx,,
8506,lapsing,long_term,delayed,30,40,app,moderate,32.3,hcp,33,cost_or_coverage
8507,on_track,early,on time,90,0,app,low,0.8,hcp,,
8508,on_track,stable,on time,30,23,app,low,11.5,direct_rx,,
8509,lapsed,stable,missed,30,75,app,high,6.5,direct_rx,5,cost_or_coverage
8510,lapsing,early,delayed,30,31,none,moderate,1.4,hcp,2,no_response
8511,lapsing,long_term,delayed,30,44,app,moderate,20.3,transfer,21,forgot_or_routine
8512,lapsing,early,delayed,30,36,none,high,2.9,transfer,3,forgot_or_routine
8513,lapsing,early,delayed,30,40,phone,moderate,2.1,transfer,3,felt_better
8514,lapsed,long_term,missed,30,68,none,moderate,33.5,direct_rx,33,no_response
8515,on_track,early,on time,90,19,phone,moderate,1.1,hcp,,
8516,lapsed,stable,missed,90,178,app,high,7.5,direct_rx,5,side_effects
8517,on_track,stable,on time,90,18,none,low,11.2,hcp,,
8518,on_track,long_term,on time,90,12,phone,low,33.0,direct_rx,,
8519,on_track,stable,on time,90,41,app,low,11.7,direct_rx,,
8520,on_track,stable,on time,30,14,app,low,5.6,hcp,,
8521,on_track,early,on time,30,0,app,low,0.7,direct_rx,,
8522,lapsing,early,delayed,30,31,none,high,0.1,direct_rx,1,side_effects
8523,lapsing,early,delayed,60,89,none,moderate,1.8,direct_rx,2,no_response
8524,on_track,early,on time,30,15,app,moderate,2.0,direct_rx,,
8525,lapsing,early,delayed,30,44,phone,moderate,2.1,direct_rx,3,side_effects
8526,on_track,stable,on time,30,2,phone,low,10.9,direct_rx,,
8527,on_track,early,on time,90,58,app,low,2.9,hcp,,
8528,on_track,early,on time,30,2,app,moderate,0.6,direct_rx,,
8529,on_track,early,on time,60,9,app,low,1.7,hcp,,
8530,on_track,long_term,on time,60,14,phone,low,18.7,hcp,,
8531,on_track,stable,on time,30,14,app,low,9.8,hcp,,
8532,lapsed,long_term,missed,60,138,none,moderate,18.9,direct_rx,17,felt_better
8533,on_track,early,on time,30,19,app,low,0.2,direct_rx,,
8534,on_track,stable,on time,90,2,phone,low,11.9,hcp,,
8535,on_track,stable,on time,30,13,none,low,8.9,hcp,,
8536,on_track,early,on time,30,3,phone,moderate,1.6,hcp,,
8537,on_track,long_term,on time,30,19,none,moderate,14.4,hcp,,
8538,lapsing,early,delayed,30,35,none,moderate,0.4,direct_rx,1,cost_or_coverage
8539,on_track,stable,on time,30,3,app,moderate,9.7,direct_rx,,
8540,lapsing,stable,delayed,60,91,phone,moderate,3.8,direct_rx,4,no_response
8541,lapsed,early,missed,90,304,app,high,0.6,direct_rx,1,no_response
8542,on_track,early,on time,60,24,phone,low,0.4,direct_rx,,
8543,on_track,stable,on time,30,0,app,low,11.6,direct_rx,,
8544,on_track,stable,on time,60,11,none,low,11.5,direct_rx,,
8545,lapsed,early,missed,30,54,app,moderate,0.8,transfer,1,not_working
8546,on_track,long_term,on time,90,25,app,low,17.7,hcp,,
8547,on_track,stable,on time,30,6,app,moderate,11.5,hcp,,
8548,on_track,long_term,on time,60,35,phone,moderate,25.6,transfer,,
8549,lapsing,long_term,delayed,30,38,app,high,28.6,transfer,29,cost_or_coverage
8550,on_track,long_term,on time,30,10,app,low,19.8,transfer,,
8551,lapsed,stable,missed,30,58,app,high,4.9,hcp,4,forgot_or_routine
8552,lapsing,early,delayed,90,144,app,high,1.4,hcp,2,forgot_or_routine
8553,lapsing,early,delayed,30,42,none,moderate,0.5,hcp,1,not_working
8554,on_track,stable,on time,90,72,phone,moderate,9.6,transfer,,
8555,on_track,long_term,on time,30,24,phone,low,21.3,direct_rx,,
8556,on_track,long_term,on time,60,0,app,low,13.8,hcp,,
8557,lapsed,early,missed,30,110,app,high,2.6,hcp,1,forgot_or_routine
8558,lapsing,early,delayed,90,125,none,moderate,2.6,hcp,3,side_effects
8559,on_track,long_term,on time,60,37,none,low,23.2,hcp,,
8560,on_track,stable,on time,30,8,phone,moderate,11.9,direct_rx,,
8561,on_track,stable,on time,90,58,none,low,11.8,direct_rx,,
8562,lapsed,long_term,missed,30,75,app,moderate,29.1,direct_rx,28,forgot_or_routine
8563,lapsing,stable,delayed,30,48,app,moderate,3.1,direct_rx,4,cost_or_coverage
8564,on_track,stable,on time,90,53,none,low,10.4,direct_rx,,
8565,on_track,stable,on time,30,14,none,low,9.2,hcp,,
8566,lapsing,early,delayed,30,48,phone,moderate,1.0,direct_rx,1,side_effects
8567,on_track,long_term,on time,30,20,app,low,34.1,hcp,,
8568,lapsed,long_term,missed,30,70,phone,moderate,16.2,direct_rx,15,side_effects
8569,on_track,long_term,on time,90,42,none,moderate,25.4,hcp,,
8570,lapsing,stable,delayed,90,120,phone,high,3.2,direct_rx,4,no_response
8571,lapsed,early,missed,60,188,app,high,0.7,direct_rx,1,forgot_or_routine
8572,lapsed,early,missed,30,117,app,high,1.5,direct_rx,1,forgot_or_routine
8573,on_track,stable,on time,30,0,app,low,11.6,direct_rx,,
8574,lapsing,early,delayed,30,35,app,high,2.5,transfer,3,side_effects
8575,on_track,stable,on time,30,1,app,moderate,10.6,hcp,,
8576,lapsing,early,delayed,30,42,app,moderate,1.5,hcp,2,felt_better
8577,on_track,early,on time,60,33,phone,low,1.4,hcp,,
8578,on_track,stable,on time,30,7,app,low,11.6,direct_rx,,
8579,on_track,stable,on time,30,21,app,low,10.4,hcp,,
8580,on_track,long_term,on time,90,17,app,moderate,13.9,hcp,,
8581,on_track,stable,on time,60,11,app,low,10.3,transfer,,
8582,on_track,stable,on time,30,10,app,low,11.0,direct_rx,,
8583,lapsing,stable,delayed,30,46,app,moderate,3.1,hcp,4,felt_better
8584,on_track,stable,on time,90,32,none,low,11.4,hcp,,
8585,on_track,early,on time,90,62,none,low,1.8,hcp,,
8586,lapsing,long_term,delayed,90,136,none,moderate,30.4,direct_rx,31,cost_or_coverage
8587,lapsed,early,missed,60,134,app,high,1.2,direct_rx,1,side_effects
8588,on_track,early,on time,90,48,none,low,0.5,direct_rx,,
8589,on_track,stable,on time,60,18,phone,low,10.9,transfer,,
8590,lapsing,early,delayed,30,34,app,high,2.9,direct_rx,3,cost_or_coverage
8591,on_track,early,on time,30,23,phone,moderate,2.2,direct_rx,,
8592,lapsed,early,missed,30,84,phone,moderate,0.5,direct_rx,1,no_response
8593,on_track,long_term,on time,30,2,app,low,18.1,hcp,,
8594,on_track,long_term,on time,30,24,phone,low,32.4,direct_rx,,
8595,on_track,stable,on time,30,7,phone,low,11.2,direct_rx,,
8596,on_track,stable,on time,30,20,phone,low,11.5,hcp,,
8597,lapsed,early,missed,30,75,phone,moderate,1.9,direct_rx,1,no_response
8598,on_track,early,on time,30,18,app,low,0.8,direct_rx,,
8599,lapsing,long_term,delayed,30,31,app,moderate,18.0,transfer,18,no_response
8600,on_track,stable,on time,30,3,app,moderate,8.5,direct_rx,,
8601,lapsing,early,delayed,90,144,app,high,0.3,direct_rx,1,side_effects
8602,lapsing,early,delayed,30,45,app,high,1.5,direct_rx,2,no_response
8603,lapsed,early,missed,30,72,none,moderate,2.8,direct_rx,2,cost_or_coverage
8604,on_track,long_term,on time,60,19,app,low,21.1,direct_rx,,
8605,on_track,early,on time,30,3,none,low,0.4,direct_rx,,
8606,lapsing,stable,delayed,90,142,none,moderate,11.2,direct_rx,12,cost_or_coverage
8607,on_track,stable,on time,30,24,phone,low,11.9,direct_rx,,
8608,on_track,early,on time,90,59,none,moderate,1.1,hcp,,
8609,lapsing,early,delayed,30,45,app,moderate,2.6,direct_rx,3,no_response
8610,on_track,stable,on time,30,24,phone,low,11.7,hcp,,
8611,on_track,stable,on time,30,1,phone,moderate,10.8,direct_rx,,
8612,lapsing,stable,delayed,90,95,phone,moderate,9.0,hcp,9,cost_or_coverage
8613,on_track,stable,on time,30,3,phone,low,9.7,direct_rx,,
8614,on_track,stable,on time,30,1,app,low,11.7,direct_rx,,
8615,on_track,stable,on time,30,7,app,low,8.6,direct_rx,,
8616,lapsed,early,missed,90,321,none,high,1.6,direct_rx,1,cost_or_coverage
8617,on_track,long_term,on time,30,19,app,low,28.7,direct_rx,,
8618,on_track,long_term,on time,30,15,none,moderate,15.9,hcp,,
8619,on_track,long_term,on time,60,25,phone,moderate,36.0,hcp,,
8620,on_track,early,on time,30,22,phone,moderate,0.9,direct_rx,,
8621,lapsed,early,missed,90,312,phone,high,0.4,direct_rx,1,no_response
8622,lapsing,early,delayed,30,37,app,high,2.8,direct_rx,3,no_response
8623,on_track,early,on time,60,3,phone,low,2.9,direct_rx,,
8624,lapsing,early,delayed,30,39,app,moderate,1.1,hcp,2,not_working
8625,lapsed,early,missed,30,73,none,high,2.4,transfer,1,no_response
8626,lapsing,early,delayed,90,109,phone,high,0.4,direct_rx,1,no_response
8627,on_track,stable,on time,30,20,app,low,11.9,hcp,,
8628,lapsing,long_term,delayed,30,45,app,high,17.5,direct_rx,18,no_response
8629,on_track,early,on time,90,46,none,low,1.3,direct_rx,,
8630,on_track,long_term,on time,90,33,phone,low,20.9,direct_rx,,
8631,lapsed,stable,missed,30,92,app,moderate,3.3,hcp,2,no_response
8632,lapsing,early,delayed,30,37,app,high,2.4,transfer,3,no_response
8633,on_track,early,on time,90,37,phone,low,0.9,hcp,,
8634,on_track,early,on time,60,10,app,low,1.9,transfer,,
8635,on_track,long_term,on time,30,5,app,low,29.8,direct_rx,,
8636,on_track,long_term,on time,30,23,none,moderate,27.3,hcp,,
8637,lapsed,stable,missed,60,208,app,high,8.9,hcp,4,forgot_or_routine
8638,lapsed,stable,missed,60,203,app,high,6.0,hcp,2,no_response
8639,on_track,stable,on time,30,4,phone,moderate,11.8,hcp,,
8640,on_track,stable,on time,30,11,phone,low,11.1,hcp,,
8641,lapsing,early,delayed,30,39,app,moderate,2.3,hcp,3,no_response
8642,on_track,stable,on time,30,5,phone,moderate,9.5,direct_rx,,
8643,on_track,early,on time,30,9,none,low,2.6,direct_rx,,
8644,lapsed,long_term,missed,60,140,phone,moderate,18.5,transfer,16,felt_better
8645,on_track,long_term,on time,90,28,phone,low,29.5,transfer,,
8646,on_track,stable,on time,90,70,phone,moderate,11.3,transfer,,
8647,lapsed,early,missed,30,111,phone,moderate,1.1,direct_rx,1,no_response
8648,on_track,early,on time,30,17,app,low,1.2,hcp,,
8649,lapsing,early,delayed,60,72,app,high,1.6,direct_rx,2,not_working
8650,on_track,early,on time,90,35,app,low,1.9,direct_rx,,
8651,on_track,early,on time,30,18,phone,low,0.7,hcp,,
8652,on_track,stable,on time,30,1,app,low,11.5,hcp,,
8653,lapsing,long_term,delayed,60,90,phone,moderate,24.9,hcp,25,felt_better
8654,on_track,early,on time,90,63,phone,moderate,1.6,hcp,,
8655,on_track,stable,on time,30,11,app,low,10.4,direct_rx,,
8656,lapsing,long_term,delayed,60,67,app,moderate,32.3,direct_rx,33,no_response
8657,on_track,stable,on time,30,6,app,low,10.3,direct_rx,,
8658,on_track,early,on time,60,36,none,moderate,2.2,hcp,,
8659,on_track,long_term,on time,90,45,none,low,17.3,hcp,,
8660,on_track,long_term,on time,60,21,none,moderate,23.5,hcp,,
8661,on_track,long_term,on time,90,26,app,moderate,26.1,direct_rx,,
8662,on_track,stable,on time,30,8,app,low,11.9,direct_rx,,
8663,on_track,early,on time,30,10,phone,low,1.4,direct_rx,,
8664,lapsed,early,missed,30,87,phone,moderate,1.3,direct_rx,1,forgot_or_routine
8665,on_track,stable,on time,30,21,none,low,9.3,direct_rx,,
8666,on_track,stable,on time,60,7,none,moderate,11.5,direct_rx,,
8667,on_track,stable,on time,60,41,phone,low,11.8,direct_rx,,
8668,lapsing,early,delayed,90,112,app,moderate,1.5,transfer,2,no_response
8669,on_track,early,on time,30,10,none,low,0.8,direct_rx,,
8670,on_track,long_term,on time,90,47,app,low,32.4,transfer,,
8671,on_track,stable,on time,90,21,app,moderate,11.1,direct_rx,,
8672,on_track,early,on time,60,47,app,low,0.9,direct_rx,,
8673,on_track,long_term,on time,60,6,app,low,12.3,hcp,,
8674,on_track,long_term,on time,30,12,app,low,15.7,hcp,,
8675,on_track,early,on time,90,18,phone,moderate,2.9,direct_rx,,
8676,lapsing,early,delayed,30,42,phone,moderate,0.5,direct_rx,1,forgot_or_routine
8677,lapsed,early,missed,30,96,app,moderate,1.2,direct_rx,1,cost_or_coverage
8678,on_track,early,on time,30,18,phone,moderate,0.3,direct_rx,,
8679,lapsed,early,missed,30,76,phone,moderate,0.0,hcp,1,no_response
8680,on_track,long_term,on time,30,21,phone,low,35.1,direct_rx,,
8681,on_track,stable,on time,30,6,none,low,11.0,hcp,,
8682,lapsing,early,delayed,30,32,app,moderate,2.0,direct_rx,2,not_working
8683,lapsing,early,delayed,30,47,app,moderate,2.0,direct_rx,2,felt_better
8684,on_track,long_term,on time,60,28,phone,low,27.5,direct_rx,,
8685,on_track,long_term,on time,30,7,none,low,17.2,direct_rx,,
8686,lapsing,early,delayed,90,131,app,high,2.3,direct_rx,3,forgot_or_routine
8687,on_track,stable,on time,90,3,app,low,9.9,direct_rx,,
8688,lapsing,long_term,delayed,90,122,none,moderate,18.6,direct_rx,19,side_effects
8689,on_track,stable,on time,30,3,none,low,10.4,direct_rx,,
8690,on_track,stable,on time,60,8,none,low,10.4,direct_rx,,
8691,on_track,early,on time,60,44,app,low,0.1,hcp,,
8692,on_track,long_term,on time,30,2,app,low,22.7,hcp,,
8693,on_track,early,on time,60,13,app,low,1.5,direct_rx,,
8694,on_track,early,on time,30,10,phone,low,1.2,hcp,,
8695,lapsing,early,delayed,30,33,none,high,1.8,hcp,2,cost_or_coverage
8696,on_track,early,on time,60,30,none,low,2.8,direct_rx,,
8697,lapsed,early,missed,90,202,none,moderate,1.9,direct_rx,1,no_response
8698,lapsed,long_term,missed,30,91,none,high,23.5,transfer,22,not_working
8699,on_track,stable,on time,30,15,none,low,11.1,direct_rx,,
8700,lapsed,early,missed,30,85,app,high,0.6,direct_rx,1,not_working
8701,lapsed,early,missed,60,108,app,high,2.3,hcp,1,no_response
8702,on_track,stable,on time,30,8,phone,low,9.8,hcp,,
8703,lapsing,early,delayed,90,97,phone,moderate,1.6,direct_rx,2,forgot_or_routine
8704,lapsed,early,missed,30,75,app,moderate,0.2,direct_rx,1,side_effects
8705,on_track,early,on time,30,13,app,moderate,2.9,hcp,,
8706,lapsed,long_term,missed,30,84,app,moderate,34.7,direct_rx,33,forgot_or_routine
8707,on_track,stable,on time,30,9,app,low,11.6,direct_rx,,
8708,on_track,long_term,on time,30,10,app,low,35.8,transfer,,
8709,on_track,long_term,on time,30,24,phone,moderate,17.0,direct_rx,,
8710,on_track,stable,on time,90,50,app,low,10.7,hcp,,
8711,on_track,early,on time,30,17,app,low,0.9,transfer,,
8712,on_track,early,on time,90,57,app,low,1.6,direct_rx,,
8713,lapsing,early,delayed,90,134,app,moderate,1.7,direct_rx,2,felt_better
8714,on_track,long_term,on time,30,12,app,low,18.3,direct_rx,,
8715,lapsing,early,delayed,30,36,phone,high,1.3,direct_rx,2,side_effects
8716,on_track,early,on time,90,57,none,low,2.6,direct_rx,,
8717,on_track,long_term,on time,60,19,app,moderate,15.1,direct_rx,,
8718,on_track,stable,on time,30,23,app,low,10.5,direct_rx,,
8719,on_track,stable,on time,30,19,phone,low,11.5,direct_rx,,
8720,lapsed,early,missed,30,117,app,moderate,2.4,direct_rx,1,side_effects
