patient_id,days_to_lapse_est,lapse_note,lapse_probability_band
0001,23,,low
0002,23,,low
0003,0,,elevated
0004,6,,low
0631,0,,elevated
0006,40,,low
0007,,lapsed 82 days,high
0008,54,,low
0009,,lapsed 132 days,high
0010,28,,low
0011,,lapsed 73 days,high
0012,19,,low
0013,,lapsed 103 days,high
0014,0,,elevated
0015,0,,elevated
0016,14,,low
0017,,lapsed 121 days,high
0018,56,,low
0019,46,,low
0020,,lapsed 36 days,high
0021,17,,low
0022,0,,elevated
0023,0,,elevated
0024,29,,low
0025,0,,elevated
0026,,lapsed 181 days,high
0027,21,,low
0028,15,,low
0029,,lapsed 70 days,high
0030,26,,low
0031,,lapsed 85 days,high
0032,22,,low
0033,21,,low
0034,0,,elevated
0035,0,,elevated
0036,,lapsed 216 days,high
0037,13,,low
0038,27,,low
0039,30,,low
0040,14,,low
0041,,lapsed 78 days,high
0042,27,,low
0043,77,,low
0044,9,,low
0045,55,,low
0046,9,,low
0047,,lapsed 70 days,high
0048,0,,elevated
0049,25,,low
0050,9,,low
0051,74,,low
0052,13,,low
0053,0,,elevated
0054,29,,low
0055,26,,low
0056,30,,low
0057,27,,low
0058,47,,low
0059,21,,low
0060,59,,low
0061,0,,elevated
0062,14,,low
0063,24,,low
0064,24,,low
0065,8,,low
0066,0,,elevated
0067,0,,elevated
0068,0,,elevated
0069,,lapsed 253 days,high
0070,25,,low
0071,,lapsed 67 days,high
0072,66,,low
0073,,lapsed 62 days,high
0074,0,,elevated
0075,0,,elevated
0076,8,,low
0077,15,,low
0078,45,,low
0079,,lapsed 148 days,high
0080,70,,low
0081,42,,low
0082,8,,low
0083,24,,low
0084,,lapsed 59 days,high
0085,0,,elevated
0086,0,,elevated
0087,47,,low
0088,60,,low
0089,50,,low
0090,22,,low
0091,44,,low
0092,,lapsed 83 days,high
0093,0,,elevated
0094,,lapsed 70 days,high
0095,0,,elevated
0096,0,,elevated
0097,19,,low
0098,12,,low
0099,0,,elevated
0100,27,,low
0101,23,,low
0102,,lapsed 67 days,high
0103,,lapsed 33 days,high
0104,9,,low
0105,24,,low
0106,28,,low
0107,7,,low
0108,64,,low
0109,18,,low
0110,,lapsed 31 days,high
0111,25,,low
0112,16,,low
0113,0,,elevated
0114,39,,low
0115,86,,low
0116,,lapsed 73 days,high
0117,16,,low
0118,15,,low
0119,59,,low
0120,12,,low
0121,22,,low
0122,9,,low
0123,38,,low
0124,54,,low
0125,26,,low
0126,,lapsed 125 days,high
0127,0,,elevated
0128,87,,low
0129,,lapsed 84 days,high
0130,16,,low
0131,24,,low
0132,26,,low
0133,30,,low
0134,13,,low
0135,,lapsed 123 days,high
0136,24,,low
0137,0,,elevated
0138,20,,low
0139,40,,low
0140,0,,elevated
0141,,lapsed 48 days,high
0142,,lapsed 38 days,high
0143,,lapsed 68 days,high
0144,0,,elevated
0145,22,,low
0146,0,,elevated
0147,26,,low
0148,0,,elevated
0149,43,,low
0150,30,,low
0151,27,,low
0152,0,,elevated
0153,0,,elevated
0154,30,,low
0155,25,,low
0156,,lapsed 200 days,high
0157,21,,low
0158,0,,elevated
0159,6,,low
0160,0,,elevated
0161,,lapsed 90 days,high
0162,0,,elevated
0163,,lapsed 45 days,high
0164,,lapsed 152 days,high
0165,27,,low
0166,0,,elevated
0167,0,,elevated
0168,19,,low
0169,0,,elevated
0170,,lapsed 72 days,high
0171,14,,low
0172,0,,elevated
0173,0,,elevated
0174,20,,low
0175,0,,elevated
0176,0,,elevated
0177,0,,elevated
0178,23,,low
0179,16,,low
0180,10,,low
0181,29,,low
0182,27,,low
0183,39,,low
0184,81,,low
0185,27,,low
0186,14,,low
0187,0,,elevated
0188,0,,elevated
0189,26,,low
0190,44,,low
0191,0,,elevated
0192,26,,low
0193,18,,low
0194,11,,low
0195,9,,low
0196,0,,elevated
0197,28,,low
0198,25,,low
0199,8,,low
0200,0,,elevated
0201,7,,low
0202,21,,low
0203,14,,low
0204,0,,elevated
0205,33,,low
0206,,lapsed 123 days,high
0207,9,,low
0208,0,,elevated
0209,75,,low
0210,27,,low
0211,0,,elevated
0212,0,,elevated
0213,29,,low
0214,0,,elevated
0215,50,,low
0216,0,,elevated
0217,0,,elevated
0218,43,,low
0219,21,,low
0220,21,,low
0221,,lapsed 166 days,high
0222,20,,low
0223,34,,low
0224,20,,low
0225,26,,low
0226,,lapsed 90 days,high
0227,47,,low
0228,0,,elevated
0229,28,,low
0230,0,,elevated
0231,,lapsed 88 days,high
0232,0,,elevated
0233,49,,low
0234,0,,elevated
0235,,lapsed 182 days,high
0236,0,,elevated
0237,15,,low
0238,29,,low
0239,62,,low
0240,0,,elevated
0241,0,,elevated
0242,58,,low
0243,0,,elevated
0244,,lapsed 71 days,high
0245,20,,low
0246,9,,low
0247,21,,low
0248,57,,low
0249,64,,low
0250,0,,elevated
0251,,lapsed 55 days,high
0252,51,,low
0253,15,,low
0254,9,,low
0255,,lapsed 180 days,high
0256,14,,low
0257,0,,elevated
0258,42,,low
0259,27,,low
0260,49,,low
0261,7,,low
0262,,lapsed 60 days,high
0263,0,,elevated
0264,0,,elevated
0265,8,,low
0266,57,,low
0267,46,,low
0268,13,,low
0269,,lapsed 73 days,high
0270,0,,elevated
0271,0,,elevated
0272,30,,low
0273,14,,low
0274,0,,elevated
0275,0,,elevated
0276,33,,low
0277,71,,low
0278,0,,elevated
0279,,lapsed 78 days,high
0280,33,,low
0281,18,,low
0282,52,,low
0283,,lapsed 50 days,high
0284,13,,low
0285,59,,low
0286,37,,low
0287,0,,elevated
0288,,lapsed 263 days,high
0289,35,,low
0290,55,,low
0291,20,,low
0292,75,,low
0293,10,,low
0294,90,,low
0295,0,,elevated
0296,57,,low
0297,12,,low
0298,0,,elevated
0299,,lapsed 97 days,high
0300,21,,low
0301,0,,elevated
0302,25,,low
0303,13,,low
0304,6,,low
0305,22,,low
0306,54,,low
0307,28,,low
0308,17,,low
0309,0,,elevated
0310,16,,low
0311,0,,elevated
0312,17,,low
0313,0,,elevated
0314,39,,low
0315,10,,low
0316,9,,low
0317,9,,low
0318,0,,elevated
0319,74,,low
0320,0,,elevated
0321,33,,low
0322,13,,low
0323,37,,low
0324,63,,low
0325,48,,low
0326,25,,low
0327,0,,elevated
0328,61,,low
0329,0,,elevated
0330,7,,low
0331,22,,low
0332,8,,low
0333,10,,low
0334,30,,low
0335,52,,low
0336,0,,elevated
0337,72,,low
0338,0,,elevated
0339,,lapsed 23 days,high
0340,9,,low
0341,13,,low
0342,10,,low
0343,,lapsed 49 days,high
0344,0,,elevated
0345,45,,low
0346,50,,low
0347,61,,low
0348,,lapsed 155 days,high
0349,9,,low
0350,14,,low
0351,9,,low
0352,15,,low
0353,18,,low
0354,0,,elevated
0355,76,,low
0356,0,,elevated
0357,,lapsed 30 days,high
0358,13,,low
0359,0,,elevated
0360,,lapsed 68 days,high
0361,18,,low
0362,0,,elevated
0363,21,,low
0364,18,,low
0365,14,,low
0366,56,,low
0367,15,,low
0368,25,,low
0369,,lapsed 238 days,high
0370,0,,elevated
0371,22,,low
0372,42,,low
0373,18,,low
0374,0,,elevated
0375,,lapsed 122 days,high
0376,0,,elevated
0377,7,,low
0378,19,,low
0379,82,,low
0380,,lapsed 30 days,high
0381,0,,elevated
0382,56,,low
0383,30,,low
0384,19,,low
0385,15,,low
0386,9,,low
0387,11,,low
0388,0,,elevated
0389,18,,low
0390,0,,elevated
0391,25,,low
0392,26,,low
0393,10,,low
0394,8,,low
0395,51,,low
0396,26,,low
0397,13,,low
0398,,lapsed 101 days,high
0399,,lapsed 36 days,high
0400,0,,elevated
0401,10,,low
0402,,lapsed 89 days,high
0403,0,,elevated
0404,27,,low
0405,19,,low
0406,28,,low
0407,0,,elevated
0408,29,,low
0409,20,,low
0410,30,,low
0411,,lapsed 46 days,high
0412,26,,low
0413,0,,elevated
0414,0,,elevated
0415,27,,low
0416,23,,low
0417,23,,low
0418,0,,elevated
0419,26,,low
0420,25,,low
0421,0,,elevated
0422,11,,low
0423,57,,low
0424,11,,low
0425,66,,low
0426,10,,low
0427,,lapsed 82 days,high
0428,22,,low
0429,,lapsed 40 days,high
0430,10,,low
0431,,lapsed 147 days,high
0432,8,,low
0433,0,,elevated
0434,,lapsed 158 days,high
0435,22,,low
0436,0,,elevated
0437,18,,low
0438,,lapsed 138 days,high
0439,21,,low
0440,11,,low
0441,13,,low
0442,28,,low
0443,82,,low
0444,0,,elevated
0445,0,,elevated
0446,,lapsed 100 days,high
0447,22,,low
0448,0,,elevated
0449,0,,elevated
0450,14,,low
0451,,lapsed 40 days,high
0452,14,,low
0453,19,,low
0454,8,,low
0455,52,,low
0456,27,,low
0457,,lapsed 41 days,high
0458,,lapsed 49 days,high
0459,0,,elevated
0460,42,,low
0461,52,,low
0462,0,,elevated
0463,24,,low
0464,,lapsed 44 days,high
0465,0,,elevated
0466,,lapsed 158 days,high
0467,0,,elevated
0468,87,,low
0469,0,,elevated
0470,48,,low
0471,,lapsed 89 days,high
0472,0,,elevated
0473,0,,elevated
0474,0,,elevated
0475,,lapsed 62 days,high
0476,53,,low
0477,25,,low
0478,15,,low
0479,36,,low
0480,30,,low
0481,,lapsed 71 days,high
0482,27,,low
0483,17,,low
0484,0,,elevated
0485,20,,low
0486,,lapsed 32 days,high
0487,37,,low
0488,0,,elevated
0489,,lapsed 79 days,high
0490,9,,low
0491,7,,low
0492,,lapsed 61 days,high
0493,77,,low
0494,20,,low
0495,0,,elevated
0496,13,,low
0497,13,,low
0498,26,,low
0499,30,,low
0500,35,,low
0501,12,,low
0502,16,,low
0503,0,,elevated
0504,,lapsed 139 days,high
0505,19,,low
0506,6,,low
0507,0,,elevated
0508,39,,low
0509,0,,elevated
0510,,lapsed 87 days,high
0511,56,,low
0512,18,,low
0513,0,,elevated
0514,25,,low
0515,10,,low
0516,0,,elevated
0517,16,,low
0518,,lapsed 81 days,high
0519,20,,low
0520,33,,low
0521,13,,low
0522,,lapsed 154 days,high
0523,,lapsed 211 days,high
0524,15,,low
0525,17,,low
0526,40,,low
0527,60,,low
0528,,lapsed 89 days,high
0529,30,,low
0530,7,,low
0531,6,,low
0532,20,,low
0533,0,,elevated
0534,11,,low
0535,6,,low
0536,6,,low
0537,59,,low
0538,,lapsed 110 days,high
0539,58,,low
0540,13,,low
0541,25,,low
0542,38,,low
0543,54,,low
0544,27,,low
0545,0,,elevated
0546,,lapsed 57 days,high
0547,,lapsed 59 days,high
0548,0,,elevated
0549,,lapsed 136 days,high
0550,,lapsed 59 days,high
0551,30,,low
0552,0,,elevated
0553,9,,low
0554,53,,low
0555,41,,low
0556,19,,low
0557,48,,low
0558,0,,elevated
0559,0,,elevated
0560,87,,low
0561,13,,low
0562,11,,low
0563,,lapsed 89 days,high
0564,,lapsed 54 days,high
0565,0,,elevated
0566,,lapsed 114 days,high
0567,,lapsed 116 days,high
0568,0,,elevated
0569,20,,low
0570,28,,low
0571,,lapsed 261 days,high
0572,,lapsed 161 days,high
0573,54,,low
0574,0,,elevated
0575,0,,elevated
0576,21,,low
0577,14,,low
0578,0,,elevated
0579,15,,low
0580,40,,low
0581,,lapsed 39 days,high
0582,6,,low
0583,0,,elevated
0584,0,,elevated
0585,0,,elevated
0586,77,,low
0587,43,,low
0588,,lapsed 268 days,high
0589,68,,low
0590,0,,elevated
0591,13,,low
0592,51,,low
0593,20,,low
0594,30,,low
0595,0,,elevated
0596,56,,low
0597,9,,low
0598,0,,elevated
0599,,lapsed 73 days,high
0600,29,,low
0601,0,,elevated
0602,7,,low
0603,58,,low
0604,74,,low
0605,,lapsed 58 days,high
0606,0,,elevated
0607,8,,low
0608,16,,low
0609,,lapsed 86 days,high
0610,25,,low
0611,,lapsed 21 days,high
0612,,lapsed 52 days,high
0613,27,,low
0614,37,,low
0615,,lapsed 65 days,high
0616,18,,low
0617,,lapsed 79 days,high
0618,0,,elevated
0619,11,,low
0620,7,,low
0621,0,,elevated
0622,27,,low
0623,12,,low
0624,10,,low
0625,0,,elevated
0626,,lapsed 45 days,high
0627,0,,elevated
0628,0,,elevated
0629,19,,low
0630,7,,low
0005,,lapsed 83 days,high
0632,,lapsed 26 days,high
0633,0,,elevated
0634,54,,low
0635,,lapsed 140 days,high
0636,0,,elevated
0637,8,,low
0638,0,,elevated
0639,25,,low
0640,18,,low
0641,53,,low
0642,0,,elevated
0643,26,,low
0644,0,,elevated
0645,24,,low
0646,27,,low
0647,6,,low
0648,27,,low
0649,26,,low
0650,,lapsed 30 days,high
0651,0,,elevated
0652,0,,elevated
0653,,lapsed 28 days,high
0654,0,,elevated
0655,,lapsed 82 days,high
0656,,lapsed 106 days,high
0657,21,,low
0658,21,,low
0659,0,,elevated
0660,40,,low
0661,,lapsed 37 days,high
0662,,lapsed 64 days,high
0663,,lapsed 155 days,high
0664,22,,low
0665,10,,low
0666,39,,low
0667,0,,elevated
0668,28,,low
0669,0,,elevated
0670,23,,low
0671,20,,low
0672,26,,low
0673,,lapsed 72 days,high
0674,19,,low
0675,55,,low
0676,26,,low
0677,0,,elevated
0678,0,,elevated
0679,10,,low
0680,28,,low
0681,19,,low
0682,25,,low
0683,29,,low
0684,25,,low
0685,0,,elevated
0686,23,,low
0687,0,,elevated
0688,23,,low
0689,14,,low
0690,11,,low
0691,18,,low
0692,35,,low
0693,7,,low
0694,28,,low
0695,,lapsed 237 days,high
0696,16,,low
0697,,lapsed 36 days,high
0698,0,,elevated
0699,73,,low
0700,28,,low
0701,61,,low
0702,0,,elevated
0703,27,,low
0704,0,,elevated
0705,0,,elevated
0706,54,,low
0707,,lapsed 86 days,high
0708,,lapsed 138 days,high
0709,,lapsed 135 days,high
0710,0,,elevated
0711,10,,low
0712,,lapsed 67 days,high
0713,21,,low
0714,30,,low
0715,,lapsed 174 days,high
0716,,lapsed 63 days,high
0717,,lapsed 91 days,high
0718,13,,low
0719,24,,low
0720,30,,low
0721,22,,low
0722,17,,low
0723,15,,low
0724,29,,low
0725,,lapsed 21 days,high
0726,29,,low
0727,0,,elevated
0728,89,,low
0729,0,,elevated
0730,13,,low
0731,,lapsed 121 days,high
0732,8,,low
0733,,lapsed 39 days,high
0734,11,,low
0735,15,,low
0736,20,,low
0737,65,,low
0738,30,,low
0739,51,,low
0740,0,,elevated
0741,15,,low
0742,17,,low
0743,0,,elevated
0744,0,,elevated
0745,28,,low
0746,,lapsed 23 days,high
0747,39,,low
0748,14,,low
0749,24,,low
0750,59,,low
0751,12,,low
0752,,lapsed 67 days,high
0753,0,,elevated
0754,22,,low
0755,0,,elevated
0756,0,,elevated
0757,48,,low
0758,30,,low
0759,61,,low
0760,0,,elevated
0761,37,,low
0762,28,,low
0763,13,,low
0764,30,,low
0765,0,,elevated
0766,0,,elevated
0767,70,,low
0768,,lapsed 176 days,high
0769,,lapsed 66 days,high
0770,12,,low
0771,42,,low
0772,28,,low
0773,0,,elevated
0774,21,,low
0775,15,,low
0776,,lapsed 176 days,high
0777,27,,low
0778,34,,low
0779,30,,low
0780,9,,low
0781,46,,low
0782,,lapsed 171 days,high
0783,,lapsed 26 days,high
0784,10,,low
0785,81,,low
0786,15,,low
0787,27,,low
0788,59,,low
0789,26,,low
0790,,lapsed 136 days,high
0791,,lapsed 37 days,high
0792,87,,low
0793,0,,elevated
0794,,lapsed 85 days,high
0795,6,,low
0796,,lapsed 57 days,high
0797,0,,elevated
0798,24,,low
0799,30,,low
0800,68,,low
0801,17,,low
0802,14,,low
0803,9,,low
0804,24,,low
0805,69,,low
0806,15,,low
0807,27,,low
0808,16,,low
0809,0,,elevated
0810,58,,low
0811,0,,elevated
0812,,lapsed 221 days,high
0813,35,,low
0814,0,,elevated
0815,43,,low
0816,0,,elevated
0817,40,,low
0818,22,,low
0819,0,,elevated
0820,57,,low
0821,17,,low
0822,0,,elevated
0823,88,,low
0824,0,,elevated
0825,6,,low
0826,,lapsed 178 days,high
0827,25,,low
0828,35,,low
0829,33,,low
0830,,lapsed 171 days,high
0831,23,,low
0832,20,,low
0833,50,,low
0834,69,,low
0835,9,,low
0836,22,,low
0837,90,,low
0838,52,,low
0839,6,,low
0840,0,,elevated
0841,,lapsed 86 days,high
0842,,lapsed 49 days,high
0843,27,,low
0844,0,,elevated
0845,0,,elevated
0846,0,,elevated
0847,24,,low
0848,0,,elevated
0849,10,,low
0850,46,,low
0851,28,,low
0852,27,,low
0853,0,,elevated
0854,16,,low
0855,0,,elevated
0856,12,,low
0857,0,,elevated
0858,27,,low
0859,,lapsed 84 days,high
0860,8,,low
0861,7,,low
0862,0,,elevated
0863,20,,low
0864,27,,low
0865,0,,elevated
0866,66,,low
0867,76,,low
0868,0,,elevated
0869,25,,low
0870,76,,low
0871,14,,low
0872,0,,elevated
0873,47,,low
0874,17,,low
0875,25,,low
0876,21,,low
0877,,lapsed 45 days,high
0878,0,,elevated
0879,10,,low
0880,23,,low
0881,0,,elevated
0882,0,,elevated
0883,,lapsed 67 days,high
0884,39,,low
0885,26,,low
0886,0,,elevated
0887,25,,low
0888,17,,low
0889,64,,low
0890,18,,low
0891,28,,low
0892,0,,elevated
0893,6,,low
0894,9,,low
0895,0,,elevated
0896,13,,low
0897,0,,elevated
0898,46,,low
0899,0,,elevated
0900,,lapsed 45 days,high
0901,15,,low
0902,38,,low
0903,0,,elevated
0904,21,,low
0905,12,,low
0906,36,,low
0907,16,,low
0908,64,,low
0909,38,,low
0910,29,,low
0911,15,,low
0912,74,,low
0913,0,,elevated
0914,,lapsed 66 days,high
0915,10,,low
0916,46,,low
0917,0,,elevated
0918,0,,elevated
0919,0,,elevated
0920,26,,low
0921,10,,low
0922,0,,elevated
0923,0,,elevated
0924,18,,low
0925,16,,low
0926,23,,low
0927,42,,low
0928,0,,elevated
0929,0,,elevated
0930,,lapsed 62 days,high
0931,,lapsed 71 days,high
0932,47,,low
0933,37,,low
0934,,lapsed 94 days,high
0935,36,,low
0936,27,,low
0937,53,,low
0938,0,,elevated
0939,,lapsed 249 days,high
0940,17,,low
0941,0,,elevated
0942,18,,low
0943,43,,low
0944,53,,low
0945,0,,elevated
0946,0,,elevated
0947,0,,elevated
0948,0,,elevated
0949,14,,low
0950,29,,low
0951,13,,low
0952,23,,low
0953,,lapsed 21 days,high
0954,73,,low
0955,0,,elevated
0956,60,,low
0957,0,,elevated
0958,9,,low
0959,25,,low
0960,29,,low
0961,0,,elevated
0962,25,,low
0963,87,,low
0964,16,,low
0965,20,,low
0966,6,,low
0967,16,,low
0968,7,,low
0969,42,,low
0970,7,,low
0971,,lapsed 151 days,high
0972,,lapsed 50 days,high
0973,,lapsed 108 days,high
0974,0,,elevated
0975,,lapsed 55 days,high
0976,,lapsed 74 days,high
0977,9,,low
0978,,lapsed 97 days,high
0979,,lapsed 139 days,high
0980,26,,low
0981,17,,low
0982,0,,elevated
0983,30,,low
0984,47,,low
0985,26,,low
0986,25,,low
0987,13,,low
0988,0,,elevated
0989,67,,low
0990,12,,low
0991,12,,low
0992,6,,low
0993,0,,elevated
0994,28,,low
0995,,lapsed 31 days,high
0996,0,,elevated
0997,0,,elevated
0998,0,,elevated
0999,13,,low
1000,15,,low
1001,21,,low
1002,22,,low
1003,,lapsed 60 days,high
1004,30,,low
1005,,lapsed 33 days,high
1006,,lapsed 48 days,high
1007,30,,low
1008,0,,elevated
1009,0,,elevated
1010,,lapsed 30 days,high
1011,6,,low
1012,76,,low
1013,12,,low
1014,16,,low
1015,8,,low
1016,13,,low
1017,0,,elevated
1018,53,,low
1019,22,,low
1020,18,,low
1021,0,,elevated
1022,20,,low
1023,45,,low
1024,0,,elevated
1025,37,,low
1026,,lapsed 59 days,high
1027,,lapsed 172 days,high
1028,,lapsed 87 days,high
1029,,lapsed 227 days,high
1030,0,,elevated
1031,12,,low
1032,0,,elevated
1033,11,,low
1034,28,,low
1035,9,,low
1036,11,,low
1037,33,,low
1038,17,,low
1039,36,,low
1040,57,,low
1041,60,,low
1042,25,,low
1043,0,,elevated
1044,0,,elevated
1045,88,,low
1046,21,,low
1047,0,,elevated
1048,6,,low
1049,56,,low
1050,33,,low
1051,13,,low
1052,12,,low
1053,18,,low
1054,18,,low
1055,15,,low
1056,0,,elevated
1057,44,,low
1058,0,,elevated
1059,,lapsed 42 days,high
1060,0,,elevated
1061,0,,elevated
1062,21,,low
1063,26,,low
1064,27,,low
1065,18,,low
1066,51,,low
1067,26,,low
1068,,lapsed 41 days,high
1069,51,,low
1070,0,,elevated
1071,28,,low
1072,8,,low
1073,29,,low
1074,75,,low
1075,29,,low
1076,20,,low
1077,23,,low
1078,24,,low
1079,,lapsed 137 days,high
1080,7,,low
1081,40,,low
1082,36,,low
1083,24,,low
1084,15,,low
1085,19,,low
1086,21,,low
1087,28,,low
1088,19,,low
1089,0,,elevated
1090,24,,low
1091,90,,low
1092,,lapsed 87 days,high
1093,22,,low
1094,,lapsed 191 days,high
1095,19,,low
1096,,lapsed 195 days,high
1097,26,,low
1098,11,,low
1099,0,,elevated
1100,17,,low
1101,26,,low
1102,9,,low
1103,0,,elevated
1104,21,,low
1105,27,,low
1106,67,,low
1107,0,,elevated
1108,12,,low
1109,,lapsed 81 days,high
1110,27,,low
1111,0,,elevated
1112,29,,low
1113,0,,elevated
1114,44,,low
1115,11,,low
1116,,lapsed 83 days,high
1117,12,,low
1118,37,,low
1119,12,,low
1120,59,,low
1121,12,,low
1122,12,,low
1123,0,,elevated
1124,11,,low
1125,0,,elevated
1126,21,,low
1127,8,,low
1128,21,,low
1129,84,,low
1130,13,,low
1131,17,,low
1132,23,,low
1133,0,,elevated
1134,9,,low
1135,0,,elevated
1136,0,,elevated
1137,0,,elevated
1138,30,,low
1139,0,,elevated
1140,0,,elevated
1141,29,,low
1142,0,,elevated
1143,30,,low
1144,56,,low
1145,20,,low
1146,0,,elevated
1147,0,,elevated
1148,26,,low
1149,20,,low
1150,15,,low
1151,53,,low
1152,0,,elevated
1153,,lapsed 70 days,high
1154,32,,low
1155,17,,low
1156,0,,elevated
1157,,lapsed 65 days,high
1158,0,,elevated
1159,0,,elevated
1160,75,,low
1161,23,,low
1162,0,,elevated
1163,48,,low
1164,11,,low
1165,12,,low
1166,26,,low
1167,19,,low
1168,25,,low
1169,88,,low
1170,41,,low
1171,14,,low
1172,17,,low
1173,0,,elevated
1174,80,,low
1175,25,,low
1176,,lapsed 45 days,high
1177,,lapsed 24 days,high
1178,,lapsed 55 days,high
1179,28,,low
1180,59,,low
1181,0,,elevated
1182,0,,elevated
1183,79,,low
1184,18,,low
1185,77,,low
1186,54,,low
1187,28,,low
1188,0,,elevated
1189,29,,low
1190,24,,low
1191,,lapsed 63 days,high
1192,29,,low
1193,0,,elevated
1194,17,,low
1195,0,,elevated
1196,8,,low
1197,21,,low
1198,0,,elevated
1199,16,,low
1200,20,,low
1201,0,,elevated
1202,0,,elevated
1203,17,,low
1204,,lapsed 24 days,high
1205,0,,elevated
1206,46,,low
1207,21,,low
1208,30,,low
1209,10,,low
1210,0,,elevated
1211,,lapsed 41 days,high
1212,45,,low
1213,71,,low
1214,,lapsed 139 days,high
1215,18,,low
1216,0,,elevated
1217,20,,low
1218,0,,elevated
1219,0,,elevated
1220,,lapsed 100 days,high
1221,16,,low
1222,68,,low
1223,42,,low
1224,10,,low
1225,,lapsed 30 days,high
1226,,lapsed 27 days,high
1227,0,,elevated
1228,51,,low
1229,14,,low
1230,24,,low
1231,0,,elevated
1232,15,,low
1233,25,,low
1234,20,,low
1235,0,,elevated
1236,0,,elevated
1237,9,,low
1238,18,,low
1239,12,,low
1240,0,,elevated
1241,,lapsed 141 days,high
1242,0,,elevated
1243,0,,elevated
1244,19,,low
1245,19,,low
1246,,lapsed 207 days,high
1247,0,,elevated
1248,0,,elevated
1249,50,,low
1250,20,,low
1251,0,,elevated
1252,70,,low
1253,73,,low
1254,29,,low
1255,23,,low
1256,,lapsed 23 days,high
1257,0,,elevated
1258,20,,low
1259,39,,low
1260,,lapsed 51 days,high
1261,11,,low
1262,58,,low
1263,6,,low
1264,7,,low
1265,57,,low
1266,32,,low
1267,10,,low
1268,20,,low
1269,9,,low
1270,6,,low
1271,71,,low
1272,0,,elevated
1273,8,,low
1274,19,,low
1275,27,,low
1276,38,,low
1277,27,,low
1278,20,,low
1279,15,,low
1280,6,,low
1281,0,,elevated
1282,0,,elevated
1283,0,,elevated
1284,28,,low
1285,0,,elevated
1286,29,,low
1287,0,,elevated
1288,,lapsed 48 days,high
1289,59,,low
1290,0,,elevated
1291,,lapsed 68 days,high
1292,49,,low
1293,29,,low
1294,53,,low
1295,0,,elevated
1296,17,,low
1297,20,,low
1298,0,,elevated
1299,24,,low
1300,26,,low
1301,38,,low
1302,34,,low
1303,,lapsed 80 days,high
1304,0,,elevated
1305,43,,low
1306,58,,low
1307,,lapsed 33 days,high
1308,0,,elevated
1309,28,,low
1310,18,,low
1311,30,,low
1312,0,,elevated
1313,23,,low
1314,6,,low
1315,81,,low
1316,10,,low
1317,28,,low
1318,33,,low
1319,43,,low
1320,0,,elevated
1321,0,,elevated
1322,20,,low
1323,20,,low
1324,0,,elevated
1325,8,,low
1326,68,,low
1327,0,,elevated
1328,0,,elevated
1329,8,,low
1330,10,,low
1331,,lapsed 74 days,high
1332,61,,low
1333,57,,low
1334,0,,elevated
1335,81,,low
1336,19,,low
1337,11,,low
1338,56,,low
1339,0,,elevated
1340,22,,low
1341,0,,elevated
1342,17,,low
1343,17,,low
1344,,lapsed 121 days,high
1345,12,,low
1346,8,,low
1347,23,,low
1348,22,,low
1349,0,,elevated
1350,48,,low
1351,,lapsed 51 days,high
1352,,lapsed 70 days,high
1353,25,,low
1354,,lapsed 153 days,high
1355,49,,low
1356,0,,elevated
1357,0,,elevated
1358,21,,low
1359,23,,low
1360,9,,low
1361,23,,low
1362,26,,low
1363,9,,low
1364,25,,low
1365,,lapsed 29 days,high
1366,0,,elevated
1367,12,,low
1368,21,,low
1369,30,,low
1370,24,,low
1371,47,,low
1372,17,,low
1373,16,,low
1374,68,,low
1375,0,,elevated
1376,56,,low
1377,12,,low
1378,0,,elevated
1379,21,,low
1380,,lapsed 89 days,high
1381,70,,low
1382,70,,low
1383,86,,low
1384,0,,elevated
1385,39,,low
1386,0,,elevated
1387,16,,low
1388,16,,low
1389,0,,elevated
1390,26,,low
1391,12,,low
1392,8,,low
1393,14,,low
1394,69,,low
1395,22,,low
1396,18,,low
1397,,lapsed 57 days,high
1398,,lapsed 45 days,high
1399,,lapsed 44 days,high
1400,21,,low
1401,0,,elevated
1402,0,,elevated
1403,0,,elevated
1404,24,,low
1405,0,,elevated
1406,,lapsed 79 days,high
1407,12,,low
1408,0,,elevated
1409,20,,low
1410,27,,low
1411,55,,low
1412,76,,low
1413,7,,low
1414,17,,low
1415,16,,low
1416,60,,low
1417,,lapsed 61 days,high
1418,38,,low
1419,48,,low
1420,52,,low
1421,25,,low
1422,23,,low
1423,22,,low
1424,41,,low
1425,25,,low
1426,9,,low
1427,28,,low
1428,76,,low
1429,,lapsed 207 days,high
1430,29,,low
1431,24,,low
1432,18,,low
1433,,lapsed 66 days,high
1434,,lapsed 84 days,high
1435,53,,low
1436,0,,elevated
1437,,lapsed 220 days,high
1438,50,,low
1439,29,,low
1440,17,,low
1441,0,,elevated
1442,26,,low
1443,0,,elevated
1444,15,,low
1445,70,,low
1446,23,,low
1447,19,,low
1448,12,,low
1449,0,,elevated
1450,36,,low
1451,0,,elevated
1452,,lapsed 37 days,high
1453,0,,elevated
1454,23,,low
1455,13,,low
1456,26,,low
1457,0,,elevated
1458,15,,low
1459,52,,low
1460,29,,low
1461,26,,low
1462,60,,low
1463,,lapsed 36 days,high
1464,,lapsed 63 days,high
1465,15,,low
1466,12,,low
1467,0,,elevated
1468,0,,elevated
1469,12,,low
1470,7,,low
1471,0,,elevated
1472,15,,low
1473,28,,low
1474,81,,low
1475,0,,elevated
1476,,lapsed 152 days,high
1477,0,,elevated
1478,36,,low
1479,14,,low
1480,46,,low
1481,20,,low
1482,27,,low
1483,0,,elevated
1484,49,,low
1485,25,,low
1486,15,,low
1487,0,,elevated
1488,14,,low
1489,89,,low
1490,54,,low
1491,0,,elevated
1492,49,,low
1493,14,,low
1494,30,,low
1495,40,,low
1496,10,,low
1497,14,,low
1498,0,,elevated
1499,,lapsed 69 days,high
1500,25,,low
1501,83,,low
1502,30,,low
1503,26,,low
1504,,lapsed 118 days,high
1505,24,,low
1506,23,,low
1507,28,,low
1508,51,,low
1509,28,,low
1510,0,,elevated
1511,10,,low
1512,25,,low
1513,0,,elevated
1514,,lapsed 49 days,high
1515,16,,low
1516,0,,elevated
1517,27,,low
1518,36,,low
1519,87,,low
1520,15,,low
1521,49,,low
1522,18,,low
1523,13,,low
1524,30,,low
1525,19,,low
1526,0,,elevated
1527,53,,low
1528,48,,low
1529,,lapsed 44 days,high
1530,0,,elevated
1531,8,,low
1532,24,,low
1533,29,,low
1534,0,,elevated
1535,0,,elevated
1536,26,,low
1537,40,,low
1538,56,,low
1539,7,,low
1540,17,,low
1541,0,,elevated
1542,0,,elevated
1543,30,,low
1544,12,,low
1545,29,,low
1546,21,,low
1547,27,,low
1548,0,,elevated
1549,10,,low
1550,27,,low
1551,0,,elevated
1552,7,,low
1553,0,,elevated
1554,0,,elevated
1555,,lapsed 87 days,high
1556,0,,elevated
1557,11,,low
1558,28,,low
1559,0,,elevated
1560,80,,low
1561,17,,low
1562,6,,low
1563,40,,low
1564,57,,low
1565,,lapsed 52 days,high
1566,32,,low
1567,9,,low
1568,30,,low
1569,25,,low
1570,14,,low
1571,22,,low
1572,7,,low
1573,17,,low
1574,43,,low
1575,19,,low
1576,,lapsed 161 days,high
1577,,lapsed 98 days,high
1578,41,,low
1579,67,,low
1580,0,,elevated
1581,43,,low
1582,55,,low
1583,48,,low
1584,14,,low
1585,0,,elevated
1586,67,,low
1587,21,,low
1588,,lapsed 117 days,high
1589,16,,low
1590,77,,low
1591,27,,low
1592,13,,low
1593,29,,low
1594,23,,low
1595,27,,low
1596,0,,elevated
1597,0,,elevated
1598,6,,low
1599,59,,low
1600,0,,elevated
1601,16,,low
1602,,lapsed 57 days,high
1603,29,,low
1604,0,,elevated
1605,46,,low
1606,,lapsed 76 days,high
1607,20,,low
1608,15,,low
1609,11,,low
1610,63,,low
1611,,lapsed 71 days,high
1612,,lapsed 41 days,high
1613,,lapsed 59 days,high
1614,20,,low
1615,7,,low
1616,13,,low
1617,0,,elevated
1618,25,,low
1619,0,,elevated
1620,,lapsed 87 days,high
1621,0,,elevated
1622,0,,elevated
1623,12,,low
1624,39,,low
1625,30,,low
1626,0,,elevated
1627,26,,low
1628,75,,low
1629,12,,low
1630,,lapsed 58 days,high
1631,20,,low
1632,0,,elevated
1633,8,,low
1634,31,,low
1635,19,,low
1636,12,,low
1637,0,,elevated
1638,10,,low
1639,15,,low
1640,22,,low
1641,27,,low
1642,29,,low
1643,0,,elevated
1644,,lapsed 155 days,high
1645,,lapsed 98 days,high
1646,0,,elevated
1647,71,,low
1648,0,,elevated
1649,18,,low
1650,21,,low
1651,30,,low
1652,10,,low
1653,26,,low
1654,56,,low
1655,13,,low
1656,22,,low
1657,,lapsed 44 days,high
1658,,lapsed 77 days,high
1659,25,,low
1660,12,,low
1661,20,,low
1662,,lapsed 251 days,high
1663,89,,low
1664,21,,low
1665,21,,low
1666,12,,low
1667,23,,low
1668,15,,low
1669,54,,low
1670,23,,low
1671,22,,low
1672,7,,low
1673,50,,low
1674,0,,elevated
1675,15,,low
1676,26,,low
1677,0,,elevated
1678,86,,low
1679,0,,elevated
1680,0,,elevated
1681,19,,low
1682,27,,low
1683,0,,elevated
1684,56,,low
1685,55,,low
1686,24,,low
1687,52,,low
1688,13,,low
1689,0,,elevated
1690,22,,low
1691,78,,low
1692,0,,elevated
1693,0,,elevated
1694,0,,elevated
1695,28,,low
1696,,lapsed 56 days,high
1697,15,,low
1698,13,,low
1699,21,,low
1700,84,,low
1701,,lapsed 84 days,high
1702,12,,low
1703,25,,low
1704,26,,low
1705,0,,elevated
1706,12,,low
1707,16,,low
1708,0,,elevated
1709,24,,low
1710,0,,elevated
1711,57,,low
1712,18,,low
1713,7,,low
1714,8,,low
1715,0,,elevated
1716,18,,low
1717,0,,elevated
1718,0,,elevated
1719,0,,elevated
1720,28,,low
1721,22,,low
1722,7,,low
1723,17,,low
1724,24,,low
1725,21,,low
1726,13,,low
1727,21,,low
1728,24,,low
1729,0,,elevated
1730,6,,low
1731,73,,low
1732,0,,elevated
1733,43,,low
1734,51,,low
1735,33,,low
1736,49,,low
1737,10,,low
1738,22,,low
1739,25,,low
1740,8,,low
1741,31,,low
1742,0,,elevated
1743,14,,low
1744,18,,low
1745,8,,low
1746,0,,elevated
1747,42,,low
1748,18,,low
1749,32,,low
1750,0,,elevated
1751,36,,low
1752,24,,low
1753,34,,low
1754,0,,elevated
1755,0,,elevated
1756,24,,low
1757,0,,elevated
1758,25,,low
1759,25,,low
1760,28,,low
1761,21,,low
1762,,lapsed 124 days,high
1763,13,,low
1764,0,,elevated
1765,21,,low
1766,87,,low
1767,15,,low
1768,,lapsed 135 days,high
1769,0,,elevated
1770,7,,low
1771,0,,elevated
1772,24,,low
1773,12,,low
1774,17,,low
1775,11,,low
1776,24,,low
1777,0,,elevated
1778,8,,low
1779,27,,low
1780,,lapsed 80 days,high
1781,27,,low
1782,10,,low
1783,29,,low
1784,0,,elevated
1785,68,,low
1786,0,,elevated
1787,0,,elevated
1788,19,,low
1789,0,,elevated
1790,24,,low
1791,0,,elevated
1792,29,,low
1793,,lapsed 32 days,high
1794,78,,low
1795,38,,low
1796,21,,low
1797,24,,low
1798,24,,low
1799,21,,low
1800,24,,low
1801,0,,elevated
1802,7,,low
1803,12,,low
1804,0,,elevated
1805,19,,low
1806,19,,low
1807,29,,low
1808,0,,elevated
1809,0,,elevated
1810,7,,low
1811,18,,low
1812,32,,low
1813,0,,elevated
1814,10,,low
1815,28,,low
1816,11,,low
1817,14,,low
1818,16,,low
1819,0,,elevated
1820,32,,low
1821,25,,low
1822,47,,low
1823,17,,low
1824,20,,low
1825,82,,low
1826,0,,elevated
1827,29,,low
1828,,lapsed 87 days,high
1829,0,,elevated
1830,22,,low
1831,,lapsed 72 days,high
1832,6,,low
1833,51,,low
1834,22,,low
1835,,lapsed 78 days,high
1836,20,,low
1837,16,,low
1838,0,,elevated
1839,0,,elevated
1840,0,,elevated
1841,6,,low
1842,28,,low
1843,50,,low
1844,,lapsed 194 days,high
1845,23,,low
1846,0,,elevated
1847,0,,elevated
1848,14,,low
1849,19,,low
1850,19,,low
1851,13,,low
1852,10,,low
1853,0,,elevated
1854,87,,low
1855,,lapsed 33 days,high
1856,0,,elevated
1857,49,,low
1858,0,,elevated
1859,15,,low
1860,11,,low
1861,0,,elevated
1862,14,,low
1863,56,,low
1864,31,,low
1865,59,,low
1866,0,,elevated
1867,22,,low
1868,80,,low
1869,71,,low
1870,23,,low
1871,0,,elevated
1872,0,,elevated
1873,0,,elevated
1874,,lapsed 247 days,high
1875,,lapsed 86 days,high
1876,10,,low
1877,23,,low
1878,0,,elevated
1879,12,,low
1880,37,,low
1881,15,,low
1882,,lapsed 25 days,high
1883,13,,low
1884,0,,elevated
1885,23,,low
1886,0,,elevated
1887,,lapsed 46 days,high
1888,0,,elevated
1889,29,,low
1890,6,,low
1891,0,,elevated
1892,29,,low
1893,19,,low
1894,0,,elevated
1895,,lapsed 45 days,high
1896,21,,low
1897,,lapsed 41 days,high
1898,,lapsed 128 days,high
1899,16,,low
1900,24,,low
1901,27,,low
1902,16,,low
1903,,lapsed 81 days,high
1904,57,,low
1905,0,,elevated
1906,0,,elevated
1907,24,,low
1908,0,,elevated
1909,70,,low
1910,9,,low
1911,44,,low
1912,0,,elevated
1913,19,,low
1914,0,,elevated
1915,44,,low
1916,,lapsed 70 days,high
1917,24,,low
1918,20,,low
1919,71,,low
1920,,lapsed 147 days,high
1921,0,,elevated
1922,22,,low
1923,39,,low
1924,,lapsed 233 days,high
1925,12,,low
1926,8,,low
1927,30,,low
1928,0,,elevated
1929,0,,elevated
1930,26,,low
1931,26,,low
1932,12,,low
1933,16,,low
1934,13,,low
1935,0,,elevated
1936,37,,low
1937,29,,low
1938,0,,elevated
1939,25,,low
1940,85,,low
1941,20,,low
1942,0,,elevated
1943,16,,low
1944,21,,low
1945,20,,low
1946,0,,elevated
1947,,lapsed 71 days,high
1948,18,,low
1949,9,,low
1950,0,,elevated
1951,90,,low
1952,0,,elevated
1953,0,,elevated
1954,0,,elevated
1955,16,,low
1956,27,,low
1957,38,,low
1958,25,,low
1959,12,,low
1960,31,,low
1961,24,,low
1962,0,,elevated
1963,32,,low
1964,20,,low
1965,31,,low
1966,72,,low
1967,0,,elevated
1968,21,,low
1969,41,,low
1970,34,,low
1971,0,,elevated
1972,28,,low
1973,11,,low
1974,6,,low
1975,24,,low
1976,13,,low
1977,71,,low
1978,14,,low
1979,18,,low
1980,20,,low
1981,,lapsed 81 days,high
1982,0,,elevated
1983,19,,low
1984,8,,low
1985,71,,low
1986,11,,low
1987,,lapsed 74 days,high
1988,8,,low
1989,26,,low
1990,26,,low
1991,20,,low
1992,0,,elevated
1993,,lapsed 22 days,high
1994,54,,low
1995,26,,low
1996,6,,low
1997,14,,low
1998,19,,low
1999,90,,low
2000,0,,elevated
2001,21,,low
2002,17,,low
2003,29,,low
2004,15,,low
2005,19,,low
2006,52,,low
2007,,lapsed 37 days,high
2008,8,,low
2009,15,,low
2010,52,,low
2011,20,,low
2012,8,,low
2013,0,,elevated
2014,,lapsed 43 days,high
2015,30,,low
2016,6,,low
2017,0,,elevated
2018,,lapsed 76 days,high
2019,30,,low
2020,0,,elevated
2021,,lapsed 58 days,high
2022,0,,elevated
2023,79,,low
2024,17,,low
2025,41,,low
2026,0,,elevated
2027,22,,low
2028,0,,elevated
2029,,lapsed 207 days,high
2030,30,,low
2031,14,,low
2032,12,,low
2033,37,,low
2034,15,,low
2035,44,,low
2036,,lapsed 89 days,high
2037,9,,low
2038,26,,low
2039,0,,elevated
2040,0,,elevated
2041,7,,low
2042,0,,elevated
2043,,lapsed 55 days,high
2044,51,,low
2045,,lapsed 69 days,high
2046,13,,low
2047,20,,low
2048,8,,low
2049,18,,low
2050,0,,elevated
2051,40,,low
2052,45,,low
2053,0,,elevated
2054,11,,low
2055,8,,low
2056,12,,low
2057,0,,elevated
2058,18,,low
2059,0,,elevated
2060,0,,elevated
2061,17,,low
2062,,lapsed 44 days,high
2063,0,,elevated
2064,,lapsed 62 days,high
2065,21,,low
2066,0,,elevated
2067,12,,low
2068,72,,low
2069,30,,low
2070,,lapsed 83 days,high
2071,0,,elevated
2072,0,,elevated
2073,20,,low
2074,7,,low
2075,,lapsed 75 days,high
2076,30,,low
2077,0,,elevated
2078,16,,low
2079,21,,low
2080,58,,low
2081,20,,low
2082,0,,elevated
2083,0,,elevated
2084,42,,low
2085,46,,low
2086,47,,low
2087,22,,low
2088,30,,low
2089,25,,low
2090,,lapsed 47 days,high
2091,31,,low
2092,22,,low
2093,19,,low
2094,7,,low
2095,32,,low
2096,34,,low
2097,26,,low
2098,25,,low
2099,28,,low
2100,11,,low
2101,0,,elevated
2102,,lapsed 133 days,high
2103,29,,low
2104,16,,low
2105,,lapsed 27 days,high
2106,0,,elevated
2107,28,,low
2108,56,,low
2109,10,,low
2110,,lapsed 47 days,high
2111,,lapsed 178 days,high
2112,21,,low
2113,23,,low
2114,0,,elevated
2115,20,,low
2116,0,,elevated
2117,0,,elevated
2118,20,,low
2119,13,,low
2120,21,,low
2121,25,,low
2122,0,,elevated
2123,0,,elevated
2124,15,,low
2125,22,,low
2126,0,,elevated
2127,31,,low
2128,18,,low
2129,19,,low
2130,15,,low
2131,27,,low
2132,15,,low
2133,0,,elevated
2134,83,,low
2135,,lapsed 89 days,high
2136,15,,low
2137,0,,elevated
2138,0,,elevated
2139,18,,low
2140,0,,elevated
2141,48,,low
2142,0,,elevated
2143,30,,low
2144,0,,elevated
2145,0,,elevated
2146,30,,low
2147,88,,low
2148,0,,elevated
2149,19,,low
2150,15,,low
2151,29,,low
2152,13,,low
2153,56,,low
2154,,lapsed 127 days,high
2155,22,,low
2156,26,,low
2157,28,,low
2158,,lapsed 37 days,high
2159,22,,low
2160,0,,elevated
2161,47,,low
2162,9,,low
2163,18,,low
2164,,lapsed 195 days,high
2165,27,,low
2166,33,,low
2167,,lapsed 51 days,high
2168,0,,elevated
2169,0,,elevated
2170,27,,low
2171,27,,low
2172,52,,low
2173,0,,elevated
2174,45,,low
2175,,lapsed 237 days,high
2176,7,,low
2177,13,,low
2178,43,,low
2179,,lapsed 157 days,high
2180,0,,elevated
2181,0,,elevated
2182,42,,low
2183,,lapsed 45 days,high
2184,69,,low
2185,16,,low
2186,0,,elevated
2187,10,,low
2188,12,,low
2189,20,,low
2190,0,,elevated
2191,24,,low
2192,28,,low
2193,,lapsed 83 days,high
2194,,lapsed 46 days,high
2195,0,,elevated
2196,16,,low
2197,78,,low
2198,30,,low
2199,7,,low
2200,21,,low
2201,0,,elevated
2202,0,,elevated
2203,0,,elevated
2204,28,,low
2205,,lapsed 85 days,high
2206,0,,elevated
2207,9,,low
2208,16,,low
2209,14,,low
2210,19,,low
2211,,lapsed 80 days,high
2212,23,,low
2213,,lapsed 96 days,high
2214,13,,low
2215,30,,low
2216,7,,low
2217,37,,low
2218,26,,low
2219,,lapsed 44 days,high
2220,0,,elevated
2221,6,,low
2222,24,,low
2223,,lapsed 198 days,high
2224,25,,low
2225,25,,low
2226,40,,low
2227,0,,elevated
2228,0,,elevated
2229,7,,low
2230,12,,low
2231,84,,low
2232,26,,low
2233,43,,low
2234,36,,low
2235,22,,low
2236,34,,low
2237,0,,elevated
2238,9,,low
2239,35,,low
2240,60,,low
2241,35,,low
2242,,lapsed 80 days,high
2243,,lapsed 54 days,high
2244,6,,low
2245,7,,low
2246,10,,low
2247,25,,low
2248,0,,elevated
2249,28,,low
2250,,lapsed 41 days,high
2251,,lapsed 157 days,high
2252,17,,low
2253,28,,low
2254,28,,low
2255,42,,low
2256,0,,elevated
2257,16,,low
2258,,lapsed 65 days,high
2259,0,,elevated
2260,0,,elevated
2261,45,,low
2262,12,,low
2263,59,,low
2264,43,,low
2265,38,,low
2266,0,,elevated
2267,46,,low
2268,0,,elevated
2269,10,,low
2270,0,,elevated
2271,0,,elevated
2272,15,,low
2273,23,,low
2274,0,,elevated
2275,,lapsed 56 days,high
2276,20,,low
2277,0,,elevated
2278,,lapsed 82 days,high
2279,0,,elevated
2280,10,,low
2281,0,,elevated
2282,10,,low
2283,7,,low
2284,,lapsed 80 days,high
2285,61,,low
2286,,lapsed 35 days,high
2287,,lapsed 59 days,high
2288,34,,low
2289,30,,low
2290,0,,elevated
2291,10,,low
2292,6,,low
2293,80,,low
2294,8,,low
2295,21,,low
2296,,lapsed 153 days,high
2297,0,,elevated
2298,16,,low
2299,,lapsed 160 days,high
2300,8,,low
2301,0,,elevated
2302,28,,low
2303,19,,low
2304,52,,low
2305,22,,low
2306,,lapsed 228 days,high
2307,56,,low
2308,11,,low
2309,,lapsed 53 days,high
2310,49,,low
2311,14,,low
2312,,lapsed 84 days,high
2313,,lapsed 73 days,high
2314,38,,low
2315,52,,low
2316,24,,low
2317,17,,low
2318,15,,low
2319,14,,low
2320,,lapsed 134 days,high
2321,13,,low
2322,0,,elevated
2323,,lapsed 90 days,high
2324,9,,low
2325,24,,low
2326,18,,low
2327,22,,low
2328,28,,low
2329,11,,low
2330,0,,elevated
2331,59,,low
2332,66,,low
2333,18,,low
2334,0,,elevated
2335,16,,low
2336,40,,low
2337,0,,elevated
2338,7,,low
2339,26,,low
2340,0,,elevated
2341,,lapsed 23 days,high
2342,18,,low
2343,15,,low
2344,,lapsed 224 days,high
2345,,lapsed 169 days,high
2346,12,,low
2347,36,,low
2348,11,,low
2349,21,,low
2350,12,,low
2351,0,,elevated
2352,16,,low
2353,24,,low
2354,7,,low
2355,,lapsed 123 days,high
2356,17,,low
2357,35,,low
2358,0,,elevated
2359,0,,elevated
2360,27,,low
2361,16,,low
2362,8,,low
2363,52,,low
2364,67,,low
2365,10,,low
2366,54,,low
2367,17,,low
2368,20,,low
2369,0,,elevated
2370,14,,low
2371,16,,low
2372,80,,low
2373,83,,low
2374,17,,low
2375,10,,low
2376,0,,elevated
2377,28,,low
2378,40,,low
2379,20,,low
2380,15,,low
2381,24,,low
2382,,lapsed 22 days,high
2383,26,,low
2384,6,,low
2385,15,,low
2386,19,,low
2387,0,,elevated
2388,0,,elevated
2389,26,,low
2390,69,,low
2391,6,,low
2392,9,,low
2393,0,,elevated
2394,29,,low
2395,,lapsed 90 days,high
2396,20,,low
2397,33,,low
2398,15,,low
2399,20,,low
2400,25,,low
2401,,lapsed 61 days,high
2402,0,,elevated
2403,54,,low
2404,24,,low
2405,16,,low
2406,25,,low
2407,,lapsed 169 days,high
2408,10,,low
2409,73,,low
2410,52,,low
2411,,lapsed 43 days,high
2412,29,,low
2413,12,,low
2414,6,,low
2415,14,,low
2416,,lapsed 76 days,high
2417,16,,low
2418,25,,low
2419,24,,low
2420,0,,elevated
2421,29,,low
2422,28,,low
2423,0,,elevated
2424,6,,low
2425,,lapsed 83 days,high
2426,23,,low
2427,14,,low
2428,0,,elevated
2429,,lapsed 63 days,high
2430,44,,low
2431,,lapsed 143 days,high
2432,23,,low
2433,49,,low
2434,19,,low
2435,,lapsed 63 days,high
2436,14,,low
2437,26,,low
2438,,lapsed 46 days,high
2439,26,,low
2440,7,,low
2441,30,,low
2442,0,,elevated
2443,14,,low
2444,0,,elevated
2445,0,,elevated
2446,9,,low
2447,9,,low
2448,20,,low
2449,19,,low
2450,17,,low
2451,21,,low
2452,0,,elevated
2453,0,,elevated
2454,23,,low
2455,19,,low
2456,22,,low
2457,,lapsed 133 days,high
2458,0,,elevated
2459,8,,low
2460,32,,low
2461,8,,low
2462,,lapsed 58 days,high
2463,7,,low
2464,26,,low
2465,0,,elevated
2466,,lapsed 35 days,high
2467,,lapsed 80 days,high
2468,0,,elevated
2469,48,,low
2470,,lapsed 52 days,high
2471,36,,low
2472,0,,elevated
2473,16,,low
2474,26,,low
2475,0,,elevated
2476,0,,elevated
2477,,lapsed 30 days,high
2478,,lapsed 65 days,high
2479,25,,low
2480,17,,low
2481,45,,low
2482,,lapsed 143 days,high
2483,14,,low
2484,47,,low
2485,0,,elevated
2486,0,,elevated
2487,0,,elevated
2488,0,,elevated
2489,0,,elevated
2490,0,,elevated
2491,24,,low
2492,14,,low
2493,0,,elevated
2494,11,,low
2495,0,,elevated
2496,0,,elevated
2497,,lapsed 73 days,high
2498,25,,low
2499,50,,low
2500,34,,low
2501,28,,low
2502,13,,low
2503,23,,low
2504,29,,low
2505,38,,low
2506,15,,low
2507,14,,low
2508,,lapsed 39 days,high
2509,20,,low
2510,24,,low
2511,11,,low
2512,64,,low
2513,14,,low
2514,,lapsed 50 days,high
2515,10,,low
2516,23,,low
2517,,lapsed 207 days,high
2518,49,,low
2519,0,,elevated
2520,0,,elevated
2521,40,,low
2522,33,,low
2523,46,,low
2524,29,,low
2525,23,,low
2526,0,,elevated
2527,,lapsed 31 days,high
2528,,lapsed 176 days,high
2529,79,,low
2530,0,,elevated
2531,6,,low
2532,15,,low
2533,24,,low
2534,9,,low
2535,,lapsed 116 days,high
2536,26,,low
2537,19,,low
2538,0,,elevated
2539,28,,low
2540,18,,low
2541,62,,low
2542,21,,low
2543,64,,low
2544,,lapsed 38 days,high
2545,0,,elevated
2546,57,,low
2547,0,,elevated
2548,23,,low
2549,9,,low
2550,13,,low
2551,,lapsed 67 days,high
2552,0,,elevated
2553,17,,low
2554,0,,elevated
2555,54,,low
2556,,lapsed 66 days,high
2557,23,,low
2558,17,,low
2559,22,,low
2560,0,,elevated
2561,65,,low
2562,45,,low
2563,,lapsed 32 days,high
2564,66,,low
2565,7,,low
2566,0,,elevated
2567,29,,low
2568,16,,low
2569,,lapsed 72 days,high
2570,0,,elevated
2571,25,,low
2572,18,,low
2573,,lapsed 76 days,high
2574,44,,low
2575,,lapsed 178 days,high
2576,0,,elevated
2577,13,,low
2578,35,,low
2579,0,,elevated
2580,0,,elevated
2581,16,,low
2582,,lapsed 22 days,high
2583,9,,low
2584,77,,low
2585,55,,low
2586,41,,low
2587,29,,low
2588,12,,low
2589,,lapsed 50 days,high
2590,0,,elevated
2591,26,,low
2592,28,,low
2593,0,,elevated
2594,16,,low
2595,10,,low
2596,15,,low
2597,20,,low
2598,22,,low
2599,,lapsed 84 days,high
2600,52,,low
2601,26,,low
2602,,lapsed 27 days,high
2603,89,,low
2604,56,,low
2605,0,,elevated
2606,26,,low
2607,0,,elevated
2608,0,,elevated
2609,52,,low
2610,0,,elevated
2611,38,,low
2612,46,,low
2613,13,,low
2614,20,,low
2615,0,,elevated
2616,28,,low
2617,58,,low
2618,0,,elevated
2619,32,,low
2620,20,,low
2621,8,,low
2622,53,,low
2623,27,,low
2624,7,,low
2625,63,,low
2626,,lapsed 67 days,high
2627,28,,low
2628,26,,low
2629,29,,low
2630,84,,low
2631,80,,low
2632,22,,low
2633,0,,elevated
2634,0,,elevated
2635,0,,elevated
2636,22,,low
2637,25,,low
2638,12,,low
2639,,lapsed 62 days,high
2640,33,,low
2641,23,,low
2642,25,,low
2643,10,,low
2644,38,,low
2645,0,,elevated
2646,27,,low
2647,,lapsed 29 days,high
2648,0,,elevated
2649,18,,low
2650,0,,elevated
2651,,lapsed 225 days,high
2652,18,,low
2653,,lapsed 125 days,high
2654,29,,low
2655,59,,low
2656,24,,low
2657,13,,low
2658,30,,low
2659,,lapsed 43 days,high
2660,,lapsed 53 days,high
2661,15,,low
2662,44,,low
2663,0,,elevated
2664,6,,low
2665,16,,low
2666,27,,low
2667,0,,elevated
2668,14,,low
2669,53,,low
2670,0,,elevated
2671,18,,low
2672,8,,low
2673,6,,low
2674,28,,low
2675,46,,low
2676,19,,low
2677,0,,elevated
2678,30,,low
2679,,lapsed 25 days,high
2680,18,,low
2681,20,,low
2682,0,,elevated
2683,48,,low
2684,9,,low
2685,23,,low
2686,55,,low
2687,,lapsed 41 days,high
2688,45,,low
2689,11,,low
2690,87,,low
2691,10,,low
2692,61,,low
2693,0,,elevated
2694,,lapsed 56 days,high
2695,18,,low
2696,21,,low
2697,29,,low
2698,0,,elevated
2699,29,,low
2700,35,,low
2701,42,,low
2702,20,,low
2703,0,,elevated
2704,,lapsed 137 days,high
2705,7,,low
2706,0,,elevated
2707,0,,elevated
2708,10,,low
2709,20,,low
2710,12,,low
2711,,lapsed 47 days,high
2712,0,,elevated
2713,33,,low
2714,,lapsed 255 days,high
2715,69,,low
2716,12,,low
2717,21,,low
2718,0,,elevated
2719,29,,low
2720,15,,low
2721,32,,low
2722,14,,low
2723,14,,low
2724,59,,low
2725,65,,low
2726,58,,low
2727,23,,low
2728,20,,low
2729,,lapsed 169 days,high
2730,10,,low
2731,0,,elevated
2732,8,,low
2733,,lapsed 258 days,high
2734,48,,low
2735,21,,low
2736,28,,low
2737,25,,low
2738,29,,low
2739,14,,low
2740,19,,low
2741,0,,elevated
2742,0,,elevated
2743,63,,low
2744,,lapsed 40 days,high
2745,11,,low
2746,13,,low
2747,0,,elevated
2748,27,,low
2749,41,,low
2750,0,,elevated
2751,0,,elevated
2752,10,,low
2753,17,,low
2754,19,,low
2755,,lapsed 226 days,high
2756,,lapsed 69 days,high
2757,24,,low
2758,0,,elevated
2759,0,,elevated
2760,34,,low
2761,89,,low
2762,0,,elevated
2763,0,,elevated
2764,,lapsed 86 days,high
2765,,lapsed 97 days,high
2766,0,,elevated
2767,15,,low
2768,27,,low
2769,18,,low
2770,31,,low
2771,6,,low
2772,0,,elevated
2773,0,,elevated
2774,54,,low
2775,0,,elevated
2776,69,,low
2777,0,,elevated
2778,,lapsed 57 days,high
2779,22,,low
2780,9,,low
2781,11,,low
2782,13,,low
2783,0,,elevated
2784,13,,low
2785,11,,low
2786,14,,low
2787,44,,low
2788,,lapsed 42 days,high
2789,,lapsed 237 days,high
2790,0,,elevated
2791,35,,low
2792,7,,low
2793,67,,low
2794,28,,low
2795,0,,elevated
2796,27,,low
2797,43,,low
2798,30,,low
2799,0,,elevated
2800,42,,low
2801,6,,low
2802,46,,low
2803,19,,low
2804,0,,elevated
2805,80,,low
2806,0,,elevated
2807,,lapsed 42 days,high
2808,0,,elevated
2809,22,,low
2810,53,,low
2811,0,,elevated
2812,28,,low
2813,22,,low
2814,,lapsed 109 days,high
2815,0,,elevated
2816,0,,elevated
2817,28,,low
2818,0,,elevated
2819,48,,low
2820,20,,low
2821,0,,elevated
2822,6,,low
2823,26,,low
2824,,lapsed 169 days,high
2825,22,,low
2826,52,,low
2827,13,,low
2828,,lapsed 89 days,high
2829,25,,low
2830,12,,low
2831,0,,elevated
2832,14,,low
2833,62,,low
2834,34,,low
2835,0,,elevated
2836,0,,elevated
2837,25,,low
2838,34,,low
2839,8,,low
2840,0,,elevated
2841,43,,low
2842,,lapsed 147 days,high
2843,27,,low
2844,19,,low
2845,19,,low
2846,,lapsed 21 days,high
2847,71,,low
2848,20,,low
2849,46,,low
2850,7,,low
2851,32,,low
2852,0,,elevated
2853,6,,low
2854,28,,low
2855,13,,low
2856,0,,elevated
2857,33,,low
2858,0,,elevated
2859,84,,low
2860,0,,elevated
2861,14,,low
2862,8,,low
2863,9,,low
2864,23,,low
2865,57,,low
2866,54,,low
2867,48,,low
2868,0,,elevated
2869,10,,low
2870,61,,low
2871,28,,low
2872,,lapsed 57 days,high
2873,39,,low
2874,29,,low
2875,16,,low
2876,18,,low
2877,25,,low
2878,14,,low
2879,25,,low
2880,36,,low
2881,30,,low
2882,27,,low
2883,17,,low
2884,37,,low
2885,,lapsed 194 days,high
2886,0,,elevated
2887,12,,low
2888,38,,low
2889,69,,low
2890,84,,low
2891,47,,low
2892,56,,low
2893,7,,low
2894,48,,low
2895,67,,low
2896,0,,elevated
2897,,lapsed 89 days,high
2898,7,,low
2899,43,,low
2900,14,,low
2901,,lapsed 28 days,high
2902,14,,low
2903,90,,low
2904,22,,low
2905,0,,elevated
2906,43,,low
2907,,lapsed 218 days,high
2908,83,,low
2909,0,,elevated
2910,6,,low
2911,22,,low
2912,12,,low
2913,11,,low
2914,12,,low
2915,18,,low
2916,,lapsed 157 days,high
2917,16,,low
2918,0,,elevated
2919,52,,low
2920,64,,low
2921,,lapsed 78 days,high
2922,0,,elevated
2923,26,,low
2924,6,,low
2925,9,,low
2926,0,,elevated
2927,26,,low
2928,,lapsed 57 days,high
2929,21,,low
2930,,lapsed 76 days,high
2931,7,,low
2932,55,,low
2933,26,,low
2934,23,,low
2935,23,,low
2936,43,,low
2937,10,,low
2938,52,,low
2939,0,,elevated
2940,,lapsed 58 days,high
2941,48,,low
2942,6,,low
2943,27,,low
2944,7,,low
2945,0,,elevated
2946,0,,elevated
2947,0,,elevated
2948,40,,low
2949,0,,elevated
2950,37,,low
2951,69,,low
2952,8,,low
2953,6,,low
2954,,lapsed 43 days,high
2955,16,,low
2956,25,,low
2957,0,,elevated
2958,0,,elevated
2959,,lapsed 43 days,high
2960,,lapsed 89 days,high
2961,,lapsed 126 days,high
2962,26,,low
2963,0,,elevated
2964,25,,low
2965,0,,elevated
2966,9,,low
2967,24,,low
2968,39,,low
2969,18,,low
2970,27,,low
2971,33,,low
2972,21,,low
2973,0,,elevated
2974,90,,low
2975,0,,elevated
2976,28,,low
2977,85,,low
2978,0,,elevated
2979,15,,low
2980,,lapsed 248 days,high
2981,0,,elevated
2982,0,,elevated
2983,,lapsed 31 days,high
2984,17,,low
2985,45,,low
2986,13,,low
2987,90,,low
2988,83,,low
2989,39,,low
2990,44,,low
2991,24,,low
2992,26,,low
2993,27,,low
2994,28,,low
2995,0,,elevated
2996,0,,elevated
2997,0,,elevated
2998,18,,low
2999,26,,low
3000,60,,low
3001,36,,low
3002,41,,low
3003,0,,elevated
3004,43,,low
3005,36,,low
3006,,lapsed 88 days,high
3007,24,,low
3008,12,,low
3009,9,,low
3010,23,,low
3011,27,,low
3012,76,,low
3013,56,,low
3014,22,,low
3015,0,,elevated
3016,65,,low
3017,,lapsed 58 days,high
3018,16,,low
3019,14,,low
3020,13,,low
3021,18,,low
3022,0,,elevated
3023,12,,low
3024,10,,low
3025,17,,low
3026,17,,low
3027,0,,elevated
3028,9,,low
3029,0,,elevated
3030,8,,low
3031,0,,elevated
3032,,lapsed 117 days,high
3033,21,,low
3034,0,,elevated
3035,23,,low
3036,0,,elevated
3037,22,,low
3038,0,,elevated
3039,10,,low
3040,0,,elevated
3041,39,,low
3042,15,,low
3043,43,,low
3044,0,,elevated
3045,42,,low
3046,,lapsed 199 days,high
3047,29,,low
3048,20,,low
3049,,lapsed 72 days,high
3050,59,,low
3051,29,,low
3052,0,,elevated
3053,28,,low
3054,0,,elevated
3055,23,,low
3056,8,,low
3057,19,,low
3058,25,,low
3059,54,,low
3060,32,,low
3061,,lapsed 206 days,high
3062,,lapsed 61 days,high
3063,6,,low
3064,35,,low
3065,0,,elevated
3066,0,,elevated
3067,22,,low
3068,29,,low
3069,71,,low
3070,,lapsed 153 days,high
3071,17,,low
3072,0,,elevated
3073,0,,elevated
3074,19,,low
3075,28,,low
3076,0,,elevated
3077,27,,low
3078,,lapsed 129 days,high
3079,30,,low
3080,,lapsed 77 days,high
3081,0,,elevated
3082,0,,elevated
3083,28,,low
3084,0,,elevated
3085,21,,low
3086,53,,low
3087,28,,low
3088,34,,low
3089,29,,low
3090,26,,low
3091,28,,low
3092,29,,low
3093,46,,low
3094,,lapsed 53 days,high
3095,23,,low
3096,0,,elevated
3097,,lapsed 39 days,high
3098,,lapsed 23 days,high
3099,16,,low
3100,16,,low
3101,49,,low
3102,0,,elevated
3103,0,,elevated
3104,80,,low
3105,17,,low
3106,14,,low
3107,16,,low
3108,39,,low
3109,6,,low
3110,30,,low
3111,25,,low
3112,13,,low
3113,17,,low
3114,19,,low
3115,0,,elevated
3116,14,,low
3117,16,,low
3118,7,,low
3119,18,,low
3120,0,,elevated
3121,7,,low
3122,7,,low
3123,35,,low
3124,54,,low
3125,27,,low
3126,,lapsed 102 days,high
3127,,lapsed 157 days,high
3128,19,,low
3129,67,,low
3130,29,,low
3131,0,,elevated
3132,,lapsed 62 days,high
3133,,lapsed 62 days,high
3134,22,,low
3135,47,,low
3136,0,,elevated
3137,36,,low
3138,,lapsed 204 days,high
3139,,lapsed 24 days,high
3140,0,,elevated
3141,28,,low
3142,30,,low
3143,0,,elevated
3144,0,,elevated
3145,0,,elevated
3146,45,,low
3147,16,,low
3148,6,,low
3149,0,,elevated
3150,9,,low
3151,0,,elevated
3152,8,,low
3153,61,,low
3154,,lapsed 90 days,high
3155,24,,low
3156,26,,low
3157,,lapsed 113 days,high
3158,8,,low
3159,24,,low
3160,,lapsed 67 days,high
3161,59,,low
3162,0,,elevated
3163,30,,low
3164,22,,low
3165,0,,elevated
3166,0,,elevated
3167,39,,low
3168,0,,elevated
3169,52,,low
3170,13,,low
3171,6,,low
3172,16,,low
3173,0,,elevated
3174,19,,low
3175,0,,elevated
3176,29,,low
3177,25,,low
3178,0,,elevated
3179,58,,low
3180,29,,low
3181,0,,elevated
3182,11,,low
3183,13,,low
3184,13,,low
3185,10,,low
3186,9,,low
3187,20,,low
3188,13,,low
3189,58,,low
3190,23,,low
3191,27,,low
3192,21,,low
3193,23,,low
3194,8,,low
3195,16,,low
3196,7,,low
3197,51,,low
3198,0,,elevated
3199,,lapsed 73 days,high
3200,12,,low
3201,57,,low
3202,9,,low
3203,43,,low
3204,58,,low
3205,16,,low
3206,11,,low
3207,30,,low
3208,14,,low
3209,,lapsed 69 days,high
3210,72,,low
3211,20,,low
3212,,lapsed 90 days,high
3213,14,,low
3214,22,,low
3215,57,,low
3216,37,,low
3217,,lapsed 96 days,high
3218,16,,low
3219,49,,low
3220,90,,low
3221,62,,low
3222,0,,elevated
3223,29,,low
3224,0,,elevated
3225,,lapsed 77 days,high
3226,0,,elevated
3227,0,,elevated
3228,29,,low
3229,15,,low
3230,0,,elevated
3231,8,,low
3232,15,,low
3233,21,,low
3234,0,,elevated
3235,,lapsed 76 days,high
3236,22,,low
3237,21,,low
3238,0,,elevated
3239,29,,low
3240,16,,low
3241,11,,low
3242,17,,low
3243,51,,low
3244,22,,low
3245,41,,low
3246,15,,low
3247,15,,low
3248,21,,low
3249,,lapsed 89 days,high
3250,0,,elevated
3251,37,,low
3252,,lapsed 256 days,high
3253,19,,low
3254,23,,low
3255,19,,low
3256,20,,low
3257,69,,low
3258,34,,low
3259,22,,low
3260,16,,low
3261,19,,low
3262,,lapsed 133 days,high
3263,49,,low
3264,13,,low
3265,,lapsed 175 days,high
3266,,lapsed 33 days,high
3267,24,,low
3268,43,,low
3269,30,,low
3270,18,,low
3271,,lapsed 25 days,high
3272,,lapsed 111 days,high
3273,30,,low
3274,26,,low
3275,52,,low
3276,50,,low
3277,29,,low
3278,14,,low
3279,6,,low
3280,,lapsed 170 days,high
3281,25,,low
3282,24,,low
3283,0,,elevated
3284,,lapsed 26 days,high
3285,19,,low
3286,24,,low
3287,25,,low
3288,60,,low
3289,28,,low
3290,52,,low
3291,29,,low
3292,44,,low
3293,85,,low
3294,,lapsed 84 days,high
3295,12,,low
3296,8,,low
3297,0,,elevated
3298,19,,low
3299,60,,low
3300,10,,low
3301,72,,low
3302,0,,elevated
3303,10,,low
3304,22,,low
3305,43,,low
3306,0,,elevated
3307,,lapsed 65 days,high
3308,23,,low
3309,25,,low
3310,,lapsed 56 days,high
3311,0,,elevated
3312,11,,low
3313,0,,elevated
3314,19,,low
3315,12,,low
3316,0,,elevated
3317,0,,elevated
3318,60,,low
3319,,lapsed 29 days,high
3320,16,,low
3321,0,,elevated
3322,33,,low
3323,0,,elevated
3324,6,,low
3325,,lapsed 77 days,high
3326,0,,elevated
3327,,lapsed 156 days,high
3328,,lapsed 50 days,high
3329,44,,low
3330,58,,low
3331,54,,low
3332,46,,low
3333,,lapsed 31 days,high
3334,0,,elevated
3335,,lapsed 178 days,high
3336,76,,low
3337,,lapsed 72 days,high
3338,72,,low
3339,12,,low
3340,,lapsed 139 days,high
3341,29,,low
3342,0,,elevated
3343,0,,elevated
3344,0,,elevated
3345,,lapsed 54 days,high
3346,25,,low
3347,0,,elevated
3348,30,,low
3349,48,,low
3350,7,,low
3351,30,,low
3352,0,,elevated
3353,75,,low
3354,17,,low
3355,21,,low
3356,,lapsed 47 days,high
3357,38,,low
3358,,lapsed 30 days,high
3359,,lapsed 171 days,high
3360,0,,elevated
3361,0,,elevated
3362,,lapsed 162 days,high
3363,30,,low
3364,67,,low
3365,46,,low
3366,27,,low
3367,0,,elevated
3368,26,,low
3369,,lapsed 63 days,high
3370,22,,low
3371,0,,elevated
3372,42,,low
3373,45,,low
3374,23,,low
3375,0,,elevated
3376,15,,low
3377,15,,low
3378,37,,low
3379,30,,low
3380,,lapsed 31 days,high
3381,51,,low
3382,0,,elevated
3383,23,,low
3384,31,,low
3385,0,,elevated
3386,30,,low
3387,20,,low
3388,7,,low
3389,39,,low
3390,,lapsed 66 days,high
3391,0,,elevated
3392,0,,elevated
3393,29,,low
3394,14,,low
3395,0,,elevated
3396,0,,elevated
3397,16,,low
3398,20,,low
3399,30,,low
3400,6,,low
3401,0,,elevated
3402,0,,elevated
3403,,lapsed 82 days,high
3404,62,,low
3405,0,,elevated
3406,29,,low
3407,14,,low
3408,,lapsed 84 days,high
3409,0,,elevated
3410,10,,low
3411,15,,low
3412,53,,low
3413,26,,low
3414,7,,low
3415,0,,elevated
3416,26,,low
3417,8,,low
3418,0,,elevated
3419,25,,low
3420,17,,low
3421,0,,elevated
3422,27,,low
3423,8,,low
3424,10,,low
3425,64,,low
3426,39,,low
3427,,lapsed 63 days,high
3428,30,,low
3429,22,,low
3430,28,,low
3431,30,,low
3432,22,,low
3433,41,,low
3434,19,,low
3435,29,,low
3436,12,,low
3437,9,,low
3438,20,,low
3439,53,,low
3440,16,,low
3441,67,,low
3442,22,,low
3443,38,,low
3444,68,,low
3445,,lapsed 180 days,high
3446,14,,low
3447,20,,low
3448,9,,low
3449,0,,elevated
3450,55,,low
3451,19,,low
3452,0,,elevated
3453,19,,low
3454,19,,low
3455,,lapsed 84 days,high
3456,20,,low
3457,,lapsed 136 days,high
3458,9,,low
3459,18,,low
3460,33,,low
3461,0,,elevated
3462,37,,low
3463,30,,low
3464,14,,low
3465,0,,elevated
3466,0,,elevated
3467,29,,low
3468,26,,low
3469,0,,elevated
3470,,lapsed 86 days,high
3471,39,,low
3472,0,,elevated
3473,0,,elevated
3474,10,,low
3475,0,,elevated
3476,57,,low
3477,8,,low
3478,,lapsed 106 days,high
3479,13,,low
3480,0,,elevated
3481,19,,low
3482,26,,low
3483,0,,elevated
3484,0,,elevated
3485,,lapsed 21 days,high
3486,45,,low
3487,74,,low
3488,79,,low
3489,9,,low
3490,0,,elevated
3491,,lapsed 266 days,high
3492,0,,elevated
3493,,lapsed 87 days,high
3494,34,,low
3495,13,,low
3496,20,,low
3497,75,,low
3498,8,,low
3499,,lapsed 217 days,high
3500,9,,low
3501,26,,low
3502,,lapsed 108 days,high
3503,55,,low
3504,0,,elevated
3505,61,,low
3506,28,,low
3507,28,,low
3508,27,,low
3509,26,,low
3510,46,,low
3511,0,,elevated
3512,,lapsed 90 days,high
3513,23,,low
3514,24,,low
3515,0,,elevated
3516,0,,elevated
3517,,lapsed 61 days,high
3518,18,,low
3519,28,,low
3520,0,,elevated
3521,13,,low
3522,21,,low
3523,18,,low
3524,11,,low
3525,,lapsed 22 days,high
3526,42,,low
3527,30,,low
3528,,lapsed 109 days,high
3529,6,,low
3530,53,,low
3531,0,,elevated
3532,24,,low
3533,29,,low
3534,30,,low
3535,11,,low
3536,0,,elevated
3537,0,,elevated
3538,,lapsed 75 days,high
3539,21,,low
3540,12,,low
3541,0,,elevated
3542,16,,low
3543,81,,low
3544,27,,low
3545,27,,low
3546,27,,low
3547,0,,elevated
3548,47,,low
3549,12,,low
3550,27,,low
3551,0,,elevated
3552,30,,low
3553,,lapsed 168 days,high
3554,0,,elevated
3555,,lapsed 32 days,high
3556,0,,elevated
3557,,lapsed 49 days,high
3558,24,,low
3559,65,,low
3560,14,,low
3561,6,,low
3562,0,,elevated
3563,31,,low
3564,7,,low
3565,12,,low
3566,16,,low
3567,45,,low
3568,16,,low
3569,23,,low
3570,27,,low
3571,0,,elevated
3572,10,,low
3573,21,,low
3574,25,,low
3575,9,,low
3576,18,,low
3577,0,,elevated
3578,12,,low
3579,,lapsed 66 days,high
3580,0,,elevated
3581,9,,low
3582,28,,low
3583,30,,low
3584,8,,low
3585,11,,low
3586,49,,low
3587,0,,elevated
3588,8,,low
3589,,lapsed 78 days,high
3590,25,,low
3591,13,,low
3592,31,,low
3593,25,,low
3594,0,,elevated
3595,26,,low
3596,9,,low
3597,45,,low
3598,20,,low
3599,63,,low
3600,0,,elevated
3601,31,,low
3602,10,,low
3603,,lapsed 27 days,high
3604,15,,low
3605,21,,low
3606,17,,low
3607,25,,low
3608,15,,low
3609,0,,elevated
3610,0,,elevated
3611,23,,low
3612,30,,low
3613,,lapsed 179 days,high
3614,0,,elevated
3615,44,,low
3616,0,,elevated
3617,11,,low
3618,17,,low
3619,16,,low
3620,39,,low
3621,56,,low
3622,0,,elevated
3623,,lapsed 62 days,high
3624,,lapsed 66 days,high
3625,21,,low
3626,0,,elevated
3627,0,,elevated
3628,59,,low
3629,9,,low
3630,20,,low
3631,0,,elevated
3632,0,,elevated
3633,52,,low
3634,0,,elevated
3635,28,,low
3636,48,,low
3637,55,,low
3638,24,,low
3639,51,,low
3640,28,,low
3641,12,,low
3642,43,,low
3643,,lapsed 69 days,high
3644,24,,low
3645,0,,elevated
3646,0,,elevated
3647,19,,low
3648,0,,elevated
3649,20,,low
3650,89,,low
3651,22,,low
3652,20,,low
3653,39,,low
3654,10,,low
3655,,lapsed 80 days,high
3656,28,,low
3657,0,,elevated
3658,0,,elevated
3659,38,,low
3660,12,,low
3661,,lapsed 88 days,high
3662,17,,low
3663,0,,elevated
3664,,lapsed 61 days,high
3665,39,,low
3666,0,,elevated
3667,,lapsed 165 days,high
3668,57,,low
3669,14,,low
3670,36,,low
3671,27,,low
3672,27,,low
3673,45,,low
3674,58,,low
3675,55,,low
3676,6,,low
3677,63,,low
3678,0,,elevated
3679,0,,elevated
3680,24,,low
3681,0,,elevated
3682,59,,low
3683,27,,low
3684,24,,low
3685,48,,low
3686,,lapsed 80 days,high
3687,18,,low
3688,44,,low
3689,,lapsed 26 days,high
3690,,lapsed 32 days,high
3691,22,,low
3692,,lapsed 44 days,high
3693,12,,low
3694,43,,low
3695,29,,low
3696,28,,low
3697,,lapsed 63 days,high
3698,16,,low
3699,19,,low
3700,10,,low
3701,21,,low
3702,,lapsed 83 days,high
3703,,lapsed 76 days,high
3704,89,,low
3705,21,,low
3706,16,,low
3707,21,,low
3708,18,,low
3709,55,,low
3710,0,,elevated
3711,84,,low
3712,87,,low
3713,,lapsed 56 days,high
3714,82,,low
3715,62,,low
3716,53,,low
3717,7,,low
3718,26,,low
3719,12,,low
3720,47,,low
3721,56,,low
3722,17,,low
3723,84,,low
3724,24,,low
3725,42,,low
3726,18,,low
3727,64,,low
3728,,lapsed 115 days,high
3729,16,,low
3730,19,,low
3731,88,,low
3732,21,,low
3733,22,,low
3734,44,,low
3735,12,,low
3736,,lapsed 185 days,high
3737,18,,low
3738,25,,low
3739,38,,low
3740,22,,low
3741,,lapsed 54 days,high
3742,0,,elevated
3743,18,,low
3744,0,,elevated
3745,0,,elevated
3746,13,,low
3747,,lapsed 53 days,high
3748,29,,low
3749,0,,elevated
3750,14,,low
3751,7,,low
3752,30,,low
3753,11,,low
3754,19,,low
3755,22,,low
3756,29,,low
3757,16,,low
3758,0,,elevated
3759,26,,low
3760,23,,low
3761,55,,low
3762,0,,elevated
3763,83,,low
3764,30,,low
3765,23,,low
3766,0,,elevated
3767,,lapsed 159 days,high
3768,0,,elevated
3769,27,,low
3770,0,,elevated
3771,26,,low
3772,29,,low
3773,25,,low
3774,,lapsed 39 days,high
3775,,lapsed 87 days,high
3776,14,,low
3777,24,,low
3778,28,,low
3779,0,,elevated
3780,0,,elevated
3781,18,,low
3782,21,,low
3783,28,,low
3784,,lapsed 63 days,high
3785,0,,elevated
3786,,lapsed 65 days,high
3787,,lapsed 86 days,high
3788,,lapsed 46 days,high
3789,58,,low
3790,17,,low
3791,24,,low
3792,,lapsed 22 days,high
3793,57,,low
3794,23,,low
3795,0,,elevated
3796,41,,low
3797,0,,elevated
3798,14,,low
3799,27,,low
3800,0,,elevated
3801,0,,elevated
3802,11,,low
3803,28,,low
3804,12,,low
3805,23,,low
3806,6,,low
3807,20,,low
3808,17,,low
3809,14,,low
3810,28,,low
3811,9,,low
3812,17,,low
3813,,lapsed 24 days,high
3814,15,,low
3815,42,,low
3816,35,,low
3817,0,,elevated
3818,27,,low
3819,23,,low
3820,13,,low
3821,0,,elevated
3822,0,,elevated
3823,0,,elevated
3824,13,,low
3825,18,,low
3826,29,,low
3827,,lapsed 213 days,high
3828,,lapsed 150 days,high
3829,0,,elevated
3830,0,,elevated
3831,,lapsed 52 days,high
3832,48,,low
3833,18,,low
3834,0,,elevated
3835,39,,low
3836,,lapsed 38 days,high
3837,0,,elevated
3838,41,,low
3839,0,,elevated
3840,0,,elevated
3841,0,,elevated
3842,0,,elevated
3843,,lapsed 23 days,high
3844,25,,low
3845,22,,low
3846,10,,low
3847,7,,low
3848,21,,low
3849,,lapsed 51 days,high
3850,23,,low
3851,14,,low
3852,12,,low
3853,10,,low
3854,29,,low
3855,25,,low
3856,16,,low
3857,24,,low
3858,0,,elevated
3859,,lapsed 92 days,high
3860,0,,elevated
3861,,lapsed 25 days,high
3862,78,,low
3863,,lapsed 32 days,high
3864,,lapsed 61 days,high
3865,13,,low
3866,20,,low
3867,0,,elevated
3868,30,,low
3869,30,,low
3870,0,,elevated
3871,0,,elevated
3872,24,,low
3873,15,,low
3874,16,,low
3875,54,,low
3876,22,,low
3877,22,,low
3878,0,,elevated
3879,6,,low
3880,20,,low
3881,27,,low
3882,46,,low
3883,0,,elevated
3884,,lapsed 63 days,high
3885,19,,low
3886,26,,low
3887,0,,elevated
3888,51,,low
3889,6,,low
3890,20,,low
3891,24,,low
3892,30,,low
3893,0,,elevated
3894,19,,low
3895,20,,low
3896,0,,elevated
3897,8,,low
3898,46,,low
3899,61,,low
3900,,lapsed 87 days,high
3901,,lapsed 160 days,high
3902,8,,low
3903,0,,elevated
3904,,lapsed 93 days,high
3905,63,,low
3906,,lapsed 70 days,high
3907,0,,elevated
3908,17,,low
3909,28,,low
3910,,lapsed 61 days,high
3911,,lapsed 45 days,high
3912,0,,elevated
3913,17,,low
3914,68,,low
3915,13,,low
3916,16,,low
3917,,lapsed 73 days,high
3918,15,,low
3919,84,,low
3920,27,,low
3921,57,,low
3922,,lapsed 45 days,high
3923,22,,low
3924,19,,low
3925,27,,low
3926,48,,low
3927,8,,low
3928,22,,low
3929,,lapsed 169 days,high
3930,16,,low
3931,24,,low
3932,29,,low
3933,29,,low
3934,53,,low
3935,0,,elevated
3936,,lapsed 93 days,high
3937,14,,low
3938,,lapsed 31 days,high
3939,0,,elevated
3940,60,,low
3941,57,,low
3942,0,,elevated
3943,0,,elevated
3944,0,,elevated
3945,22,,low
3946,89,,low
3947,25,,low
3948,11,,low
3949,8,,low
3950,0,,elevated
3951,0,,elevated
3952,16,,low
3953,18,,low
3954,14,,low
3955,0,,elevated
3956,0,,elevated
3957,,lapsed 65 days,high
3958,36,,low
3959,0,,elevated
3960,0,,elevated
3961,16,,low
3962,6,,low
3963,30,,low
3964,37,,low
3965,,lapsed 248 days,high
3966,47,,low
3967,43,,low
3968,83,,low
3969,0,,elevated
3970,,lapsed 139 days,high
3971,0,,elevated
3972,14,,low
3973,25,,low
3974,,lapsed 21 days,high
3975,0,,elevated
3976,56,,low
3977,0,,elevated
3978,21,,low
3979,8,,low
3980,,lapsed 74 days,high
3981,28,,low
3982,,lapsed 43 days,high
3983,63,,low
3984,,lapsed 88 days,high
3985,10,,low
3986,24,,low
3987,7,,low
3988,77,,low
3989,43,,low
3990,13,,low
3991,8,,low
3992,,lapsed 59 days,high
3993,16,,low
3994,13,,low
3995,35,,low
3996,0,,elevated
3997,22,,low
3998,27,,low
3999,75,,low
4000,0,,elevated
4001,,lapsed 32 days,high
4002,0,,elevated
4003,16,,low
4004,0,,elevated
4005,,lapsed 84 days,high
4006,57,,low
4007,0,,elevated
4008,28,,low
4009,42,,low
4010,23,,low
4011,7,,low
4012,90,,low
4013,24,,low
4014,0,,elevated
4015,,lapsed 48 days,high
4016,0,,elevated
4017,50,,low
4018,0,,elevated
4019,0,,elevated
4020,12,,low
4021,0,,elevated
4022,83,,low
4023,23,,low
4024,0,,elevated
4025,34,,low
4026,0,,elevated
4027,19,,low
4028,25,,low
4029,12,,low
4030,9,,low
4031,0,,elevated
4032,24,,low
4033,22,,low
4034,,lapsed 90 days,high
4035,18,,low
4036,19,,low
4037,,lapsed 52 days,high
4038,0,,elevated
4039,0,,elevated
4040,15,,low
4041,0,,elevated
4042,26,,low
4043,16,,low
4044,0,,elevated
4045,22,,low
4046,,lapsed 144 days,high
4047,0,,elevated
4048,57,,low
4049,20,,low
4050,15,,low
4051,28,,low
4052,28,,low
4053,21,,low
4054,19,,low
4055,22,,low
4056,9,,low
4057,0,,elevated
4058,19,,low
4059,50,,low
4060,13,,low
4061,0,,elevated
4062,0,,elevated
4063,,lapsed 51 days,high
4064,0,,elevated
4065,23,,low
4066,7,,low
4067,24,,low
4068,26,,low
4069,0,,elevated
4070,25,,low
4071,13,,low
4072,6,,low
4073,0,,elevated
4074,0,,elevated
4075,15,,low
4076,23,,low
4077,,lapsed 210 days,high
4078,16,,low
4079,15,,low
4080,13,,low
4081,38,,low
4082,25,,low
4083,86,,low
4084,,lapsed 146 days,high
4085,30,,low
4086,,lapsed 201 days,high
4087,22,,low
4088,,lapsed 71 days,high
4089,0,,elevated
4090,19,,low
4091,13,,low
4092,23,,low
4093,25,,low
4094,17,,low
4095,,lapsed 79 days,high
4096,74,,low
4097,47,,low
4098,27,,low
4099,0,,elevated
4100,73,,low
4101,19,,low
4102,44,,low
4103,14,,low
4104,45,,low
4105,0,,elevated
4106,13,,low
4107,,lapsed 55 days,high
4108,19,,low
4109,,lapsed 127 days,high
4110,26,,low
4111,48,,low
4112,58,,low
4113,83,,low
4114,,lapsed 52 days,high
4115,,lapsed 86 days,high
4116,15,,low
4117,,lapsed 80 days,high
4118,21,,low
4119,39,,low
4120,13,,low
4121,,lapsed 172 days,high
4122,43,,low
4123,0,,elevated
4124,7,,low
4125,19,,low
4126,0,,elevated
4127,,lapsed 87 days,high
4128,0,,elevated
4129,49,,low
4130,,lapsed 71 days,high
4131,75,,low
4132,0,,elevated
4133,22,,low
4134,16,,low
4135,26,,low
4136,0,,elevated
4137,,lapsed 43 days,high
4138,33,,low
4139,34,,low
4140,60,,low
4141,28,,low
4142,13,,low
4143,0,,elevated
4144,0,,elevated
4145,7,,low
4146,35,,low
4147,0,,elevated
4148,0,,elevated
4149,25,,low
4150,10,,low
4151,46,,low
4152,7,,low
4153,0,,elevated
4154,14,,low
4155,21,,low
4156,0,,elevated
4157,55,,low
4158,60,,low
4159,23,,low
4160,0,,elevated
4161,27,,low
4162,0,,elevated
4163,11,,low
4164,26,,low
4165,,lapsed 55 days,high
4166,22,,low
4167,,lapsed 46 days,high
4168,66,,low
4169,9,,low
4170,26,,low
4171,,lapsed 90 days,high
4172,,lapsed 180 days,high
4173,30,,low
4174,47,,low
4175,12,,low
4176,0,,elevated
4177,0,,elevated
4178,0,,elevated
4179,,lapsed 52 days,high
4180,58,,low
4181,30,,low
4182,0,,elevated
4183,0,,elevated
4184,18,,low
4185,17,,low
4186,13,,low
4187,0,,elevated
4188,19,,low
4189,42,,low
4190,27,,low
4191,0,,elevated
4192,0,,elevated
4193,0,,elevated
4194,11,,low
4195,,lapsed 79 days,high
4196,0,,elevated
4197,0,,elevated
4198,,lapsed 158 days,high
4199,27,,low
4200,18,,low
4201,87,,low
4202,0,,elevated
4203,0,,elevated
4204,,lapsed 84 days,high
4205,12,,low
4206,82,,low
4207,9,,low
4208,12,,low
4209,12,,low
4210,25,,low
4211,0,,elevated
4212,8,,low
4213,9,,low
4214,37,,low
4215,17,,low
4216,0,,elevated
4217,54,,low
4218,0,,elevated
4219,0,,elevated
4220,0,,elevated
4221,13,,low
4222,55,,low
4223,0,,elevated
4224,0,,elevated
4225,,lapsed 97 days,high
4226,20,,low
4227,26,,low
4228,69,,low
4229,0,,elevated
4230,0,,elevated
4231,20,,low
4232,0,,elevated
4233,16,,low
4234,21,,low
4235,52,,low
4236,28,,low
4237,21,,low
4238,8,,low
4239,13,,low
4240,23,,low
4241,79,,low
4242,,lapsed 139 days,high
4243,0,,elevated
4244,33,,low
4245,26,,low
4246,26,,low
4247,0,,elevated
4248,40,,low
4249,51,,low
4250,79,,low
4251,,lapsed 159 days,high
4252,71,,low
4253,,lapsed 35 days,high
4254,6,,low
4255,14,,low
4256,,lapsed 81 days,high
4257,15,,low
4258,0,,elevated
4259,14,,low
4260,7,,low
4261,0,,elevated
4262,13,,low
4263,53,,low
4264,7,,low
4265,0,,elevated
4266,,lapsed 87 days,high
4267,90,,low
4268,19,,low
4269,20,,low
4270,,lapsed 253 days,high
4271,0,,elevated
4272,0,,elevated
4273,,lapsed 100 days,high
4274,24,,low
4275,0,,elevated
4276,21,,low
4277,28,,low
4278,,lapsed 26 days,high
4279,18,,low
4280,10,,low
4281,0,,elevated
4282,40,,low
4283,,lapsed 78 days,high
4284,6,,low
4285,,lapsed 36 days,high
4286,0,,elevated
4287,64,,low
4288,83,,low
4289,36,,low
4290,0,,elevated
4291,0,,elevated
4292,,lapsed 83 days,high
4293,8,,low
4294,19,,low
4295,49,,low
4296,42,,low
4297,15,,low
4298,0,,elevated
4299,23,,low
4300,,lapsed 55 days,high
4301,30,,low
4302,48,,low
4303,,lapsed 77 days,high
4304,10,,low
4305,,lapsed 112 days,high
4306,29,,low
4307,,lapsed 36 days,high
4308,0,,elevated
4309,25,,low
4310,89,,low
4311,47,,low
4312,,lapsed 102 days,high
4313,8,,low
4314,0,,elevated
4315,,lapsed 117 days,high
4316,0,,elevated
4317,12,,low
4318,20,,low
4319,21,,low
4320,85,,low
4321,25,,low
4322,24,,low
4323,30,,low
4324,0,,elevated
4325,0,,elevated
4326,22,,low
4327,0,,elevated
4328,14,,low
4329,0,,elevated
4330,,lapsed 33 days,high
4331,20,,low
4332,45,,low
4333,28,,low
4334,0,,elevated
4335,14,,low
4336,25,,low
4337,,lapsed 78 days,high
4338,35,,low
4339,0,,elevated
4340,0,,elevated
4341,14,,low
4342,0,,elevated
4343,32,,low
4344,20,,low
4345,8,,low
4346,19,,low
4347,22,,low
4348,24,,low
4349,25,,low
4350,7,,low
4351,76,,low
4352,66,,low
4353,,lapsed 92 days,high
4354,,lapsed 122 days,high
4355,44,,low
4356,17,,low
4357,0,,elevated
4358,26,,low
4359,56,,low
4360,7,,low
4361,46,,low
4362,12,,low
4363,0,,elevated
4364,,lapsed 82 days,high
4365,,lapsed 58 days,high
4366,,lapsed 150 days,high
4367,39,,low
4368,,lapsed 37 days,high
4369,0,,elevated
4370,65,,low
4371,15,,low
4372,22,,low
4373,0,,elevated
4374,66,,low
4375,53,,low
4376,15,,low
4377,0,,elevated
4378,21,,low
4379,73,,low
4380,0,,elevated
4381,17,,low
4382,0,,elevated
4383,0,,elevated
4384,54,,low
4385,0,,elevated
4386,,lapsed 63 days,high
4387,83,,low
4388,,lapsed 71 days,high
4389,,lapsed 62 days,high
4390,0,,elevated
4391,29,,low
4392,81,,low
4393,0,,elevated
4394,48,,low
4395,7,,low
4396,0,,elevated
4397,0,,elevated
4398,77,,low
4399,10,,low
4400,84,,low
4401,25,,low
4402,,lapsed 27 days,high
4403,,lapsed 49 days,high
4404,0,,elevated
4405,0,,elevated
4406,7,,low
4407,6,,low
4408,28,,low
4409,51,,low
4410,0,,elevated
4411,13,,low
4412,6,,low
4413,12,,low
4414,,lapsed 22 days,high
4415,74,,low
4416,60,,low
4417,15,,low
4418,17,,low
4419,51,,low
4420,7,,low
4421,19,,low
4422,,lapsed 56 days,high
4423,0,,elevated
4424,0,,elevated
4425,22,,low
4426,31,,low
4427,25,,low
4428,30,,low
4429,0,,elevated
4430,,lapsed 31 days,high
4431,13,,low
4432,10,,low
4433,0,,elevated
4434,60,,low
4435,0,,elevated
4436,,lapsed 51 days,high
4437,24,,low
4438,,lapsed 24 days,high
4439,9,,low
4440,23,,low
4441,0,,elevated
4442,0,,elevated
4443,12,,low
4444,0,,elevated
4445,,lapsed 49 days,high
4446,12,,low
4447,0,,elevated
4448,,lapsed 123 days,high
4449,0,,elevated
4450,,lapsed 40 days,high
4451,25,,low
4452,0,,elevated
4453,8,,low
4454,17,,low
4455,23,,low
4456,0,,elevated
4457,,lapsed 172 days,high
4458,0,,elevated
4459,18,,low
4460,27,,low
4461,0,,elevated
4462,0,,elevated
4463,7,,low
4464,0,,elevated
4465,0,,elevated
4466,0,,elevated
4467,0,,elevated
4468,41,,low
4469,,lapsed 60 days,high
4470,14,,low
4471,18,,low
4472,0,,elevated
4473,0,,elevated
4474,30,,low
4475,,lapsed 22 days,high
4476,12,,low
4477,0,,elevated
4478,18,,low
4479,17,,low
4480,,lapsed 94 days,high
4481,0,,elevated
4482,17,,low
4483,44,,low
4484,21,,low
4485,,lapsed 61 days,high
4486,9,,low
4487,27,,low
4488,29,,low
4489,,lapsed 79 days,high
4490,29,,low
4491,63,,low
4492,49,,low
4493,0,,elevated
4494,8,,low
4495,20,,low
4496,40,,low
4497,26,,low
4498,0,,elevated
4499,6,,low
4500,26,,low
4501,0,,elevated
4502,16,,low
4503,25,,low
4504,13,,low
4505,,lapsed 73 days,high
4506,13,,low
4507,,lapsed 59 days,high
4508,0,,elevated
4509,42,,low
4510,47,,low
4511,75,,low
4512,80,,low
4513,0,,elevated
4514,0,,elevated
4515,22,,low
4516,0,,elevated
4517,0,,elevated
4518,41,,low
4519,0,,elevated
4520,16,,low
4521,20,,low
4522,50,,low
4523,26,,low
4524,30,,low
4525,0,,elevated
4526,21,,low
4527,24,,low
4528,16,,low
4529,,lapsed 61 days,high
4530,21,,low
4531,,lapsed 58 days,high
4532,22,,low
4533,25,,low
4534,29,,low
4535,78,,low
4536,0,,elevated
4537,12,,low
4538,19,,low
4539,23,,low
4540,34,,low
4541,0,,elevated
4542,22,,low
4543,21,,low
4544,0,,elevated
4545,12,,low
4546,6,,low
4547,8,,low
4548,,lapsed 95 days,high
4549,82,,low
4550,26,,low
4551,21,,low
4552,7,,low
4553,0,,elevated
4554,36,,low
4555,0,,elevated
4556,12,,low
4557,33,,low
4558,0,,elevated
4559,27,,low
4560,23,,low
4561,32,,low
4562,13,,low
4563,24,,low
4564,10,,low
4565,22,,low
4566,,lapsed 88 days,high
4567,0,,elevated
4568,23,,low
4569,30,,low
4570,,lapsed 30 days,high
4571,10,,low
4572,13,,low
4573,57,,low
4574,10,,low
4575,50,,low
4576,54,,low
4577,,lapsed 36 days,high
4578,8,,low
4579,25,,low
4580,12,,low
4581,0,,elevated
4582,27,,low
4583,0,,elevated
4584,,lapsed 54 days,high
4585,,lapsed 68 days,high
4586,0,,elevated
4587,0,,elevated
4588,8,,low
4589,30,,low
4590,20,,low
4591,21,,low
4592,,lapsed 81 days,high
4593,20,,low
4594,29,,low
4595,0,,elevated
4596,15,,low
4597,,lapsed 100 days,high
4598,17,,low
4599,25,,low
4600,56,,low
4601,10,,low
4602,66,,low
4603,35,,low
4604,47,,low
4605,10,,low
4606,20,,low
4607,15,,low
4608,0,,elevated
4609,73,,low
4610,14,,low
4611,22,,low
4612,8,,low
4613,83,,low
4614,35,,low
4615,24,,low
4616,0,,elevated
4617,8,,low
4618,22,,low
4619,26,,low
4620,25,,low
4621,,lapsed 174 days,high
4622,0,,elevated
4623,90,,low
4624,,lapsed 57 days,high
4625,31,,low
4626,23,,low
4627,10,,low
4628,7,,low
4629,15,,low
4630,29,,low
4631,24,,low
4632,7,,low
4633,88,,low
4634,15,,low
4635,0,,elevated
4636,20,,low
4637,28,,low
4638,57,,low
4639,0,,elevated
4640,,lapsed 39 days,high
4641,33,,low
4642,,lapsed 76 days,high
4643,0,,elevated
4644,0,,elevated
4645,8,,low
4646,26,,low
4647,,lapsed 24 days,high
4648,38,,low
4649,24,,low
4650,90,,low
4651,28,,low
4652,86,,low
4653,,lapsed 184 days,high
4654,25,,low
4655,25,,low
4656,20,,low
4657,6,,low
4658,16,,low
4659,6,,low
4660,30,,low
4661,0,,elevated
4662,24,,low
4663,85,,low
4664,39,,low
4665,53,,low
4666,65,,low
4667,26,,low
4668,6,,low
4669,13,,low
4670,0,,elevated
4671,0,,elevated
4672,0,,elevated
4673,15,,low
4674,45,,low
4675,38,,low
4676,68,,low
4677,56,,low
4678,25,,low
4679,18,,low
4680,,lapsed 57 days,high
4681,0,,elevated
4682,0,,elevated
4683,21,,low
4684,0,,elevated
4685,34,,low
4686,8,,low
4687,0,,elevated
4688,,lapsed 81 days,high
4689,0,,elevated
4690,19,,low
4691,18,,low
4692,68,,low
4693,11,,low
4694,20,,low
4695,0,,elevated
4696,53,,low
4697,22,,low
4698,,lapsed 166 days,high
4699,,lapsed 81 days,high
4700,29,,low
4701,0,,elevated
4702,65,,low
4703,19,,low
4704,,lapsed 40 days,high
4705,,lapsed 82 days,high
4706,8,,low
4707,,lapsed 53 days,high
4708,51,,low
4709,12,,low
4710,0,,elevated
4711,0,,elevated
4712,41,,low
4713,0,,elevated
4714,7,,low
4715,0,,elevated
4716,27,,low
4717,,lapsed 38 days,high
4718,57,,low
4719,26,,low
4720,,lapsed 224 days,high
4721,0,,elevated
4722,8,,low
4723,0,,elevated
4724,33,,low
4725,0,,elevated
4726,47,,low
4727,0,,elevated
4728,27,,low
4729,34,,low
4730,,lapsed 169 days,high
4731,12,,low
4732,22,,low
4733,49,,low
4734,0,,elevated
4735,0,,elevated
4736,0,,elevated
4737,49,,low
4738,10,,low
4739,,lapsed 150 days,high
4740,11,,low
4741,74,,low
4742,23,,low
4743,0,,elevated
4744,27,,low
4745,83,,low
4746,20,,low
4747,,lapsed 22 days,high
4748,83,,low
4749,,lapsed 60 days,high
4750,0,,elevated
4751,,lapsed 170 days,high
4752,14,,low
4753,,lapsed 21 days,high
4754,29,,low
4755,7,,low
4756,11,,low
4757,0,,elevated
4758,0,,elevated
4759,29,,low
4760,,lapsed 60 days,high
4761,19,,low
4762,8,,low
4763,0,,elevated
4764,20,,low
4765,,lapsed 43 days,high
4766,,lapsed 32 days,high
4767,58,,low
4768,0,,elevated
4769,0,,elevated
4770,,lapsed 38 days,high
4771,16,,low
4772,21,,low
4773,,lapsed 41 days,high
4774,10,,low
4775,14,,low
4776,,lapsed 77 days,high
4777,22,,low
4778,50,,low
4779,7,,low
4780,23,,low
4781,0,,elevated
4782,86,,low
4783,39,,low
4784,,lapsed 49 days,high
4785,90,,low
4786,79,,low
4787,46,,low
4788,,lapsed 143 days,high
4789,89,,low
4790,47,,low
4791,,lapsed 122 days,high
4792,0,,elevated
4793,49,,low
4794,13,,low
4795,0,,elevated
4796,0,,elevated
4797,27,,low
4798,18,,low
4799,22,,low
4800,59,,low
4801,27,,low
4802,23,,low
4803,19,,low
4804,23,,low
4805,57,,low
4806,51,,low
4807,15,,low
4808,55,,low
4809,0,,elevated
4810,0,,elevated
4811,27,,low
4812,0,,elevated
4813,17,,low
4814,0,,elevated
4815,27,,low
4816,,lapsed 106 days,high
4817,55,,low
4818,0,,elevated
4819,0,,elevated
4820,0,,elevated
4821,54,,low
4822,66,,low
4823,8,,low
4824,15,,low
4825,7,,low
4826,23,,low
4827,83,,low
4828,9,,low
4829,,lapsed 26 days,high
4830,17,,low
4831,20,,low
4832,21,,low
4833,0,,elevated
4834,21,,low
4835,9,,low
4836,,lapsed 164 days,high
4837,30,,low
4838,17,,low
4839,0,,elevated
4840,0,,elevated
4841,51,,low
4842,26,,low
4843,0,,elevated
4844,0,,elevated
4845,27,,low
4846,,lapsed 30 days,high
4847,45,,low
4848,,lapsed 82 days,high
4849,30,,low
4850,59,,low
4851,,lapsed 90 days,high
4852,0,,elevated
4853,0,,elevated
4854,21,,low
4855,24,,low
4856,0,,elevated
4857,22,,low
4858,21,,low
4859,,lapsed 73 days,high
4860,0,,elevated
4861,54,,low
4862,22,,low
4863,59,,low
4864,13,,low
4865,13,,low
4866,13,,low
4867,60,,low
4868,,lapsed 45 days,high
4869,15,,low
4870,14,,low
4871,,lapsed 78 days,high
4872,14,,low
4873,0,,elevated
4874,26,,low
4875,63,,low
4876,14,,low
4877,11,,low
4878,35,,low
4879,22,,low
4880,7,,low
4881,24,,low
4882,,lapsed 48 days,high
4883,9,,low
4884,50,,low
4885,,lapsed 26 days,high
4886,27,,low
4887,,lapsed 47 days,high
4888,18,,low
4889,12,,low
4890,38,,low
4891,,lapsed 65 days,high
4892,57,,low
4893,0,,elevated
4894,21,,low
4895,,lapsed 68 days,high
4896,0,,elevated
4897,49,,low
4898,16,,low
4899,13,,low
4900,11,,low
4901,0,,elevated
4902,0,,elevated
4903,55,,low
4904,0,,elevated
4905,0,,elevated
4906,,lapsed 25 days,high
4907,24,,low
4908,13,,low
4909,30,,low
4910,24,,low
4911,70,,low
4912,51,,low
4913,9,,low
4914,53,,low
4915,33,,low
4916,28,,low
4917,23,,low
4918,14,,low
4919,31,,low
4920,0,,elevated
4921,63,,low
4922,25,,low
4923,24,,low
4924,0,,elevated
4925,0,,elevated
4926,0,,elevated
4927,0,,elevated
4928,24,,low
4929,16,,low
4930,0,,elevated
4931,15,,low
4932,0,,elevated
4933,22,,low
4934,10,,low
4935,0,,elevated
4936,,lapsed 231 days,high
4937,33,,low
4938,9,,low
4939,27,,low
4940,0,,elevated
4941,19,,low
4942,30,,low
4943,10,,low
4944,28,,low
4945,89,,low
4946,0,,elevated
4947,61,,low
4948,23,,low
4949,21,,low
4950,29,,low
4951,17,,low
4952,,lapsed 244 days,high
4953,12,,low
4954,,lapsed 33 days,high
4955,14,,low
4956,14,,low
4957,33,,low
4958,9,,low
4959,23,,low
4960,29,,low
4961,0,,elevated
4962,0,,elevated
4963,,lapsed 39 days,high
4964,59,,low
4965,,lapsed 170 days,high
4966,40,,low
4967,53,,low
4968,0,,elevated
4969,22,,low
4970,13,,low
4971,13,,low
4972,21,,low
4973,0,,elevated
4974,,lapsed 48 days,high
4975,20,,low
4976,0,,elevated
4977,86,,low
4978,6,,low
4979,7,,low
4980,0,,elevated
4981,0,,elevated
4982,,lapsed 31 days,high
4983,52,,low
4984,0,,elevated
4985,55,,low
4986,,lapsed 128 days,high
4987,0,,elevated
4988,29,,low
4989,0,,elevated
4990,18,,low
4991,26,,low
4992,0,,elevated
4993,9,,low
4994,0,,elevated
4995,0,,elevated
4996,,lapsed 195 days,high
4997,0,,elevated
4998,25,,low
4999,16,,low
5000,22,,low
5001,26,,low
5002,13,,low
5003,0,,elevated
5004,,lapsed 31 days,high
5005,30,,low
5006,48,,low
5007,,lapsed 29 days,high
5008,0,,elevated
5009,10,,low
5010,0,,elevated
5011,0,,elevated
5012,17,,low
5013,0,,elevated
5014,39,,low
5015,16,,low
5016,,lapsed 49 days,high
5017,28,,low
5018,28,,low
5019,19,,low
5020,79,,low
5021,48,,low
5022,37,,low
5023,25,,low
5024,15,,low
5025,0,,elevated
5026,0,,elevated
5027,0,,elevated
5028,,lapsed 59 days,high
5029,27,,low
5030,0,,elevated
5031,,lapsed 41 days,high
5032,22,,low
5033,25,,low
5034,23,,low
5035,23,,low
5036,60,,low
5037,0,,elevated
5038,14,,low
5039,0,,elevated
5040,21,,low
5041,20,,low
5042,0,,elevated
5043,79,,low
5044,18,,low
5045,12,,low
5046,0,,elevated
5047,0,,elevated
5048,21,,low
5049,58,,low
5050,23,,low
5051,28,,low
5052,,lapsed 47 days,high
5053,,lapsed 78 days,high
5054,27,,low
5055,25,,low
5056,0,,elevated
5057,25,,low
5058,83,,low
5059,0,,elevated
5060,13,,low
5061,35,,low
5062,0,,elevated
5063,,lapsed 41 days,high
5064,39,,low
5065,,lapsed 71 days,high
5066,24,,low
5067,18,,low
5068,,lapsed 38 days,high
5069,0,,elevated
5070,0,,elevated
5071,23,,low
5072,40,,low
5073,0,,elevated
5074,0,,elevated
5075,28,,low
5076,,lapsed 148 days,high
5077,29,,low
5078,9,,low
5079,0,,elevated
5080,24,,low
5081,,lapsed 129 days,high
5082,0,,elevated
5083,9,,low
5084,45,,low
5085,21,,low
5086,12,,low
5087,0,,elevated
5088,,lapsed 69 days,high
5089,0,,elevated
5090,0,,elevated
5091,18,,low
5092,,lapsed 199 days,high
5093,,lapsed 153 days,high
5094,84,,low
5095,0,,elevated
5096,0,,elevated
5097,14,,low
5098,30,,low
5099,0,,elevated
5100,48,,low
5101,,lapsed 119 days,high
5102,22,,low
5103,0,,elevated
5104,73,,low
5105,0,,elevated
5106,0,,elevated
5107,0,,elevated
5108,11,,low
5109,54,,low
5110,,lapsed 25 days,high
5111,30,,low
5112,57,,low
5113,15,,low
5114,85,,low
5115,18,,low
5116,13,,low
5117,,lapsed 128 days,high
5118,82,,low
5119,22,,low
5120,0,,elevated
5121,72,,low
5122,,lapsed 75 days,high
5123,63,,low
5124,22,,low
5125,,lapsed 72 days,high
5126,12,,low
5127,,lapsed 45 days,high
5128,0,,elevated
5129,17,,low
5130,,lapsed 58 days,high
5131,30,,low
5132,0,,elevated
5133,25,,low
5134,,lapsed 81 days,high
5135,8,,low
5136,6,,low
5137,28,,low
5138,,lapsed 103 days,high
5139,70,,low
5140,,lapsed 171 days,high
5141,0,,elevated
5142,0,,elevated
5143,15,,low
5144,6,,low
5145,0,,elevated
5146,22,,low
5147,,lapsed 47 days,high
5148,,lapsed 87 days,high
5149,,lapsed 167 days,high
5150,32,,low
5151,0,,elevated
5152,8,,low
5153,17,,low
5154,0,,elevated
5155,0,,elevated
5156,15,,low
5157,38,,low
5158,22,,low
5159,7,,low
5160,,lapsed 26 days,high
5161,28,,low
5162,61,,low
5163,25,,low
5164,55,,low
5165,0,,elevated
5166,18,,low
5167,0,,elevated
5168,0,,elevated
5169,12,,low
5170,0,,elevated
5171,15,,low
5172,0,,elevated
5173,0,,elevated
5174,0,,elevated
5175,24,,low
5176,,lapsed 58 days,high
5177,33,,low
5178,63,,low
5179,14,,low
5180,24,,low
5181,72,,low
5182,35,,low
5183,29,,low
5184,26,,low
5185,75,,low
5186,0,,elevated
5187,26,,low
5188,20,,low
5189,,lapsed 145 days,high
5190,20,,low
5191,19,,low
5192,47,,low
5193,35,,low
5194,,lapsed 50 days,high
5195,13,,low
5196,0,,elevated
5197,77,,low
5198,17,,low
5199,0,,elevated
5200,45,,low
5201,,lapsed 63 days,high
5202,18,,low
5203,25,,low
5204,23,,low
5205,8,,low
5206,40,,low
5207,,lapsed 66 days,high
5208,18,,low
5209,,lapsed 51 days,high
5210,,lapsed 66 days,high
5211,73,,low
5212,24,,low
5213,28,,low
5214,11,,low
5215,0,,elevated
5216,11,,low
5217,10,,low
5218,23,,low
5219,8,,low
5220,51,,low
5221,27,,low
5222,23,,low
5223,0,,elevated
5224,15,,low
5225,17,,low
5226,0,,elevated
5227,13,,low
5228,0,,elevated
5229,54,,low
5230,27,,low
5231,20,,low
5232,19,,low
5233,10,,low
5234,,lapsed 203 days,high
5235,34,,low
5236,0,,elevated
5237,7,,low
5238,20,,low
5239,10,,low
5240,28,,low
5241,20,,low
5242,53,,low
5243,21,,low
5244,,lapsed 177 days,high
5245,35,,low
5246,84,,low
5247,,lapsed 21 days,high
5248,0,,elevated
5249,79,,low
5250,25,,low
5251,16,,low
5252,14,,low
5253,12,,low
5254,0,,elevated
5255,0,,elevated
5256,0,,elevated
5257,,lapsed 45 days,high
5258,19,,low
5259,30,,low
5260,41,,low
5261,0,,elevated
5262,6,,low
5263,0,,elevated
5264,,lapsed 75 days,high
5265,18,,low
5266,11,,low
5267,0,,elevated
5268,0,,elevated
5269,,lapsed 78 days,high
5270,,lapsed 127 days,high
5271,22,,low
5272,30,,low
5273,13,,low
5274,10,,low
5275,25,,low
5276,13,,low
5277,43,,low
5278,7,,low
5279,29,,low
5280,18,,low
5281,25,,low
5282,45,,low
5283,29,,low
5284,12,,low
5285,18,,low
5286,0,,elevated
5287,77,,low
5288,84,,low
5289,0,,elevated
5290,,lapsed 261 days,high
5291,,lapsed 90 days,high
5292,,lapsed 80 days,high
5293,14,,low
5294,,lapsed 35 days,high
5295,69,,low
5296,16,,low
5297,,lapsed 22 days,high
5298,,lapsed 57 days,high
5299,36,,low
5300,24,,low
5301,72,,low
5302,,lapsed 157 days,high
5303,17,,low
5304,21,,low
5305,16,,low
5306,11,,low
5307,36,,low
5308,0,,elevated
5309,38,,low
5310,,lapsed 173 days,high
5311,81,,low
5312,28,,low
5313,26,,low
5314,,lapsed 81 days,high
5315,34,,low
5316,44,,low
5317,20,,low
5318,18,,low
5319,,lapsed 110 days,high
5320,11,,low
5321,26,,low
5322,22,,low
5323,30,,low
5324,,lapsed 90 days,high
5325,0,,elevated
5326,77,,low
5327,,lapsed 71 days,high
5328,0,,elevated
5329,0,,elevated
5330,21,,low
5331,26,,low
5332,67,,low
5333,22,,low
5334,0,,elevated
5335,0,,elevated
5336,0,,elevated
5337,8,,low
5338,0,,elevated
5339,,lapsed 256 days,high
5340,57,,low
5341,42,,low
5342,52,,low
5343,0,,elevated
5344,59,,low
5345,,lapsed 80 days,high
5346,28,,low
5347,49,,low
5348,18,,low
5349,48,,low
5350,51,,low
5351,82,,low
5352,47,,low
5353,24,,low
5354,19,,low
5355,0,,elevated
5356,16,,low
5357,38,,low
5358,53,,low
5359,24,,low
5360,16,,low
5361,,lapsed 43 days,high
5362,,lapsed 82 days,high
5363,34,,low
5364,21,,low
5365,0,,elevated
5366,11,,low
5367,,lapsed 160 days,high
5368,43,,low
5369,27,,low
5370,22,,low
5371,11,,low
5372,0,,elevated
5373,19,,low
5374,62,,low
5375,0,,elevated
5376,45,,low
5377,0,,elevated
5378,,lapsed 90 days,high
5379,0,,elevated
5380,,lapsed 85 days,high
5381,0,,elevated
5382,17,,low
5383,67,,low
5384,,lapsed 68 days,high
5385,0,,elevated
5386,69,,low
5387,27,,low
5388,24,,low
5389,12,,low
5390,56,,low
5391,0,,elevated
5392,,lapsed 136 days,high
5393,88,,low
5394,29,,low
5395,28,,low
5396,26,,low
5397,,lapsed 92 days,high
5398,8,,low
5399,7,,low
5400,0,,elevated
5401,29,,low
5402,0,,elevated
5403,75,,low
5404,72,,low
5405,38,,low
5406,0,,elevated
5407,27,,low
5408,0,,elevated
5409,,lapsed 77 days,high
5410,8,,low
5411,0,,elevated
5412,9,,low
5413,0,,elevated
5414,,lapsed 250 days,high
5415,83,,low
5416,16,,low
5417,0,,elevated
5418,0,,elevated
5419,20,,low
5420,11,,low
5421,7,,low
5422,30,,low
5423,,lapsed 52 days,high
5424,24,,low
5425,69,,low
5426,,lapsed 64 days,high
5427,23,,low
5428,0,,elevated
5429,0,,elevated
5430,0,,elevated
5431,28,,low
5432,13,,low
5433,0,,elevated
5434,0,,elevated
5435,,lapsed 40 days,high
5436,20,,low
5437,44,,low
5438,64,,low
5439,15,,low
5440,,lapsed 54 days,high
5441,18,,low
5442,0,,elevated
5443,0,,elevated
5444,90,,low
5445,24,,low
5446,,lapsed 84 days,high
5447,,lapsed 71 days,high
5448,25,,low
5449,,lapsed 84 days,high
5450,30,,low
5451,18,,low
5452,26,,low
5453,,lapsed 65 days,high
5454,21,,low
5455,0,,elevated
5456,0,,elevated
5457,0,,elevated
5458,0,,elevated
5459,27,,low
5460,31,,low
5461,8,,low
5462,10,,low
5463,0,,elevated
5464,26,,low
5465,,lapsed 71 days,high
5466,,lapsed 134 days,high
5467,18,,low
5468,,lapsed 34 days,high
5469,13,,low
5470,30,,low
5471,27,,low
5472,0,,elevated
5473,15,,low
5474,0,,elevated
5475,69,,low
5476,17,,low
5477,13,,low
5478,17,,low
5479,24,,low
5480,,lapsed 34 days,high
5481,0,,elevated
5482,54,,low
5483,29,,low
5484,21,,low
5485,31,,low
5486,22,,low
5487,22,,low
5488,54,,low
5489,,lapsed 146 days,high
5490,55,,low
5491,14,,low
5492,23,,low
5493,22,,low
5494,70,,low
5495,30,,low
5496,9,,low
5497,28,,low
5498,,lapsed 170 days,high
5499,,lapsed 90 days,high
5500,12,,low
5501,9,,low
5502,12,,low
5503,10,,low
5504,9,,low
5505,20,,low
5506,56,,low
5507,19,,low
5508,0,,elevated
5509,55,,low
5510,0,,elevated
5511,30,,low
5512,,lapsed 45 days,high
5513,23,,low
5514,8,,low
5515,0,,elevated
5516,24,,low
5517,0,,elevated
5518,28,,low
5519,29,,low
5520,0,,elevated
5521,17,,low
5522,13,,low
5523,22,,low
5524,,lapsed 78 days,high
5525,21,,low
5526,23,,low
5527,,lapsed 38 days,high
5528,,lapsed 140 days,high
5529,0,,elevated
5530,34,,low
5531,24,,low
5532,0,,elevated
5533,64,,low
5534,,lapsed 49 days,high
5535,14,,low
5536,12,,low
5537,15,,low
5538,,lapsed 73 days,high
5539,22,,low
5540,6,,low
5541,23,,low
5542,,lapsed 21 days,high
5543,0,,elevated
5544,24,,low
5545,17,,low
5546,47,,low
5547,9,,low
5548,0,,elevated
5549,,lapsed 68 days,high
5550,55,,low
5551,55,,low
5552,76,,low
5553,38,,low
5554,15,,low
5555,6,,low
5556,29,,low
5557,20,,low
5558,0,,elevated
5559,,lapsed 36 days,high
5560,7,,low
5561,10,,low
5562,,lapsed 38 days,high
5563,68,,low
5564,85,,low
5565,19,,low
5566,84,,low
5567,0,,elevated
5568,45,,low
5569,,lapsed 51 days,high
5570,14,,low
5571,21,,low
5572,,lapsed 52 days,high
5573,6,,low
5574,,lapsed 70 days,high
5575,0,,elevated
5576,14,,low
5577,19,,low
5578,0,,elevated
5579,21,,low
5580,78,,low
5581,56,,low
5582,,lapsed 25 days,high
5583,12,,low
5584,22,,low
5585,10,,low
5586,24,,low
5587,,lapsed 46 days,high
5588,16,,low
5589,42,,low
5590,,lapsed 60 days,high
5591,18,,low
5592,,lapsed 175 days,high
5593,55,,low
5594,0,,elevated
5595,17,,low
5596,0,,elevated
5597,0,,elevated
5598,80,,low
5599,11,,low
5600,84,,low
5601,37,,low
5602,10,,low
5603,,lapsed 74 days,high
5604,16,,low
5605,0,,elevated
5606,,lapsed 81 days,high
5607,0,,elevated
5608,0,,elevated
5609,12,,low
5610,0,,elevated
5611,,lapsed 213 days,high
5612,,lapsed 64 days,high
5613,88,,low
5614,,lapsed 79 days,high
5615,15,,low
5616,27,,low
5617,,lapsed 186 days,high
5618,18,,low
5619,0,,elevated
5620,52,,low
5621,9,,low
5622,0,,elevated
5623,,lapsed 39 days,high
5624,53,,low
5625,15,,low
5626,,lapsed 137 days,high
5627,24,,low
5628,19,,low
5629,0,,elevated
5630,,lapsed 177 days,high
5631,23,,low
5632,8,,low
5633,30,,low
5634,15,,low
5635,6,,low
5636,30,,low
5637,8,,low
5638,,lapsed 54 days,high
5639,13,,low
5640,32,,low
5641,0,,elevated
5642,56,,low
5643,,lapsed 84 days,high
5644,0,,elevated
5645,74,,low
5646,,lapsed 34 days,high
5647,,lapsed 54 days,high
5648,17,,low
5649,0,,elevated
5650,82,,low
5651,14,,low
5652,72,,low
5653,12,,low
5654,34,,low
5655,16,,low
5656,15,,low
5657,0,,elevated
5658,23,,low
5659,0,,elevated
5660,22,,low
5661,0,,elevated
5662,20,,low
5663,0,,elevated
5664,16,,low
5665,,lapsed 31 days,high
5666,43,,low
5667,14,,low
5668,0,,elevated
5669,45,,low
5670,26,,low
5671,30,,low
5672,19,,low
5673,13,,low
5674,20,,low
5675,,lapsed 175 days,high
5676,57,,low
5677,,lapsed 76 days,high
5678,80,,low
5679,0,,elevated
5680,,lapsed 74 days,high
5681,0,,elevated
5682,0,,elevated
5683,29,,low
5684,45,,low
5685,8,,low
5686,88,,low
5687,,lapsed 40 days,high
5688,11,,low
5689,19,,low
5690,0,,elevated
5691,0,,elevated
5692,0,,elevated
5693,0,,elevated
5694,0,,elevated
5695,55,,low
5696,42,,low
5697,25,,low
5698,33,,low
5699,19,,low
5700,15,,low
5701,0,,elevated
5702,,lapsed 75 days,high
5703,9,,low
5704,45,,low
5705,21,,low
5706,13,,low
5707,14,,low
5708,47,,low
5709,18,,low
5710,44,,low
5711,,lapsed 104 days,high
5712,23,,low
5713,21,,low
5714,20,,low
5715,27,,low
5716,0,,elevated
5717,19,,low
5718,27,,low
5719,,lapsed 108 days,high
5720,58,,low
5721,19,,low
5722,,lapsed 130 days,high
5723,27,,low
5724,,lapsed 31 days,high
5725,,lapsed 50 days,high
5726,34,,low
5727,,lapsed 66 days,high
5728,12,,low
5729,14,,low
5730,0,,elevated
5731,,lapsed 252 days,high
5732,0,,elevated
5733,11,,low
5734,7,,low
5735,0,,elevated
5736,0,,elevated
5737,43,,low
5738,12,,low
5739,29,,low
5740,0,,elevated
5741,13,,low
5742,9,,low
5743,58,,low
5744,24,,low
5745,25,,low
5746,6,,low
5747,28,,low
5748,14,,low
5749,,lapsed 143 days,high
5750,0,,elevated
5751,24,,low
5752,11,,low
5753,6,,low
5754,11,,low
5755,14,,low
5756,0,,elevated
5757,26,,low
5758,17,,low
5759,17,,low
5760,6,,low
5761,29,,low
5762,15,,low
5763,0,,elevated
5764,9,,low
5765,39,,low
5766,,lapsed 131 days,high
5767,17,,low
5768,32,,low
5769,10,,low
5770,42,,low
5771,23,,low
5772,0,,elevated
5773,0,,elevated
5774,0,,elevated
5775,0,,elevated
5776,12,,low
5777,25,,low
5778,20,,low
5779,28,,low
5780,,lapsed 35 days,high
5781,0,,elevated
5782,0,,elevated
5783,28,,low
5784,19,,low
5785,19,,low
5786,28,,low
5787,48,,low
5788,,lapsed 149 days,high
5789,16,,low
5790,0,,elevated
5791,0,,elevated
5792,,lapsed 256 days,high
5793,0,,elevated
5794,49,,low
5795,39,,low
5796,11,,low
5797,13,,low
5798,59,,low
5799,33,,low
5800,26,,low
5801,77,,low
5802,,lapsed 26 days,high
5803,55,,low
5804,0,,elevated
5805,14,,low
5806,27,,low
5807,0,,elevated
5808,,lapsed 44 days,high
5809,32,,low
5810,28,,low
5811,28,,low
5812,7,,low
5813,21,,low
5814,0,,elevated
5815,47,,low
5816,16,,low
5817,0,,elevated
5818,12,,low
5819,19,,low
5820,9,,low
5821,17,,low
5822,12,,low
5823,0,,elevated
5824,0,,elevated
5825,15,,low
5826,0,,elevated
5827,17,,low
5828,,lapsed 168 days,high
5829,0,,elevated
5830,0,,elevated
5831,15,,low
5832,20,,low
5833,0,,elevated
5834,,lapsed 89 days,high
5835,8,,low
5836,11,,low
5837,0,,elevated
5838,6,,low
5839,11,,low
5840,18,,low
5841,0,,elevated
5842,21,,low
5843,23,,low
5844,0,,elevated
5845,,lapsed 249 days,high
5846,11,,low
5847,9,,low
5848,0,,elevated
5849,12,,low
5850,0,,elevated
5851,,lapsed 131 days,high
5852,,lapsed 160 days,high
5853,27,,low
5854,72,,low
5855,15,,low
5856,25,,low
5857,23,,low
5858,7,,low
5859,21,,low
5860,,lapsed 82 days,high
5861,25,,low
5862,43,,low
5863,14,,low
5864,31,,low
5865,0,,elevated
5866,10,,low
5867,18,,low
5868,,lapsed 73 days,high
5869,15,,low
5870,10,,low
5871,0,,elevated
5872,20,,low
5873,0,,elevated
5874,24,,low
5875,27,,low
5876,20,,low
5877,10,,low
5878,13,,low
5879,58,,low
5880,13,,low
5881,69,,low
5882,20,,low
5883,57,,low
5884,0,,elevated
5885,18,,low
5886,,lapsed 69 days,high
5887,0,,elevated
5888,,lapsed 56 days,high
5889,0,,elevated
5890,24,,low
5891,85,,low
5892,,lapsed 75 days,high
5893,,lapsed 49 days,high
5894,18,,low
5895,8,,low
5896,,lapsed 78 days,high
5897,30,,low
5898,,lapsed 269 days,high
5899,20,,low
5900,30,,low
5901,37,,low
5902,16,,low
5903,25,,low
5904,30,,low
5905,,lapsed 51 days,high
5906,,lapsed 44 days,high
5907,0,,elevated
5908,,lapsed 59 days,high
5909,76,,low
5910,30,,low
5911,18,,low
5912,51,,low
5913,25,,low
5914,,lapsed 65 days,high
5915,,lapsed 90 days,high
5916,16,,low
5917,0,,elevated
5918,76,,low
5919,19,,low
5920,8,,low
5921,79,,low
5922,,lapsed 78 days,high
5923,21,,low
5924,12,,low
5925,25,,low
5926,26,,low
5927,72,,low
5928,46,,low
5929,,lapsed 37 days,high
5930,36,,low
5931,0,,elevated
5932,19,,low
5933,21,,low
5934,0,,elevated
5935,49,,low
5936,,lapsed 51 days,high
5937,19,,low
5938,26,,low
5939,40,,low
5940,16,,low
5941,6,,low
5942,10,,low
5943,18,,low
5944,,lapsed 44 days,high
5945,22,,low
5946,,lapsed 126 days,high
5947,13,,low
5948,0,,elevated
5949,15,,low
5950,56,,low
5951,0,,elevated
5952,42,,low
5953,15,,low
5954,28,,low
5955,26,,low
5956,0,,elevated
5957,28,,low
5958,9,,low
5959,,lapsed 30 days,high
5960,,lapsed 88 days,high
5961,25,,low
5962,,lapsed 40 days,high
5963,47,,low
5964,26,,low
5965,,lapsed 104 days,high
5966,0,,elevated
5967,,lapsed 57 days,high
5968,0,,elevated
5969,,lapsed 149 days,high
5970,,lapsed 43 days,high
5971,24,,low
5972,,lapsed 44 days,high
5973,14,,low
5974,24,,low
5975,0,,elevated
5976,35,,low
5977,6,,low
5978,18,,low
5979,34,,low
5980,12,,low
5981,,lapsed 247 days,high
5982,39,,low
5983,,lapsed 83 days,high
5984,19,,low
5985,0,,elevated
5986,,lapsed 74 days,high
5987,13,,low
5988,88,,low
5989,48,,low
5990,35,,low
5991,,lapsed 86 days,high
5992,44,,low
5993,,lapsed 90 days,high
5994,10,,low
5995,15,,low
5996,65,,low
5997,0,,elevated
5998,0,,elevated
5999,0,,elevated
6000,43,,low
6001,74,,low
6002,0,,elevated
6003,,lapsed 43 days,high
6004,26,,low
6005,,lapsed 23 days,high
6006,25,,low
6007,15,,low
6008,14,,low
6009,0,,elevated
6010,14,,low
6011,80,,low
6012,8,,low
6013,28,,low
6014,15,,low
6015,24,,low
6016,10,,low
6017,28,,low
6018,28,,low
6019,18,,low
6020,0,,elevated
6021,27,,low
6022,22,,low
6023,10,,low
6024,0,,elevated
6025,,lapsed 58 days,high
6026,45,,low
6027,7,,low
6028,53,,low
6029,0,,elevated
6030,16,,low
6031,18,,low
6032,17,,low
6033,0,,elevated
6034,12,,low
6035,23,,low
6036,0,,elevated
6037,6,,low
6038,20,,low
6039,12,,low
6040,16,,low
6041,28,,low
6042,25,,low
6043,56,,low
6044,71,,low
6045,0,,elevated
6046,19,,low
6047,83,,low
6048,13,,low
6049,,lapsed 131 days,high
6050,0,,elevated
6051,12,,low
6052,0,,elevated
6053,0,,elevated
6054,27,,low
6055,,lapsed 50 days,high
6056,26,,low
6057,32,,low
6058,26,,low
6059,22,,low
6060,23,,low
6061,8,,low
6062,0,,elevated
6063,10,,low
6064,0,,elevated
6065,41,,low
6066,11,,low
6067,0,,elevated
6068,,lapsed 59 days,high
6069,0,,elevated
6070,84,,low
6071,30,,low
6072,25,,low
6073,0,,elevated
6074,23,,low
6075,39,,low
6076,0,,elevated
6077,20,,low
6078,29,,low
6079,69,,low
6080,33,,low
6081,,lapsed 60 days,high
6082,0,,elevated
6083,26,,low
6084,0,,elevated
6085,30,,low
6086,18,,low
6087,8,,low
6088,16,,low
6089,,lapsed 196 days,high
6090,23,,low
6091,87,,low
6092,0,,elevated
6093,0,,elevated
6094,15,,low
6095,,lapsed 69 days,high
6096,21,,low
6097,0,,elevated
6098,,lapsed 41 days,high
6099,0,,elevated
6100,0,,elevated
6101,0,,elevated
6102,,lapsed 132 days,high
6103,15,,low
6104,28,,low
6105,,lapsed 138 days,high
6106,12,,low
6107,7,,low
6108,0,,elevated
6109,,lapsed 48 days,high
6110,0,,elevated
6111,26,,low
6112,14,,low
6113,15,,low
6114,45,,low
6115,0,,elevated
6116,0,,elevated
6117,0,,elevated
6118,17,,low
6119,,lapsed 68 days,high
6120,32,,low
6121,10,,low
6122,0,,elevated
6123,51,,low
6124,0,,elevated
6125,9,,low
6126,0,,elevated
6127,10,,low
6128,0,,elevated
6129,18,,low
6130,13,,low
6131,27,,low
6132,0,,elevated
6133,23,,low
6134,74,,low
6135,24,,low
6136,28,,low
6137,28,,low
6138,,lapsed 135 days,high
6139,21,,low
6140,12,,low
6141,0,,elevated
6142,0,,elevated
6143,,lapsed 97 days,high
6144,9,,low
6145,23,,low
6146,,lapsed 56 days,high
6147,28,,low
6148,17,,low
6149,39,,low
6150,0,,elevated
6151,0,,elevated
6152,23,,low
6153,14,,low
6154,49,,low
6155,16,,low
6156,0,,elevated
6157,0,,elevated
6158,0,,elevated
6159,,lapsed 40 days,high
6160,23,,low
6161,25,,low
6162,64,,low
6163,42,,low
6164,27,,low
6165,14,,low
6166,15,,low
6167,10,,low
6168,0,,elevated
6169,0,,elevated
6170,21,,low
6171,27,,low
6172,23,,low
6173,8,,low
6174,26,,low
6175,31,,low
6176,0,,elevated
6177,,lapsed 68 days,high
6178,0,,elevated
6179,,lapsed 129 days,high
6180,15,,low
6181,0,,elevated
6182,10,,low
6183,,lapsed 65 days,high
6184,0,,elevated
6185,0,,elevated
6186,9,,low
6187,0,,elevated
6188,59,,low
6189,22,,low
6190,,lapsed 75 days,high
6191,55,,low
6192,50,,low
6193,0,,elevated
6194,18,,low
6195,11,,low
6196,75,,low
6197,29,,low
6198,10,,low
6199,22,,low
6200,59,,low
6201,20,,low
6202,0,,elevated
6203,9,,low
6204,42,,low
6205,24,,low
6206,0,,elevated
6207,,lapsed 36 days,high
6208,0,,elevated
6209,28,,low
6210,,lapsed 64 days,high
6211,14,,low
6212,10,,low
6213,0,,elevated
6214,11,,low
6215,29,,low
6216,,lapsed 115 days,high
6217,14,,low
6218,23,,low
6219,26,,low
6220,0,,elevated
6221,81,,low
6222,0,,elevated
6223,20,,low
6224,14,,low
6225,0,,elevated
6226,0,,elevated
6227,30,,low
6228,16,,low
6229,11,,low
6230,0,,elevated
6231,21,,low
6232,16,,low
6233,10,,low
6234,56,,low
6235,0,,elevated
6236,,lapsed 39 days,high
6237,0,,elevated
6238,0,,elevated
6239,18,,low
6240,11,,low
6241,0,,elevated
6242,0,,elevated
6243,12,,low
6244,0,,elevated
6245,7,,low
6246,22,,low
6247,47,,low
6248,,lapsed 146 days,high
6249,20,,low
6250,25,,low
6251,,lapsed 91 days,high
6252,16,,low
6253,14,,low
6254,9,,low
6255,,lapsed 86 days,high
6256,62,,low
6257,0,,elevated
6258,20,,low
6259,,lapsed 44 days,high
6260,0,,elevated
6261,18,,low
6262,20,,low
6263,13,,low
6264,,lapsed 151 days,high
6265,40,,low
6266,0,,elevated
6267,58,,low
6268,,lapsed 75 days,high
6269,,lapsed 29 days,high
6270,,lapsed 84 days,high
6271,33,,low
6272,0,,elevated
6273,11,,low
6274,16,,low
6275,25,,low
6276,12,,low
6277,61,,low
6278,,lapsed 65 days,high
6279,48,,low
6280,24,,low
6281,28,,low
6282,0,,elevated
6283,0,,elevated
6284,79,,low
6285,82,,low
6286,44,,low
6287,0,,elevated
6288,0,,elevated
6289,28,,low
6290,,lapsed 159 days,high
6291,,lapsed 37 days,high
6292,12,,low
6293,,lapsed 40 days,high
6294,0,,elevated
6295,0,,elevated
6296,,lapsed 86 days,high
6297,18,,low
6298,13,,low
6299,,lapsed 58 days,high
6300,0,,elevated
6301,8,,low
6302,0,,elevated
6303,20,,low
6304,26,,low
6305,,lapsed 194 days,high
6306,,lapsed 35 days,high
6307,54,,low
6308,,lapsed 138 days,high
6309,50,,low
6310,30,,low
6311,35,,low
6312,19,,low
6313,15,,low
6314,64,,low
6315,54,,low
6316,22,,low
6317,9,,low
6318,27,,low
6319,87,,low
6320,24,,low
6321,0,,elevated
6322,0,,elevated
6323,8,,low
6324,23,,low
6325,0,,elevated
6326,54,,low
6327,,lapsed 26 days,high
6328,61,,low
6329,42,,low
6330,,lapsed 104 days,high
6331,23,,low
6332,,lapsed 98 days,high
6333,21,,low
6334,20,,low
6335,0,,elevated
6336,56,,low
6337,0,,elevated
6338,35,,low
6339,10,,low
6340,,lapsed 80 days,high
6341,,lapsed 208 days,high
6342,30,,low
6343,51,,low
6344,8,,low
6345,44,,low
6346,35,,low
6347,0,,elevated
6348,16,,low
6349,0,,elevated
6350,0,,elevated
6351,55,,low
6352,14,,low
6353,19,,low
6354,0,,elevated
6355,18,,low
6356,0,,elevated
6357,43,,low
6358,13,,low
6359,23,,low
6360,,lapsed 79 days,high
6361,18,,low
6362,20,,low
6363,10,,low
6364,23,,low
6365,,lapsed 116 days,high
6366,24,,low
6367,72,,low
6368,25,,low
6369,9,,low
6370,26,,low
6371,7,,low
6372,75,,low
6373,18,,low
6374,12,,low
6375,25,,low
6376,38,,low
6377,,lapsed 37 days,high
6378,25,,low
6379,0,,elevated
6380,0,,elevated
6381,0,,elevated
6382,0,,elevated
6383,11,,low
6384,14,,low
6385,14,,low
6386,,lapsed 89 days,high
6387,66,,low
6388,,lapsed 24 days,high
6389,15,,low
6390,31,,low
6391,28,,low
6392,20,,low
6393,,lapsed 89 days,high
6394,47,,low
6395,19,,low
6396,17,,low
6397,8,,low
6398,22,,low
6399,59,,low
6400,0,,elevated
6401,12,,low
6402,14,,low
6403,7,,low
6404,29,,low
6405,28,,low
6406,9,,low
6407,55,,low
6408,,lapsed 57 days,high
6409,0,,elevated
6410,,lapsed 63 days,high
6411,30,,low
6412,18,,low
6413,7,,low
6414,0,,elevated
6415,,lapsed 68 days,high
6416,13,,low
6417,65,,low
6418,0,,elevated
6419,27,,low
6420,0,,elevated
6421,13,,low
6422,,lapsed 155 days,high
6423,62,,low
6424,58,,low
6425,12,,low
6426,,lapsed 74 days,high
6427,,lapsed 36 days,high
6428,,lapsed 84 days,high
6429,,lapsed 245 days,high
6430,30,,low
6431,0,,elevated
6432,12,,low
6433,67,,low
6434,0,,elevated
6435,14,,low
6436,64,,low
6437,8,,low
6438,,lapsed 87 days,high
6439,21,,low
6440,16,,low
6441,0,,elevated
6442,24,,low
6443,6,,low
6444,6,,low
6445,,lapsed 83 days,high
6446,,lapsed 65 days,high
6447,46,,low
6448,21,,low
6449,16,,low
6450,35,,low
6451,34,,low
6452,29,,low
6453,14,,low
6454,79,,low
6455,38,,low
6456,60,,low
6457,0,,elevated
6458,18,,low
6459,,lapsed 51 days,high
6460,13,,low
6461,44,,low
6462,,lapsed 46 days,high
6463,24,,low
6464,27,,low
6465,15,,low
6466,0,,elevated
6467,0,,elevated
6468,13,,low
6469,,lapsed 201 days,high
6470,0,,elevated
6471,8,,low
6472,,lapsed 65 days,high
6473,0,,elevated
6474,0,,elevated
6475,15,,low
6476,81,,low
6477,27,,low
6478,,lapsed 121 days,high
6479,0,,elevated
6480,30,,low
6481,8,,low
6482,72,,low
6483,50,,low
6484,16,,low
6485,60,,low
6486,27,,low
6487,0,,elevated
6488,29,,low
6489,58,,low
6490,30,,low
6491,0,,elevated
6492,15,,low
6493,0,,elevated
6494,,lapsed 109 days,high
6495,12,,low
6496,0,,elevated
6497,,lapsed 73 days,high
6498,55,,low
6499,22,,low
6500,16,,low
6501,0,,elevated
6502,54,,low
6503,26,,low
6504,29,,low
6505,,lapsed 36 days,high
6506,,lapsed 84 days,high
6507,29,,low
6508,0,,elevated
6509,33,,low
6510,,lapsed 36 days,high
6511,8,,low
6512,,lapsed 32 days,high
6513,0,,elevated
6514,38,,low
6515,21,,low
6516,26,,low
6517,27,,low
6518,18,,low
6519,0,,elevated
6520,47,,low
6521,25,,low
6522,30,,low
6523,9,,low
6524,0,,elevated
6525,0,,elevated
6526,16,,low
6527,8,,low
6528,,lapsed 167 days,high
6529,20,,low
6530,13,,low
6531,17,,low
6532,23,,low
6533,0,,elevated
6534,75,,low
6535,29,,low
6536,0,,elevated
6537,30,,low
6538,7,,low
6539,,lapsed 85 days,high
6540,0,,elevated
6541,19,,low
6542,28,,low
6543,,lapsed 40 days,high
6544,0,,elevated
6545,28,,low
6546,24,,low
6547,19,,low
6548,88,,low
6549,17,,low
6550,27,,low
6551,9,,low
6552,16,,low
6553,11,,low
6554,17,,low
6555,85,,low
6556,29,,low
6557,9,,low
6558,9,,low
6559,,lapsed 56 days,high
6560,,lapsed 124 days,high
6561,26,,low
6562,57,,low
6563,43,,low
6564,34,,low
6565,14,,low
6566,9,,low
6567,0,,elevated
6568,30,,low
6569,49,,low
6570,0,,elevated
6571,0,,elevated
6572,0,,elevated
6573,,lapsed 153 days,high
6574,,lapsed 32 days,high
6575,11,,low
6576,34,,low
6577,60,,low
6578,23,,low
6579,29,,low
6580,6,,low
6581,0,,elevated
6582,19,,low
6583,0,,elevated
6584,84,,low
6585,26,,low
6586,0,,elevated
6587,,lapsed 40 days,high
6588,16,,low
6589,22,,low
6590,89,,low
6591,21,,low
6592,22,,low
6593,29,,low
6594,29,,low
6595,23,,low
6596,0,,elevated
6597,7,,low
6598,0,,elevated
6599,29,,low
6600,0,,elevated
6601,18,,low
6602,56,,low
6603,42,,low
6604,,lapsed 76 days,high
6605,,lapsed 33 days,high
6606,28,,low
6607,65,,low
6608,27,,low
6609,10,,low
6610,9,,low
6611,19,,low
6612,33,,low
6613,8,,low
6614,8,,low
6615,0,,elevated
6616,29,,low
6617,27,,low
6618,0,,elevated
6619,84,,low
6620,21,,low
6621,11,,low
6622,25,,low
6623,,lapsed 50 days,high
6624,0,,elevated
6625,43,,low
6626,0,,elevated
6627,80,,low
6628,,lapsed 71 days,high
6629,0,,elevated
6630,30,,low
6631,0,,elevated
6632,0,,elevated
6633,7,,low
6634,22,,low
6635,28,,low
6636,15,,low
6637,15,,low
6638,28,,low
6639,0,,elevated
6640,18,,low
6641,64,,low
6642,7,,low
6643,0,,elevated
6644,14,,low
6645,26,,low
6646,70,,low
6647,26,,low
6648,0,,elevated
6649,,lapsed 158 days,high
6650,52,,low
6651,0,,elevated
6652,0,,elevated
6653,36,,low
6654,,lapsed 72 days,high
6655,12,,low
6656,16,,low
6657,,lapsed 115 days,high
6658,23,,low
6659,,lapsed 78 days,high
6660,27,,low
6661,48,,low
6662,0,,elevated
6663,19,,low
6664,0,,elevated
6665,25,,low
6666,71,,low
6667,57,,low
6668,24,,low
6669,,lapsed 31 days,high
6670,53,,low
6671,0,,elevated
6672,8,,low
6673,13,,low
6674,45,,low
6675,51,,low
6676,,lapsed 60 days,high
6677,0,,elevated
6678,28,,low
6679,24,,low
6680,0,,elevated
6681,,lapsed 44 days,high
6682,13,,low
6683,58,,low
6684,65,,low
6685,14,,low
6686,50,,low
6687,25,,low
6688,15,,low
6689,22,,low
6690,54,,low
6691,73,,low
6692,0,,elevated
6693,0,,elevated
6694,,lapsed 147 days,high
6695,0,,elevated
6696,30,,low
6697,54,,low
6698,0,,elevated
6699,19,,low
6700,53,,low
6701,26,,low
6702,,lapsed 49 days,high
6703,26,,low
6704,0,,elevated
6705,56,,low
6706,0,,elevated
6707,19,,low
6708,,lapsed 133 days,high
6709,0,,elevated
6710,17,,low
6711,24,,low
6712,33,,low
6713,14,,low
6714,0,,elevated
6715,26,,low
6716,,lapsed 23 days,high
6717,26,,low
6718,7,,low
6719,30,,low
6720,23,,low
6721,21,,low
6722,8,,low
6723,25,,low
6724,18,,low
6725,45,,low
6726,24,,low
6727,28,,low
6728,24,,low
6729,18,,low
6730,26,,low
6731,15,,low
6732,,lapsed 54 days,high
6733,0,,elevated
6734,7,,low
6735,10,,low
6736,25,,low
6737,43,,low
6738,39,,low
6739,44,,low
6740,14,,low
6741,0,,elevated
6742,7,,low
6743,6,,low
6744,30,,low
6745,,lapsed 130 days,high
6746,81,,low
6747,10,,low
6748,,lapsed 61 days,high
6749,7,,low
6750,0,,elevated
6751,0,,elevated
6752,26,,low
6753,13,,low
6754,19,,low
6755,17,,low
6756,0,,elevated
6757,0,,elevated
6758,0,,elevated
6759,8,,low
6760,25,,low
6761,15,,low
6762,47,,low
6763,0,,elevated
6764,0,,elevated
6765,28,,low
6766,26,,low
6767,9,,low
6768,,lapsed 68 days,high
6769,0,,elevated
6770,0,,elevated
6771,22,,low
6772,30,,low
6773,26,,low
6774,0,,elevated
6775,23,,low
6776,0,,elevated
6777,30,,low
6778,13,,low
6779,45,,low
6780,8,,low
6781,30,,low
6782,0,,elevated
6783,23,,low
6784,26,,low
6785,88,,low
6786,7,,low
6787,23,,low
6788,60,,low
6789,44,,low
6790,0,,elevated
6791,7,,low
6792,8,,low
6793,0,,elevated
6794,11,,low
6795,53,,low
6796,14,,low
6797,0,,elevated
6798,41,,low
6799,0,,elevated
6800,0,,elevated
6801,55,,low
6802,9,,low
6803,26,,low
6804,15,,low
6805,0,,elevated
6806,,lapsed 86 days,high
6807,15,,low
6808,,lapsed 34 days,high
6809,27,,low
6810,18,,low
6811,76,,low
6812,,lapsed 100 days,high
6813,24,,low
6814,,lapsed 133 days,high
6815,18,,low
6816,13,,low
6817,0,,elevated
6818,23,,low
6819,0,,elevated
6820,,lapsed 264 days,high
6821,,lapsed 197 days,high
6822,14,,low
6823,22,,low
6824,11,,low
6825,0,,elevated
6826,0,,elevated
6827,0,,elevated
6828,13,,low
6829,0,,elevated
6830,,lapsed 56 days,high
6831,28,,low
6832,,lapsed 30 days,high
6833,69,,low
6834,17,,low
6835,0,,elevated
6836,0,,elevated
6837,14,,low
6838,0,,elevated
6839,,lapsed 62 days,high
6840,0,,elevated
6841,0,,elevated
6842,0,,elevated
6843,0,,elevated
6844,73,,low
6845,12,,low
6846,0,,elevated
6847,,lapsed 32 days,high
6848,25,,low
6849,23,,low
6850,,lapsed 147 days,high
6851,15,,low
6852,27,,low
6853,0,,elevated
6854,,lapsed 153 days,high
6855,18,,low
6856,75,,low
6857,9,,low
6858,0,,elevated
6859,16,,low
6860,25,,low
6861,,lapsed 34 days,high
6862,23,,low
6863,12,,low
6864,25,,low
6865,0,,elevated
6866,16,,low
6867,0,,elevated
6868,37,,low
6869,0,,elevated
6870,30,,low
6871,0,,elevated
6872,59,,low
6873,,lapsed 107 days,high
6874,12,,low
6875,25,,low
6876,0,,elevated
6877,,lapsed 267 days,high
6878,0,,elevated
6879,30,,low
6880,18,,low
6881,9,,low
6882,0,,elevated
6883,63,,low
6884,25,,low
6885,26,,low
6886,23,,low
6887,22,,low
6888,87,,low
6889,0,,elevated
6890,23,,low
6891,45,,low
6892,0,,elevated
6893,13,,low
6894,33,,low
6895,27,,low
6896,9,,low
6897,,lapsed 63 days,high
6898,62,,low
6899,83,,low
6900,59,,low
6901,0,,elevated
6902,0,,elevated
6903,20,,low
6904,8,,low
6905,19,,low
6906,16,,low
6907,16,,low
6908,0,,elevated
6909,37,,low
6910,0,,elevated
6911,29,,low
6912,9,,low
6913,44,,low
6914,,lapsed 85 days,high
6915,0,,elevated
6916,0,,elevated
6917,18,,low
6918,26,,low
6919,23,,low
6920,,lapsed 238 days,high
6921,0,,elevated
6922,7,,low
6923,11,,low
6924,18,,low
6925,0,,elevated
6926,11,,low
6927,38,,low
6928,51,,low
6929,29,,low
6930,20,,low
6931,22,,low
6932,0,,elevated
6933,0,,elevated
6934,,lapsed 79 days,high
6935,53,,low
6936,54,,low
6937,13,,low
6938,28,,low
6939,0,,elevated
6940,87,,low
6941,,lapsed 142 days,high
6942,6,,low
6943,27,,low
6944,30,,low
6945,19,,low
6946,0,,elevated
6947,20,,low
6948,18,,low
6949,0,,elevated
6950,0,,elevated
6951,61,,low
6952,59,,low
6953,0,,elevated
6954,29,,low
6955,0,,elevated
6956,22,,low
6957,26,,low
6958,28,,low
6959,14,,low
6960,10,,low
6961,25,,low
6962,15,,low
6963,0,,elevated
6964,56,,low
6965,0,,elevated
6966,,lapsed 135 days,high
6967,,lapsed 118 days,high
6968,0,,elevated
6969,28,,low
6970,6,,low
6971,,lapsed 197 days,high
6972,10,,low
6973,0,,elevated
6974,24,,low
6975,27,,low
6976,30,,low
6977,,lapsed 37 days,high
6978,27,,low
6979,0,,elevated
6980,14,,low
6981,25,,low
6982,47,,low
6983,0,,elevated
6984,,lapsed 170 days,high
6985,,lapsed 37 days,high
6986,71,,low
6987,41,,low
6988,20,,low
6989,0,,elevated
6990,0,,elevated
6991,22,,low
6992,,lapsed 22 days,high
6993,24,,low
6994,38,,low
6995,77,,low
6996,18,,low
6997,23,,low
6998,15,,low
6999,14,,low
7000,17,,low
7001,0,,elevated
7002,0,,elevated
7003,,lapsed 169 days,high
7004,0,,elevated
7005,0,,elevated
7006,12,,low
7007,,lapsed 22 days,high
7008,26,,low
7009,21,,low
7010,0,,elevated
7011,,lapsed 58 days,high
7012,,lapsed 43 days,high
7013,13,,low
7014,,lapsed 194 days,high
7015,14,,low
7016,16,,low
7017,,lapsed 30 days,high
7018,,lapsed 140 days,high
7019,21,,low
7020,0,,elevated
7021,30,,low
7022,17,,low
7023,28,,low
7024,,lapsed 57 days,high
7025,0,,elevated
7026,82,,low
7027,15,,low
7028,38,,low
7029,20,,low
7030,0,,elevated
7031,15,,low
7032,90,,low
7033,59,,low
7034,20,,low
7035,0,,elevated
7036,30,,low
7037,47,,low
7038,,lapsed 50 days,high
7039,0,,elevated
7040,13,,low
7041,16,,low
7042,14,,low
7043,22,,low
7044,,lapsed 229 days,high
7045,6,,low
7046,25,,low
7047,0,,elevated
7048,0,,elevated
7049,0,,elevated
7050,48,,low
7051,12,,low
7052,,lapsed 121 days,high
7053,73,,low
7054,25,,low
7055,,lapsed 39 days,high
7056,0,,elevated
7057,59,,low
7058,0,,elevated
7059,49,,low
7060,24,,low
7061,25,,low
7062,18,,low
7063,31,,low
7064,,lapsed 43 days,high
7065,,lapsed 148 days,high
7066,12,,low
7067,0,,elevated
7068,8,,low
7069,56,,low
7070,13,,low
7071,0,,elevated
7072,,lapsed 71 days,high
7073,50,,low
7074,23,,low
7075,,lapsed 30 days,high
7076,0,,elevated
7077,0,,elevated
7078,,lapsed 58 days,high
7079,39,,low
7080,,lapsed 100 days,high
7081,0,,elevated
7082,,lapsed 73 days,high
7083,26,,low
7084,,lapsed 80 days,high
7085,22,,low
7086,0,,elevated
7087,38,,low
7088,29,,low
7089,67,,low
7090,50,,low
7091,17,,low
7092,0,,elevated
7093,82,,low
7094,,lapsed 72 days,high
7095,0,,elevated
7096,,lapsed 79 days,high
7097,11,,low
7098,,lapsed 120 days,high
7099,17,,low
7100,34,,low
7101,19,,low
7102,0,,elevated
7103,13,,low
7104,52,,low
7105,,lapsed 126 days,high
7106,,lapsed 30 days,high
7107,12,,low
7108,21,,low
7109,54,,low
7110,15,,low
7111,15,,low
7112,17,,low
7113,36,,low
7114,10,,low
7115,33,,low
7116,29,,low
7117,9,,low
7118,8,,low
7119,0,,elevated
7120,23,,low
7121,15,,low
7122,23,,low
7123,,lapsed 90 days,high
7124,0,,elevated
7125,0,,elevated
7126,,lapsed 132 days,high
7127,0,,elevated
7128,17,,low
7129,21,,low
7130,,lapsed 53 days,high
7131,0,,elevated
7132,22,,low
7133,,lapsed 43 days,high
7134,0,,elevated
7135,45,,low
7136,,lapsed 243 days,high
7137,38,,low
7138,13,,low
7139,0,,elevated
7140,15,,low
7141,20,,low
7142,66,,low
7143,15,,low
7144,,lapsed 86 days,high
7145,29,,low
7146,0,,elevated
7147,,lapsed 79 days,high
7148,57,,low
7149,28,,low
7150,21,,low
7151,22,,low
7152,50,,low
7153,,lapsed 137 days,high
7154,0,,elevated
7155,0,,elevated
7156,,lapsed 60 days,high
7157,58,,low
7158,10,,low
7159,19,,low
7160,23,,low
7161,0,,elevated
7162,0,,elevated
7163,0,,elevated
7164,0,,elevated
7165,37,,low
7166,0,,elevated
7167,10,,low
7168,0,,elevated
7169,24,,low
7170,,lapsed 36 days,high
7171,,lapsed 97 days,high
7172,24,,low
7173,24,,low
7174,0,,elevated
7175,9,,low
7176,43,,low
7177,26,,low
7178,,lapsed 44 days,high
7179,81,,low
7180,7,,low
7181,26,,low
7182,17,,low
7183,,lapsed 102 days,high
7184,41,,low
7185,0,,elevated
7186,31,,low
7187,6,,low
7188,35,,low
7189,7,,low
7190,0,,elevated
7191,28,,low
7192,0,,elevated
7193,17,,low
7194,13,,low
7195,14,,low
7196,74,,low
7197,19,,low
7198,6,,low
7199,66,,low
7200,8,,low
7201,22,,low
7202,6,,low
7203,0,,elevated
7204,18,,low
7205,15,,low
7206,0,,elevated
7207,11,,low
7208,50,,low
7209,25,,low
7210,23,,low
7211,,lapsed 31 days,high
7212,16,,low
7213,0,,elevated
7214,28,,low
7215,10,,low
7216,64,,low
7217,71,,low
7218,22,,low
7219,19,,low
7220,28,,low
7221,0,,elevated
7222,35,,low
7223,48,,low
7224,20,,low
7225,0,,elevated
7226,18,,low
7227,19,,low
7228,0,,elevated
7229,6,,low
7230,13,,low
7231,13,,low
7232,11,,low
7233,24,,low
7234,16,,low
7235,73,,low
7236,30,,low
7237,44,,low
7238,26,,low
7239,,lapsed 150 days,high
7240,58,,low
7241,22,,low
7242,25,,low
7243,25,,low
7244,24,,low
7245,33,,low
7246,13,,low
7247,12,,low
7248,35,,low
7249,0,,elevated
7250,,lapsed 29 days,high
7251,56,,low
7252,14,,low
7253,0,,elevated
7254,21,,low
7255,21,,low
7256,23,,low
7257,10,,low
7258,28,,low
7259,26,,low
7260,0,,elevated
7261,0,,elevated
7262,44,,low
7263,0,,elevated
7264,,lapsed 43 days,high
7265,,lapsed 40 days,high
7266,,lapsed 103 days,high
7267,14,,low
7268,0,,elevated
7269,77,,low
7270,26,,low
7271,0,,elevated
7272,50,,low
7273,22,,low
7274,15,,low
7275,0,,elevated
7276,54,,low
7277,67,,low
7278,77,,low
7279,,lapsed 202 days,high
7280,33,,low
7281,29,,low
7282,42,,low
7283,21,,low
7284,0,,elevated
7285,16,,low
7286,37,,low
7287,21,,low
7288,,lapsed 54 days,high
7289,,lapsed 107 days,high
7290,0,,elevated
7291,,lapsed 28 days,high
7292,,lapsed 45 days,high
7293,8,,low
7294,0,,elevated
7295,38,,low
7296,30,,low
7297,0,,elevated
7298,0,,elevated
7299,0,,elevated
7300,0,,elevated
7301,25,,low
7302,0,,elevated
7303,0,,elevated
7304,22,,low
7305,,lapsed 42 days,high
7306,39,,low
7307,0,,elevated
7308,0,,elevated
7309,24,,low
7310,,lapsed 35 days,high
7311,48,,low
7312,0,,elevated
7313,0,,elevated
7314,0,,elevated
7315,34,,low
7316,40,,low
7317,19,,low
7318,19,,low
7319,46,,low
7320,27,,low
7321,8,,low
7322,,lapsed 156 days,high
7323,0,,elevated
7324,68,,low
7325,0,,elevated
7326,0,,elevated
7327,12,,low
7328,19,,low
7329,32,,low
7330,16,,low
7331,0,,elevated
7332,20,,low
7333,0,,elevated
7334,0,,elevated
7335,,lapsed 71 days,high
7336,19,,low
7337,34,,low
7338,67,,low
7339,42,,low
7340,14,,low
7341,,lapsed 83 days,high
7342,57,,low
7343,0,,elevated
7344,16,,low
7345,31,,low
7346,27,,low
7347,,lapsed 61 days,high
7348,20,,low
7349,0,,elevated
7350,21,,low
7351,30,,low
7352,29,,low
7353,,lapsed 40 days,high
7354,44,,low
7355,68,,low
7356,48,,low
7357,0,,elevated
7358,24,,low
7359,20,,low
7360,47,,low
7361,0,,elevated
7362,,lapsed 70 days,high
7363,55,,low
7364,,lapsed 25 days,high
7365,15,,low
7366,0,,elevated
7367,24,,low
7368,29,,low
7369,18,,low
7370,27,,low
7371,50,,low
7372,31,,low
7373,13,,low
7374,6,,low
7375,17,,low
7376,40,,low
7377,25,,low
7378,16,,low
7379,13,,low
7380,0,,elevated
7381,22,,low
7382,0,,elevated
7383,88,,low
7384,12,,low
7385,48,,low
7386,27,,low
7387,20,,low
7388,19,,low
7389,,lapsed 42 days,high
7390,44,,low
7391,25,,low
7392,29,,low
7393,26,,low
7394,18,,low
7395,0,,elevated
7396,13,,low
7397,,lapsed 52 days,high
7398,13,,low
7399,36,,low
7400,0,,elevated
7401,0,,elevated
7402,8,,low
7403,11,,low
7404,0,,elevated
7405,,lapsed 30 days,high
7406,45,,low
7407,27,,low
7408,0,,elevated
7409,14,,low
7410,0,,elevated
7411,0,,elevated
7412,0,,elevated
7413,37,,low
7414,,lapsed 155 days,high
7415,20,,low
7416,0,,elevated
7417,0,,elevated
7418,32,,low
7419,14,,low
7420,0,,elevated
7421,15,,low
7422,24,,low
7423,10,,low
7424,25,,low
7425,23,,low
7426,0,,elevated
7427,0,,elevated
7428,9,,low
7429,12,,low
7430,0,,elevated
7431,56,,low
7432,6,,low
7433,0,,elevated
7434,14,,low
7435,,lapsed 51 days,high
7436,0,,elevated
7437,0,,elevated
7438,,lapsed 209 days,high
7439,53,,low
7440,43,,low
7441,55,,low
7442,16,,low
7443,47,,low
7444,13,,low
7445,22,,low
7446,,lapsed 29 days,high
7447,,lapsed 86 days,high
7448,0,,elevated
7449,,lapsed 152 days,high
7450,29,,low
7451,,lapsed 79 days,high
7452,,lapsed 46 days,high
7453,0,,elevated
7454,,lapsed 104 days,high
7455,9,,low
7456,8,,low
7457,28,,low
7458,28,,low
7459,22,,low
7460,14,,low
7461,10,,low
7462,9,,low
7463,11,,low
7464,26,,low
7465,32,,low
7466,45,,low
7467,24,,low
7468,,lapsed 44 days,high
7469,12,,low
7470,0,,elevated
7471,59,,low
7472,29,,low
7473,36,,low
7474,0,,elevated
7475,27,,low
7476,54,,low
7477,69,,low
7478,,lapsed 76 days,high
7479,16,,low
7480,9,,low
7481,26,,low
7482,15,,low
7483,6,,low
7484,18,,low
7485,0,,elevated
7486,23,,low
7487,,lapsed 56 days,high
7488,,lapsed 86 days,high
7489,14,,low
7490,,lapsed 34 days,high
7491,0,,elevated
7492,0,,elevated
7493,0,,elevated
7494,16,,low
7495,38,,low
7496,25,,low
7497,29,,low
7498,0,,elevated
7499,0,,elevated
7500,0,,elevated
7501,30,,low
7502,28,,low
7503,25,,low
7504,9,,low
7505,16,,low
7506,66,,low
7507,14,,low
7508,30,,low
7509,,lapsed 211 days,high
7510,30,,low
7511,52,,low
7512,28,,low
7513,11,,low
7514,0,,elevated
7515,,lapsed 200 days,high
7516,10,,low
7517,0,,elevated
7518,30,,low
7519,0,,elevated
7520,38,,low
7521,11,,low
7522,0,,elevated
7523,0,,elevated
7524,57,,low
7525,9,,low
7526,25,,low
7527,49,,low
7528,,lapsed 262 days,high
7529,27,,low
7530,23,,low
7531,57,,low
7532,43,,low
7533,,lapsed 88 days,high
7534,0,,elevated
7535,27,,low
7536,84,,low
7537,24,,low
7538,53,,low
7539,0,,elevated
7540,0,,elevated
7541,80,,low
7542,28,,low
7543,16,,low
7544,19,,low
7545,7,,low
7546,14,,low
7547,0,,elevated
7548,18,,low
7549,,lapsed 108 days,high
7550,14,,low
7551,22,,low
7552,55,,low
7553,0,,elevated
7554,0,,elevated
7555,28,,low
7556,87,,low
7557,,lapsed 55 days,high
7558,13,,low
7559,0,,elevated
7560,35,,low
7561,29,,low
7562,30,,low
7563,0,,elevated
7564,30,,low
7565,18,,low
7566,0,,elevated
7567,7,,low
7568,22,,low
7569,42,,low
7570,87,,low
7571,25,,low
7572,14,,low
7573,,lapsed 22 days,high
7574,19,,low
7575,0,,elevated
7576,22,,low
7577,0,,elevated
7578,,lapsed 38 days,high
7579,0,,elevated
7580,0,,elevated
7581,22,,low
7582,0,,elevated
7583,0,,elevated
7584,0,,elevated
7585,48,,low
7586,0,,elevated
7587,7,,low
7588,30,,low
7589,25,,low
7590,89,,low
7591,40,,low
7592,20,,low
7593,60,,low
7594,0,,elevated
7595,8,,low
7596,36,,low
7597,16,,low
7598,,lapsed 54 days,high
7599,0,,elevated
7600,50,,low
7601,29,,low
7602,0,,elevated
7603,32,,low
7604,12,,low
7605,16,,low
7606,,lapsed 88 days,high
7607,7,,low
7608,20,,low
7609,26,,low
7610,44,,low
7611,12,,low
7612,0,,elevated
7613,9,,low
7614,16,,low
7615,0,,elevated
7616,,lapsed 142 days,high
7617,0,,elevated
7618,0,,elevated
7619,42,,low
7620,59,,low
7621,13,,low
7622,0,,elevated
7623,0,,elevated
7624,25,,low
7625,20,,low
7626,83,,low
7627,0,,elevated
7628,28,,low
7629,0,,elevated
7630,19,,low
7631,69,,low
7632,28,,low
7633,9,,low
7634,15,,low
7635,88,,low
7636,0,,elevated
7637,0,,elevated
7638,,lapsed 38 days,high
7639,0,,elevated
7640,17,,low
7641,,lapsed 26 days,high
7642,25,,low
7643,73,,low
7644,27,,low
7645,,lapsed 52 days,high
7646,7,,low
7647,36,,low
7648,0,,elevated
7649,12,,low
7650,0,,elevated
7651,56,,low
7652,48,,low
7653,0,,elevated
7654,0,,elevated
7655,57,,low
7656,23,,low
7657,12,,low
7658,0,,elevated
7659,29,,low
7660,11,,low
7661,14,,low
7662,55,,low
7663,,lapsed 58 days,high
7664,12,,low
7665,60,,low
7666,9,,low
7667,21,,low
7668,0,,elevated
7669,0,,elevated
7670,0,,elevated
7671,36,,low
7672,13,,low
7673,,lapsed 156 days,high
7674,0,,elevated
7675,26,,low
7676,25,,low
7677,0,,elevated
7678,0,,elevated
7679,0,,elevated
7680,86,,low
7681,30,,low
7682,0,,elevated
7683,20,,low
7684,15,,low
7685,19,,low
7686,24,,low
7687,12,,low
7688,15,,low
7689,,lapsed 44 days,high
7690,53,,low
7691,0,,elevated
7692,,lapsed 66 days,high
7693,47,,low
7694,30,,low
7695,,lapsed 90 days,high
7696,8,,low
7697,30,,low
7698,28,,low
7699,0,,elevated
7700,8,,low
7701,0,,elevated
7702,12,,low
7703,40,,low
7704,20,,low
7705,23,,low
7706,18,,low
7707,10,,low
7708,25,,low
7709,55,,low
7710,13,,low
7711,25,,low
7712,,lapsed 88 days,high
7713,12,,low
7714,49,,low
7715,56,,low
7716,6,,low
7717,0,,elevated
7718,21,,low
7719,23,,low
7720,11,,low
7721,22,,low
7722,0,,elevated
7723,13,,low
7724,41,,low
7725,0,,elevated
7726,0,,elevated
7727,21,,low
7728,7,,low
7729,15,,low
7730,14,,low
7731,8,,low
7732,31,,low
7733,8,,low
7734,59,,low
7735,16,,low
7736,23,,low
7737,34,,low
7738,20,,low
7739,,lapsed 51 days,high
7740,22,,low
7741,69,,low
7742,26,,low
7743,,lapsed 51 days,high
7744,12,,low
7745,0,,elevated
7746,15,,low
7747,14,,low
7748,,lapsed 66 days,high
7749,13,,low
7750,27,,low
7751,,lapsed 127 days,high
7752,,lapsed 24 days,high
7753,0,,elevated
7754,0,,elevated
7755,19,,low
7756,41,,low
7757,67,,low
7758,12,,low
7759,,lapsed 56 days,high
7760,,lapsed 58 days,high
7761,44,,low
7762,19,,low
7763,,lapsed 88 days,high
7764,25,,low
7765,0,,elevated
7766,10,,low
7767,0,,elevated
7768,0,,elevated
7769,0,,elevated
7770,22,,low
7771,,lapsed 51 days,high
7772,42,,low
7773,30,,low
7774,,lapsed 209 days,high
7775,36,,low
7776,24,,low
7777,,lapsed 48 days,high
7778,0,,elevated
7779,10,,low
7780,53,,low
7781,0,,elevated
7782,0,,elevated
7783,0,,elevated
7784,,lapsed 244 days,high
7785,,lapsed 47 days,high
7786,40,,low
7787,25,,low
7788,22,,low
7789,82,,low
7790,14,,low
7791,0,,elevated
7792,23,,low
7793,,lapsed 50 days,high
7794,0,,elevated
7795,0,,elevated
7796,14,,low
7797,23,,low
7798,21,,low
7799,21,,low
7800,0,,elevated
7801,55,,low
7802,9,,low
7803,0,,elevated
7804,20,,low
7805,29,,low
7806,,lapsed 264 days,high
7807,78,,low
7808,21,,low
7809,71,,low
7810,14,,low
7811,9,,low
7812,30,,low
7813,0,,elevated
7814,0,,elevated
7815,19,,low
7816,61,,low
7817,0,,elevated
7818,7,,low
7819,22,,low
7820,0,,elevated
7821,20,,low
7822,12,,low
7823,74,,low
7824,,lapsed 40 days,high
7825,17,,low
7826,,lapsed 38 days,high
7827,,lapsed 56 days,high
7828,14,,low
7829,7,,low
7830,27,,low
7831,0,,elevated
7832,,lapsed 28 days,high
7833,0,,elevated
7834,0,,elevated
7835,16,,low
7836,50,,low
7837,68,,low
7838,19,,low
7839,0,,elevated
7840,8,,low
7841,0,,elevated
7842,11,,low
7843,0,,elevated
7844,,lapsed 27 days,high
7845,0,,elevated
7846,28,,low
7847,18,,low
7848,6,,low
7849,12,,low
7850,50,,low
7851,9,,low
7852,22,,low
7853,26,,low
7854,29,,low
7855,18,,low
7856,0,,elevated
7857,,lapsed 26 days,high
7858,26,,low
7859,19,,low
7860,,lapsed 37 days,high
7861,0,,elevated
7862,26,,low
7863,0,,elevated
7864,31,,low
7865,0,,elevated
7866,0,,elevated
7867,22,,low
7868,,lapsed 36 days,high
7869,0,,elevated
7870,20,,low
7871,18,,low
7872,,lapsed 64 days,high
7873,25,,low
7874,0,,elevated
7875,8,,low
7876,22,,low
7877,17,,low
7878,19,,low
7879,19,,low
7880,29,,low
7881,0,,elevated
7882,,lapsed 25 days,high
7883,17,,low
7884,73,,low
7885,0,,elevated
7886,0,,elevated
7887,42,,low
7888,28,,low
7889,21,,low
7890,27,,low
7891,0,,elevated
7892,0,,elevated
7893,45,,low
7894,,lapsed 27 days,high
7895,0,,elevated
7896,6,,low
7897,0,,elevated
7898,60,,low
7899,28,,low
7900,26,,low
7901,13,,low
7902,68,,low
7903,24,,low
7904,0,,elevated
7905,51,,low
7906,48,,low
7907,26,,low
7908,0,,elevated
7909,9,,low
7910,,lapsed 56 days,high
7911,26,,low
7912,16,,low
7913,,lapsed 207 days,high
7914,67,,low
7915,30,,low
7916,27,,low
7917,,lapsed 53 days,high
7918,38,,low
7919,26,,low
7920,0,,elevated
7921,,lapsed 60 days,high
7922,,lapsed 125 days,high
7923,24,,low
7924,10,,low
7925,26,,low
7926,0,,elevated
7927,0,,elevated
7928,56,,low
7929,28,,low
7930,53,,low
7931,21,,low
7932,,lapsed 71 days,high
7933,0,,elevated
7934,21,,low
7935,6,,low
7936,,lapsed 30 days,high
7937,45,,low
7938,32,,low
7939,0,,elevated
7940,,lapsed 22 days,high
7941,,lapsed 88 days,high
7942,27,,low
7943,29,,low
7944,18,,low
7945,79,,low
7946,0,,elevated
7947,45,,low
7948,23,,low
7949,68,,low
7950,14,,low
7951,15,,low
7952,22,,low
7953,0,,elevated
7954,8,,low
7955,23,,low
7956,44,,low
7957,22,,low
7958,0,,elevated
7959,21,,low
7960,47,,low
7961,9,,low
7962,21,,low
7963,29,,low
7964,60,,low
7965,29,,low
7966,0,,elevated
7967,,lapsed 138 days,high
7968,6,,low
7969,21,,low
7970,,lapsed 82 days,high
7971,22,,low
7972,19,,low
7973,,lapsed 263 days,high
7974,8,,low
7975,0,,elevated
7976,,lapsed 234 days,high
7977,76,,low
7978,,lapsed 151 days,high
7979,43,,low
7980,15,,low
7981,26,,low
7982,28,,low
7983,14,,low
7984,,lapsed 139 days,high
7985,0,,elevated
7986,,lapsed 38 days,high
7987,27,,low
7988,23,,low
7989,,lapsed 54 days,high
7990,,lapsed 56 days,high
7991,25,,low
7992,0,,elevated
7993,8,,low
7994,42,,low
7995,14,,low
7996,11,,low
7997,10,,low
7998,0,,elevated
7999,0,,elevated
8000,7,,low
8001,35,,low
8002,0,,elevated
8003,7,,low
8004,,lapsed 43 days,high
8005,,lapsed 265 days,high
8006,,lapsed 191 days,high
8007,11,,low
8008,0,,elevated
8009,26,,low
8010,37,,low
8011,0,,elevated
8012,13,,low
8013,27,,low
8014,25,,low
8015,15,,low
8016,34,,low
8017,0,,elevated
8018,0,,elevated
8019,26,,low
8020,,lapsed 34 days,high
8021,16,,low
8022,82,,low
8023,49,,low
8024,0,,elevated
8025,7,,low
8026,,lapsed 74 days,high
8027,,lapsed 27 days,high
8028,26,,low
8029,0,,elevated
8030,22,,low
8031,9,,low
8032,,lapsed 50 days,high
8033,,lapsed 21 days,high
8034,0,,elevated
8035,13,,low
8036,19,,low
8037,10,,low
8038,7,,low
8039,,lapsed 55 days,high
8040,10,,low
8041,24,,low
8042,30,,low
8043,0,,elevated
8044,24,,low
8045,0,,elevated
8046,,lapsed 63 days,high
8047,0,,elevated
8048,39,,low
8049,13,,low
8050,10,,low
8051,21,,low
8052,0,,elevated
8053,45,,low
8054,0,,elevated
8055,10,,low
8056,,lapsed 117 days,high
8057,0,,elevated
8058,49,,low
8059,48,,low
8060,,lapsed 22 days,high
8061,0,,elevated
8062,19,,low
8063,17,,low
8064,28,,low
8065,,lapsed 43 days,high
8066,46,,low
8067,16,,low
8068,59,,low
8069,25,,low
8070,,lapsed 99 days,high
8071,30,,low
8072,11,,low
8073,,lapsed 32 days,high
8074,23,,low
8075,14,,low
8076,,lapsed 84 days,high
8077,18,,low
8078,0,,elevated
8079,84,,low
8080,29,,low
8081,39,,low
8082,0,,elevated
8083,44,,low
8084,10,,low
8085,,lapsed 88 days,high
8086,30,,low
8087,15,,low
8088,,lapsed 51 days,high
8089,29,,low
8090,12,,low
8091,14,,low
8092,29,,low
8093,24,,low
8094,24,,low
8095,0,,elevated
8096,0,,elevated
8097,0,,elevated
8098,24,,low
8099,20,,low
8100,43,,low
8101,,lapsed 79 days,high
8102,,lapsed 81 days,high
8103,36,,low
8104,16,,low
8105,45,,low
8106,14,,low
8107,0,,elevated
8108,0,,elevated
8109,0,,elevated
8110,0,,elevated
8111,10,,low
8112,24,,low
8113,0,,elevated
8114,0,,elevated
8115,34,,low
8116,42,,low
8117,0,,elevated
8118,,lapsed 124 days,high
8119,0,,elevated
8120,11,,low
8121,11,,low
8122,0,,elevated
8123,,lapsed 222 days,high
8124,9,,low
8125,16,,low
8126,0,,elevated
8127,0,,elevated
8128,19,,low
8129,0,,elevated
8130,30,,low
8131,16,,low
8132,18,,low
8133,,lapsed 160 days,high
8134,58,,low
8135,,lapsed 59 days,high
8136,20,,low
8137,23,,low
8138,28,,low
8139,0,,elevated
8140,26,,low
8141,21,,low
8142,19,,low
8143,0,,elevated
8144,54,,low
8145,0,,elevated
8146,,lapsed 162 days,high
8147,0,,elevated
8148,0,,elevated
8149,0,,elevated
8150,11,,low
8151,0,,elevated
8152,15,,low
8153,0,,elevated
8154,,lapsed 253 days,high
8155,7,,low
8156,0,,elevated
8157,0,,elevated
8158,27,,low
8159,,lapsed 162 days,high
8160,,lapsed 77 days,high
8161,30,,low
8162,10,,low
8163,22,,low
8164,0,,elevated
8165,21,,low
8166,58,,low
8167,0,,elevated
8168,32,,low
8169,14,,low
8170,84,,low
8171,0,,elevated
8172,0,,elevated
8173,29,,low
8174,0,,elevated
8175,21,,low
8176,,lapsed 47 days,high
8177,57,,low
8178,13,,low
8179,0,,elevated
8180,6,,low
8181,30,,low
8182,20,,low
8183,0,,elevated
8184,56,,low
8185,0,,elevated
8186,28,,low
8187,,lapsed 68 days,high
8188,30,,low
8189,6,,low
8190,,lapsed 27 days,high
8191,23,,low
8192,50,,low
8193,,lapsed 53 days,high
8194,0,,elevated
8195,0,,elevated
8196,22,,low
8197,16,,low
8198,25,,low
8199,0,,elevated
8200,8,,low
8201,0,,elevated
8202,19,,low
8203,45,,low
8204,0,,elevated
8205,22,,low
8206,22,,low
8207,0,,elevated
8208,25,,low
8209,,lapsed 51 days,high
8210,18,,low
8211,13,,low
8212,49,,low
8213,17,,low
8214,7,,low
8215,12,,low
8216,19,,low
8217,,lapsed 88 days,high
8218,55,,low
8219,,lapsed 98 days,high
8220,48,,low
8221,0,,elevated
8222,0,,elevated
8223,19,,low
8224,0,,elevated
8225,16,,low
8226,35,,low
8227,0,,elevated
8228,,lapsed 77 days,high
8229,0,,elevated
8230,0,,elevated
8231,46,,low
8232,12,,low
8233,24,,low
8234,70,,low
8235,,lapsed 33 days,high
8236,21,,low
8237,11,,low
8238,0,,elevated
8239,75,,low
8240,28,,low
8241,0,,elevated
8242,62,,low
8243,11,,low
8244,0,,elevated
8245,,lapsed 89 days,high
8246,6,,low
8247,11,,low
8248,23,,low
8249,34,,low
8250,,lapsed 43 days,high
8251,21,,low
8252,0,,elevated
8253,36,,low
8254,9,,low
8255,0,,elevated
8256,0,,elevated
8257,,lapsed 48 days,high
8258,29,,low
8259,0,,elevated
8260,24,,low
8261,28,,low
8262,,lapsed 111 days,high
8263,54,,low
8264,19,,low
8265,8,,low
8266,30,,low
8267,25,,low
8268,9,,low
8269,0,,elevated
8270,89,,low
8271,20,,low
8272,59,,low
8273,,lapsed 81 days,high
8274,0,,elevated
8275,19,,low
8276,20,,low
8277,40,,low
8278,33,,low
8279,28,,low
8280,32,,low
8281,15,,low
8282,20,,low
8283,31,,low
8284,20,,low
8285,29,,low
8286,6,,low
8287,27,,low
8288,0,,elevated
8289,15,,low
8290,,lapsed 33 days,high
8291,22,,low
8292,25,,low
8293,,lapsed 179 days,high
8294,0,,elevated
8295,8,,low
8296,,lapsed 78 days,high
8297,,lapsed 132 days,high
8298,0,,elevated
8299,25,,low
8300,26,,low
8301,15,,low
8302,,lapsed 84 days,high
8303,15,,low
8304,,lapsed 30 days,high
8305,,lapsed 157 days,high
8306,6,,low
8307,15,,low
8308,21,,low
8309,0,,elevated
8310,0,,elevated
8311,54,,low
8312,0,,elevated
8313,,lapsed 21 days,high
8314,30,,low
8315,16,,low
8316,52,,low
8317,0,,elevated
8318,10,,low
8319,14,,low
8320,54,,low
8321,58,,low
8322,,lapsed 139 days,high
8323,,lapsed 43 days,high
8324,37,,low
8325,,lapsed 79 days,high
8326,7,,low
8327,42,,low
8328,17,,low
8329,25,,low
8330,19,,low
8331,89,,low
8332,22,,low
8333,25,,low
8334,32,,low
8335,30,,low
8336,0,,elevated
8337,0,,elevated
8338,0,,elevated
8339,11,,low
8340,,lapsed 72 days,high
8341,17,,low
8342,16,,low
8343,11,,low
8344,11,,low
8345,81,,low
8346,18,,low
8347,16,,low
8348,12,,low
8349,13,,low
8350,,lapsed 94 days,high
8351,,lapsed 86 days,high
8352,16,,low
8353,0,,elevated
8354,0,,elevated
8355,11,,low
8356,18,,low
8357,0,,elevated
8358,,lapsed 71 days,high
8359,18,,low
8360,28,,low
8361,,lapsed 22 days,high
8362,0,,elevated
8363,80,,low
8364,23,,low
8365,90,,low
8366,0,,elevated
8367,24,,low
8368,0,,elevated
8369,0,,elevated
8370,6,,low
8371,0,,elevated
8372,0,,elevated
8373,29,,low
8374,19,,low
8375,51,,low
8376,39,,low
8377,17,,low
8378,0,,elevated
8379,40,,low
8380,24,,low
8381,25,,low
8382,0,,elevated
8383,0,,elevated
8384,57,,low
8385,,lapsed 231 days,high
8386,9,,low
8387,0,,elevated
8388,0,,elevated
8389,0,,elevated
8390,0,,elevated
8391,9,,low
8392,20,,low
8393,30,,low
8394,29,,low
8395,14,,low
8396,11,,low
8397,23,,low
8398,0,,elevated
8399,0,,elevated
8400,0,,elevated
8401,8,,low
8402,19,,low
8403,,lapsed 29 days,high
8404,10,,low
8405,12,,low
8406,0,,elevated
8407,55,,low
8408,76,,low
8409,33,,low
8410,77,,low
8411,24,,low
8412,18,,low
8413,11,,low
8414,0,,elevated
8415,24,,low
8416,54,,low
8417,15,,low
8418,0,,elevated
8419,,lapsed 23 days,high
8420,12,,low
8421,39,,low
8422,0,,elevated
8423,0,,elevated
8424,82,,low
8425,7,,low
8426,24,,low
8427,21,,low
8428,16,,low
8429,9,,low
8430,42,,low
8431,68,,low
8432,19,,low
8433,,lapsed 119 days,high
8434,25,,low
8435,0,,elevated
8436,9,,low
8437,22,,low
8438,19,,low
8439,21,,low
8440,0,,elevated
8441,29,,low
8442,27,,low
8443,,lapsed 263 days,high
8444,0,,elevated
8445,6,,low
8446,,lapsed 88 days,high
8447,14,,low
8448,,lapsed 110 days,high
8449,14,,low
8450,20,,low
8451,23,,low
8452,6,,low
8453,,lapsed 142 days,high
8454,21,,low
8455,7,,low
8456,36,,low
8457,29,,low
8458,62,,low
8459,,lapsed 26 days,high
8460,8,,low
8461,52,,low
8462,26,,low
8463,,lapsed 86 days,high
8464,0,,elevated
8465,25,,low
8466,45,,low
8467,21,,low
8468,0,,elevated
8469,12,,low
8470,12,,low
8471,13,,low
8472,,lapsed 86 days,high
8473,0,,elevated
8474,0,,elevated
8475,0,,elevated
8476,21,,low
8477,0,,elevated
8478,63,,low
8479,,lapsed 26 days,high
8480,55,,low
8481,24,,low
8482,40,,low
8483,22,,low
8484,17,,low
8485,21,,low
8486,17,,low
8487,8,,low
8488,0,,elevated
8489,,lapsed 107 days,high
8490,24,,low
8491,0,,elevated
8492,25,,low
8493,34,,low
8494,23,,low
8495,0,,elevated
8496,15,,low
8497,29,,low
8498,58,,low
8499,16,,low
8500,41,,low
8501,24,,low
8502,15,,low
8503,0,,elevated
8504,0,,elevated
8505,75,,low
8506,0,,elevated
8507,90,,low
8508,7,,low
8509,,lapsed 45 days,high
8510,0,,elevated
8511,0,,elevated
8512,0,,elevated
8513,0,,elevated
8514,,lapsed 38 days,high
8515,71,,low
8516,,lapsed 88 days,high
8517,72,,low
8518,78,,low
8519,49,,low
8520,16,,low
8521,30,,low
8522,0,,elevated
8523,0,,elevated
8524,15,,low
8525,0,,elevated
8526,28,,low
8527,32,,low
8528,28,,low
8529,51,,low
8530,46,,low
8531,16,,low
8532,,lapsed 78 days,high
8533,11,,low
8534,88,,low
8535,17,,low
8536,27,,low
8537,11,,low
8538,0,,elevated
8539,27,,low
8540,0,,elevated
8541,,lapsed 214 days,high
8542,36,,low
8543,30,,low
8544,49,,low
8545,,lapsed 24 days,high
8546,65,,low
8547,24,,low
8548,25,,low
8549,0,,elevated
8550,20,,low
8551,,lapsed 28 days,high
8552,0,,elevated
8553,0,,elevated
8554,18,,low
8555,6,,low
8556,60,,low
8557,,lapsed 80 days,high
8558,0,,elevated
8559,23,,low
8560,22,,low
8561,32,,low
8562,,lapsed 45 days,high
8563,0,,elevated
8564,37,,low
8565,16,,low
8566,0,,elevated
8567,10,,low
8568,,lapsed 40 days,high
8569,48,,low
8570,0,,elevated
8571,,lapsed 128 days,high
8572,,lapsed 87 days,high
8573,30,,low
8574,0,,elevated
8575,29,,low
8576,0,,elevated
8577,27,,low
8578,23,,low
8579,9,,low
8580,73,,low
8581,49,,low
8582,20,,low
8583,0,,elevated
8584,58,,low
8585,28,,low
8586,0,,elevated
8587,,lapsed 74 days,high
8588,42,,low
8589,42,,low
8590,0,,elevated
8591,7,,low
8592,,lapsed 54 days,high
8593,28,,low
8594,6,,low
8595,23,,low
8596,10,,low
8597,,lapsed 45 days,high
8598,12,,low
8599,0,,elevated
8600,27,,low
8601,0,,elevated
8602,0,,elevated
8603,,lapsed 42 days,high
8604,41,,low
8605,27,,low
8606,0,,elevated
8607,6,,low
8608,31,,low
8609,0,,elevated
8610,6,,low
8611,29,,low
8612,0,,elevated
8613,27,,low
8614,29,,low
8615,23,,low
8616,,lapsed 231 days,high
8617,11,,low
8618,15,,low
8619,35,,low
8620,8,,low
8621,,lapsed 222 days,high
8622,0,,elevated
8623,57,,low
8624,0,,elevated
8625,,lapsed 43 days,high
8626,0,,elevated
8627,10,,low
8628,0,,elevated
8629,44,,low
8630,57,,low
8631,,lapsed 62 days,high
8632,0,,elevated
8633,53,,low
8634,50,,low
8635,25,,low
8636,7,,low
8637,,lapsed 148 days,high
8638,,lapsed 143 days,high
8639,26,,low
8640,19,,low
8641,0,,elevated
8642,25,,low
8643,21,,low
8644,,lapsed 80 days,high
8645,62,,low
8646,20,,low
8647,,lapsed 81 days,high
8648,13,,low
8649,0,,elevated
8650,55,,low
8651,12,,low
8652,29,,low
8653,0,,elevated
8654,27,,low
8655,19,,low
8656,0,,elevated
8657,24,,low
8658,24,,low
8659,45,,low
8660,39,,low
8661,64,,low
8662,22,,low
8663,20,,low
8664,,lapsed 57 days,high
8665,9,,low
8666,53,,low
8667,19,,low
8668,0,,elevated
8669,20,,low
8670,43,,low
8671,69,,low
8672,13,,low
8673,54,,low
8674,18,,low
8675,72,,low
8676,0,,elevated
8677,,lapsed 66 days,high
8678,12,,low
8679,,lapsed 46 days,high
8680,9,,low
8681,24,,low
8682,0,,elevated
8683,0,,elevated
8684,32,,low
8685,23,,low
8686,0,,elevated
8687,87,,low
8688,0,,elevated
8689,27,,low
8690,52,,low
8691,16,,low
8692,28,,low
8693,47,,low
8694,20,,low
8695,0,,elevated
8696,30,,low
8697,,lapsed 112 days,high
8698,,lapsed 61 days,high
8699,15,,low
8700,,lapsed 55 days,high
8701,,lapsed 48 days,high
8702,22,,low
8703,0,,elevated
8704,,lapsed 45 days,high
8705,17,,low
8706,,lapsed 54 days,high
8707,21,,low
8708,20,,low
8709,6,,low
8710,40,,low
8711,13,,low
8712,33,,low
8713,0,,elevated
8714,18,,low
8715,0,,elevated
8716,33,,low
8717,41,,low
8718,7,,low
8719,11,,low
8720,,lapsed 87 days,high
